{"r2_mean/20000": 0.8483943939208984, "r2_var/20000": 0, "pear_var/20000": 0.5306194922407332, "r2_delta/20000": 0.31148481369018555, "r2_mean/200": 0.7725812792778015, "r2_var/200": 0, "pear_var/200": 0.5129670851909502, "r2_delta/200": 0.6316584348678589, "r2_mean/100": 0.7455298900604248, "r2_var/100": 0, "pear_var/100": 0.449933441680693, "r2_delta/100": 0.6494419574737549, "wass_dist/100": 0.43029457529187076, "r2_mean/50": 0.6702392101287842, "r2_var/50": 0, "pear_var/50": 0.3960468919235098, "r2_delta/50": 0.5393403768539429, "r2_mean/20": 0.6460931301116943, "r2_var/20": 0, "pear_var/20": 0.3842354451681693, "r2_delta/20": 0.4545067548751831, "wass_dist/20": 0.5232566369323683, "r2_mean/10": 0.3196485638618469, "r2_var/10": 0, "pear_var/10": 0.6456749475569834, "r2_delta/10": 0.09478640556335449, "wass_dist/10": 0.4855030159903927, "_timestamp": 1743911696.5586836, "_runtime": 1.525991678237915, "_step": 0, "_wandb": {"runtime": 1}}