{"r2_mean/20000": 0.9781445860862732, "r2_var/20000": 0, "pear_var/20000": 0.583996331074574, "r2_delta/20000": 0.6625328063964844, "r2_mean/200": 0.9604301452636719, "r2_var/200": 0, "pear_var/200": 0.6545308387479163, "r2_delta/200": 0.838161826133728, "r2_mean/100": 0.9451740384101868, "r2_var/100": 0, "pear_var/100": 0.7130309027904611, "r2_delta/100": 0.8255653977394104, "wass_dist/100": 0.36464728702733956, "r2_mean/50": 0.9360862374305725, "r2_var/50": 0, "pear_var/50": 0.43975488864016204, "r2_delta/50": 0.7977991104125977, "r2_mean/20": 0.9475677013397217, "r2_var/20": 0, "pear_var/20": 0.12184144005301181, "r2_delta/20": 0.7960958480834961, "wass_dist/20": 0.3913287727110505, "r2_mean/10": 0.7907528281211853, "r2_var/10": 0, "pear_var/10": -0.33534773535029777, "r2_delta/10": 0.7075923085212708, "wass_dist/10": 0.37294783721324476, "_timestamp": 1744123828.9278963, "_runtime": 1.3062541484832764, "_step": 0, "_wandb": {"runtime": 1}}