{"r2_var_OOD/50_all":0,"Gradients_by_loss rec_from_latent_pretrain/: mapper13":0,"Gradients_by_loss recover_latent/: mapper10":0.0025652278482987487,"Gradients_by_loss recover_latent/: encoder11":0.004250977975451666,"Gradients_by_loss rec_from_latent_pretrain/: mapper2":0,"Gradients_by_loss recover_latent/: mapper8":0.002683566784824438,"r2_var_OOD/10_all":0,"_runtime":1329.202506626,"r2_var_criterion/100_all":0.2598981261253357,"Rec/Pearson_sample_train":0.9477238655090332,"wasserstein_criterion/10_all":0.5882618589564632,"Gradients_by_loss recover_latent/: mapper4":0.0017719247385094802,"r2_mean_criterion/50_all":0.7722473368048668,"Gradients_by_loss recover_latent/: encoder15":0.006580133546099286,"Gradients_by_loss rec_from_latent_pretrain/: decoder":0.6305636714133604,"Gradients_by_loss rec_from_latent_pretrain/: encoder_pretrain":0.332717096578817,"Gradients_by_loss recover_latent/: encoder5":0.002179751098691342,"losses/recover_latent":0.00027807950299333403,"Gradients_by_loss rec_from_latent_pretrain/: mapper11":0,"Gradients_by_loss recover_latent/: mapper15":0.00479676545359357,"Gradients_by_loss recover_latent/: encoder10":0.0012988269203185563,"Gradients_by_loss rec_from_latent_pretrain/: mapper5":0,"Gradients_by_loss rec_from_latent_pretrain/: px_r":7.10989988874644e-05,"r2_delta_OOD/10_all":0,"Gradients_by_loss rec_from_latent_pretrain/: mapper7":0,"r2_delta_criterion/10_all":0.42558252811431885,"r2_delta_OOD/50_all":0.3493637442588806,"Gradients_by_loss recover_latent/: mapper13":0.0030876342894319204,"Gradients_by_loss rec_from_latent_pretrain/: encoder13":0,"_timestamp":1.7681256579980836e+09,"Gradients_by_loss recover_latent/: encoder_pretrain":0.000691609056689184,"pear_var_criterion/avg_all":NaN,"Gradients_by_loss recover_latent/: mapper_tissue_mapper":0.00019798688709923203,"Gradients_by_loss rec_from_latent_pretrain/: mapper1":0,"Gradients_by_loss recover_latent/: mapper5":0.0017954670123800668,"Gradients_by_loss rec_from_latent_pretrain/: mapper14":0,"r2_var_criterion/50_all":0.21664411574602127,"Gradients_by_loss rec_from_latent_pretrain/: encoder12":0,"r2_var_OOD/20_all":0,"Gradients_by_loss rec_from_latent_pretrain/: mapper9":0,"Gradients_by_loss recover_latent/: encoder4":0.0050006340289996875,"Gradients_by_loss recover_latent/: mapper6":0.0025932017502583423,"r2_mean_OOD/50_all":0.7356139421463013,"r2_var_criterion/20_all":0.2507958561182022,"Gradients_by_loss recover_latent/: mapper14":0.0029369185847085756,"_step":521,"Gradients_by_loss rec_from_latent_pretrain/: mapper15":0,"Gradients_by_loss recover_latent/: encoder13":0.002593194163755599,"Gradients_by_loss rec_from_latent_pretrain/: encoder8":0,"r2_mean_criterion/100_all":0.8093073293566704,"Gradients_by_loss rec_from_latent_pretrain/: encoder4":0,"Gradients_by_loss recover_latent/: mapper3":0.0011253245628188582,"r2_delta_OOD/100_all":0.4196459650993347,"r2_mean_criterion/10_all":0.46971915662288666,"Gradients_by_loss recover_latent/: encoder12":0.0048794948403439375,"Gradients_by_loss recover_latent/: encoder7":0.0019971496614675887,"wasserstein_OOD/10_all":0.648074011926392,"r2_var_OOD/100_all":0,"Gradients_by_loss rec_from_latent_pretrain/: encoder2":0,"losses/rec_from_latent_pretrain":0.6006590625907802,"Gradients_by_loss recover_latent/: mapper1":0.0006528858885917981,"r2_mean_OOD/10_all":0.23270976543426514,"r2_delta_criterion/100_all":0.5330313146114349,"Gradients_by_loss rec_from_latent_pretrain/: encoder11":0,"Gradients_by_loss recover_latent/: encoder1":0.001878314199564831,"Gradients_by_loss recover_latent/: mapper7":0.0023015256737702085,"Gradients_by_loss rec_from_latent_pretrain/: mapper8":0,"r2_mean_OOD/20_all":0.4475514888763428,"Gradients_by_loss recover_latent/: mapper_donor_mapper":0.00019438470084297158,"Gradients_by_loss recover_latent/: mapper11":0.0028053266486437653,"Gradients_by_loss rec_from_latent_pretrain/: tissue_embedder":0,"Gradients_by_loss rec_from_latent_pretrain/: mapper10":0,"Gradients_by_loss rec_from_latent_pretrain/: mapper6":0,"_wandb":{"runtime":1329},"Gradients_by_loss recover_latent/: encoder14":0.001101750030981831,"Gradients_by_loss rec_from_latent_pretrain/: encoder1":0,"important_notes":{"size":7816,"path":"media/html/important_notes_0_e5bc3f5e62eb296fd030.html","_type":"html-file","sha256":"e5bc3f5e62eb296fd0306447fba1c66c4fcee37d73e6ff75ec7f4c67d8d1c83e"},"Gradients_by_loss rec_from_latent_pretrain/: encoder6":0,"r2_delta_criterion/50_all":0.5528714209794998,"Gradients_by_loss rec_from_latent_pretrain/: encoder7":0,"Gradients_by_loss recover_latent/: mapper0":0.0006539016778615371,"Gradients_by_loss recover_latent/: encoder2":0.0016671114710793114,"Gradients_by_loss rec_from_latent_pretrain/: encoder15":0,"Gradients_by_loss recover_latent/: mapper9":0.00261326821555742,"Gradients_by_loss rec_from_latent_pretrain/: mapper3":0,"Gradients_by_loss rec_from_latent_pretrain/: donor_embedder":0,"r2_var_criterion/10_all":0.3146722912788391,"Gradients_by_loss recover_latent/: encoder0":0.007100128675288942,"Gradients_by_loss rec_from_latent_pretrain/: encoder10":0,"Gradients_by_loss rec_from_latent_pretrain/: mapper12":0,"r2_delta_criterion/20_all":0.4924992173910141,"Gradients_by_loss recover_latent/: encoder6":0.006064153576414909,"Gradients_by_loss recover_latent/: donor_embedder":0.0001714828540571034,"Gradients_by_loss recover_latent/: encoder3":0.004254896016106155,"Rec/R2_mean_train":0.9985714554786682,"Rec/R2_var_train":0.9952648282051086,"Gradients_by_loss recover_latent/: decoder":0,"Rec/Pearson_gene_train":0.7448433637619019,"Gradients_by_loss rec_from_latent_pretrain/: encoder5":0,"Gradients_by_loss recover_latent/: mapper2":0.0006862579770257607,"Gradients_by_loss recover_latent/: encoder8":0.0036357971329073523,"Gradients_by_loss rec_from_latent_pretrain/: encoder0":0,"Gradients_by_loss rec_from_latent_pretrain/: mapper_donor_mapper":0,"r2_mean_OOD/100_all":0.792575478553772,"Gradients_by_loss recover_latent/: tissue_embedder":0.0024120905436575413,"Gradients_by_loss rec_from_latent_pretrain/: mapper0":0,"Gradients_by_loss rec_from_latent_pretrain/: encoder3":0,"Gradients_by_loss rec_from_latent_pretrain/: encoder14":0,"Gradients_by_loss rec_from_latent_pretrain/: encoder9":0,"Gradients_by_loss rec_from_latent_pretrain/: mapper4":0,"Gradients_by_loss rec_from_latent_pretrain/: mapper_tissue_mapper":0,"r2_mean_criterion/20_all":0.6739676594734192,"r2_delta_OOD/20_all":0.2583667039871216,"Gradients_by_loss recover_latent/: px_r":0,"MIG_BINNED/dis_latent_stack_tissue_train":0.6442857155596166,"Gradients_by_loss recover_latent/: mapper12":0.0030543393986349034,"Gradients_by_loss recover_latent/: encoder9":0.0014327042512825318}