{"r2_mean/20000": 0.9808921217918396, "r2_var/20000": 0, "pear_var/20000": 0.6510640440720019, "r2_delta/20000": 0.7628427743911743, "r2_mean/200": 0.9656382203102112, "r2_var/200": 0, "pear_var/200": 0.6414444487778481, "r2_delta/200": 0.8531277179718018, "r2_mean/100": 0.9471543431282043, "r2_var/100": 0, "pear_var/100": 0.3911641639838804, "r2_delta/100": 0.8199729323387146, "wass_dist/100": 0.3795685540958537, "r2_mean/50": 0.9091572165489197, "r2_var/50": 0, "pear_var/50": 0.4284966825995711, "r2_delta/50": 0.7050821185112, "r2_mean/20": 0.9476314783096313, "r2_var/20": 0, "pear_var/20": 0.3895502244615001, "r2_delta/20": 0.7865130305290222, "wass_dist/20": 0.4197437121077905, "r2_mean/10": 0.9231086373329163, "r2_var/10": 0, "pear_var/10": 0.020819663521774424, "r2_delta/10": 0.8743152618408203, "wass_dist/10": 0.3990523758687047, "_timestamp": 1744124225.6157734, "_runtime": 1.7696623802185059, "_step": 0, "_wandb": {"runtime": 1}}