{"_step":0,"r2_delta/50":0.9975425004959106,"r2_var/10":0,"_wandb":{"runtime":0},"pear_var/100":0.16568172401929773,"r2_delta/10":0.5837234258651733,"r2_var/100":0,"pear_var/20000":0.46151152203572104,"r2_var/50":0,"r2_var/200":0,"r2_mean/50":0.7721738219261169,"pear_var/10":0.20617371454302583,"pear_var/20":-0.03666106576626152,"wass_dist/20":0.46732240736687175,"r2_delta/20000":0.9913672804832458,"_runtime":0.613917832,"r2_mean/20":0.7973825931549072,"r2_var/20000":0,"wass_dist/100":0.42792468737430517,"r2_mean/10":0.7786544561386108,"r2_mean/20000":0.6581511497497559,"r2_delta/20":0.9985971450805664,"r2_mean/200":0.7099040150642395,"r2_var/20":0,"pear_var/50":0.2608512279015771,"r2_delta/200":0.9926129579544067,"pear_var/200":0.34489062362511225,"r2_mean/100":0.705072283744812,"r2_delta/100":0.9948425889015198,"_timestamp":1.7438241780110419e+09,"wass_dist/10":0.409031900441524}