{"r2_delta/10":0,"r2_mean/200":0.6858094930648804,"pear_var/20":0.09658167565541784,"r2_var/200":0,"r2_var/20000":0,"pear_var/10":0.5815004623552456,"r2_delta/20":0,"r2_delta/50":0.9333631992340088,"pear_var/20000":0.5480824653342223,"r2_mean/20000":0.7666987180709839,"r2_delta/20000":0.9992443323135376,"r2_var/100":0,"r2_mean/10":0.4072672724723816,"_timestamp":1.743829205601813e+09,"pear_var/50":0.24586089132468814,"r2_mean/20":0,"wass_dist/100":0.5789360207981978,"wass_dist/20":0.7984731947558066,"r2_mean/100":0.6549055576324463,"r2_delta/100":0.9997786283493042,"r2_mean/50":0.5222574472427368,"wass_dist/10":0.6516065092143393,"r2_var/50":0,"r2_delta/200":0.9996825456619263,"_wandb":{"runtime":0},"r2_var/10":0,"r2_var/20":0,"pear_var/100":0.1924337695195737,"pear_var/200":0.20715813027902574,"_step":0,"_runtime":0.588077146}