{"r2_mean/20000": 0.9380890727043152, "r2_var/20000": 0, "pear_var/20000": 0.5834335609357922, "r2_delta/20000": 0.71883225440979, "r2_mean/200": 0.913105845451355, "r2_var/200": 0, "pear_var/200": 0.533617585246971, "r2_delta/200": 0.8592608571052551, "r2_mean/100": 0.9186268448829651, "r2_var/100": 0, "pear_var/100": 0.4861201005845028, "r2_delta/100": 0.8879003524780273, "wass_dist/100": 0.3488824559478641, "r2_mean/50": 0.9346640110015869, "r2_var/50": 0, "pear_var/50": 0.4467633369319448, "r2_delta/50": 0.908728837966919, "r2_mean/20": 0.9405178427696228, "r2_var/20": 0, "pear_var/20": 0.45933135132369035, "r2_delta/20": 0.9083173274993896, "wass_dist/20": 0.34829539315152713, "r2_mean/10": 0.9240838289260864, "r2_var/10": 0, "pear_var/10": 0.6865573146751338, "r2_delta/10": 0.8989928960800171, "wass_dist/10": 0.3146066574358805, "_timestamp": 1743912296.9087107, "_runtime": 1.6554036140441895, "_step": 0, "_wandb": {"runtime": 1}}