{"pear_var/20000":0.4668106092092066,"pear_var/20":-0.11560768300912347,"_wandb":{"runtime":0},"r2_var/20":0,"r2_mean/100":0.7733849287033081,"r2_mean/50":0.7102276086807251,"_runtime":0.56914077,"r2_var/10":0,"wass_dist/20":0.450382315981633,"r2_delta/200":0.9965701103210449,"r2_var/50":0,"wass_dist/100":0.40460695009241837,"pear_var/50":0.15896759636958666,"_timestamp":1.7438261591397648e+09,"r2_delta/50":0.995230495929718,"r2_delta/20":0.9980118870735168,"r2_mean/20000":0.8291619420051575,"r2_delta/10":0,"r2_var/200":0,"r2_var/100":0,"r2_var/20000":0,"pear_var/200":0.3639344681368305,"pear_var/10":0.30028147707747027,"r2_mean/20":0.8209633827209473,"r2_delta/20000":0.995998740196228,"_step":0,"r2_delta/100":0.997313916683197,"r2_mean/200":0.8173164129257202,"r2_mean/10":0.35072124004364014,"pear_var/100":0.3196910975745494,"wass_dist/10":0.4619631883505989}