{"Gradients_by_loss recover_latent/: mapper2":0.0026109913010517218,"Gradients_by_loss recover_latent/: mapper3":0.0029126440646559293,"r2_mean_OOD/50_all":0.9679086208343506,"Gradients_by_loss recover_latent/: status_control_embedder":9.515543206362054e-05,"Gradients_by_loss recover_latent/: mapper14":0.004140218697805907,"Gradients_by_loss recover_latent/: px_r":0,"Gradients_by_loss rec_from_latent_pretrain/: encoder2":0,"r2_var_OOD/20_all":0,"_step":521,"Rec/Pearson_sample_train":0.9802290201187134,"r2_var_OOD/10_all":0,"r2_delta_criterion/10_all":0.9071942567825317,"_runtime":2183.141592075,"Gradients_by_loss rec_from_latent_pretrain/: mapper15":0,"pear_var_criterion/20_all":0.944527315903741,"Gradients_by_loss rec_from_latent_pretrain/: decoder":0.49568379615525954,"Gradients_by_loss rec_from_latent_pretrain/: mapper_status_control_mapper":0,"Gradients_by_loss recover_latent/: mapper_zone_mapper":9.047712570846823e-05,"Gradients_by_loss recover_latent/: mapper0":0.0014460843206767714,"MIG_BINNED/dis_latent_stack_status_control_train":0.6775648392435185,"r2_mean_OOD/10_all":0.9865485429763794,"wasserstein_criterion/100_all":0.2498679404265735,"Gradients_by_loss recover_latent/: mapper7":0.0039649303932783745,"_wandb":{"runtime":2183},"r2_mean_OOD/20_all":0.9716579914093018,"Gradients_by_loss recover_latent/: encoder_pretrain":0.002759220469502608,"Gradients_by_loss recover_latent/: encoder10":0.007354161145467611,"Gradients_by_loss rec_from_latent_pretrain/: encoder6":0,"Gradients_by_loss rec_from_latent_pretrain/: encoder5":0,"Rec/Pearson_gene_train":0.5440089702606201,"Gradients_by_loss rec_from_latent_pretrain/: mapper8":0,"Gradients_by_loss recover_latent/: encoder11":0.0018900776320217429,"Gradients_by_loss recover_latent/: encoder7":0.008233575865735834,"pear_var_OOD/10_all":0.9557596810181743,"Gradients_by_loss recover_latent/: encoder0":0.01348651832074088,"Gradients_by_loss recover_latent/: encoder1":0.004120679016469724,"Gradients_by_loss recover_latent/: encoder8":0.00589945170756928,"Gradients_by_loss recover_latent/: zone_embedder":0.00020166962349321693,"Gradients_by_loss recover_latent/: mapper1":0.0019437580947757839,"Gradients_by_loss recover_latent/: mapper15":0.004010495832562621,"Gradients_by_loss rec_from_latent_pretrain/: mapper12":0,"r2_mean_criterion/100_all":0.9717231392860413,"Gradients_by_loss rec_from_latent_pretrain/: encoder7":0,"r2_var_OOD/100_all":0,"Gradients_by_loss rec_from_latent_pretrain/: encoder15":0,"Gradients_by_loss rec_from_latent_pretrain/: encoder13":0,"Gradients_by_loss rec_from_latent_pretrain/: encoder12":0,"Gradients_by_loss recover_latent/: encoder14":0.0036175638987003345,"losses/recover_latent":0.00011040002048735746,"Gradients_by_loss rec_from_latent_pretrain/: mapper11":0,"wasserstein_OOD/100_all":0.274270292423278,"Gradients_by_loss recover_latent/: mapper12":0.0038523162568211795,"Gradients_by_loss rec_from_latent_pretrain/: encoder11":0,"Gradients_by_loss rec_from_latent_pretrain/: encoder10":0,"Gradients_by_loss rec_from_latent_pretrain/: mapper0":0,"Gradients_by_loss recover_latent/: mapper6":0.003888757990233175,"Gradients_by_loss recover_latent/: encoder6":0.009928640596211513,"Gradients_by_loss rec_from_latent_pretrain/: mapper7":0,"pear_var_criterion/avg_all":0.9130229181546363,"Gradients_by_loss recover_latent/: encoder15":0.00464406233651352,"r2_mean_criterion/10_all":0.9628920555114746,"r2_var_criterion/50_all":0,"Gradients_by_loss rec_from_latent_pretrain/: mapper13":0,"r2_var_OOD/50_all":0,"Gradients_by_loss rec_from_latent_pretrain/: mapper_coarse_time_mapper":0,"Gradients_by_loss recover_latent/: mapper10":0.004087157237965614,"Gradients_by_loss rec_from_latent_pretrain/: encoder1":0,"Gradients_by_loss rec_from_latent_pretrain/: mapper_zone_mapper":0,"Gradients_by_loss rec_from_latent_pretrain/: mapper9":0,"Gradients_by_loss recover_latent/: encoder4":0.004054329452942981,"Gradients_by_loss rec_from_latent_pretrain/: mapper1":0,"r2_var_criterion/20_all":0,"Gradients_by_loss rec_from_latent_pretrain/: mapper14":0,"r2_var_criterion/10_all":0,"r2_mean_OOD/100_all":0.971396803855896,"losses/rec_from_latent_pretrain":6.482730850692867,"Gradients_by_loss rec_from_latent_pretrain/: mapper4":0,"Gradients_by_loss rec_from_latent_pretrain/: encoder_pretrain":0.7014496288613291,"Gradients_by_loss rec_from_latent_pretrain/: encoder8":0,"Gradients_by_loss rec_from_latent_pretrain/: encoder14":0,"Gradients_by_loss recover_latent/: encoder12":0.0008937641116917045,"Gradients_by_loss recover_latent/: mapper_status_control_mapper":7.094971327174916e-05,"pear_var_OOD/100_all":0.7212621458735379,"r2_delta_OOD/20_all":0.9357420206069946,"r2_mean_criterion/20_all":0.9627982974052429,"Gradients_by_loss recover_latent/: mapper9":0.003774809168469006,"Gradients_by_loss rec_from_latent_pretrain/: encoder0":0,"Gradients_by_loss recover_latent/: mapper13":0.003767116936893931,"pear_var_OOD/20_all":0.8978338398136827,"Gradients_by_loss rec_from_latent_pretrain/: status_control_embedder":0,"Gradients_by_loss recover_latent/: coarse_time_embedder":0.0002062398416455835,"Gradients_by_loss rec_from_latent_pretrain/: coarse_time_embedder":0,"Gradients_by_loss recover_latent/: encoder13":0.0004521567839397397,"r2_var_criterion/100_all":0,"r2_delta_criterion/50_all":0.9245724081993103,"Gradients_by_loss rec_from_latent_pretrain/: mapper6":0,"pear_var_OOD/50_all":0.823063582260572,"Gradients_by_loss recover_latent/: encoder3":0.004638114629084973,"pear_var_criterion/100_all":0.8578949649753971,"Gradients_by_loss rec_from_latent_pretrain/: encoder4":0,"Gradients_by_loss recover_latent/: encoder2":0.008232672366166165,"Gradients_by_loss rec_from_latent_pretrain/: mapper10":0,"r2_mean_criterion/50_all":0.9713950157165527,"r2_delta_criterion/100_all":0.9032416939735413,"important_notes":{"size":8420,"path":"media/html/important_notes_0_0f307bcf47b6673dad54.html","_type":"html-file","sha256":"0f307bcf47b6673dad541bc21663a55010ed4ed8cfd367aa181b954a3fdb16b5"},"wasserstein_criterion/10_all":0.21123812395820032,"Gradients_by_loss rec_from_latent_pretrain/: mapper5":0,"Gradients_by_loss recover_latent/: mapper5":0.0027225731802570613,"Gradients_by_loss recover_latent/: mapper_coarse_time_mapper":7.59884351593909e-05,"r2_delta_criterion/20_all":0.9329649209976196,"Gradients_by_loss rec_from_latent_pretrain/: px_r":0.0002851717872545123,"Rec/R2_var_train":0.9997351765632629,"_timestamp":1.7684583404207282e+09,"pear_var_criterion/10_all":0.9680524629907497,"r2_delta_OOD/50_all":0.9019482135772705,"Gradients_by_loss recover_latent/: decoder":0,"wasserstein_OOD/10_all":0.18742908373102893,"Gradients_by_loss rec_from_latent_pretrain/: encoder3":0,"r2_delta_OOD/10_all":0.9791531562805176,"Gradients_by_loss rec_from_latent_pretrain/: encoder9":0,"Gradients_by_loss rec_from_latent_pretrain/: zone_embedder":0,"Rec/R2_mean_train":0.9995566010475159,"Gradients_by_loss recover_latent/: encoder5":0.0071230432057704,"Gradients_by_loss rec_from_latent_pretrain/: mapper2":0,"Gradients_by_loss rec_from_latent_pretrain/: mapper3":0,"r2_delta_OOD/100_all":0.8778669834136963,"pear_var_criterion/50_all":0.8816169287486575,"Gradients_by_loss recover_latent/: encoder9":0.004883181217812646,"Gradients_by_loss recover_latent/: mapper4":0.0026728498955646707,"Gradients_by_loss recover_latent/: mapper11":0.003953331661074318,"Gradients_by_loss recover_latent/: mapper8":0.003935757526522681}