{"Gradients_by_loss recover_latent/: encoder1":0.0008784480813556103,"r2_var_OOD/100_all":0.2434016466140747,"MIG_BINNED/dis_latent_stack_tissue_train":0.6365294676773435,"Gradients_by_loss recover_latent/: mapper0":0.0007509243025225563,"Gradients_by_loss recover_latent/: mapper10":0.004489945952015966,"r2_var_OOD/50_all":0.18417996168136597,"Gradients_by_loss rec_from_latent_pretrain/: encoder4":0,"Gradients_by_loss rec_from_latent_pretrain/: mapper14":0,"Gradients_by_loss recover_latent/: mapper3":0.003216356810711328,"r2_var_criterion/20_all":0.06371902335773814,"Gradients_by_loss recover_latent/: mapper4":0.0033677405034867594,"Gradients_by_loss rec_from_latent_pretrain/: encoder7":0,"Gradients_by_loss rec_from_latent_pretrain/: encoder0":0,"wasserstein_OOD/10_all":0.9377781157514878,"Gradients_by_loss rec_from_latent_pretrain/: mapper2":0,"Gradients_by_loss recover_latent/: mapper_tissue_mapper":0.0006419428757138916,"Gradients_by_loss rec_from_latent_pretrain/: encoder14":0,"Gradients_by_loss rec_from_latent_pretrain/: encoder12":0,"Gradients_by_loss recover_latent/: encoder_pretrain":0.001907693361867655,"Rec/R2_var_train":0.7406240701675415,"Rec/Pearson_sample_train":0.8967887759208679,"important_notes":{"sha256":"30988365fffefcc46c3f9a98ad7494233e5aec5187ed013e2aa4ebb381cbbc05","size":7816,"path":"media/html/important_notes_0_30988365fffefcc46c3f.html","_type":"html-file"},"Gradients_by_loss recover_latent/: encoder8":0.004196104094160519,"r2_mean_OOD/20_all":0.144431471824646,"Gradients_by_loss recover_latent/: mapper5":0.003392323462882104,"Gradients_by_loss recover_latent/: encoder3":0.004910933643187414,"r2_mean_criterion/50_all":0.5862501805478876,"Gradients_by_loss recover_latent/: mapper11":0.004902520977918518,"_timestamp":1.767754188755657e+09,"r2_mean_criterion/10_all":0.23801524530757556,"r2_delta_criterion/10_all":0.40254901214079425,"Gradients_by_loss recover_latent/: decoder":0,"r2_delta_OOD/10_all":0.4800236225128174,"Gradients_by_loss recover_latent/: encoder6":0.001845181536941079,"Gradients_by_loss rec_from_latent_pretrain/: encoder6":0,"Gradients_by_loss rec_from_latent_pretrain/: mapper0":0,"Gradients_by_loss recover_latent/: encoder5":0.0008939488436798205,"Rec/Pearson_gene_train":0.8664241766750812,"Gradients_by_loss rec_from_latent_pretrain/: encoder8":0,"r2_mean_criterion/20_all":0.2770865722136064,"r2_delta_criterion/20_all":0.37716954946517944,"Gradients_by_loss rec_from_latent_pretrain/: encoder11":0,"r2_var_OOD/10_all":0.11872315406799316,"Rec/R2_mean_train":0.9464510679244995,"Gradients_by_loss recover_latent/: mapper_donor_mapper":0.0006131882305999591,"Gradients_by_loss rec_from_latent_pretrain/: encoder2":0,"Gradients_by_loss rec_from_latent_pretrain/: mapper13":0,"Gradients_by_loss recover_latent/: encoder13":0.0020094270355969484,"losses/recover_latent":0.0006763376070011873,"r2_delta_OOD/50_all":0.3052939176559448,"Gradients_by_loss recover_latent/: encoder4":0.0023950896545787146,"wasserstein_criterion/10_all":0.7403210402044723,"Gradients_by_loss rec_from_latent_pretrain/: mapper10":0,"Gradients_by_loss rec_from_latent_pretrain/: donor_embedder":0,"Gradients_by_loss rec_from_latent_pretrain/: tissue_embedder":0,"pear_var_criterion/avg_all":NaN,"Gradients_by_loss rec_from_latent_pretrain/: mapper6":0,"Gradients_by_loss recover_latent/: encoder10":0.002059313678947931,"Gradients_by_loss rec_from_latent_pretrain/: decoder":0.26928068866887533,"Gradients_by_loss recover_latent/: donor_embedder":4.391508991830051e-05,"Gradients_by_loss rec_from_latent_pretrain/: encoder1":0,"Gradients_by_loss rec_from_latent_pretrain/: mapper7":0,"_runtime":173.187752797,"r2_delta_criterion/100_all":0.43058911778710107,"Gradients_by_loss recover_latent/: mapper2":0.0015453042002819511,"Gradients_by_loss recover_latent/: mapper6":0.003528448580962858,"Gradients_by_loss rec_from_latent_pretrain/: mapper3":0,"r2_mean_OOD/50_all":0.5180115103721619,"Gradients_by_loss rec_from_latent_pretrain/: encoder10":0,"r2_var_criterion/10_all":0.10378154841336337,"r2_delta_OOD/100_all":0.18597358465194702,"Gradients_by_loss rec_from_latent_pretrain/: encoder15":0,"Gradients_by_loss recover_latent/: encoder9":0.002283003705402508,"r2_mean_criterion/100_all":0.6642575263977051,"Gradients_by_loss rec_from_latent_pretrain/: mapper15":0,"Gradients_by_loss recover_latent/: mapper9":0.004348463106547151,"r2_mean_OOD/10_all":0.08095043897628784,"Gradients_by_loss rec_from_latent_pretrain/: encoder13":0,"Gradients_by_loss recover_latent/: mapper7":0.003599630724696631,"Gradients_by_loss recover_latent/: encoder12":0.0012847948113427605,"Gradients_by_loss recover_latent/: mapper13":0.005174255593201092,"Gradients_by_loss rec_from_latent_pretrain/: encoder9":0,"Gradients_by_loss rec_from_latent_pretrain/: mapper_tissue_mapper":0,"Gradients_by_loss recover_latent/: encoder0":0.002045870175027761,"r2_var_criterion/100_all":0.0824965617873452,"Gradients_by_loss rec_from_latent_pretrain/: mapper11":0,"Gradients_by_loss rec_from_latent_pretrain/: mapper_donor_mapper":0,"r2_delta_OOD/20_all":0.36599868535995483,"Gradients_by_loss recover_latent/: mapper12":0.0048082500353362175,"_step":521,"Gradients_by_loss recover_latent/: mapper14":0.0053277453280901116,"Gradients_by_loss recover_latent/: px_r":0,"Gradients_by_loss rec_from_latent_pretrain/: mapper1":0,"Gradients_by_loss rec_from_latent_pretrain/: mapper12":0,"Gradients_by_loss rec_from_latent_pretrain/: encoder5":0,"Gradients_by_loss rec_from_latent_pretrain/: encoder3":0,"Gradients_by_loss recover_latent/: mapper1":0.0007397953731404012,"Gradients_by_loss rec_from_latent_pretrain/: mapper5":0,"Gradients_by_loss rec_from_latent_pretrain/: mapper8":0,"Gradients_by_loss recover_latent/: tissue_embedder":0.00047083949903026223,"r2_delta_criterion/50_all":0.4451713887127963,"Gradients_by_loss recover_latent/: encoder11":0.0027646189227276347,"Gradients_by_loss recover_latent/: encoder14":0.0001422620436334676,"Gradients_by_loss rec_from_latent_pretrain/: encoder_pretrain":0.13969302000129666,"Gradients_by_loss recover_latent/: encoder15":0.000793247223858316,"Gradients_by_loss rec_from_latent_pretrain/: px_r":0.00011174475366715342,"r2_var_OOD/20_all":0,"Gradients_by_loss rec_from_latent_pretrain/: mapper9":0,"losses/rec_from_latent_pretrain":0.7673102945089341,"r2_var_criterion/50_all":0.06602349064566872,"Gradients_by_loss rec_from_latent_pretrain/: mapper4":0,"r2_mean_OOD/100_all":0.6605926752090454,"Gradients_by_loss recover_latent/: encoder2":0.0019729748473917806,"Gradients_by_loss recover_latent/: encoder7":0.0008007893077020697,"Gradients_by_loss recover_latent/: mapper8":0.004333612719859901,"Gradients_by_loss recover_latent/: mapper15":0.004853688262587983,"_wandb":{"runtime":173}}