{"Gradients_by_loss recover_latent/: encoder_pretrain":0.00024772429977748544,"Gradients_by_loss rec_from_latent_pretrain/: encoder4":0,"r2_delta_criterion/50_all":0.6573935523629189,"Gradients_by_loss recover_latent/: mapper3":0.00020425693559221494,"losses/recover_latent":7.319726738168805e-05,"Gradients_by_loss recover_latent/: mapper9":0.0008298131826085896,"Gradients_by_loss recover_latent/: encoder15":0.0019741153279478015,"r2_var_criterion/20_all":0.32659127563238144,"Gradients_by_loss rec_from_latent_pretrain/: encoder_pretrain":0.13993207812540304,"r2_delta_criterion/10_all":0.40628741681575775,"Gradients_by_loss rec_from_latent_pretrain/: encoder12":0,"Gradients_by_loss recover_latent/: mapper15":0.001404928739488508,"Gradients_by_loss rec_from_latent_pretrain/: encoder9":0,"Gradients_by_loss rec_from_latent_pretrain/: encoder7":0,"r2_mean_OOD/100_all":0.4322125315666199,"Gradients_by_loss recover_latent/: encoder10":0.0010712615625202348,"Gradients_by_loss rec_from_latent_pretrain/: mapper_donor_mapper":0,"wasserstein_criterion/10_all":0.46164014672825954,"r2_mean_criterion/100_all":0.8705846667289734,"r2_delta_OOD/100_all":0.05477863550186157,"r2_var_OOD/10_all":0.42356598377227783,"Gradients_by_loss rec_from_latent_pretrain/: mapper1":0,"Gradients_by_loss recover_latent/: encoder6":0.0015217878573537008,"Rec/Pearson_sample_train":0.9477711915969849,"r2_var_criterion/10_all":0.3898612782359123,"Gradients_by_loss rec_from_latent_pretrain/: mapper0":0,"Gradients_by_loss recover_latent/: mapper_donor_mapper":2.7229060399838105e-05,"Gradients_by_loss recover_latent/: mapper10":0.0008631486681982064,"Gradients_by_loss rec_from_latent_pretrain/: decoder":0.306288165763683,"r2_mean_criterion/20_all":0.7729007825255394,"Gradients_by_loss recover_latent/: encoder14":0.0009087843642392162,"Gradients_by_loss rec_from_latent_pretrain/: encoder11":0,"Gradients_by_loss rec_from_latent_pretrain/: mapper7":0,"Gradients_by_loss rec_from_latent_pretrain/: donor_embedder":0,"important_notes":{"size":7813,"path":"media/html/important_notes_0_72e89f5d7e513efba732.html","_type":"html-file","sha256":"72e89f5d7e513efba732ce5a1fef553d6d5d2b1c3d3f4a79d8cd87b97bff7545"},"Gradients_by_loss recover_latent/: encoder5":0.001845488415927496,"r2_var_OOD/20_all":0.08516561985015869,"Gradients_by_loss recover_latent/: mapper5":0.0007912727864711676,"Gradients_by_loss recover_latent/: mapper0":0.00018030133311872058,"Gradients_by_loss rec_from_latent_pretrain/: mapper14":0,"Gradients_by_loss recover_latent/: encoder9":0.0012648317288722303,"Gradients_by_loss rec_from_latent_pretrain/: encoder15":0,"Gradients_by_loss rec_from_latent_pretrain/: mapper10":0,"Gradients_by_loss rec_from_latent_pretrain/: encoder5":0,"Gradients_by_loss rec_from_latent_pretrain/: encoder3":0,"Gradients_by_loss recover_latent/: px_r":0,"Gradients_by_loss rec_from_latent_pretrain/: encoder1":0,"Gradients_by_loss recover_latent/: tissue_embedder":3.3967819035751745e-05,"Gradients_by_loss recover_latent/: encoder13":0.0013297167218907708,"r2_var_OOD/100_all":0.5703288316726685,"losses/rec_from_latent_pretrain":0.5966370543347129,"r2_mean_OOD/10_all":0,"Gradients_by_loss rec_from_latent_pretrain/: mapper13":0,"Gradients_by_loss rec_from_latent_pretrain/: mapper11":0,"wasserstein_OOD/10_all":0.8137811330233212,"r2_mean_criterion/10_all":0.6317209973931313,"Gradients_by_loss recover_latent/: encoder3":0.000511557477376935,"Gradients_by_loss recover_latent/: encoder7":0.0011978074795773155,"r2_delta_OOD/10_all":0.3600292205810547,"Gradients_by_loss rec_from_latent_pretrain/: mapper8":0,"Gradients_by_loss recover_latent/: mapper14":0.0009610269343366591,"Gradients_by_loss recover_latent/: mapper7":0.0008381056610049941,"Gradients_by_loss recover_latent/: mapper12":0.0007928651087951602,"Gradients_by_loss rec_from_latent_pretrain/: mapper5":0,"Gradients_by_loss recover_latent/: encoder2":0.000248080205829873,"r2_delta_OOD/20_all":0,"Gradients_by_loss recover_latent/: encoder4":0.002614258980084782,"Gradients_by_loss rec_from_latent_pretrain/: mapper15":0,"r2_delta_criterion/100_all":0.6500653252005577,"Gradients_by_loss rec_from_latent_pretrain/: px_r":5.139208587934263e-05,"r2_mean_OOD/20_all":0,"Gradients_by_loss recover_latent/: mapper2":0.000180961269811468,"Rec/Pearson_gene_train":0.7419659495353699,"Gradients_by_loss rec_from_latent_pretrain/: mapper9":0,"Gradients_by_loss rec_from_latent_pretrain/: mapper6":0,"Gradients_by_loss rec_from_latent_pretrain/: encoder0":0,"Gradients_by_loss recover_latent/: mapper8":0.0007999398755268347,"Gradients_by_loss rec_from_latent_pretrain/: encoder2":0,"Gradients_by_loss recover_latent/: decoder":0,"_timestamp":1.7681070988282022e+09,"Gradients_by_loss rec_from_latent_pretrain/: mapper3":0,"Gradients_by_loss recover_latent/: mapper6":0.0008212346240383511,"_wandb":{"runtime":1309},"Gradients_by_loss recover_latent/: mapper11":0.0008157463001880905,"r2_var_criterion/100_all":0.2726096585392952,"Gradients_by_loss rec_from_latent_pretrain/: mapper4":0,"Gradients_by_loss recover_latent/: mapper13":0.0009001950834914576,"r2_var_criterion/50_all":0.25637155026197433,"Gradients_by_loss recover_latent/: mapper_tissue_mapper":1.7859846800326213e-05,"pear_var_criterion/avg_all":NaN,"r2_delta_criterion/20_all":0.6107274889945984,"Gradients_by_loss rec_from_latent_pretrain/: mapper2":0,"r2_mean_OOD/50_all":0.32980918884277344,"Gradients_by_loss rec_from_latent_pretrain/: mapper_tissue_mapper":0,"Gradients_by_loss recover_latent/: encoder11":0.0002606915131545657,"Rec/R2_mean_train":0.9973344802856445,"Gradients_by_loss rec_from_latent_pretrain/: encoder6":0,"r2_mean_criterion/50_all":0.8435932546854019,"Gradients_by_loss rec_from_latent_pretrain/: encoder13":0,"Gradients_by_loss recover_latent/: encoder12":0.00015113831649478387,"Gradients_by_loss recover_latent/: encoder0":0.002469007966196994,"Gradients_by_loss recover_latent/: encoder8":0.0007228740505883514,"Rec/R2_var_train":0.9875523447990417,"Gradients_by_loss recover_latent/: mapper1":0.00018957720070982066,"Gradients_by_loss rec_from_latent_pretrain/: encoder8":0,"r2_var_OOD/50_all":0.5417176485061646,"Gradients_by_loss rec_from_latent_pretrain/: encoder14":0,"Gradients_by_loss recover_latent/: encoder1":0.0003014673177551921,"_runtime":1309.999691417,"Gradients_by_loss rec_from_latent_pretrain/: mapper12":0,"Gradients_by_loss recover_latent/: donor_embedder":0.00010106674744747579,"r2_delta_OOD/50_all":0.03156977891921997,"Gradients_by_loss rec_from_latent_pretrain/: encoder10":0,"Gradients_by_loss rec_from_latent_pretrain/: tissue_embedder":0,"_step":521,"MIG_BINNED/dis_latent_stack_tissue_train":0.6665756840085918,"Gradients_by_loss recover_latent/: mapper4":0.0007116751622358588}