{"r2_mean/20000": 0.7941058874130249, "r2_var/20000": 0.12304657697677612, "pear_var/20000": 0.5276442353646384, "r2_delta/20000": 0.3907378911972046, "r2_mean/200": 0.3458772897720337, "r2_var/200": 0, "pear_var/200": 0.2369249300119027, "r2_delta/200": 0.31574809551239014, "r2_mean/100": 0.08747529983520508, "r2_var/100": 0, "pear_var/100": 0.2901876613580362, "r2_delta/100": 0.20404720306396484, "wass_dist/100": 0.6548038699937376, "r2_mean/50": 0, "r2_var/50": 0, "pear_var/50": 0.20927353822044945, "r2_delta/50": 0, "r2_mean/20": 0, "r2_var/20": 0, "pear_var/20": -0.25748333063548595, "r2_delta/20": 0, "wass_dist/20": 1.4398853519593064, "r2_mean/10": 0, "r2_var/10": 0, "pear_var/10": -0.19552887587087492, "r2_delta/10": 0, "wass_dist/10": 1.6290866252966314, "_timestamp": 1744207373.1319911, "_runtime": 1.4360110759735107, "_step": 0, "_wandb": {"runtime": 1}}