{"wass_dist/10":0.4419054202098132,"pear_var/10":0.21527885614969935,"r2_mean/10":0.4980747103691101,"r2_var/200":0,"r2_var/20000":0,"pear_var/50":0.17724308184921492,"r2_delta/200":0.9968299269676208,"r2_var/100":0,"wass_dist/20":0.4351859755684093,"r2_mean/50":0.7733809947967529,"pear_var/200":0.507567605233237,"wass_dist/100":0.3989958647531292,"pear_var/20000":0.4918967066048337,"r2_delta/100":0.9976740479469299,"r2_mean/100":0.803766131401062,"r2_mean/20000":0.8269096612930298,"_wandb":{"runtime":1},"_timestamp":1.743826060142192e+09,"r2_var/20":0,"_runtime":1.925868335,"r2_mean/20":0.8543086051940918,"r2_delta/10":0.12978637218475342,"pear_var/100":0.5197151638948398,"r2_delta/20":0.9983821511268616,"r2_var/50":0,"_step":0,"r2_mean/200":0.8311573266983032,"r2_delta/50":0.996269941329956,"pear_var/20":-0.20504247501136066,"r2_delta/20000":0.9959459900856018,"r2_var/10":0}