{"r2_mean/20000": 0.8626834154129028, "r2_var/20000": 0, "pear_var/20000": 0.484892755725375, "r2_delta/20000": 0, "r2_mean/200": 0.8779330253601074, "r2_var/200": 0, "pear_var/200": 0.37260414042645873, "r2_delta/200": 0.6797446012496948, "r2_mean/100": 0.8697623014450073, "r2_var/100": 0, "pear_var/100": 0.22191743895586602, "r2_delta/100": 0.6758843064308167, "wass_dist/100": 0.4667277557019353, "r2_mean/50": 0.8291183710098267, "r2_var/50": 0, "pear_var/50": 0.12181025084115767, "r2_delta/50": 0.5461550951004028, "r2_mean/20": 0.7899354100227356, "r2_var/20": 0, "pear_var/20": -0.31981760268610354, "r2_delta/20": 0.34703415632247925, "wass_dist/20": 0.5848182695686868, "r2_mean/10": 0.6743156909942627, "r2_var/10": 0, "pear_var/10": -0.23559471031045723, "r2_delta/10": 0.5353258848190308, "wass_dist/10": 0.5439147558330034, "_timestamp": 1743883799.4326224, "_runtime": 1.311842441558838, "_step": 0, "_wandb": {"runtime": 1}}