{"r2_mean/20000": 0.9432206153869629, "r2_var/20000": 0, "pear_var/20000": 0.37445395528958364, "r2_delta/20000": 0.12327545881271362, "r2_mean/200": 0.8640962839126587, "r2_var/200": 0, "pear_var/200": 0.2867703590252359, "r2_delta/200": 0.4441624879837036, "r2_mean/100": 0.7945842742919922, "r2_var/100": 0, "pear_var/100": 0.3161776659150491, "r2_delta/100": 0.34644830226898193, "wass_dist/100": 0.43053300303867537, "r2_mean/50": 0.7480109930038452, "r2_var/50": 0, "pear_var/50": -0.03711472380306442, "r2_delta/50": 0.20279443264007568, "r2_mean/20": 0.7153608798980713, "r2_var/20": 0, "pear_var/20": -0.5814788773369677, "r2_delta/20": 0, "wass_dist/20": 0.6185296651537288, "r2_mean/10": 0, "r2_var/10": 0, "pear_var/10": -0.644360560801398, "r2_delta/10": 0, "wass_dist/10": 0.6579535799723464, "_timestamp": 1743889583.2045228, "_runtime": 2.0779178142547607, "_step": 0, "_wandb": {"runtime": 1}}