{"r2_mean/20000": 0.9499379992485046, "r2_var/20000": 0.07223719358444214, "pear_var/20000": 0.7240828699898202, "r2_delta/20000": 0.7726439237594604, "r2_mean/200": 0.852375328540802, "r2_var/200": 0, "pear_var/200": 0.667110702871264, "r2_delta/200": 0.7608978748321533, "r2_mean/100": 0.8024898767471313, "r2_var/100": 0, "pear_var/100": 0.665040826389553, "r2_delta/100": 0.7279101610183716, "wass_dist/100": 0.40209957308369804, "r2_mean/50": 0.6855795979499817, "r2_var/50": 0, "pear_var/50": 0.5518649014797794, "r2_delta/50": 0.5607701539993286, "r2_mean/20": 0.5309186577796936, "r2_var/20": 0, "pear_var/20": 0.537330980928819, "r2_delta/20": 0.27698320150375366, "wass_dist/20": 0.6758268946889527, "r2_mean/10": 0.048358380794525146, "r2_var/10": 0, "pear_var/10": 0.7643660938696251, "r2_delta/10": 0, "wass_dist/10": 0.7463396272098359, "_timestamp": 1744211742.1953268, "_runtime": 2.236114740371704, "_step": 0, "_wandb": {"runtime": 2}}