{"r2_delta/20000":0.9990611672401428,"r2_mean/50":0.6097965836524963,"pear_var/20000":0.5356504611196299,"r2_mean/20":0.11296367645263672,"r2_var/20":0,"r2_delta/200":0.9996882677078247,"r2_var/200":0,"pear_var/100":0.1456283633785411,"r2_delta/50":0.9455733895301819,"wass_dist/10":0.6443496496350918,"r2_var/20000":0,"_step":0,"r2_var/50":0,"r2_mean/100":0.6863400340080261,"r2_delta/20":0,"r2_var/10":0,"r2_delta/100":0.9997987747192383,"r2_delta/10":0,"pear_var/200":0.16846507783363526,"_wandb":{"runtime":0},"pear_var/50":0.17119012970289535,"r2_mean/10":0.47241610288619995,"pear_var/20":0.09433066029585457,"r2_var/100":0,"r2_mean/20000":0.7101324796676636,"_timestamp":1.7438285119208198e+09,"r2_mean/200":0.691500186920166,"pear_var/10":0.5762783170991881,"_runtime":0.601014013,"wass_dist/100":0.5787219662566713,"wass_dist/20":0.7357109606195155}