{"r2_delta/200":0.9995444416999817,"wass_dist/20":0.9510329176413965,"pear_var/50":0.02110752453955038,"r2_mean/20000":0.659633219242096,"pear_var/10":0.26231955771216076,"pear_var/200":0.10514567163238892,"r2_delta/20":0,"r2_delta/20000":0.9988975524902344,"r2_var/50":0,"r2_mean/100":0.4860514998435974,"r2_delta/10":0,"_timestamp":1.7438290081577606e+09,"r2_var/200":0,"r2_mean/50":0.26124781370162964,"r2_delta/100":0.9996703267097473,"r2_mean/200":0.5491487383842468,"_runtime":0.757685695,"_wandb":{"runtime":0},"pear_var/20000":0.47999848498139464,"wass_dist/10":0.7860675829009309,"_step":0,"r2_var/20000":0,"pear_var/20":-0.17830236477882208,"pear_var/100":0.03997469327760704,"r2_delta/50":0.8969568610191345,"r2_mean/10":0.10651034116744995,"r2_var/100":0,"r2_var/10":0,"r2_mean/20":0,"wass_dist/100":0.6576971579581924,"r2_var/20":0}