{"Gradients_by_loss recover_latent/: mapper1":0.000703514037764054,"Gradients_by_loss recover_latent/: mapper13":0.002001658877964033,"Gradients_by_loss rec_from_latent_pretrain/: mapper8":0,"Gradients_by_loss recover_latent/: mapper_donor_mapper":1.677088127834606e-05,"Gradients_by_loss recover_latent/: encoder_pretrain":0.00027634765543690264,"Rec/Pearson_gene_train":0.6921356916427612,"r2_mean_OOD/10_all":0,"Gradients_by_loss rec_from_latent_pretrain/: donor_embedder":0,"Gradients_by_loss rec_from_latent_pretrain/: mapper3":0,"r2_var_OOD/50_all":0.24519318342208862,"Gradients_by_loss rec_from_latent_pretrain/: mapper12":0,"Gradients_by_loss recover_latent/: mapper8":0.0019043947622403158,"r2_mean_criterion/50_all":0.8426297704378763,"r2_var_criterion/50_all":0.47688062985738117,"wasserstein_criterion/10_all":0.31371715828123037,"Gradients_by_loss recover_latent/: encoder10":0.002058631129372969,"MIG_BINNED/dis_latent_stack_tissue_train":0.6688905765061575,"Gradients_by_loss recover_latent/: mapper11":0.0017695032634015145,"r2_delta_criterion/50_all":0.6687496701876322,"Gradients_by_loss recover_latent/: mapper14":0.001888538443581793,"Gradients_by_loss rec_from_latent_pretrain/: mapper0":0,"r2_mean_OOD/50_all":0.8496410846710205,"Gradients_by_loss recover_latent/: encoder4":0.002838963920089404,"Gradients_by_loss recover_latent/: mapper12":0.0017572057516644088,"Gradients_by_loss recover_latent/: encoder3":0.00036763162025203066,"r2_delta_criterion/100_all":0.6514179706573486,"r2_delta_OOD/10_all":0,"Gradients_by_loss rec_from_latent_pretrain/: encoder6":0,"Gradients_by_loss recover_latent/: mapper0":0.00013433543890046197,"r2_var_criterion/100_all":0.4763347307840983,"r2_var_OOD/10_all":0.7202433347702026,"_step":521,"Gradients_by_loss rec_from_latent_pretrain/: mapper_tissue_mapper":0,"Gradients_by_loss recover_latent/: encoder15":0.0016707999212266119,"Gradients_by_loss rec_from_latent_pretrain/: encoder_pretrain":0.08334618498230015,"Gradients_by_loss rec_from_latent_pretrain/: mapper15":0,"Gradients_by_loss rec_from_latent_pretrain/: encoder8":0,"Gradients_by_loss rec_from_latent_pretrain/: encoder1":0,"Rec/R2_var_train":0.9926714897155762,"r2_delta_OOD/20_all":0.010447263717651367,"Gradients_by_loss rec_from_latent_pretrain/: encoder11":0,"r2_mean_criterion/100_all":0.8499346971511841,"Gradients_by_loss rec_from_latent_pretrain/: encoder15":0,"r2_delta_OOD/50_all":0.4322909116744995,"Gradients_by_loss rec_from_latent_pretrain/: encoder5":0,"Gradients_by_loss rec_from_latent_pretrain/: mapper14":0,"Gradients_by_loss rec_from_latent_pretrain/: encoder9":0,"Gradients_by_loss rec_from_latent_pretrain/: encoder3":0,"r2_mean_criterion/20_all":0.8021136919657389,"Gradients_by_loss recover_latent/: encoder2":0.002283792641788657,"Gradients_by_loss recover_latent/: mapper15":0.001961129715541166,"Gradients_by_loss rec_from_latent_pretrain/: mapper13":0,"Gradients_by_loss recover_latent/: encoder11":0.0020792564822829595,"Gradients_by_loss rec_from_latent_pretrain/: encoder14":0,"Gradients_by_loss recover_latent/: mapper2":0.0007991090974415656,"Gradients_by_loss rec_from_latent_pretrain/: encoder10":0,"Gradients_by_loss recover_latent/: mapper7":0.0020921825781286744,"Gradients_by_loss recover_latent/: encoder8":0.0011659436427440297,"Gradients_by_loss rec_from_latent_pretrain/: encoder4":0,"Gradients_by_loss recover_latent/: encoder5":0.0038418798318476497,"Gradients_by_loss recover_latent/: tissue_embedder":4.5228280214359984e-05,"important_notes":{"size":8035,"path":"media/html/important_notes_0_f28c5c94c191a617991e.html","_type":"html-file","sha256":"f28c5c94c191a617991ec339dfd0a5d0ee8d9a030fd405e7b7c9ce31a9264eac"},"Gradients_by_loss rec_from_latent_pretrain/: mapper11":0,"Gradients_by_loss rec_from_latent_pretrain/: mapper7":0,"Gradients_by_loss rec_from_latent_pretrain/: px_r":5.336619869922288e-05,"Gradients_by_loss rec_from_latent_pretrain/: decoder":0.14650491036084587,"r2_mean_criterion/10_all":0.7219333350658417,"Rec/R2_mean_train":0.9985888600349426,"Gradients_by_loss recover_latent/: encoder1":0.0028126370150889403,"r2_var_OOD/20_all":0.19287151098251343,"Gradients_by_loss recover_latent/: encoder14":0.0003417884590995209,"Gradients_by_loss recover_latent/: mapper5":0.0014377218188455336,"r2_var_criterion/10_all":0.6130527555942535,"Rec/Pearson_sample_train":0.9496332406997681,"Gradients_by_loss rec_from_latent_pretrain/: mapper5":0,"Gradients_by_loss rec_from_latent_pretrain/: encoder12":0,"Gradients_by_loss rec_from_latent_pretrain/: encoder2":0,"Gradients_by_loss recover_latent/: encoder9":0.0006907369920280748,"_runtime":3784.002541992,"Gradients_by_loss rec_from_latent_pretrain/: mapper2":0,"Gradients_by_loss rec_from_latent_pretrain/: mapper6":0,"Gradients_by_loss recover_latent/: donor_embedder":5.408534707385115e-05,"Gradients_by_loss rec_from_latent_pretrain/: encoder0":0,"Gradients_by_loss rec_from_latent_pretrain/: encoder13":0,"Gradients_by_loss recover_latent/: mapper4":0.0010571128722455107,"Gradients_by_loss recover_latent/: encoder6":0.0036242826295155278,"Gradients_by_loss rec_from_latent_pretrain/: encoder7":0,"Gradients_by_loss rec_from_latent_pretrain/: tissue_embedder":0,"Gradients_by_loss recover_latent/: encoder13":0.0030459025764211817,"Gradients_by_loss recover_latent/: encoder0":0.0013684179907053544,"r2_mean_OOD/100_all":0.878797173500061,"wasserstein_OOD/10_all":0.5574819969418634,"Gradients_by_loss recover_latent/: decoder":0,"r2_mean_OOD/20_all":0.6864716410636902,"losses/recover_latent":2.6515804275801414e-05,"Gradients_by_loss recover_latent/: mapper9":0.001750569561495896,"_timestamp":1.7678286234106152e+09,"Gradients_by_loss recover_latent/: mapper_tissue_mapper":1.542042219273166e-05,"r2_delta_criterion/20_all":0.6792818605899811,"Gradients_by_loss rec_from_latent_pretrain/: mapper9":0,"Gradients_by_loss recover_latent/: encoder12":0.0011524844747232493,"Gradients_by_loss recover_latent/: mapper3":0.0008015624805447634,"losses/rec_from_latent_pretrain":0.617976368542744,"r2_var_criterion/20_all":0.5488727986812592,"Gradients_by_loss recover_latent/: px_r":0,"Gradients_by_loss rec_from_latent_pretrain/: mapper10":0,"Gradients_by_loss recover_latent/: mapper10":0.001697244741789253,"Gradients_by_loss recover_latent/: encoder7":0.005047291713785749,"pear_var_criterion/avg_all":NaN,"Gradients_by_loss rec_from_latent_pretrain/: mapper_donor_mapper":0,"_wandb":{"runtime":3784},"r2_var_OOD/100_all":0.40239983797073364,"r2_delta_criterion/10_all":0.6784435113271078,"Gradients_by_loss rec_from_latent_pretrain/: mapper4":0,"r2_delta_OOD/100_all":0.4900602698326111,"Gradients_by_loss rec_from_latent_pretrain/: mapper1":0,"Gradients_by_loss recover_latent/: mapper6":0.0016632081246768056}