{"r2_mean/20000": 0.9482641816139221, "r2_var/20000": 0.048024773597717285, "pear_var/20000": 0.720225976267995, "r2_delta/20000": 0.7650423049926758, "r2_mean/200": 0.8539872169494629, "r2_var/200": 0, "pear_var/200": 0.648892170665122, "r2_delta/200": 0.763508677482605, "r2_mean/100": 0.8136723041534424, "r2_var/100": 0, "pear_var/100": 0.6258235495512938, "r2_delta/100": 0.7433150410652161, "wass_dist/100": 0.39943482521087986, "r2_mean/50": 0.7112276554107666, "r2_var/50": 0, "pear_var/50": 0.5617609894668408, "r2_delta/50": 0.5965992212295532, "r2_mean/20": 0.5796085000038147, "r2_var/20": 0, "pear_var/20": 0.5650270712520561, "r2_delta/20": 0.3520311117172241, "wass_dist/20": 0.6365578953047886, "r2_mean/10": 0.19540244340896606, "r2_var/10": 0, "pear_var/10": 0.8604782700807247, "r2_delta/10": 0, "wass_dist/10": 0.6700170296091754, "_timestamp": 1744212513.848665, "_runtime": 1.3879389762878418, "_step": 0, "_wandb": {"runtime": 1}}