{"_step":0,"r2_delta/50":0.8072978258132935,"r2_delta/200":0.9993650913238525,"_runtime":0.677153069,"r2_var/10":0,"r2_delta/100":0.9994813799858093,"r2_mean/20000":0.7061574459075928,"r2_mean/50":0,"_wandb":{"runtime":0},"pear_var/100":0.226516594271456,"r2_var/50":0,"pear_var/10":0.7943294185573834,"pear_var/200":0.18992560171281808,"pear_var/20":0.17116442844641738,"r2_var/20":0,"wass_dist/20":1.3835017471698579,"r2_delta/20000":0.9990482926368713,"r2_mean/200":0.3716673254966736,"r2_mean/100":0.1915004849433899,"pear_var/20000":0.45167208083034827,"r2_var/200":0,"wass_dist/100":0.7705282672237259,"pear_var/50":0.1957337794462515,"r2_mean/10":0,"_timestamp":1.7438287112044663e+09,"r2_mean/20":0,"wass_dist/10":1.2959721690090162,"r2_var/100":0,"r2_delta/20":0,"r2_var/20000":0,"r2_delta/10":0}