{"r2_delta/200":0.9937412738800049,"r2_var/100":0,"r2_var/50":0,"r2_delta/50":0.991759717464447,"wass_dist/10":0.509595954052269,"pear_var/50":0.26357074601973807,"r2_var/200":0,"r2_mean/200":0.6666473150253296,"r2_mean/100":0.5770400762557983,"r2_mean/10":0.051109910011291504,"r2_mean/20000":0.7950137853622437,"pear_var/20":0.1971413408777799,"r2_var/20000":0,"wass_dist/20":0.48184304977913356,"wass_dist/100":0.4217214788544362,"r2_mean/20":0.7614630460739136,"_runtime":0.629163921,"r2_var/20":0,"r2_delta/20":0.9973511695861816,"_step":0,"r2_delta/10":0,"_wandb":{"runtime":0},"pear_var/20000":0.4074053773646974,"pear_var/10":0.5081058615174191,"r2_mean/50":0.49935781955718994,"r2_var/10":0,"pear_var/200":0.35102596858140994,"r2_delta/100":0.9949866533279419,"r2_delta/20000":0.9951989650726318,"_timestamp":1.7438256613380759e+09,"pear_var/100":0.36048780755973264}