{"r2_delta/50":0.9251798987388611,"_timestamp":1.7438274917674012e+09,"wass_dist/20":0.4579764333752319,"r2_mean/20000":0.7803792953491211,"pear_var/100":0.5811163200485023,"r2_var/20":0,"r2_var/100":0,"r2_delta/20":0.8105127215385437,"r2_var/50":0,"wass_dist/10":0.3984483558879178,"_step":0,"r2_mean/100":0.8365439772605896,"r2_var/20000":0,"r2_mean/10":0.8971630334854126,"r2_var/10":0,"r2_mean/50":0.8613181710243225,"r2_var/200":0,"pear_var/20000":0.6570584825195998,"wass_dist/100":0.5013060613407916,"r2_mean/200":0.8204519748687744,"r2_delta/10":0.7277810573577881,"pear_var/50":0.5924354700864571,"pear_var/200":0.49270809218226247,"pear_var/20":0.5645035592808756,"r2_mean/20":0.8731180429458618,"r2_delta/20000":0.9986379742622375,"r2_delta/100":0.9989557862281799,"pear_var/10":-0.16055106182012027,"_runtime":0.598373663,"_wandb":{"runtime":0},"r2_delta/200":0.9996904730796814}