{"r2_mean/20000": 0.9623239040374756, "r2_var/20000": 0.10120701789855957, "pear_var/20000": 0.7117152302255833, "r2_delta/20000": 0.5928249359130859, "r2_mean/200": 0.9170582294464111, "r2_var/200": 0, "pear_var/200": 0.7273713963469921, "r2_delta/200": 0.7905408143997192, "r2_mean/100": 0.9161007404327393, "r2_var/100": 0, "pear_var/100": 0.8011267080070487, "r2_delta/100": 0.7742772102355957, "wass_dist/100": 0.3780415448768328, "r2_mean/50": 0.8997945189476013, "r2_var/50": 0, "pear_var/50": 0.783299654049807, "r2_delta/50": 0.7082167863845825, "r2_mean/20": 0.8246251344680786, "r2_var/20": 0, "pear_var/20": 0.7772643367976632, "r2_delta/20": 0.7619057893753052, "wass_dist/20": 0.4587370773585843, "r2_mean/10": 0.918121337890625, "r2_var/10": 0, "pear_var/10": 0.6322811994093016, "r2_delta/10": 0.878870964050293, "wass_dist/10": 0.44266718152254914, "_timestamp": 1744065876.854353, "_runtime": 1.2478549480438232, "_step": 0, "_wandb": {"runtime": 1}}