{"r2_mean/20000": 0.7936540842056274, "r2_var/20000": 0, "pear_var/20000": 0.4609932828503047, "r2_delta/20000": 0.389400839805603, "r2_mean/200": 0.5353187322616577, "r2_var/200": 0, "pear_var/200": 0.14566291777281246, "r2_delta/200": 0.5139153003692627, "r2_mean/100": 0.39384788274765015, "r2_var/100": 0, "pear_var/100": 0.1111267365517411, "r2_delta/100": 0.4712817668914795, "wass_dist/100": 0.5522224919184516, "r2_mean/50": 0, "r2_var/50": 0, "pear_var/50": 0.05710144352619104, "r2_delta/50": 0, "r2_mean/20": 0, "r2_var/20": 0, "pear_var/20": -0.27504889090608164, "r2_delta/20": 0, "wass_dist/20": 1.0698867311249167, "r2_mean/10": 0, "r2_var/10": 0, "pear_var/10": -0.12026426823060653, "r2_delta/10": 0, "wass_dist/10": 1.0607471969898978, "_timestamp": 1743904942.9608865, "_runtime": 1.3074934482574463, "_step": 0, "_wandb": {"runtime": 1}}