{"Gradients_by_loss rec_from_latent_pretrain/: mapper3":0,"Gradients_by_loss recover_latent/: mapper4":0.00011602340099938337,"Gradients_by_loss rec_from_latent_pretrain/: px_r":2.300737651239615e-05,"r2_delta_criterion/100_all":0.5760902911424637,"Gradients_by_loss rec_from_latent_pretrain/: encoder4":0,"Gradients_by_loss rec_from_latent_pretrain/: encoder13":0,"Gradients_by_loss rec_from_latent_pretrain/: mapper14":0,"Gradients_by_loss recover_latent/: tissue_embedder":3.6736888432642445e-05,"Gradients_by_loss recover_latent/: mapper8":0.00013808700816563997,"Gradients_by_loss recover_latent/: encoder14":3.0778889721663134e-05,"Gradients_by_loss rec_from_latent_pretrain/: encoder12":0,"r2_mean_OOD/100_all":0.8879172205924988,"Gradients_by_loss rec_from_latent_pretrain/: mapper1":0,"Gradients_by_loss rec_from_latent_pretrain/: encoder15":0,"r2_delta_criterion/50_all":0.5753151476383209,"r2_mean_criterion/10_all":0.4706445187330246,"Gradients_by_loss rec_from_latent_pretrain/: encoder5":0,"Gradients_by_loss recover_latent/: mapper10":0.0001519448366496456,"Gradients_by_loss rec_from_latent_pretrain/: encoder7":0,"_step":521,"Gradients_by_loss recover_latent/: mapper15":0.0001995867569186906,"r2_delta_OOD/10_all":0.9500169157981873,"Gradients_by_loss recover_latent/: mapper2":0.00011132367204761399,"r2_delta_criterion/10_all":0.3521733283996582,"Gradients_by_loss recover_latent/: mapper9":0.00015526887128716619,"Gradients_by_loss recover_latent/: encoder13":0.00011913051163144162,"Gradients_by_loss recover_latent/: mapper7":0.0001436217837201511,"r2_var_OOD/20_all":0.870049238204956,"Gradients_by_loss recover_latent/: mapper14":0.00020404899139753185,"Gradients_by_loss rec_from_latent_pretrain/: mapper_tissue_mapper":0,"Gradients_by_loss rec_from_latent_pretrain/: mapper8":0,"Gradients_by_loss rec_from_latent_pretrain/: mapper10":0,"r2_delta_criterion/20_all":0.5010345429182053,"r2_mean_OOD/20_all":0.9001145362854004,"r2_var_criterion/20_all":0.19256683439016342,"important_notes":{"sha256":"10240df28aee5052bf365f6bb060cc9b8936b7efe8d8cc5a1c9cb0092d821d1e","size":7808,"path":"media/html/important_notes_0_10240df28aee5052bf36.html","_type":"html-file"},"Gradients_by_loss rec_from_latent_pretrain/: mapper2":0,"Rec/R2_var_train":0.9946384429931641,"r2_mean_OOD/10_all":0.9709703326225281,"Gradients_by_loss recover_latent/: encoder2":0.00022766275863704305,"losses/rec_from_latent_pretrain":0.589695989433676,"r2_var_criterion/10_all":0.33587121963500977,"Gradients_by_loss recover_latent/: encoder9":0.0002801996795062502,"r2_mean_criterion/20_all":0.6757432445883751,"r2_var_OOD/100_all":0.6140127778053284,"Gradients_by_loss rec_from_latent_pretrain/: mapper9":0,"Gradients_by_loss rec_from_latent_pretrain/: encoder2":0,"Gradients_by_loss rec_from_latent_pretrain/: mapper6":0,"Gradients_by_loss rec_from_latent_pretrain/: donor_embedder":0,"wasserstein_criterion/10_all":0.5846951120151911,"Gradients_by_loss recover_latent/: encoder10":0.00014295429170510984,"Gradients_by_loss recover_latent/: encoder6":0.0001403055645017722,"losses/recover_latent":8.001970496422928e-05,"Gradients_by_loss rec_from_latent_pretrain/: mapper13":0,"Gradients_by_loss recover_latent/: mapper1":0.00011335411776104865,"Gradients_by_loss recover_latent/: encoder11":0.0003037915705867205,"_timestamp":1.768116271262776e+09,"r2_delta_OOD/100_all":0.7761246562004089,"Gradients_by_loss rec_from_latent_pretrain/: decoder":0.0810413215463603,"r2_mean_criterion/50_all":0.7979033440351486,"Gradients_by_loss recover_latent/: encoder1":0.0004184508662376976,"Gradients_by_loss rec_from_latent_pretrain/: mapper12":0,"Gradients_by_loss rec_from_latent_pretrain/: tissue_embedder":0,"r2_delta_OOD/50_all":0.7731186151504517,"Gradients_by_loss rec_from_latent_pretrain/: mapper4":0,"pear_var_criterion/avg_all":NaN,"r2_mean_criterion/100_all":0.8319429606199265,"Gradients_by_loss rec_from_latent_pretrain/: encoder8":0,"Gradients_by_loss recover_latent/: px_r":0,"Rec/R2_mean_train":0.9953024983406067,"Gradients_by_loss recover_latent/: mapper0":4.7003906789229686e-05,"Gradients_by_loss recover_latent/: encoder_pretrain":0.00012311235377067574,"Gradients_by_loss recover_latent/: mapper3":0.000122392868573575,"Gradients_by_loss rec_from_latent_pretrain/: encoder3":0,"Gradients_by_loss rec_from_latent_pretrain/: encoder1":0,"Gradients_by_loss recover_latent/: encoder4":3.6776275542753526e-05,"Gradients_by_loss rec_from_latent_pretrain/: mapper5":0,"Gradients_by_loss recover_latent/: encoder3":0.00033749758027478837,"Gradients_by_loss rec_from_latent_pretrain/: mapper11":0,"wasserstein_OOD/10_all":0.09808066808402811,"r2_var_criterion/50_all":0.2079298049211502,"Gradients_by_loss rec_from_latent_pretrain/: encoder_pretrain":0.01668493004124418,"r2_var_criterion/100_all":0.2445155382156372,"Gradients_by_loss recover_latent/: mapper5":0.00014839430651141837,"Gradients_by_loss rec_from_latent_pretrain/: mapper0":0,"Gradients_by_loss recover_latent/: mapper11":0.00017795750715813213,"Gradients_by_loss rec_from_latent_pretrain/: encoder6":0,"Gradients_by_loss recover_latent/: encoder12":0.0004962661615807041,"Gradients_by_loss rec_from_latent_pretrain/: mapper15":0,"Gradients_by_loss rec_from_latent_pretrain/: mapper_donor_mapper":0,"Rec/Pearson_gene_train":0.7424870133399963,"Gradients_by_loss rec_from_latent_pretrain/: encoder14":0,"r2_var_OOD/50_all":0.6006656885147095,"Gradients_by_loss recover_latent/: decoder":0,"r2_mean_OOD/50_all":0.8172751069068909,"r2_var_OOD/10_all":0.8568167090415955,"Gradients_by_loss rec_from_latent_pretrain/: encoder0":0,"Gradients_by_loss rec_from_latent_pretrain/: mapper7":0,"Gradients_by_loss recover_latent/: encoder15":6.226012914661524e-05,"_wandb":{"runtime":1329},"Gradients_by_loss recover_latent/: encoder8":4.3445157383660197e-05,"_runtime":1329.359847908,"Gradients_by_loss recover_latent/: mapper_donor_mapper":8.960150549458419e-06,"Gradients_by_loss recover_latent/: mapper13":0.0002137842115747654,"Gradients_by_loss rec_from_latent_pretrain/: encoder9":0,"Gradients_by_loss recover_latent/: mapper_tissue_mapper":6.312512860893223e-06,"Gradients_by_loss rec_from_latent_pretrain/: encoder10":0,"Gradients_by_loss recover_latent/: encoder5":0.00041942398402137376,"Gradients_by_loss recover_latent/: mapper12":0.00022007021693063708,"Gradients_by_loss recover_latent/: mapper6":0.00014744616322098325,"Gradients_by_loss recover_latent/: encoder0":0.0005465371987835371,"Gradients_by_loss rec_from_latent_pretrain/: encoder11":0,"Gradients_by_loss recover_latent/: donor_embedder":2.817031418089755e-05,"Gradients_by_loss recover_latent/: encoder7":0.00023205946195819634,"MIG_BINNED/dis_latent_stack_tissue_train":0.6735053306467523,"r2_delta_OOD/20_all":0.8869855403900146,"Rec/Pearson_sample_train":0.9478750824928284}