{"pear_var/100":0.6287685566157826,"pear_var/20000":0.5864543567557765,"r2_var/20":0,"r2_var/50":0,"r2_mean/20000":0.8099536895751953,"wass_dist/100":0.48539282672480644,"r2_var/200":0,"r2_mean/10":0.811530590057373,"r2_var/10":0,"r2_mean/200":0.8132243156433105,"r2_delta/200":0.9998672604560852,"r2_mean/20":0.820889949798584,"r2_delta/50":0.9999608397483826,"pear_var/20":0.5401236105270563,"pear_var/200":0.678420103875325,"r2_var/20000":0,"_step":0,"r2_delta/100":0.9999279975891113,"_wandb":{"runtime":0},"pear_var/50":0.5477074461159492,"_runtime":0.614410511,"_timestamp":1.7438298932094953e+09,"pear_var/10":0.8997759800531044,"wass_dist/10":0.45123375370137486,"r2_mean/100":0.8319687247276306,"r2_delta/20":0.9999784231185913,"wass_dist/20":0.5183774518300439,"r2_mean/50":0.8320319652557373,"r2_delta/10":0.16703611612319946,"r2_delta/20000":0.9994593262672424,"r2_var/100":0}