{"r2_mean/20000": 0.9750776290893555, "r2_var/20000": 0.11849403381347656, "pear_var/20000": 0.718984912288156, "r2_delta/20000": 0.730657696723938, "r2_mean/200": 0.9377597570419312, "r2_var/200": 0, "pear_var/200": 0.6845493554299648, "r2_delta/200": 0.8428200483322144, "r2_mean/100": 0.9359707832336426, "r2_var/100": 0, "pear_var/100": 0.8094537051675151, "r2_delta/100": 0.8277356624603271, "wass_dist/100": 0.3649457047894567, "r2_mean/50": 0.9231228828430176, "r2_var/50": 0, "pear_var/50": 0.7813303243036709, "r2_delta/50": 0.7761453986167908, "r2_mean/20": 0.8636168241500854, "r2_var/20": 0, "pear_var/20": 0.8200138688352862, "r2_delta/20": 0.8148421049118042, "wass_dist/20": 0.4462129444259781, "r2_mean/10": 0.9458236694335938, "r2_var/10": 0, "pear_var/10": 0.7103065838629763, "r2_delta/10": 0.9198530316352844, "wass_dist/10": 0.4294124294433955, "_timestamp": 1744065961.609091, "_runtime": 1.399744987487793, "_step": 0, "_wandb": {"runtime": 1}}