{"DUSP9+SNAI1/Pearson Delta_combo_specific_50_all":0.5974414463230188,"DUSP9+ETS2/Pearson Delta_combo_specific_100_all":0.8075815090194379,"Gradients_by_loss recover_latent/: encoder9":0.0017637767361321495,"ETS2+CNN1/Pearson Delta_10_all":0.5696517445614746,"ETS2+PRTG/Pearson Delta_combo_specific_50_all":0.6853232530798755,"DUSP9+IGDCC3/R2_combo_specific_100_all":0.9572182893753052,"ETS2+CEBPE/R2_100_all":0.9520320892333984,"ETS2+PRTG/Pearson Delta_combo_specific_10_all":0.5720145854030405,"losses/recover_latent":2.9277588023158687e-05,"ETS2+CEBPE/R2_combo_specific_10_all":0.8942769169807434,"DUSP9+MAPK1/Pearson Delta_combo_specific_10_all":0.459425545434904,"ETS2+IGDCC3/Wass_10_all":0.41842751431533465,"Gradients_by_loss rec_from_latent_pretrain/: mapper9":0,"ETS2+MAP7D1/R2_combo_specific_100_all":0.9780051112174988,"DUSP9+IGDCC3/R2_10_all":0.8615644574165344,"r2_mean_criterion/50_all":0.9568857713179155,"ETS2+CEBPE/Wass_combo_specific_10_all":0.41263640466529167,"ETS2+MAP7D1/R2_10_all":0.8978248834609985,"DUSP9+MAPK1/Pearson Delta_10_all":0.5592525246167553,"DUSP9+SNAI1/Pearson Delta_100_all":0.837389039957505,"Gradients_by_loss recover_latent/: encoder7":0.0006704212276138636,"Gradients_by_loss recover_latent/: encoder3":0.00034839530601418777,"DUSP9+KLF1/R2_combo_specific_10_all":0.8310420513153076,"Gradients_by_loss rec_from_latent_pretrain/: decoder":0.12773824639264603,"ETS2+IGDCC3/Pearson Delta_10_all":0.4563477909823378,"TGFBR2+ETS2/Pearson Delta_10_all":0.576536062658175,"DUSP9+PRTG/R2_combo_specific_10_all":0.9556472301483154,"DUSP9+IGDCC3/R2_combo_specific_20_all":0.9132014513015747,"ETS2+CNN1/R2_20_all":0.9384448528289795,"DUSP9+IGDCC3/Pearson Delta_combo_specific_100_all":0.93170649620694,"ETS2+CNN1/R2_50_all":0.9648619890213013,"DUSP9+PRTG/Pearson Delta_50_all":0.9585123355657237,"Gradients_by_loss rec_from_latent_pretrain/: mapper2":0,"Gradients_by_loss recover_latent/: mapper15":0.0010384024884466552,"DUSP9+IGDCC3/Pearson Delta_combo_specific_20_all":0.9197654249312661,"Gradients_by_loss recover_latent/: encoder12":0.0011211689423375843,"DUSP9+SNAI1/Pearson Delta_20_all":0.9168332356420719,"DUSP9+KLF1/Pearson Delta_20_all":0.8786904129303497,"Gradients_by_loss rec_from_latent_pretrain/: mapper6":0,"ETS2+MAPK1/R2_combo_specific_50_all":0.968631386756897,"ETS2+IGDCC3/R2_10_all":0.7339415550231934,"Gradients_by_loss rec_from_latent_pretrain/: encoder3":0,"ETS2+IGDCC3/Pearson Delta_50_all":0.7354437073499535,"TGFBR2+ETS2/Pearson Delta_50_all":0.6330481947616671,"ETS2+MAP7D1/R2_combo_specific_10_all":0.9448093175888062,"Gradients_by_loss recover_latent/: encoder2":0.0015400528531635735,"DUSP9+KLF1/R2_10_all":0.7530678510665894,"ETS2+IKZF3/R2_combo_specific_100_all":0.966972291469574,"Gradients_by_loss recover_latent/: mapper1":0.0001528062635712012,"ETS2+CEBPE/Pearson Delta_20_all":0.9494065266845879,"DUSP9+MAPK1/Pearson Delta_50_all":0.5722346347560261,"ETS2+PRTG/R2_combo_specific_10_all":0.9266655445098877,"Gradients_by_loss rec_from_latent_pretrain/: mapper13":0,"DUSP9+KLF1/R2_50_all":0.9201079607009888,"TGFBR2+ETS2/R2_100_all":0.940131425857544,"DUSP9+KLF1/R2_combo_specific_20_all":0.8950885534286499,"DUSP9+PRTG/Wass_10_all":0.31071391044717256,"ETS2+IGDCC3/R2_50_all":0.9796115159988403,"ETS2+PRTG/Pearson Delta_combo_specific_100_all":0.7168963253638222,"ETS2+IKZF3/R2_100_all":0.9638280868530273,"ETS2+MAPK1/Pearson Delta_combo_specific_50_all":0.966368467529669,"DUSP9+MAPK1/R2_combo_specific_20_all":0.9212532043457031,"DUSP9+PRTG/R2_combo_specific_20_all":0.9659938812255859,"r2_mean_criterion/20_all":0.9474973028356378,"DUSP9+SNAI1/Pearson Delta_combo_specific_100_all":0.6341461556148469,"DUSP9+ETS2/R2_100_all":0.9783335328102112,"r2_mean_criterion/10_all":0.9245990135452964,"Gradients_by_loss rec_from_latent_pretrain/: mapper12":0,"ETS2+IKZF3/Pearson Delta_combo_specific_10_all":0.9622668066217873,"DUSP9+PRTG/Pearson Delta_combo_specific_20_all":0.9660850432339209,"ETS2+CEBPE/R2_combo_specific_20_all":0.900666356086731,"DUSP9+PRTG/R2_100_all":0.9614164233207703,"Gradients_by_loss recover_latent/: encoder13":0.0013223219458819956,"Gradients_by_loss rec_from_latent_pretrain/: encoder1":0,"TGFBR2+ETS2/Pearson Delta_combo_specific_20_all":0.6998587722754791,"ETS2+MAP7D1/Pearson Delta_combo_specific_20_all":0.9134245723267819,"ETS2+MAP7D1/Pearson Delta_20_all":0.8894652705110581,"ETS2+MAP7D1/R2_100_all":0.9815212488174438,"DUSP9+IGDCC3/Pearson Delta_20_all":0.9404076001525766,"DUSP9+PRTG/Pearson Delta_100_all":0.9430251376562563,"ETS2+CNN1/Wass_10_all":0.43751739432414183,"Gradients_by_loss recover_latent/: mapper9":0.0010117492710523272,"DUSP9+IGDCC3/Pearson Delta_100_all":0.940790990263627,"DUSP9+IGDCC3/R2_combo_specific_50_all":0.9437040090560913,"Gradients_by_loss recover_latent/: mapper13":0.0011193351334061324,"ETS2+MAP7D1/R2_combo_specific_50_all":0.9813767671585083,"Gradients_by_loss recover_latent/: encoder5":0.0032333107906731434,"Gradients_by_loss recover_latent/: px_r":0,"DUSP9+PRTG/Pearson Delta_10_all":0.9801251194519456,"DUSP9+MAPK1/Pearson Delta_combo_specific_100_all":0.40578172100340815,"DUSP9+KLF1/Pearson Delta_combo_specific_20_all":0.9172363542138638,"Gradients_by_loss recover_latent/: mapper6":0.0010497634701962032,"DUSP9+SNAI1/R2_50_all":0.7764365673065186,"ETS2+PRTG/R2_20_all":0.9649526476860046,"Gradients_by_loss rec_from_latent_pretrain/: mapper5":0,"DUSP9+MAPK1/R2_20_all":0.8748583793640137,"Gradients_by_loss rec_from_latent_pretrain/: condition_embedder":0,"Gradients_by_loss recover_latent/: encoder11":0.0009251468215178084,"Gradients_by_loss recover_latent/: mapper_perturbation2_mapper":2.3977172113200534e-05,"Gradients_by_loss rec_from_latent_pretrain/: encoder0":0,"DUSP9+PRTG/Wass_combo_specific_10_all":0.35087246786686366,"DUSP9+MAPK1/R2_50_all":0.9622005820274353,"Gradients_by_loss rec_from_latent_pretrain/: encoder12":0,"ETS2+MAP7D1/Pearson Delta_combo_specific_100_all":0.8573514767054545,"ETS2+CNN1/R2_100_all":0.9738396406173706,"DUSP9+ETS2/Pearson Delta_10_all":0.4736526290844509,"Gradients_by_loss recover_latent/: mapper8":0.0009089945080147097,"DUSP9+KLF1/Pearson Delta_100_all":0.8894525869816234,"ETS2+MAPK1/Wass_10_all":0.3737653673101705,"Gradients_by_loss recover_latent/: mapper4":0.0005119779997625119,"ETS2+MAP7D1/Pearson Delta_100_all":0.9082642234598963,"DUSP9+SNAI1/R2_combo_specific_10_all":0.43416494131088257,"DUSP9+PRTG/R2_10_all":0.9495987296104431,"Gradients_by_loss recover_latent/: encoder4":0.0013653736745522316,"ETS2+MAPK1/Pearson Delta_10_all":0.9642297490868956,"Gradients_by_loss recover_latent/: mapper14":0.0010838384443344969,"ETS2+MAP7D1/R2_50_all":0.9723764657974243,"ETS2+CEBPE/R2_50_all":0.9262845516204834,"ETS2+IGDCC3/R2_20_all":0.9245062470436096,"Gradients_by_loss recover_latent/: mapper10":0.0010510713229501568,"ETS2+CNN1/Pearson Delta_combo_specific_100_all":0.5571367235144167,"ETS2+IGDCC3/R2_combo_specific_20_all":0.881106436252594,"DUSP9+IGDCC3/Pearson Delta_combo_specific_10_all":0.9073187478459804,"ETS2+IKZF3/Pearson Delta_combo_specific_100_all":0.9579860122940282,"Gradients_by_loss rec_from_latent_pretrain/: encoder4":0,"DUSP9+SNAI1/R2_combo_specific_50_all":0.7120594382286072,"ETS2+IKZF3/Wass_combo_specific_10_all":0.5239044476456578,"ETS2+CNN1/Pearson Delta_100_all":0.7518694629320293,"Gradients_by_loss recover_latent/: mapper3":0.00036586903891636953,"DUSP9+MAPK1/Pearson Delta_100_all":0.6305256382140715,"ETS2+IKZF3/Pearson Delta_20_all":0.9015343811531653,"important_notes":{"_type":"html-file","sha256":"b920a4eef2f845e5ef48ba8359a94c626da4f2b8b082488ae1691d6964135a3d","size":7420,"path":"media/html/important_notes_0_b920a4eef2f845e5ef48.html"},"Gradients_by_loss rec_from_latent_pretrain/: mapper4":0,"Rec/Pearson_gene_train":0.5605114102363586,"Gradients_by_loss rec_from_latent_pretrain/: mapper14":0,"ETS2+IKZF3/R2_50_all":0.942700982093811,"ETS2+PRTG/R2_10_all":0.8488904237747192,"Gradients_by_loss recover_latent/: mapper0":0.00013239199660062688,