{"r2_mean/20000": 0.8697913885116577, "r2_var/20000": 0.010125160217285156, "pear_var/20000": 0.6095880835623304, "r2_delta/20000": 0.4947448968887329, "r2_mean/200": 0.8334546089172363, "r2_var/200": 0, "pear_var/200": 0.4879797886514939, "r2_delta/200": 0.8060810565948486, "r2_mean/100": 0.8338443040847778, "r2_var/100": 0, "pear_var/100": 0.5882819802858209, "r2_delta/100": 0.8444450497627258, "wass_dist/100": 0.3643616267802578, "r2_mean/50": 0.7609920501708984, "r2_var/50": 0, "pear_var/50": 0.7230778899296896, "r2_delta/50": 0.7329127788543701, "r2_mean/20": 0.768385648727417, "r2_var/20": 0, "pear_var/20": 0.7028097175827004, "r2_delta/20": 0.7416536211967468, "wass_dist/20": 0.4203817470219019, "r2_mean/10": 0.8777773380279541, "r2_var/10": 0, "pear_var/10": 0.11059736665407456, "r2_delta/10": 0.8537097573280334, "wass_dist/10": 0.3556929158737355, "_timestamp": 1743903359.8858936, "_runtime": 1.7865376472473145, "_step": 0, "_wandb": {"runtime": 1}}