{"pear_var/100":0.38507502771430724,"r2_var/10":0,"r2_var/100":0,"wass_dist/10":0.5272339313069825,"r2_mean/20000":0.8094344735145569,"_wandb":{"runtime":0},"r2_delta/20":0.07307672500610352,"r2_delta/50":0.955740213394165,"r2_mean/20":0.3819369673728943,"r2_delta/20000":0.9993827939033508,"_step":0,"r2_delta/100":0.9998331069946289,"_timestamp":1.7438293039533966e+09,"r2_var/20":0,"wass_dist/20":0.6282212058371509,"wass_dist/100":0.5514962785176988,"r2_var/200":0,"pear_var/20000":0.5957015345881221,"r2_var/20000":0,"r2_delta/200":0.9997495412826538,"_runtime":0.626186983,"pear_var/50":0.4570412575596095,"r2_mean/100":0.7398374080657959,"r2_mean/50":0.6826860308647156,"r2_delta/10":0.5191425681114197,"pear_var/10":0.7485541231696804,"r2_var/50":0,"pear_var/20":0.27957588430797115,"r2_mean/10":0.7656527161598206,"pear_var/200":0.2936280530906225,"r2_mean/200":0.7521333694458008}