{"r2_var/10":0,"_runtime":0.634322393,"r2_var/50":0,"pear_var/20000":0.5865761120361976,"r2_mean/50":0.18067365884780884,"r2_delta/10":0,"r2_delta/200":0.9995117783546448,"r2_var/20000":0,"r2_var/20":0,"r2_var/200":0,"wass_dist/20":0.917538000031602,"r2_mean/20000":0.8640086650848389,"r2_mean/20":0,"r2_delta/20":0,"pear_var/50":0.7493940635973362,"wass_dist/100":0.6454854410025136,"_timestamp":1.7438273743344526e+09,"r2_delta/50":0.5579659342765808,"r2_mean/10":0,"r2_mean/100":0.5900168418884277,"r2_var/100":0,"pear_var/100":0.703356429377631,"pear_var/200":0.5159406418154072,"pear_var/20":0.7385771621397352,"pear_var/10":-0.14252983565263744,"_step":0,"_wandb":{"runtime":0},"wass_dist/10":0.8669421262696352,"r2_mean/200":0.7167830467224121,"r2_delta/20000":0.9991565942764282,"r2_delta/100":0.9973808526992798}