{"Gradients_by_loss recover_latent/: mapper15":0.003357043687670892,"Gradients_by_loss recover_latent/: px_r":0,"r2_mean_OOD/20_all":0.7676949501037598,"Gradients_by_loss recover_latent/: mapper5":0.0026763369979968007,"Gradients_by_loss recover_latent/: mapper4":0.0027537436567458213,"_step":521,"pear_var_criterion/avg_all":NaN,"r2_mean_criterion/50_all":0.8049527009328207,"Gradients_by_loss recover_latent/: mapper2":0.002113736031687625,"r2_var_OOD/20_all":0.7889682054519653,"Rec/R2_mean_train":0.9988424777984619,"Gradients_by_loss recover_latent/: encoder14":0.0014807953856072111,"Gradients_by_loss rec_from_latent_pretrain/: mapper13":0,"Gradients_by_loss recover_latent/: encoder9":0.002549946606714578,"r2_var_OOD/50_all":0.7268944382667542,"Gradients_by_loss rec_from_latent_pretrain/: mapper6":0,"r2_delta_OOD/100_all":0.3377555012702942,"Gradients_by_loss rec_from_latent_pretrain/: encoder4":0,"Gradients_by_loss recover_latent/: encoder7":0.0034860268429903083,"MIG_BINNED/dis_latent_stack_tissue_train":0.6708392681063506,"Gradients_by_loss rec_from_latent_pretrain/: encoder9":0,"Gradients_by_loss recover_latent/: mapper6":0.0028292493655248346,"Rec/Pearson_gene_train":0.6983949090301991,"Gradients_by_loss rec_from_latent_pretrain/: mapper_tissue_mapper":0,"Gradients_by_loss rec_from_latent_pretrain/: mapper3":0,"Gradients_by_loss recover_latent/: tissue_embedder":8.436480129603297e-05,"Gradients_by_loss recover_latent/: mapper7":0.002873634889057106,"Gradients_by_loss recover_latent/: encoder13":0.0018655105972958416,"Gradients_by_loss rec_from_latent_pretrain/: mapper15":0,"r2_var_OOD/10_all":0.81456458568573,"Gradients_by_loss rec_from_latent_pretrain/: encoder1":0,"r2_var_criterion/50_all":0.3362451195716858,"Gradients_by_loss recover_latent/: mapper12":0.003222723031968392,"Gradients_by_loss rec_from_latent_pretrain/: mapper1":0,"Gradients_by_loss recover_latent/: encoder12":0.0017714092484766224,"r2_delta_criterion/50_all":0.574994166692098,"Gradients_by_loss recover_latent/: mapper_donor_mapper":5.940082654639116e-05,"Gradients_by_loss recover_latent/: mapper1":0.00202380799731056,"r2_delta_OOD/10_all":0.8431269526481628,"r2_mean_criterion/10_all":0.5152190029621124,"Gradients_by_loss recover_latent/: decoder":0,"Rec/Pearson_sample_train":0.9499723315238953,"r2_delta_OOD/50_all":0.4738929271697998,"Gradients_by_loss recover_latent/: encoder_pretrain":0.0005456485337872505,"Gradients_by_loss recover_latent/: encoder8":0.0010928783331734728,"Gradients_by_loss rec_from_latent_pretrain/: encoder_pretrain":0.18068471742513958,"Gradients_by_loss recover_latent/: mapper_tissue_mapper":3.463041994899734e-05,"r2_delta_criterion/10_all":0.4601265788078308,"_timestamp":1.7678027178504143e+09,"Gradients_by_loss recover_latent/: encoder5":0.0035480496252228723,"Gradients_by_loss rec_from_latent_pretrain/: encoder8":0,"Gradients_by_loss rec_from_latent_pretrain/: mapper12":0,"Gradients_by_loss recover_latent/: encoder4":0.0019755471121227293,"Gradients_by_loss rec_from_latent_pretrain/: tissue_embedder":0,"r2_var_criterion/10_all":0.5453385909398397,"_runtime":3795.370697289,"r2_delta_criterion/20_all":0.48486905296643573,"Gradients_by_loss recover_latent/: mapper8":0.0027472116503229815,"_wandb":{"runtime":3795},"Gradients_by_loss rec_from_latent_pretrain/: mapper10":0,"wasserstein_criterion/10_all":0.42402814586717835,"Gradients_by_loss recover_latent/: encoder6":0.005217383449963935,"r2_mean_criterion/100_all":0.8199954132239023,"Gradients_by_loss rec_from_latent_pretrain/: mapper5":0,"r2_delta_criterion/100_all":0.5852798521518707,"Gradients_by_loss recover_latent/: encoder3":0.00846256764426452,"Gradients_by_loss rec_from_latent_pretrain/: mapper8":0,"r2_var_criterion/100_all":0.3953333894411723,"Gradients_by_loss rec_from_latent_pretrain/: decoder":0.2304203704164211,"r2_mean_OOD/10_all":0.9350256323814392,"r2_var_OOD/100_all":0.5226247310638428,"Gradients_by_loss rec_from_latent_pretrain/: encoder12":0,"Gradients_by_loss recover_latent/: encoder1":0.001184183853018854,"Gradients_by_loss recover_latent/: donor_embedder":0.00017152914369944483,"Gradients_by_loss rec_from_latent_pretrain/: encoder0":0,"Gradients_by_loss recover_latent/: encoder2":0.002981435582006252,"Gradients_by_loss recover_latent/: mapper3":0.002958053525089196,"Gradients_by_loss rec_from_latent_pretrain/: donor_embedder":0,"Gradients_by_loss recover_latent/: encoder10":0.005112783616151001,"Gradients_by_loss rec_from_latent_pretrain/: encoder11":0,"Gradients_by_loss rec_from_latent_pretrain/: mapper7":0,"Gradients_by_loss rec_from_latent_pretrain/: encoder6":0,"Gradients_by_loss rec_from_latent_pretrain/: mapper14":0,"important_notes":{"sha256":"fb6ed59df8dda3b3d60d16f855c6853f9e17d9d0e64a3240b4e1309d2988c045","size":8035,"path":"media/html/important_notes_0_fb6ed59df8dda3b3d60d.html","_type":"html-file"},"Gradients_by_loss rec_from_latent_pretrain/: encoder2":0,"Gradients_by_loss recover_latent/: mapper11":0.0031233950963696203,"Gradients_by_loss recover_latent/: mapper10":0.0029696048210945273,"wasserstein_OOD/10_all":0.10284902871505945,"Gradients_by_loss recover_latent/: mapper0":0.00227169782872543,"Gradients_by_loss rec_from_latent_pretrain/: encoder10":0,"Gradients_by_loss rec_from_latent_pretrain/: mapper4":0,"Gradients_by_loss recover_latent/: encoder15":0.0019572105865506857,"Rec/R2_var_train":0.9969443678855896,"Gradients_by_loss rec_from_latent_pretrain/: mapper_donor_mapper":0,"losses/recover_latent":3.3071321722917725e-05,"Gradients_by_loss rec_from_latent_pretrain/: mapper2":0,"Gradients_by_loss rec_from_latent_pretrain/: mapper0":0,"r2_mean_OOD/100_all":0.7775399684906006,"r2_var_criterion/20_all":0.38097118337949115,"r2_delta_OOD/20_all":0.606224536895752,"Gradients_by_loss recover_latent/: mapper14":0.003117462857238511,"Gradients_by_loss recover_latent/: mapper9":0.0026993266705117947,"Gradients_by_loss rec_from_latent_pretrain/: encoder7":0,"Gradients_by_loss rec_from_latent_pretrain/: px_r":7.357564754784107e-05,"Gradients_by_loss rec_from_latent_pretrain/: encoder3":0,"Gradients_by_loss rec_from_latent_pretrain/: encoder13":0,"Gradients_by_loss rec_from_latent_pretrain/: mapper11":0,"Gradients_by_loss rec_from_latent_pretrain/: mapper9":0,"losses/rec_from_latent_pretrain":0.6194829694893328,"Gradients_by_loss recover_latent/: mapper13":0.003142517058766933,"Gradients_by_loss recover_latent/: encoder11":0.00498451762072674,"Gradients_by_loss rec_from_latent_pretrain/: encoder5":0,"r2_mean_OOD/50_all":0.8221272826194763,"Gradients_by_loss recover_latent/: encoder0":0.010353557527236554,"r2_mean_criterion/20_all":0.7312907079855601,"Gradients_by_loss rec_from_latent_pretrain/: encoder15":0,"Gradients_by_loss rec_from_latent_pretrain/: encoder14":0}