{"r2_mean/20000": 0.9431177973747253, "r2_var/20000": 0.07862985134124756, "pear_var/20000": 0.6983180178674396, "r2_delta/20000": 0.7416702508926392, "r2_mean/200": 0.8355242013931274, "r2_var/200": 0, "pear_var/200": 0.5548284080946019, "r2_delta/200": 0.7336047291755676, "r2_mean/100": 0.7846386432647705, "r2_var/100": 0, "pear_var/100": 0.5524441854696576, "r2_delta/100": 0.7033182382583618, "wass_dist/100": 0.40965245722325316, "r2_mean/50": 0.6613659858703613, "r2_var/50": 0, "pear_var/50": 0.44375382898767896, "r2_delta/50": 0.5269448757171631, "r2_mean/20": 0.5093473196029663, "r2_var/20": 0, "pear_var/20": 0.4138076080200024, "r2_delta/20": 0.24373430013656616, "wass_dist/20": 0.6769910371963178, "r2_mean/10": 0.0019809603691101074, "r2_var/10": 0, "pear_var/10": 0.7059181005387043, "r2_delta/10": 0, "wass_dist/10": 0.7463056715594434, "_timestamp": 1744211453.1345277, "_runtime": 1.4863247871398926, "_step": 0, "_wandb": {"runtime": 1}}