{"r2_mean/20000": 0.8590842485427856, "r2_var/20000": 0, "pear_var/20000": 0.4284142905763928, "r2_delta/20000": 0, "r2_mean/200": 0.8388903141021729, "r2_var/200": 0, "pear_var/200": 0.29475882461231384, "r2_delta/200": 0.31136995553970337, "r2_mean/100": 0.8706098794937134, "r2_var/100": 0, "pear_var/100": 0.21044169714443853, "r2_delta/100": 0.5592118501663208, "wass_dist/100": 0.43891769685889964, "r2_mean/50": 0.8897817730903625, "r2_var/50": 0, "pear_var/50": 0.20146347859469088, "r2_delta/50": 0.6421804428100586, "r2_mean/20": 0.9058813452720642, "r2_var/20": 0, "pear_var/20": -0.1513487691728276, "r2_delta/20": 0.616313099861145, "wass_dist/20": 0.5156701151446139, "r2_mean/10": 0.9424154758453369, "r2_var/10": 0, "pear_var/10": -0.11295823364098402, "r2_delta/10": 0.905873715877533, "wass_dist/10": 0.4647258368389303, "_timestamp": 1743891906.5729923, "_runtime": 1.8609213829040527, "_step": 0, "_wandb": {"runtime": 1}}