{"r2_mean/20":0,"r2_mean/20000":0.5159492492675781,"_runtime":0.668282409,"r2_mean/50":0.082064688205719,"r2_var/20":0,"_wandb":{"runtime":0},"r2_mean/200":0.11963319778442383,"r2_var/20000":0,"r2_delta/100":0.9799457788467407,"r2_var/100":0,"_timestamp":1.7438232724352381e+09,"pear_var/20000":0.493006918215369,"wass_dist/100":0.5282665065724262,"pear_var/50":0.6439080045102732,"r2_delta/10":0,"r2_var/200":0,"wass_dist/20":0.6234812103240966,"r2_delta/20":0,"_step":0,"r2_delta/50":0.9782401323318481,"r2_var/10":0,"r2_mean/100":0.06574404239654541,"r2_mean/10":0,"wass_dist/10":0.7092874758134375,"r2_delta/200":0.9733119606971741,"pear_var/20":0.8947953024033862,"r2_delta/20000":0.986201822757721,"pear_var/10":0.8588998733695212,"pear_var/100":0.5964821666009217,"r2_var/50":0,"pear_var/200":0.4719227121800688}