{"Gradients_by_loss recover_latent/: encoder14":0.000988559906223653,"Gradients_by_loss recover_latent/: encoder11":0.0006510641718751473,"Gradients_by_loss recover_latent/: mapper_time_mapper":2.3986732266388243e-05,"Gradients_by_loss recover_latent/: mapper6":0.0028285539599297175,"r2_var_OOD/50_all":0,"Gradients_by_loss rec_from_latent_pretrain/: encoder9":0,"Gradients_by_loss recover_latent/: encoder4":0.0023011257096208957,"r2_delta_criterion/10_all":0.6906849145889282,"Gradients_by_loss recover_latent/: encoder0":0.004847256107157712,"r2_delta_OOD/10_all":0.9146204590797424,"Gradients_by_loss recover_latent/: mapper10":0.0026411168631270084,"Gradients_by_loss recover_latent/: mapper9":0.002732000587547957,"Gradients_by_loss rec_from_latent_pretrain/: mapper9":0,"r2_mean_criterion/50_all":0.25702065229415894,"r2_mean_OOD/20_all":0.6290075778961182,"r2_var_criterion/20_all":0,"Gradients_by_loss rec_from_latent_pretrain/: mapper1":0,"r2_delta_OOD/100_all":0.8152227401733398,"Gradients_by_loss rec_from_latent_pretrain/: mapper0":0,"Gradients_by_loss recover_latent/: mapper2":0.0031316137271531004,"Gradients_by_loss recover_latent/: mapper5":0.0026727181713010854,"Gradients_by_loss rec_from_latent_pretrain/: mapper2":0,"Gradients_by_loss recover_latent/: encoder6":0.002683542655349281,"Gradients_by_loss recover_latent/: encoder7":0.0011954544140577892,"r2_delta_OOD/50_all":0.8324406147003174,"_timestamp":1.7684246983987386e+09,"MIG_BINNED/dis_latent_stack_time_train":0.658106652480746,"Gradients_by_loss rec_from_latent_pretrain/: mapper6":0,"wasserstein_OOD/100_all":0.42037696984805173,"Rec/R2_var_train":0.9913194179534912,"Gradients_by_loss recover_latent/: mapper15":0.002716942165362934,"_wandb":{"runtime":11135},"pear_var_criterion/avg_all":NaN,"r2_var_criterion/50_all":0,"Gradients_by_loss rec_from_latent_pretrain/: encoder13":0,"Gradients_by_loss rec_from_latent_pretrain/: encoder12":0,"Rec/R2_mean_train":0.9995008707046509,"Gradients_by_loss recover_latent/: encoder1":0.005827086182995533,"Gradients_by_loss rec_from_latent_pretrain/: encoder4":0,"r2_delta_criterion/20_all":0.6486465930938721,"Gradients_by_loss recover_latent/: mapper1":0.002579813125200494,"r2_mean_criterion/10_all":0.15033996105194092,"losses/recover_latent":1.731874905456015e-05,"Gradients_by_loss recover_latent/: mapper0":0.0015277475186946082,"Gradients_by_loss recover_latent/: encoder9":0.001653180701601289,"r2_var_criterion/100_all":0,"Gradients_by_loss recover_latent/: mapper8":0.002644874762699138,"Gradients_by_loss rec_from_latent_pretrain/: encoder3":0,"wasserstein_criterion/100_all":0.6914171312976296,"r2_mean_OOD/100_all":0.757910966873169,"Gradients_by_loss rec_from_latent_pretrain/: encoder_pretrain":0.20490134531435164,"Gradients_by_loss rec_from_latent_pretrain/: mapper14":0,"r2_var_OOD/100_all":0,"Gradients_by_loss rec_from_latent_pretrain/: encoder1":0,"wasserstein_OOD/10_all":0.4670196808900668,"Gradients_by_loss recover_latent/: encoder_pretrain":0.0001753670160503606,"r2_mean_OOD/50_all":0.7429704666137695,"Gradients_by_loss rec_from_latent_pretrain/: encoder14":0,"Gradients_by_loss rec_from_latent_pretrain/: encoder7":0,"_runtime":11135.711803318,"Gradients_by_loss recover_latent/: encoder3":0.0029594688898982504,"Rec/Pearson_gene_train":0.7389548533754129,"Gradients_by_loss rec_from_latent_pretrain/: mapper11":0,"losses/rec_from_latent_pretrain":1.3639215029633869,"Gradients_by_loss rec_from_latent_pretrain/: mapper7":0,"r2_var_criterion/10_all":0,"Gradients_by_loss recover_latent/: px_r":0,"Gradients_by_loss rec_from_latent_pretrain/: encoder11":0,"Gradients_by_loss rec_from_latent_pretrain/: mapper13":0,"Gradients_by_loss rec_from_latent_pretrain/: encoder5":0,"Gradients_by_loss rec_from_latent_pretrain/: encoder8":0,"r2_delta_OOD/20_all":0.7952312231063843,"Gradients_by_loss rec_from_latent_pretrain/: mapper12":0,"Gradients_by_loss recover_latent/: mapper11":0.002649790616041138,"r2_var_OOD/10_all":0,"r2_mean_criterion/20_all":0.181252121925354,"Gradients_by_loss rec_from_latent_pretrain/: mapper3":0,"Gradients_by_loss recover_latent/: encoder5":0.0028498925930138543,"Gradients_by_loss recover_latent/: mapper7":0.002736176127123658,"Gradients_by_loss rec_from_latent_pretrain/: decoder":0.13772404367913535,"important_notes":{"sha256":"a93c8a8ca6b92a1e051458776a76fb99941e31925ffab67884c43961b6e64b30","size":7332,"path":"media/html/important_notes_0_a93c8a8ca6b92a1e0514.html","_type":"html-file"},"Gradients_by_loss recover_latent/: decoder":0,"Gradients_by_loss recover_latent/: encoder13":0.00024030919130735997,"Gradients_by_loss recover_latent/: encoder10":0.001131136158904452,"Gradients_by_loss recover_latent/: encoder2":0.002602919343069054,"Gradients_by_loss rec_from_latent_pretrain/: px_r":0.0005333022563718259,"Gradients_by_loss recover_latent/: mapper12":0.0026530307661362163,"Gradients_by_loss rec_from_latent_pretrain/: encoder0":0,"Gradients_by_loss recover_latent/: encoder15":0.0005899772561699402,"Gradients_by_loss rec_from_latent_pretrain/: time_embedder":0,"Gradients_by_loss rec_from_latent_pretrain/: mapper8":0,"Gradients_by_loss rec_from_latent_pretrain/: mapper5":0,"Gradients_by_loss rec_from_latent_pretrain/: mapper15":0,"Gradients_by_loss rec_from_latent_pretrain/: mapper4":0,"r2_delta_criterion/50_all":0.6726846694946289,"Gradients_by_loss rec_from_latent_pretrain/: encoder6":0,"Gradients_by_loss rec_from_latent_pretrain/: encoder10":0,"r2_var_OOD/20_all":0.05878639221191406,"Gradients_by_loss recover_latent/: encoder8":0.0004550263033233951,"r2_delta_criterion/100_all":0.7008776068687439,"_step":521,"Gradients_by_loss recover_latent/: time_embedder":7.796740101184696e-05,"Gradients_by_loss recover_latent/: encoder12":0.0005619023239673082,"Gradients_by_loss rec_from_latent_pretrain/: mapper_time_mapper":0,"Gradients_by_loss rec_from_latent_pretrain/: mapper10":0,"Gradients_by_loss recover_latent/: mapper14":0.002673044601681434,"wasserstein_criterion/10_all":1.2865855843304579,"r2_mean_OOD/10_all":0.8303163051605225,"Gradients_by_loss recover_latent/: mapper3":0.002768138919056963,"Gradients_by_loss rec_from_latent_pretrain/: encoder2":0,"Gradients_by_loss recover_latent/: mapper13":0.002650485038902836,"Gradients_by_loss rec_from_latent_pretrain/: encoder15":0,"Rec/Pearson_sample_train":0.9627881050109863,"r2_mean_criterion/100_all":0.3716418147087097,"Gradients_by_loss recover_latent/: mapper4":0.002794320687015708}