{"Gradients_by_loss rec_from_latent_pretrain/: mapper10":0,"Gradients_by_loss rec_from_latent_pretrain/: px_r":0.00033647732925601304,"Gradients_by_loss rec_from_latent_pretrain/: encoder13":0,"r2_delta_OOD/20_all":0.9425401091575623,"Gradients_by_loss recover_latent/: encoder10":0.010455908703164788,"Gradients_by_loss recover_latent/: mapper13":0.0037797459136033706,"Gradients_by_loss rec_from_latent_pretrain/: mapper1":0,"pear_var_OOD/50_all":0.8050486515348229,"r2_mean_OOD/50_all":0.9664783477783203,"Gradients_by_loss rec_from_latent_pretrain/: encoder_pretrain":0.5331632251334262,"Gradients_by_loss recover_latent/: mapper3":0.0016619792529483394,"pear_var_criterion/50_all":0.8757637719115724,"Gradients_by_loss rec_from_latent_pretrain/: mapper2":0,"Gradients_by_loss recover_latent/: mapper10":0.0033986557585601474,"Gradients_by_loss rec_from_latent_pretrain/: mapper6":0,"_wandb":{"runtime":2132},"r2_mean_criterion/100_all":0.9771111011505127,"r2_mean_OOD/100_all":0.9716914296150208,"Gradients_by_loss recover_latent/: encoder8":0.003051995884734584,"Rec/R2_mean_train":0.9998622536659241,"losses/rec_from_latent_pretrain":6.464447069537732,"r2_mean_criterion/20_all":0.9754737019538879,"Rec/R2_var_train":0.9998870491981506,"wasserstein_criterion/10_all":0.16762608891223374,"pear_var_criterion/10_all":0.9667464303284246,"pear_var_OOD/20_all":0.9191505766359932,"wasserstein_OOD/10_all":0.17768020638443519,"Gradients_by_loss rec_from_latent_pretrain/: mapper3":0,"Gradients_by_loss rec_from_latent_pretrain/: mapper13":0,"r2_var_OOD/100_all":0,"r2_delta_criterion/20_all":0.9558051824569702,"r2_delta_criterion/100_all":0.9216781854629517,"Gradients_by_loss rec_from_latent_pretrain/: mapper11":0,"pear_var_criterion/100_all":0.8384039489994612,"r2_var_criterion/50_all":0,"Gradients_by_loss recover_latent/: mapper14":0.003680240483943388,"Gradients_by_loss rec_from_latent_pretrain/: mapper14":0,"Gradients_by_loss rec_from_latent_pretrain/: mapper_zone_mapper":0,"Gradients_by_loss recover_latent/: encoder0":0.009560049343868239,"r2_delta_OOD/100_all":0.8791249394416809,"r2_mean_criterion/10_all":0.9842451810836792,"Gradients_by_loss recover_latent/: coarse_time_embedder":4.978415017831139e-05,"_timestamp":1.7684603016693e+09,"Gradients_by_loss recover_latent/: mapper0":0.0014664952727607972,"Gradients_by_loss rec_from_latent_pretrain/: encoder15":0,"Gradients_by_loss rec_from_latent_pretrain/: encoder12":0,"Gradients_by_loss recover_latent/: encoder11":0.0038336951068168915,"Gradients_by_loss recover_latent/: mapper8":0.0023844171032852625,"_step":521,"Gradients_by_loss recover_latent/: encoder2":0.0018886308580468452,"Gradients_by_loss rec_from_latent_pretrain/: mapper12":0,"Gradients_by_loss rec_from_latent_pretrain/: mapper_coarse_time_mapper":0,"Gradients_by_loss recover_latent/: mapper7":0.0024310374193550316,"Gradients_by_loss recover_latent/: encoder9":0.003988506274797751,"Gradients_by_loss rec_from_latent_pretrain/: zone_embedder":0,"r2_delta_criterion/50_all":0.9433246850967407,"Gradients_by_loss rec_from_latent_pretrain/: status_control_embedder":0,"Gradients_by_loss rec_from_latent_pretrain/: decoder":0.39774546406875894,"Gradients_by_loss rec_from_latent_pretrain/: encoder1":0,"Gradients_by_loss recover_latent/: mapper11":0.0034289736807209745,"Gradients_by_loss rec_from_latent_pretrain/: mapper_status_control_mapper":0,"Gradients_by_loss rec_from_latent_pretrain/: encoder14":0,"r2_var_criterion/10_all":0,"Gradients_by_loss recover_latent/: mapper4":0.00276526604508062,"Rec/Pearson_gene_train":0.5480530261993408,"Gradients_by_loss rec_from_latent_pretrain/: coarse_time_embedder":0,"pear_var_OOD/100_all":0.756690294608053,"Gradients_by_loss recover_latent/: encoder6":0.005326343238625405,"Gradients_by_loss recover_latent/: status_control_embedder":0.0005485712317749858,"wasserstein_OOD/100_all":0.26376694501125547,"Gradients_by_loss recover_latent/: encoder12":0.006880102782977111,"Gradients_by_loss recover_latent/: encoder3":0.00496875508038009,"Gradients_by_loss recover_latent/: mapper9":0.0023524880039521023,"r2_var_OOD/10_all":0,"Gradients_by_loss rec_from_latent_pretrain/: mapper5":0,"Gradients_by_loss recover_latent/: encoder4":0.009002033106368117,"Gradients_by_loss rec_from_latent_pretrain/: mapper7":0,"Gradients_by_loss rec_from_latent_pretrain/: encoder2":0,"r2_mean_OOD/20_all":0.9746564030647278,"Gradients_by_loss recover_latent/: mapper_coarse_time_mapper":5.344219883253731e-05,"r2_delta_OOD/50_all":0.8975783586502075,"Gradients_by_loss recover_latent/: mapper12":0.0038897037273884815,"Gradients_by_loss rec_from_latent_pretrain/: encoder3":0,"Gradients_by_loss rec_from_latent_pretrain/: encoder7":0,"Gradients_by_loss rec_from_latent_pretrain/: mapper0":0,"Gradients_by_loss recover_latent/: mapper_status_control_mapper":6.458009631055107e-05,"Gradients_by_loss rec_from_latent_pretrain/: encoder11":0,"pear_var_OOD/10_all":0.9750138405167412,"Gradients_by_loss recover_latent/: mapper1":0.0014400679794193357,"Gradients_by_loss recover_latent/: mapper5":0.002578353848717721,"Gradients_by_loss recover_latent/: encoder14":0.0009866898649817035,"Gradients_by_loss rec_from_latent_pretrain/: encoder10":0,"r2_delta_OOD/10_all":0.9792578220367432,"Gradients_by_loss recover_latent/: mapper15":0.0036872958510774253,"Gradients_by_loss rec_from_latent_pretrain/: encoder8":0,"Gradients_by_loss recover_latent/: encoder7":0.0010690119820439428,"Gradients_by_loss rec_from_latent_pretrain/: encoder6":0,"Gradients_by_loss recover_latent/: mapper2":0.0013995378804664597,"Gradients_by_loss rec_from_latent_pretrain/: mapper8":0,"Gradients_by_loss recover_latent/: mapper_zone_mapper":6.195202924225322e-05,"Gradients_by_loss rec_from_latent_pretrain/: mapper9":0,"Gradients_by_loss recover_latent/: encoder1":0.005496262916327245,"Gradients_by_loss recover_latent/: encoder15":0.0037685397897899457,"Gradients_by_loss recover_latent/: px_r":0,"r2_mean_OOD/10_all":0.9866160750389099,"Gradients_by_loss rec_from_latent_pretrain/: encoder0":0,"r2_delta_criterion/10_all":0.9605977535247803,"_runtime":2132.832830065,"r2_var_OOD/50_all":0,"MIG_BINNED/dis_latent_stack_status_control_train":0.6776035673926543,"pear_var_criterion/20_all":0.9393713456837706,"Gradients_by_loss recover_latent/: encoder13":0.0046913353937399005,"Gradients_by_loss rec_from_latent_pretrain/: encoder4":0,"r2_var_criterion/100_all":0,"Gradients_by_loss rec_from_latent_pretrain/: encoder5":0,"Gradients_by_loss rec_from_latent_pretrain/: mapper4":0,"wasserstein_criterion/100_all":0.23583705651686407,"losses/recover_latent":9.252082893436291e-05,"Rec/Pearson_sample_train":0.9805358648300171,"r2_mean_criterion/50_all":0.9785066246986389,"Gradients_by_loss rec_from_latent_pretrain/: mapper15":0,"Gradients_by_loss recover_latent/: mapper6":0.0028086112702138126,"Gradients_by_loss recover_latent/: decoder":0,"Gradients_by_loss rec_from_latent_pretrain/: encoder9":0,"Gradients_by_loss recover_latent/: encoder5":0.003959313898973883,"r2_var_criterion/20_all":0,"Gradients_by_loss recover_latent/: encoder_pretrain":0.001892047483819609,"pear_var_criterion/avg_all":0.9050713742308072,"r2_var_OOD/20_all":0,"important_notes":{"_type":"html-file","sha256":"ef5aba09afa7bafd02c272c35ac987dfca7a2d135a6fbb4bdbfccb90e7e41f16","size":8420,"path":"media/html/important_notes_0_ef5aba09afa7bafd02c2.html"},"Gradients_by_loss recover_latent/: zone_embedder":0.00016144706751219928}