{"r2_mean/20000": 0.9524384140968323, "r2_var/20000": 0.024655580520629883, "pear_var/20000": 0.7028843913143664, "r2_delta/20000": 0.7839995622634888, "r2_mean/200": 0.8766051530838013, "r2_var/200": 0, "pear_var/200": 0.6357136935965725, "r2_delta/200": 0.8001419901847839, "r2_mean/100": 0.8543955683708191, "r2_var/100": 0, "pear_var/100": 0.5962084436372639, "r2_delta/100": 0.7994153499603271, "wass_dist/100": 0.38540303768398476, "r2_mean/50": 0.7805450558662415, "r2_var/50": 0, "pear_var/50": 0.49044396554320874, "r2_delta/50": 0.6934322118759155, "r2_mean/20": 0.6926747560501099, "r2_var/20": 0, "pear_var/20": 0.4551038225574744, "r2_delta/20": 0.5263053178787231, "wass_dist/20": 0.5758202124033309, "r2_mean/10": 0.39600563049316406, "r2_var/10": 0, "pear_var/10": 0.7417430243367638, "r2_delta/10": 0.1963801383972168, "wass_dist/10": 0.6139281332969978, "_timestamp": 1744211347.728532, "_runtime": 1.6157081127166748, "_step": 0, "_wandb": {"runtime": 1}}