{"Gradients_by_loss rec_from_latent_pretrain/: encoder15":0,"Gradients_by_loss recover_latent/: mapper2":0.0017388974967839598,"r2_delta_OOD/10_all":0.598673939704895,"r2_delta_criterion/20_all":0.4213441237807274,"r2_delta_OOD/20_all":0.5495921969413757,"Gradients_by_loss recover_latent/: encoder12":0.002547579877377734,"Gradients_by_loss recover_latent/: encoder3":0.005311233511524108,"Gradients_by_loss recover_latent/: encoder2":0.003275315570173506,"pear_var_criterion/avg_all":NaN,"Gradients_by_loss recover_latent/: tissue_embedder":0.00020598915580194443,"r2_delta_criterion/50_all":0.5126982033252716,"Gradients_by_loss rec_from_latent_pretrain/: encoder1":0,"Gradients_by_loss rec_from_latent_pretrain/: encoder8":0,"Gradients_by_loss recover_latent/: mapper6":0.0018273773750286328,"Gradients_by_loss recover_latent/: mapper1":0.0018060482245538733,"Gradients_by_loss rec_from_latent_pretrain/: mapper5":0,"Gradients_by_loss recover_latent/: encoder0":0.009372908059017969,"MIG_BINNED/dis_latent_stack_tissue_train":0.6765299307242364,"Gradients_by_loss rec_from_latent_pretrain/: mapper14":0,"Gradients_by_loss rec_from_latent_pretrain/: encoder9":0,"r2_var_criterion/20_all":0.31484056264162064,"r2_delta_OOD/100_all":0.5872259140014648,"Gradients_by_loss rec_from_latent_pretrain/: mapper11":0,"Gradients_by_loss recover_latent/: mapper5":0.0018999595533665111,"Gradients_by_loss recover_latent/: mapper_tissue_mapper":3.800978468862119e-05,"Gradients_by_loss recover_latent/: encoder1":0.006272222608894557,"Gradients_by_loss recover_latent/: mapper14":0.002711398358748013,"r2_mean_OOD/50_all":0.6955888867378235,"Gradients_by_loss rec_from_latent_pretrain/: decoder":0.6263406220586845,"Gradients_by_loss recover_latent/: decoder":0,"Gradients_by_loss recover_latent/: encoder15":0.0018888824503195312,"Gradients_by_loss rec_from_latent_pretrain/: encoder11":0,"losses/rec_from_latent_pretrain":0.5898380769958979,"Gradients_by_loss rec_from_latent_pretrain/: mapper13":0,"Gradients_by_loss recover_latent/: encoder5":0.0021738548169451363,"important_notes":{"path":"media/html/important_notes_0_e349cbc1c3942efa8582.html","_type":"html-file","sha256":"e349cbc1c3942efa8582d3e14b4cffca1f0d646ecb10539ab2270ba2a8a8009f","size":7813},"r2_mean_OOD/10_all":0.5274527072906494,"_timestamp":1.7681266400275037e+09,"Gradients_by_loss recover_latent/: mapper9":0.0027100383570027946,"Gradients_by_loss rec_from_latent_pretrain/: mapper8":0,"Gradients_by_loss recover_latent/: mapper4":0.001995594372899545,"Gradients_by_loss rec_from_latent_pretrain/: encoder7":0,"r2_var_OOD/50_all":0,"Gradients_by_loss rec_from_latent_pretrain/: encoder2":0,"Gradients_by_loss rec_from_latent_pretrain/: mapper1":0,"Gradients_by_loss rec_from_latent_pretrain/: mapper7":0,"Gradients_by_loss recover_latent/: encoder7":0.007040151016063111,"Gradients_by_loss rec_from_latent_pretrain/: mapper2":0,"Gradients_by_loss rec_from_latent_pretrain/: mapper4":0,"Gradients_by_loss rec_from_latent_pretrain/: mapper3":0,"Gradients_by_loss rec_from_latent_pretrain/: encoder4":0,"Gradients_by_loss rec_from_latent_pretrain/: encoder6":0,"Gradients_by_loss rec_from_latent_pretrain/: mapper_tissue_mapper":0,"Gradients_by_loss recover_latent/: mapper13":0.0026684604307951787,"r2_var_OOD/10_all":0.38921135663986206,"r2_mean_criterion/100_all":0.8114346340298653,"losses/recover_latent":5.7656781998819586e-05,"Rec/Pearson_gene_train":0.7572511434555054,"_step":521,"Gradients_by_loss recover_latent/: encoder10":0.0009398312914843134,"Gradients_by_loss rec_from_latent_pretrain/: mapper9":0,"Gradients_by_loss rec_from_latent_pretrain/: donor_embedder":0,"r2_mean_criterion/20_all":0.6386581063270569,"r2_var_criterion/50_all":0.28380486369132996,"r2_var_criterion/10_all":0.37134113907814026,"r2_mean_criterion/50_all":0.7684144899249077,"Gradients_by_loss recover_latent/: encoder13":0.0004284128068659957,"Gradients_by_loss recover_latent/: mapper15":0.0028673747235270462,"Gradients_by_loss rec_from_latent_pretrain/: mapper15":0,"Gradients_by_loss rec_from_latent_pretrain/: encoder12":0,"Gradients_by_loss rec_from_latent_pretrain/: mapper10":0,"r2_delta_OOD/50_all":0.5566352605819702,"r2_delta_criterion/10_all":0.35026707500219345,"Rec/Pearson_sample_train":0.9482302665710449,"_runtime":1241.253437326,"Gradients_by_loss recover_latent/: encoder_pretrain":0.000692608413257344,"r2_mean_OOD/100_all":0.7688162326812744,"Gradients_by_loss recover_latent/: mapper0":0.0009101946647206948,"wasserstein_criterion/10_all":0.6011060161084497,"Gradients_by_loss recover_latent/: encoder8":0.0033633525039338565,"Gradients_by_loss rec_from_latent_pretrain/: mapper6":0,"Rec/R2_mean_train":0.9969494342803955,"Gradients_by_loss recover_latent/: mapper3":0.0020608019300756026,"Gradients_by_loss rec_from_latent_pretrain/: mapper_donor_mapper":0,"Gradients_by_loss rec_from_latent_pretrain/: encoder_pretrain":0.2996138580070322,"Gradients_by_loss recover_latent/: encoder11":0.003361951716796129,"Gradients_by_loss recover_latent/: mapper8":0.0026359041677909076,"Gradients_by_loss rec_from_latent_pretrain/: encoder14":0,"Gradients_by_loss recover_latent/: mapper10":0.002662957477135219,"Gradients_by_loss rec_from_latent_pretrain/: mapper0":0,"Gradients_by_loss recover_latent/: encoder4":0.003237189633161997,"Gradients_by_loss rec_from_latent_pretrain/: tissue_embedder":0,"Gradients_by_loss recover_latent/: encoder6":0.002201152746005985,"Gradients_by_loss rec_from_latent_pretrain/: encoder5":0,"Gradients_by_loss rec_from_latent_pretrain/: encoder10":0,"Gradients_by_loss recover_latent/: donor_embedder":0.00031278046662919223,"Gradients_by_loss recover_latent/: encoder14":0.0009930910782268978,"Gradients_by_loss recover_latent/: encoder9":0.0036717177503121164,"r2_mean_criterion/10_all":0.3978472575545311,"wasserstein_OOD/10_all":0.7372806924520388,"r2_var_OOD/100_all":0.24423611164093018,"Gradients_by_loss rec_from_latent_pretrain/: encoder3":0,"_wandb":{"runtime":1241},"Gradients_by_loss rec_from_latent_pretrain/: encoder0":0,"Gradients_by_loss recover_latent/: px_r":0,"Gradients_by_loss recover_latent/: mapper11":0.0026697850455844976,"r2_var_OOD/20_all":0.0651978850364685,"r2_mean_OOD/20_all":0.5940487384796143,"Gradients_by_loss rec_from_latent_pretrain/: mapper12":0,"r2_var_criterion/100_all":0.2975429445505142,"Gradients_by_loss recover_latent/: mapper7":0.002650085601115474,"Gradients_by_loss recover_latent/: mapper_donor_mapper":5.698127076110671e-05,"Gradients_by_loss rec_from_latent_pretrain/: px_r":6.986529479036108e-05,"r2_delta_criterion/100_all":0.5163181647658348,"Gradients_by_loss recover_latent/: mapper12":0.002736726795998521,"Rec/R2_var_train":0.9981172680854797,"Gradients_by_loss rec_from_latent_pretrain/: encoder13":0}