{"LYL1+CEBPB/Pearson Delta_20_all":0.6747927346302485,"FOSB+UBASH3B/R2_50_all":0.9823389053344727,"Gradients_by_loss rec_from_latent_pretrain/: mapper_perturbation2_mapper":0,"IGDCC3+PRTG/R2_10_all":0.9407171010971069,"SET+KLF1/Pearson Delta_combo_specific_50_all":0.8927891214144467,"LYL1+CEBPB/R2_combo_specific_50_all":0.9367245435714722,"MAP2K6+IKZF3/R2_20_all":0.9429223537445068,"MAP2K6+IKZF3/R2_combo_specific_50_all":0.9428865909576416,"SET+CEBPE/R2_combo_specific_100_all":0.9796523451805115,"Gradients_by_loss recover_latent/: mapper15":0.0029039079588349097,"Gradients_by_loss recover_latent/: encoder10":0.0006016796407706652,"FOSB+UBASH3B/R2_combo_specific_10_all":0.9677959084510803,"SET+CEBPE/Pearson Delta_combo_specific_50_all":0.7681827674757213,"Gradients_by_loss recover_latent/: encoder8":0.0013344657124329047,"losses/recover_latent":3.102375336293011e-05,"CEBPB+MAPK1/R2_100_all":0.9719761610031128,"Gradients_by_loss rec_from_latent_pretrain/: encoder9":0,"FOSB+UBASH3B/Pearson Delta_combo_specific_10_all":0.7925537787324557,"PTPN12+PTPN9/Pearson Delta_combo_specific_100_all":0.957685128924678,"Gradients_by_loss recover_latent/: mapper13":0.003295695753394289,"PTPN12+PTPN9/R2_50_all":0.9780831336975098,"SET+KLF1/Pearson Delta_combo_specific_20_all":0.8782284193423482,"SET+KLF1/R2_10_all":0.8216776847839355,"Gradients_by_loss recover_latent/: px_r":0,"CBL+TGFBR2/R2_combo_specific_50_all":0.9730983972549438,"SGK1+S1PR2/R2_combo_specific_10_all":0.8121023178100586,"SET+KLF1/Wass_10_all":0.49861321372649153,"r2_mean_criterion/avg_all":0.9454034675251354,"Gradients_by_loss rec_from_latent_pretrain/: mapper15":0,"MAP2K6+IKZF3/Pearson Delta_combo_specific_100_all":0.9473905630985848,"Gradients_by_loss recover_latent/: encoder2":0.008164849979119404,"CEBPB+MAPK1/Pearson Delta_100_all":0.9673802881117366,"Rec/Pearson_sample_train":0.9889310002326965,"SET+CEBPE/Pearson Delta_combo_specific_20_all":0.8108500169383174,"SET+KLF1/R2_20_all":0.901249349117279,"SET+CEBPE/Pearson Delta_combo_specific_100_all":0.7862282838630763,"_timestamp":1.7661936959147875e+09,"CBL+TGFBR2/Pearson Delta_combo_specific_20_all":0.9253635185605947,"losses/rec_from_latent_pretrain":2.812023661670491,"Gradients_by_loss recover_latent/: encoder6":0.00633500340693915,"Gradients_by_loss rec_from_latent_pretrain/: encoder7":0,"SGK1+S1PR2/Pearson Delta_10_all":0.7487344365564718,"SET+KLF1/R2_50_all":0.9534523487091064,"CEBPB+MAPK1/R2_combo_specific_10_all":0.908758282661438,"SGK1+S1PR2/R2_combo_specific_20_all":0.8321341276168823,"LYL1+CEBPB/R2_50_all":0.9322057366371155,"MAP2K6+IKZF3/R2_combo_specific_10_all":0.8851569294929504,"Gradients_by_loss rec_from_latent_pretrain/: mapper11":0,"SGK1+S1PR2/R2_10_all":0.8427143096923828,"SET+CEBPE/Pearson Delta_10_all":0.8522346716417465,"Gradients_by_loss recover_latent/: encoder5":0.001688079796004411,"CBL+TGFBR2/Pearson Delta_50_all":0.9251819358463559,"FOSB+UBASH3B/Pearson Delta_combo_specific_100_all":0.7205145911800742,"Gradients_by_loss recover_latent/: mapper5":0.002203982529742629,"FOSB+UBASH3B/R2_combo_specific_50_all":0.9619860053062439,"Gradients_by_loss rec_from_latent_pretrain/: encoder5":0,"_step":521,"CEBPB+MAPK1/Pearson Delta_20_all":0.9602565073808138,"CEBPB+MAPK1/Pearson Delta_combo_specific_100_all":0.9593444221749533,"PTPN12+PTPN9/R2_combo_specific_100_all":0.9801998734474182,"SET+KLF1/Pearson Delta_20_all":0.8361118874358918,"CBL+TGFBR2/Pearson Delta_20_all":0.942681467113361,"Gradients_by_loss recover_latent/: encoder9":0.0007272784062900198,"Gradients_by_loss recover_latent/: mapper0":0.0007162818940506295,"Gradients_by_loss recover_latent/: encoder11":0.004688806921491513,"Gradients_by_loss recover_latent/: mapper_perturbation1_mapper":3.742969320301642e-05,"CEBPB+MAPK1/Wass_combo_specific_10_all":0.31048917697551526,"IGDCC3+PRTG/Pearson Delta_combo_specific_20_all":0.9264215695981494,"CEBPB+MAPK1/R2_20_all":0.9556878209114075,"FOSB+UBASH3B/Pearson Delta_10_all":0.690857741881337,"CEBPB+MAPK1/Pearson Delta_combo_specific_10_all":0.9234917479944733,"LYL1+CEBPB/Pearson Delta_combo_specific_20_all":0.56240185487424,"SET+KLF1/Pearson Delta_combo_specific_10_all":0.5974883398461339,"IGDCC3+PRTG/Pearson Delta_100_all":0.9504266208486079,"Gradients_by_loss recover_latent/: mapper1":0.0006237989607331681,"MAP2K6+IKZF3/Wass_10_all":0.4918216921383016,"SET+KLF1/Pearson Delta_50_all":0.8764194355833563,"CEBPB+MAPK1/Wass_10_all":0.2758612353965747,"_wandb":{"runtime":42816},"PTPN12+PTPN9/Pearson Delta_10_all":0.9697862618542008,"SGK1+S1PR2/Pearson Delta_combo_specific_20_all":0.7213030582990306,"Gradients_by_loss recover_latent/: mapper8":0.00251029917047436,"MAP2K6+IKZF3/Pearson Delta_combo_specific_50_all":0.9533773556784138,"IGDCC3+PRTG/R2_50_all":0.981438159942627,"PTPN12+PTPN9/Wass_combo_specific_10_all":0.33386533643665717,"MAP2K6+IKZF3/Pearson Delta_10_all":0.9771527894513659,"Gradients_by_loss recover_latent/: condition_embedder":0.0002441606193315238,"Gradients_by_loss recover_latent/: mapper9":0.0024013097375344366,"IGDCC3+PRTG/R2_combo_specific_10_all":0.9840503931045532,"FOSB+UBASH3B/Wass_combo_specific_10_all":0.2949126876683352,"Gradients_by_loss rec_from_latent_pretrain/: encoder0":0,"CBL+TGFBR2/R2_50_all":0.9770111441612244,"FOSB+UBASH3B/R2_combo_specific_20_all":0.9476795792579651,"SET+CEBPE/R2_100_all":0.9816734194755554,"LYL1+CEBPB/Wass_10_all":0.5709020453405377,"Gradients_by_loss rec_from_latent_pretrain/: encoder8":0,"MAP2K6+IKZF3/R2_50_all":0.9503603577613831,"SET+KLF1/Pearson Delta_10_all":0.6330342735143523,"IGDCC3+PRTG/Pearson Delta_combo_specific_50_all":0.8679205918163178,"Gradients_by_loss recover_latent/: encoder_pretrain":0.0010709915177197335,"SGK1+S1PR2/R2_50_all":0.9068801403045654,"CBL+TGFBR2/R2_100_all":0.981512725353241,"CEBPB+MAPK1/Pearson Delta_combo_specific_20_all":0.9401372131050225,"MAP2K6+IKZF3/Pearson Delta_20_all":0.9408393594706834,"MAP2K6+IKZF3/Pearson Delta_100_all":0.9496238000856443,"IGDCC3+PRTG/Pearson Delta_combo_specific_10_all":0.9291159799207787,"SET+CEBPE/Pearson Delta_100_all":0.8997585814974707,"Gradients_by_loss rec_from_latent_pretrain/: encoder_pretrain":0.45410514727135526,"Gradients_by_loss rec_from_latent_pretrain/: mapper12":0,"SET+KLF1/R2_combo_specific_100_all":0.9680443406105042,"Gradients_by_loss rec_from_latent_pretrain/: mapper0":0,"CBL+TGFBR2/R2_combo_specific_10_all":0.8593631982803345,"SGK1+S1PR2/R2_combo_specific_50_all":0.8875374794006348,"SET+KLF1/R2_combo_specific_20_all":0.9296494126319885,"PTPN12+PTPN9/Pearson Delta_50_all":0.9626628818720441,"CEBPB+MAPK1/R2_combo_specific_20_all":0.9637264609336853,"LYL1+CEBPB/Pearson Delta_100_all":0.7971456703458341,"FOSB+UBASH3B/Pearson Delta_50_all":0.7970534418156027,"Gradients_by_loss recover_latent/: mapper14":0.0030300554140980313,"MAP2K6+IKZF3/Pearson Delta_50_all":0.954800943646766,"SGK1+S1PR2/Pearson Delta_100_all":0.8036340403385139,"SET+CEBPE/R2_combo_specific_20_all":0.9636080861091614,"Gradients_by_loss recover_latent/: encoder13":0.00556831419830604,"FOSB+UBASH3B/Pearson Delta_combo_specific_50_all":0.6742329547572545,"SGK1+S1PR2/Pearson Delta_20_all":0.783139069263981,"LYL1+CEBPB/R2_combo_specific_10_all":0.5024603605270386,"LYL1+CEBPB/Pearson Delta_combo_specific_100_all":0.6150283673509371,"CBL+TGFBR2/Pearson Delta_combo_specific_50_all":0.9107613767456344,"Gradients_by_loss rec_from_latent_pretrain/: mapper_perturbation1_mapper":0,"CEBPB+MAPK1/Pearson Delta_combo_specific_50_all":0.952120393122941,"Gradients_by_loss rec_from_latent_pretrain/: mapper2":0,"PTPN12+PTPN9/Pearson Delta_20_all":0.9594867076858705,"MAP2K6+IKZF3/R2_10_all":0.9093475341796875,"Gradients_by_loss recover_latent/: mapper10":0.0023277056010775677,"IGDCC3+PRTG/Wass_combo_specific_10_all":0.2556827566339729,"Gradients_by_loss rec_from_latent_pretrain/: condition_embedder":0,"FOSB+UBASH3B/Pearson Delta_20_all":0.7718657228793965,"Gradients_by_loss recover_latent/: encoder0":0.0025580045388585706,