{"important_notes":{"size":7789,"path":"media/html/important_notes_0_81b29a9b8a514db5ddc1.html","_type":"html-file","sha256":"81b29a9b8a514db5ddc14d6bb210d59499720268e19c5720faea479f71e58f66"},"Gradients_by_loss recover_latent/: encoder14":0.00022778915097641843,"Gradients_by_loss recover_latent/: encoder15":0.0005052435227788188,"r2_mean_criterion/10_all":0.6146020293235779,"Gradients_by_loss rec_from_latent_pretrain/: decoder":0.113634639745447,"_wandb":{"runtime":3702},"Gradients_by_loss recover_latent/: mapper7":0.0003455006023097045,"r2_mean_criterion/100_all":0.7585409392010082,"r2_delta_criterion/50_all":0.5337010188536211,"r2_delta_OOD/20_all":0.23267710208892822,"Gradients_by_loss rec_from_latent_pretrain/: encoder7":0,"Gradients_by_loss recover_latent/: px_r":0,"Gradients_by_loss recover_latent/: encoder3":0.0006560404651666278,"Gradients_by_loss rec_from_latent_pretrain/: encoder5":0,"r2_var_criterion/50_all":0.31774686683307996,"Gradients_by_loss rec_from_latent_pretrain/: encoder4":0,"Gradients_by_loss rec_from_latent_pretrain/: mapper13":0,"Gradients_by_loss rec_from_latent_pretrain/: encoder10":0,"losses/recover_latent":4.1540225847135405e-05,"Gradients_by_loss rec_from_latent_pretrain/: mapper2":0,"Gradients_by_loss recover_latent/: mapper9":0.0005599999251858135,"Gradients_by_loss recover_latent/: mapper4":0.00026153331571821773,"Gradients_by_loss recover_latent/: mapper13":0.0007374397735857844,"Gradients_by_loss rec_from_latent_pretrain/: mapper_donor_mapper":0,"r2_var_criterion/10_all":0.4816656871275468,"Gradients_by_loss rec_from_latent_pretrain/: mapper4":0,"Gradients_by_loss recover_latent/: encoder4":0.00037096138101605047,"Gradients_by_loss recover_latent/: tissue_embedder":6.26989349257201e-05,"r2_delta_criterion/20_all":0.47814843329516327,"Gradients_by_loss recover_latent/: donor_embedder":6.169146217871457e-05,"Gradients_by_loss rec_from_latent_pretrain/: encoder1":0,"Gradients_by_loss recover_latent/: mapper_donor_mapper":1.803908854335357e-05,"_timestamp":1.7674160148282197e+09,"Gradients_by_loss recover_latent/: mapper2":0.00026669709406304916,"r2_var_criterion/20_all":0.3044630289077759,"Rec/R2_mean_train":0.9988215565681458,"r2_var_OOD/100_all":0,"losses/rec_from_latent_pretrain":0.6232202060486935,"Gradients_by_loss rec_from_latent_pretrain/: encoder13":0,"Gradients_by_loss recover_latent/: mapper6":0.0003121364639281561,"r2_mean_criterion/50_all":0.7625683058391918,"Gradients_by_loss rec_from_latent_pretrain/: encoder0":0,"wasserstein_criterion/10_all":0.294833738296735,"wasserstein_OOD/10_all":0.6512408267355181,"Gradients_by_loss rec_from_latent_pretrain/: mapper0":0,"r2_var_criterion/100_all":0.29504953731190076,"r2_delta_criterion/100_all":0.5160122513771057,"Gradients_by_loss recover_latent/: encoder13":0.00013376128622185235,"Gradients_by_loss rec_from_latent_pretrain/: px_r":6.593269063159823e-05,"Gradients_by_loss rec_from_latent_pretrain/: mapper3":0,"r2_mean_criterion/20_all":0.6645126071843234,"Gradients_by_loss rec_from_latent_pretrain/: encoder9":0,"Gradients_by_loss rec_from_latent_pretrain/: tissue_embedder":0,"r2_var_OOD/50_all":0,"r2_var_OOD/20_all":0.19188237190246582,"Gradients_by_loss recover_latent/: encoder12":0.0007093881628882858,"Gradients_by_loss recover_latent/: mapper0":0.00014814111995044123,"Gradients_by_loss rec_from_latent_pretrain/: encoder12":0,"Gradients_by_loss rec_from_latent_pretrain/: mapper_tissue_mapper":0,"_step":521,"Gradients_by_loss rec_from_latent_pretrain/: encoder11":0,"Gradients_by_loss recover_latent/: encoder0":0.0011246325778638704,"r2_mean_OOD/100_all":0.7700393199920654,"Rec/R2_var_train":0.9943228960037231,"Gradients_by_loss rec_from_latent_pretrain/: encoder2":0,"Gradients_by_loss rec_from_latent_pretrain/: mapper15":0,"Gradients_by_loss recover_latent/: encoder1":0.0009722324101929275,"Rec/Pearson_gene_train":0.6873701214790344,"Gradients_by_loss recover_latent/: mapper12":0.0007733923217549424,"Gradients_by_loss recover_latent/: mapper8":0.0003477813979071276,"Gradients_by_loss recover_latent/: encoder6":0.0006165573553426453,"r2_delta_OOD/100_all":0.25350821018218994,"Gradients_by_loss rec_from_latent_pretrain/: encoder15":0,"Gradients_by_loss rec_from_latent_pretrain/: mapper5":0,"Gradients_by_loss rec_from_latent_pretrain/: mapper14":0,"Gradients_by_loss recover_latent/: mapper1":0.00024759391131743617,"Gradients_by_loss rec_from_latent_pretrain/: encoder_pretrain":0.10048477134443337,"Gradients_by_loss rec_from_latent_pretrain/: donor_embedder":0,"r2_delta_OOD/10_all":0.19287216663360596,"Gradients_by_loss rec_from_latent_pretrain/: encoder14":0,"Gradients_by_loss recover_latent/: mapper15":0.0007272795468349879,"Gradients_by_loss rec_from_latent_pretrain/: mapper6":0,"Gradients_by_loss recover_latent/: encoder2":0.00044432781630123944,"Rec/Pearson_sample_train":0.9482858777046204,"Gradients_by_loss rec_from_latent_pretrain/: encoder8":0,"Gradients_by_loss rec_from_latent_pretrain/: encoder6":0,"Gradients_by_loss recover_latent/: encoder7":0.001052870338737382,"r2_mean_OOD/50_all":0.7211905121803284,"Gradients_by_loss recover_latent/: mapper14":0.0007033506259852809,"r2_mean_OOD/20_all":0.3760974407196045,"Gradients_by_loss rec_from_latent_pretrain/: mapper7":0,"Gradients_by_loss recover_latent/: encoder_pretrain":0.00028595964673979227,"Gradients_by_loss recover_latent/: encoder8":0.0006873071460448509,"Gradients_by_loss rec_from_latent_pretrain/: mapper11":0,"MIG_BINNED/dis_latent_stack_tissue_train":0.6515018760354547,"Gradients_by_loss recover_latent/: mapper_tissue_mapper":1.3051840605195654e-05,"r2_delta_OOD/50_all":0.30184775590896606,"Gradients_by_loss recover_latent/: encoder5":0.0007369476631658207,"r2_delta_criterion/10_all":0.5006286664442583,"pear_var_criterion/avg_all":NaN,"Gradients_by_loss rec_from_latent_pretrain/: mapper1":0,"Gradients_by_loss recover_latent/: mapper11":0.0007491804476276932,"_runtime":3702.924854945,"Gradients_by_loss recover_latent/: encoder11":0.001771855132210762,"Gradients_by_loss recover_latent/: mapper5":0.0002672229967385715,"r2_mean_OOD/10_all":0,"Gradients_by_loss rec_from_latent_pretrain/: mapper12":0,"Gradients_by_loss rec_from_latent_pretrain/: encoder3":0,"Gradients_by_loss rec_from_latent_pretrain/: mapper9":0,"Gradients_by_loss rec_from_latent_pretrain/: mapper10":0,"r2_var_OOD/10_all":0.3418159484863281,"Gradients_by_loss recover_latent/: mapper3":0.00026740526926543836,"Gradients_by_loss recover_latent/: encoder10":0.0007696490791820629,"Gradients_by_loss recover_latent/: encoder9":0.001570009124658403,"Gradients_by_loss rec_from_latent_pretrain/: mapper8":0,"Gradients_by_loss recover_latent/: mapper10":0.0005795202252219187,"Gradients_by_loss recover_latent/: decoder":0}