{"_wandb":{"runtime":0},"r2_var/50":0,"_step":0,"r2_mean/50":0,"r2_var/20":0,"r2_mean/20":0,"wass_dist/20":0.5890203667231821,"pear_var/50":0.6706106448738188,"r2_var/20000":0,"pear_var/100":0.5442034625677602,"r2_delta/10":0,"_runtime":0.597422751,"r2_delta/100":0.9703885316848755,"pear_var/20":0.8861796445869532,"wass_dist/100":0.5051679784146039,"pear_var/10":0.7845009771187278,"_timestamp":1.743823675409732e+09,"r2_mean/10":0,"r2_delta/200":0.9570364952087402,"r2_var/100":0,"r2_mean/200":0,"r2_var/200":0,"r2_delta/20000":0.9807220101356506,"r2_var/10":0,"r2_mean/100":0,"r2_delta/50":0.9742586612701416,"pear_var/20000":0.47282906211750886,"r2_mean/20000":0.32371509075164795,"wass_dist/10":0.673545271548065,"r2_delta/20":0,"pear_var/200":0.4287117087043392}