{"r2_delta_OOD/20_all":0.4700825810432434,"r2_var_OOD/20_all":0.04681330919265747,"Gradients_by_loss recover_latent/: mapper1":0.0005581314118243332,"r2_delta_OOD/100_all":0.29563629627227783,"Gradients_by_loss recover_latent/: mapper15":0.0013873459331304881,"Gradients_by_loss rec_from_latent_pretrain/: mapper12":0,"Gradients_by_loss recover_latent/: encoder3":0.0019085387817645392,"wasserstein_criterion/10_all":0.7400689181136589,"r2_mean_OOD/100_all":0.6983344554901123,"Gradients_by_loss rec_from_latent_pretrain/: mapper14":0,"Gradients_by_loss recover_latent/: mapper5":0.0010573186869940816,"Gradients_by_loss recover_latent/: encoder15":0.00020308305481047447,"Gradients_by_loss rec_from_latent_pretrain/: encoder9":0,"Rec/Pearson_gene_train":0.6901492476463318,"Gradients_by_loss recover_latent/: encoder6":0.0011810805771316096,"r2_mean_OOD/20_all":0,"Gradients_by_loss recover_latent/: encoder7":0.001957927800423581,"Gradients_by_loss rec_from_latent_pretrain/: encoder7":0,"r2_delta_OOD/10_all":0.5432171821594238,"Gradients_by_loss rec_from_latent_pretrain/: mapper_donor_mapper":0,"Gradients_by_loss recover_latent/: mapper2":0.0011993062830865562,"Gradients_by_loss rec_from_latent_pretrain/: encoder5":0,"Gradients_by_loss recover_latent/: encoder1":0.0006744680476897859,"r2_delta_criterion/10_all":0.32310861349105835,"Gradients_by_loss rec_from_latent_pretrain/: mapper4":0,"Gradients_by_loss recover_latent/: encoder2":0.004595862397203577,"r2_mean_criterion/50_all":0.6543866829438643,"Gradients_by_loss recover_latent/: encoder14":0.0007334303685236667,"Gradients_by_loss rec_from_latent_pretrain/: encoder4":0,"Gradients_by_loss recover_latent/: mapper_tissue_mapper":1.4232653849131205e-05,"Gradients_by_loss recover_latent/: encoder9":0.0013285874554062418,"r2_var_criterion/10_all":0.2300880659710277,"r2_var_criterion/20_all":0.1823749921538613,"Gradients_by_loss recover_latent/: encoder4":0.0013611667691744772,"Gradients_by_loss rec_from_latent_pretrain/: encoder11":0,"Gradients_by_loss recover_latent/: encoder8":0.0020456657977977384,"losses/rec_from_latent_pretrain":0.6735049277375647,"Gradients_by_loss recover_latent/: mapper_donor_mapper":3.785386881492738e-05,"Gradients_by_loss rec_from_latent_pretrain/: mapper0":0,"Gradients_by_loss rec_from_latent_pretrain/: encoder0":0,"r2_mean_criterion/100_all":0.7155100215565074,"Gradients_by_loss recover_latent/: encoder11":0.0009260435149267705,"_wandb":{"runtime":2830},"Gradients_by_loss recover_latent/: mapper8":0.0012561539852491996,"Gradients_by_loss recover_latent/: mapper3":0.0010720592380003347,"Gradients_by_loss rec_from_latent_pretrain/: mapper7":0,"r2_var_OOD/10_all":0.5706225037574768,"Gradients_by_loss rec_from_latent_pretrain/: encoder10":0,"Gradients_by_loss rec_from_latent_pretrain/: mapper10":0,"Gradients_by_loss rec_from_latent_pretrain/: mapper11":0,"r2_var_criterion/100_all":0.12122998454354027,"Gradients_by_loss rec_from_latent_pretrain/: encoder8":0,"Rec/Pearson_sample_train":0.9556941986083984,"Gradients_by_loss rec_from_latent_pretrain/: encoder1":0,"important_notes":{"size":7775,"path":"media/html/important_notes_0_3b5fd9e28f11057f7369.html","_type":"html-file","sha256":"3b5fd9e28f11057f736901ffd2216c902308c7c3c49c127772126d0014922b60"},"Gradients_by_loss recover_latent/: mapper14":0.0014025393146612944,"Gradients_by_loss recover_latent/: tissue_embedder":0.00010689200280467048,"Gradients_by_loss recover_latent/: mapper9":0.0012104656012800622,"Gradients_by_loss rec_from_latent_pretrain/: encoder12":0,"Gradients_by_loss rec_from_latent_pretrain/: mapper1":0,"Gradients_by_loss rec_from_latent_pretrain/: donor_embedder":0,"Gradients_by_loss rec_from_latent_pretrain/: mapper6":0,"Gradients_by_loss recover_latent/: mapper0":0.0005133141357381711,"_timestamp":1.7670744945931463e+09,"Gradients_by_loss rec_from_latent_pretrain/: encoder3":0,"r2_var_criterion/50_all":0.11963815038854425,"Gradients_by_loss recover_latent/: mapper4":0.0010849977284925155,"r2_delta_OOD/50_all":0.32173746824264526,"wasserstein_OOD/10_all":0.81460562210072,"pear_var_criterion/avg_all":NaN,"Gradients_by_loss rec_from_latent_pretrain/: encoder_pretrain":0.27070477078513494,"Gradients_by_loss recover_latent/: mapper12":0.0013708136678732845,"Gradients_by_loss recover_latent/: mapper6":0.0010787535617850722,"r2_var_OOD/100_all":0,"Gradients_by_loss recover_latent/: decoder":0,"Gradients_by_loss rec_from_latent_pretrain/: decoder":0.3148048010653795,"r2_delta_criterion/100_all":0.3807190006429499,"Gradients_by_loss recover_latent/: encoder0":0.0022922079463128975,"Gradients_by_loss rec_from_latent_pretrain/: mapper15":0,"_step":521,"Gradients_by_loss recover_latent/: donor_embedder":0.00017035333439707756,"Gradients_by_loss rec_from_latent_pretrain/: encoder2":0,"Gradients_by_loss rec_from_latent_pretrain/: mapper9":0,"MIG_BINNED/dis_latent_stack_tissue_train":0.6674499148806095,"r2_mean_criterion/20_all":0.47376322746276855,"Gradients_by_loss recover_latent/: encoder13":0.001730154743730652,"r2_mean_OOD/50_all":0.5769166946411133,"Gradients_by_loss recover_latent/: mapper13":0.0016778264598041586,"losses/recover_latent":4.368034793813134e-05,"r2_delta_criterion/20_all":0.3480628566308455,"Gradients_by_loss rec_from_latent_pretrain/: tissue_embedder":0,"Gradients_by_loss rec_from_latent_pretrain/: mapper2":0,"Gradients_by_loss recover_latent/: encoder12":0.0013406753630984224,"Gradients_by_loss recover_latent/: encoder5":0.001301943368292434,"Rec/R2_var_train":0.997035801410675,"Rec/R2_mean_train":0.9990506172180176,"Gradients_by_loss recover_latent/: px_r":0,"Gradients_by_loss recover_latent/: encoder10":0.0019319386509279012,"Gradients_by_loss rec_from_latent_pretrain/: encoder13":0,"r2_mean_OOD/10_all":0,"Gradients_by_loss rec_from_latent_pretrain/: encoder15":0,"Gradients_by_loss rec_from_latent_pretrain/: px_r":8.108313340926543e-05,"Gradients_by_loss recover_latent/: mapper10":0.0012633187103043603,"Gradients_by_loss recover_latent/: mapper7":0.0011812101472162392,"Gradients_by_loss rec_from_latent_pretrain/: mapper_tissue_mapper":0,"Gradients_by_loss rec_from_latent_pretrain/: mapper13":0,"r2_mean_criterion/10_all":0.25207946517250757,"r2_var_OOD/50_all":0,"Gradients_by_loss rec_from_latent_pretrain/: mapper3":0,"Gradients_by_loss rec_from_latent_pretrain/: encoder6":0,"Gradients_by_loss rec_from_latent_pretrain/: mapper8":0,"_runtime":2830.491080471,"Gradients_by_loss rec_from_latent_pretrain/: mapper5":0,"Gradients_by_loss recover_latent/: mapper11":0.0011851937745105483,"r2_delta_criterion/50_all":0.3783974322405728,"Gradients_by_loss recover_latent/: encoder_pretrain":0.0002894021153797473,"Gradients_by_loss rec_from_latent_pretrain/: encoder14":0}