{"Gradients_by_loss recover_latent/: encoder11":0.006370063752860553,"Gradients_by_loss rec_from_latent_pretrain/: mapper2":0,"losses/rec_from_latent_pretrain":0.594653553868595,"Gradients_by_loss recover_latent/: tissue_embedder":0.00029307769727893174,"Gradients_by_loss rec_from_latent_pretrain/: encoder_pretrain":0.33793088740408456,"Gradients_by_loss recover_latent/: encoder6":0.0036097901134025507,"Gradients_by_loss rec_from_latent_pretrain/: mapper1":0,"Gradients_by_loss recover_latent/: mapper14":0.003679694448053391,"Rec/Pearson_gene_train":0.7524503328144551,"r2_var_OOD/20_all":0.26596134901046753,"r2_var_OOD/50_all":0,"Gradients_by_loss rec_from_latent_pretrain/: encoder8":0,"Gradients_by_loss recover_latent/: mapper0":0.0005524352074283157,"Gradients_by_loss recover_latent/: encoder15":0.0015204026840322318,"r2_mean_OOD/20_all":0,"Gradients_by_loss rec_from_latent_pretrain/: mapper_tissue_mapper":0,"losses/recover_latent":8.760584468722013e-05,"r2_delta_OOD/50_all":0.24791580438613892,"Gradients_by_loss rec_from_latent_pretrain/: encoder13":0,"Gradients_by_loss recover_latent/: encoder9":0.004270812257605523,"Gradients_by_loss rec_from_latent_pretrain/: px_r":8.911943587008864e-05,"Gradients_by_loss recover_latent/: encoder3":0.003042529080771164,"Gradients_by_loss rec_from_latent_pretrain/: encoder14":0,"Gradients_by_loss recover_latent/: mapper5":0.002682659546224142,"Gradients_by_loss recover_latent/: mapper9":0.002587030630586461,"Gradients_by_loss rec_from_latent_pretrain/: mapper8":0,"Gradients_by_loss recover_latent/: donor_embedder":0.00043314672075212,"Gradients_by_loss recover_latent/: mapper13":0.0033547656364193074,"_timestamp":1.768131773430895e+09,"Gradients_by_loss rec_from_latent_pretrain/: mapper0":0,"Gradients_by_loss recover_latent/: encoder12":0.004845106282473729,"Gradients_by_loss rec_from_latent_pretrain/: mapper12":0,"Gradients_by_loss rec_from_latent_pretrain/: encoder1":0,"Gradients_by_loss rec_from_latent_pretrain/: encoder0":0,"Gradients_by_loss recover_latent/: encoder2":0.010867338649097578,"r2_delta_criterion/100_all":0.44468168169260025,"Gradients_by_loss recover_latent/: mapper6":0.0026383949011471778,"Gradients_by_loss recover_latent/: encoder5":0.001458183814179492,"Gradients_by_loss recover_latent/: mapper12":0.003401215749607225,"r2_delta_criterion/20_all":0.3815567195415497,"Gradients_by_loss recover_latent/: mapper10":0.0026221617779520856,"Gradients_by_loss recover_latent/: encoder14":0.004481946219122128,"r2_delta_OOD/10_all":0.3657642602920532,"Gradients_by_loss rec_from_latent_pretrain/: encoder4":0,"Gradients_by_loss rec_from_latent_pretrain/: mapper4":0,"Gradients_by_loss rec_from_latent_pretrain/: mapper11":0,"wasserstein_criterion/10_all":0.6473256920539141,"Gradients_by_loss rec_from_latent_pretrain/: mapper9":0,"Gradients_by_loss recover_latent/: mapper2":0.0023545591612956335,"r2_var_criterion/20_all":0.23883111029863358,"Gradients_by_loss recover_latent/: mapper_donor_mapper":0.00012231954072382644,"Rec/R2_var_train":0.9965720772743225,"Rec/Pearson_sample_train":0.9504980444908142,"r2_mean_criterion/10_all":0.4345874637365341,"Gradients_by_loss rec_from_latent_pretrain/: mapper6":0,"Gradients_by_loss rec_from_latent_pretrain/: encoder5":0,"Gradients_by_loss recover_latent/: encoder1":0.003926667967998777,"r2_delta_criterion/10_all":0.3353998064994812,"r2_mean_criterion/20_all":0.6427800357341766,"Gradients_by_loss recover_latent/: mapper8":0.0026065010721948883,"Gradients_by_loss recover_latent/: encoder13":0.0018126027571624217,"Gradients_by_loss rec_from_latent_pretrain/: encoder6":0,"Gradients_by_loss recover_latent/: mapper15":0.0037510051961716123,"Gradients_by_loss recover_latent/: encoder_pretrain":0.001048688169389524,"Gradients_by_loss rec_from_latent_pretrain/: mapper14":0,"r2_var_OOD/100_all":0,"Gradients_by_loss recover_latent/: mapper4":0.0027802543067416753,"important_notes":{"_type":"html-file","sha256":"d61178bf6cb0e5c84bbee1754a39ecd359f4785edee6ce6bbe4989d7e4ceaff6","size":7813,"path":"media/html/important_notes_0_d61178bf6cb0e5c84bbe.html"},"Gradients_by_loss rec_from_latent_pretrain/: mapper7":0,"_wandb":{"runtime":1245},"Gradients_by_loss recover_latent/: px_r":0,"Gradients_by_loss rec_from_latent_pretrain/: mapper5":0,"Gradients_by_loss rec_from_latent_pretrain/: encoder3":0,"r2_var_criterion/50_all":0.25313130021095276,"Gradients_by_loss rec_from_latent_pretrain/: mapper3":0,"Gradients_by_loss recover_latent/: mapper_tissue_mapper":5.523193446603748e-05,"Gradients_by_loss recover_latent/: mapper3":0.0024877809529102357,"Gradients_by_loss rec_from_latent_pretrain/: encoder7":0,"Gradients_by_loss rec_from_latent_pretrain/: encoder15":0,"Gradients_by_loss rec_from_latent_pretrain/: mapper15":0,"Gradients_by_loss rec_from_latent_pretrain/: donor_embedder":0,"Gradients_by_loss rec_from_latent_pretrain/: mapper10":0,"Gradients_by_loss recover_latent/: mapper11":0.003232819353994013,"r2_mean_OOD/50_all":0.4788703918457031,"_runtime":1245.853380133,"r2_delta_criterion/50_all":0.4408232048153877,"Gradients_by_loss rec_from_latent_pretrain/: encoder12":0,"Gradients_by_loss rec_from_latent_pretrain/: tissue_embedder":0,"Gradients_by_loss rec_from_latent_pretrain/: mapper_donor_mapper":0,"Gradients_by_loss recover_latent/: encoder7":0.0015440872970366247,"r2_delta_OOD/100_all":0.2672121524810791,"r2_var_OOD/10_all":0.32007908821105957,"pear_var_criterion/avg_all":NaN,"r2_mean_criterion/100_all":0.79114930331707,"r2_mean_OOD/100_all":0.6241732835769653,"_step":521,"Gradients_by_loss rec_from_latent_pretrain/: decoder":0.6477564695131499,"Gradients_by_loss recover_latent/: decoder":0,"Gradients_by_loss rec_from_latent_pretrain/: encoder9":0,"Gradients_by_loss recover_latent/: mapper1":0.000942642743478167,"Gradients_by_loss rec_from_latent_pretrain/: encoder10":0,"r2_mean_criterion/50_all":0.7422438934445381,"Gradients_by_loss rec_from_latent_pretrain/: mapper13":0,"wasserstein_OOD/10_all":1.0501937851768703,"Gradients_by_loss recover_latent/: mapper7":0.0025609699071117474,"Gradients_by_loss recover_latent/: encoder8":0.003061338093402144,"Gradients_by_loss recover_latent/: encoder0":0.004881232513957196,"r2_var_criterion/10_all":0.23534875363111496,"r2_mean_OOD/10_all":0,"r2_delta_OOD/20_all":0.3472922444343567,"Gradients_by_loss rec_from_latent_pretrain/: encoder11":0,"Gradients_by_loss rec_from_latent_pretrain/: encoder2":0,"Rec/R2_mean_train":0.9977081418037415,"r2_var_criterion/100_all":0.2561429962515831,"Gradients_by_loss recover_latent/: encoder10":0.0024411868862377452,"MIG_BINNED/dis_latent_stack_tissue_train":0.6644540809771525,"Gradients_by_loss recover_latent/: encoder4":0.007035795252539045}