{"r2_mean/20000": 0.9843775033950806, "r2_var/20000": 0, "pear_var/20000": 0.6202489053904265, "r2_delta/20000": 0.7587746381759644, "r2_mean/200": 0.9743891954421997, "r2_var/200": 0, "pear_var/200": 0.6976695131923716, "r2_delta/200": 0.8952533602714539, "r2_mean/100": 0.9632893800735474, "r2_var/100": 0, "pear_var/100": 0.7532378533841882, "r2_delta/100": 0.8832013607025146, "wass_dist/100": 0.3627576923965403, "r2_mean/50": 0.9554780125617981, "r2_var/50": 0, "pear_var/50": 0.47947829256237584, "r2_delta/50": 0.8591479063034058, "r2_mean/20": 0.9558646082878113, "r2_var/20": 0, "pear_var/20": 0.08384750320908244, "r2_delta/20": 0.8283616304397583, "wass_dist/20": 0.397356974161364, "r2_mean/10": 0.8470399975776672, "r2_var/10": 0, "pear_var/10": -0.3564301740357359, "r2_delta/10": 0.7862495183944702, "wass_dist/10": 0.37173633912339177, "_timestamp": 1744123385.3172402, "_runtime": 1.4323933124542236, "_step": 0, "_wandb": {"runtime": 1}}