{"wass_dist/20":0.40526202012532464,"wass_dist/100":0.3594433349481396,"_wandb":{"runtime":0},"pear_var/10":0.2695470823692375,"r2_delta/10":0.7061765789985657,"r2_var/20000":0,"r2_mean/10":0.8305273652076721,"r2_delta/20000":0.9978600740432739,"r2_var/50":0,"r2_mean/50":0.9448603987693787,"r2_var/10":0,"r2_var/20":0,"r2_delta/100":0.9992532134056091,"pear_var/200":0.43486519996593964,"r2_var/200":0,"r2_mean/20000":0.90863436460495,"r2_mean/200":0.939781129360199,"pear_var/100":0.442874399170004,"r2_delta/20":0.9995434284210205,"r2_var/100":0,"wass_dist/10":0.4184388666130001,"pear_var/20000":0.48454676237123445,"r2_delta/50":0.9990924596786499,"pear_var/50":0.21771630124006658,"r2_delta/200":0.9988693594932556,"r2_mean/20":0.9588866829872131,"_timestamp":1.743825860413434e+09,"_step":0,"pear_var/20":-0.1119588345011378,"r2_mean/100":0.9369933009147644,"_runtime":0.631807829}