{"Gradients_by_loss recover_latent/: mapper11":0.00676045858539931,"Gradients_by_loss rec_from_latent_pretrain/: mapper14":0,"Gradients_by_loss recover_latent/: encoder13":0.0004553375254085985,"Gradients_by_loss rec_from_latent_pretrain/: encoder6":0,"Gradients_by_loss recover_latent/: encoder9":0.006964036216201436,"Gradients_by_loss recover_latent/: encoder14":0.002290796444122831,"Gradients_by_loss recover_latent/: tissue_embedder":0.0007433398859575391,"r2_mean_criterion/100_all":0.6080743833021685,"Gradients_by_loss recover_latent/: encoder12":0.0019728528232741305,"Rec/Pearson_gene_train":0.8977800534963608,"losses/recover_latent":0.006027814678964205,"Gradients_by_loss recover_latent/: mapper3":0.003687277636201381,"Gradients_by_loss recover_latent/: mapper13":0.00667427457730977,"Gradients_by_loss rec_from_latent_pretrain/: encoder7":0,"r2_var_criterion/50_all":0.08352333307266235,"_step":521,"Gradients_by_loss recover_latent/: mapper_tissue_mapper":0.00030351180851700645,"Gradients_by_loss rec_from_latent_pretrain/: encoder10":0,"r2_mean_criterion/20_all":0.29871507666327735,"Gradients_by_loss recover_latent/: mapper8":0.004763989538600203,"Gradients_by_loss recover_latent/: mapper1":0.0015564225161372298,"r2_mean_criterion/50_all":0.5598600290038369,"Gradients_by_loss recover_latent/: mapper14":0.00636173822678903,"Gradients_by_loss rec_from_latent_pretrain/: mapper7":0,"Gradients_by_loss rec_from_latent_pretrain/: mapper_tissue_mapper":0,"r2_var_OOD/50_all":0.2505785822868347,"losses/rec_from_latent_pretrain":0.7028446838259697,"Gradients_by_loss rec_from_latent_pretrain/: encoder2":0,"r2_delta_OOD/50_all":0.34168416261672974,"r2_mean_OOD/50_all":0.5432591438293457,"Gradients_by_loss rec_from_latent_pretrain/: mapper2":0,"Gradients_by_loss recover_latent/: encoder5":0.0034660341571463925,"Gradients_by_loss rec_from_latent_pretrain/: mapper5":0,"r2_delta_OOD/100_all":0.15917181968688965,"Gradients_by_loss recover_latent/: encoder0":0.005305651753129522,"Gradients_by_loss recover_latent/: mapper6":0.00463685096885947,"r2_mean_OOD/10_all":0.20000457763671875,"Gradients_by_loss rec_from_latent_pretrain/: donor_embedder":0,"r2_delta_OOD/20_all":0.4253254532814026,"Gradients_by_loss recover_latent/: encoder_pretrain":0.0028050486899150835,"Gradients_by_loss rec_from_latent_pretrain/: encoder_pretrain":0.1436372744288524,"Gradients_by_loss recover_latent/: encoder4":0.004472148736881955,"Gradients_by_loss recover_latent/: encoder11":0.0017939916548690492,"Gradients_by_loss rec_from_latent_pretrain/: encoder13":0,"r2_delta_criterion/100_all":0.3652953939004378,"Gradients_by_loss rec_from_latent_pretrain/: encoder5":0,"MIG_BINNED/dis_latent_stack_tissue_train":0.6532215887601251,"Gradients_by_loss rec_from_latent_pretrain/: encoder14":0,"Gradients_by_loss rec_from_latent_pretrain/: encoder11":0,"Gradients_by_loss rec_from_latent_pretrain/: encoder9":0,"Gradients_by_loss recover_latent/: encoder2":0.008555077954620405,"Gradients_by_loss rec_from_latent_pretrain/: mapper8":0,"pear_var_criterion/avg_all":NaN,"Gradients_by_loss recover_latent/: mapper9":0.0062755048364574965,"Gradients_by_loss rec_from_latent_pretrain/: px_r":0.0001590380270499736,"Gradients_by_loss rec_from_latent_pretrain/: mapper1":0,"Gradients_by_loss rec_from_latent_pretrain/: decoder":0.3105780239727789,"Gradients_by_loss rec_from_latent_pretrain/: encoder0":0,"r2_var_OOD/10_all":0.3188304305076599,"r2_delta_criterion/20_all":0.41226832975040784,"Gradients_by_loss rec_from_latent_pretrain/: encoder8":0,"Gradients_by_loss rec_from_latent_pretrain/: mapper10":0,"r2_mean_criterion/10_all":0.2571291273290461,"Gradients_by_loss recover_latent/: encoder6":0.0035639544066742653,"Gradients_by_loss recover_latent/: decoder":0,"Gradients_by_loss recover_latent/: mapper7":0.004852841883490553,"Gradients_by_loss rec_from_latent_pretrain/: encoder3":0,"wasserstein_OOD/10_all":0.8566857266106777,"r2_var_criterion/100_all":0.10211624882437965,"Gradients_by_loss rec_from_latent_pretrain/: mapper6":0,"Gradients_by_loss recover_latent/: donor_embedder":3.15776705974713e-05,"Gradients_by_loss recover_latent/: encoder15":0.0003675714337790194,"Gradients_by_loss recover_latent/: encoder8":0.0021555391407979915,"Gradients_by_loss rec_from_latent_pretrain/: mapper_donor_mapper":0,"Gradients_by_loss rec_from_latent_pretrain/: tissue_embedder":0,"r2_delta_criterion/50_all":0.41647236997430975,"Rec/R2_var_train":0.9805865287780762,"Gradients_by_loss recover_latent/: mapper10":0.006509276515745927,"Gradients_by_loss recover_latent/: mapper12":0.006517458640501936,"Gradients_by_loss recover_latent/: px_r":0,"Gradients_by_loss recover_latent/: encoder7":0.0033181757728597615,"Rec/R2_mean_train":0.9776307344436646,"Gradients_by_loss recover_latent/: encoder3":0.005569746898947306,"Gradients_by_loss recover_latent/: mapper4":0.0042324466259077995,"r2_mean_OOD/20_all":0.2244914174079895,"r2_var_criterion/20_all":0.0890797268260609,"Gradients_by_loss rec_from_latent_pretrain/: encoder4":0,"r2_var_criterion/10_all":0.17657906358892267,"Gradients_by_loss rec_from_latent_pretrain/: encoder12":0,"Gradients_by_loss recover_latent/: mapper15":0.006811923105494829,"Gradients_by_loss rec_from_latent_pretrain/: mapper9":0,"_timestamp":1.7677540120092032e+09,"r2_mean_OOD/100_all":0.6494176983833313,"r2_delta_OOD/10_all":0.5473816394805908,"important_notes":{"_type":"html-file","sha256":"1f9ec0209b7d759ba13502aedc9a3396060a7dd098a7c22c41135b771a57c8fa","size":7816,"path":"media/html/important_notes_0_1f9ec0209b7d759ba135.html"},"Gradients_by_loss rec_from_latent_pretrain/: mapper13":0,"Gradients_by_loss recover_latent/: mapper2":0.002859610270248398,"r2_var_OOD/100_all":0.3421581983566284,"Gradients_by_loss rec_from_latent_pretrain/: mapper4":0,"Gradients_by_loss recover_latent/: mapper5":0.004577647862989422,"r2_var_OOD/20_all":0.35503697395324707,"r2_delta_criterion/10_all":0.43261639096520166,"Gradients_by_loss rec_from_latent_pretrain/: mapper0":0,"Gradients_by_loss recover_latent/: encoder10":0.00328258355696737,"Gradients_by_loss recover_latent/: encoder1":0.002441020780925125,"Gradients_by_loss recover_latent/: mapper0":0.00121783225488788,"Rec/Pearson_sample_train":0.9142065048217773,"Gradients_by_loss recover_latent/: mapper_donor_mapper":0.00036642725164360017,"Gradients_by_loss rec_from_latent_pretrain/: mapper12":0,"_wandb":{"runtime":178},"Gradients_by_loss rec_from_latent_pretrain/: mapper15":0,"Gradients_by_loss rec_from_latent_pretrain/: mapper11":0,"wasserstein_criterion/10_all":0.741269326625061,"Gradients_by_loss rec_from_latent_pretrain/: encoder1":0,"Gradients_by_loss rec_from_latent_pretrain/: mapper3":0,"_runtime":178.229478233,"Gradients_by_loss rec_from_latent_pretrain/: encoder15":0}