{"Gradients_by_loss recover_latent/: mapper8":0.00017951491181460605,"Gradients_by_loss recover_latent/: mapper13":0.00020407703249291994,"_timestamp":1.7685298138759658e+09,"Gradients_by_loss recover_latent/: encoder13":4.967185081174062e-05,"Gradients_by_loss recover_latent/: mapper_zone_mapper":5.4785151991214975e-05,"r2_mean_OOD/20_all":0.9913740158081055,"Rec/Pearson_sample_train":0.9813206791877747,"r2_mean_OOD/50_all":0.98371821641922,"pear_var_criterion/10_all":0.9697588986206891,"pear_var_OOD/100_all":0.8352086134114974,"pear_var_OOD/50_all":0.7328992300761814,"Gradients_by_loss recover_latent/: mapper4":0.00019633100935778113,"Gradients_by_loss recover_latent/: mapper7":0.0001833255492075315,"Gradients_by_loss recover_latent/: px_r":0,"Gradients_by_loss rec_from_latent_pretrain/: zone_embedder":0,"r2_mean_OOD/10_all":0.9951077103614807,"pear_var_criterion/20_all":0.8448446998497411,"Gradients_by_loss recover_latent/: encoder10":0.0005498635253282232,"r2_delta_criterion/10_all":0.9422310590744019,"Gradients_by_loss rec_from_latent_pretrain/: mapper9":0,"Gradients_by_loss rec_from_latent_pretrain/: encoder8":0,"Gradients_by_loss recover_latent/: mapper5":0.00019670676257814714,"r2_delta_criterion/20_all":0.9187111258506775,"Gradients_by_loss recover_latent/: encoder2":0.00014048350650578694,"Gradients_by_loss rec_from_latent_pretrain/: encoder3":0,"Gradients_by_loss rec_from_latent_pretrain/: mapper_infected_mapper":0,"Gradients_by_loss recover_latent/: encoder11":9.540254224225803e-05,"Gradients_by_loss rec_from_latent_pretrain/: infected_embedder":0,"Gradients_by_loss rec_from_latent_pretrain/: mapper13":0,"r2_var_criterion/100_all":0,"losses/recover_latent":8.205150287623045e-05,"Gradients_by_loss rec_from_latent_pretrain/: mapper11":0,"pear_var_criterion/100_all":0.7867829472674104,"Gradients_by_loss recover_latent/: encoder5":0.0003831546138230219,"r2_delta_criterion/50_all":0.830328106880188,"r2_delta_OOD/50_all":0.7948295474052429,"Gradients_by_loss rec_from_latent_pretrain/: mapper0":0,"Gradients_by_loss recover_latent/: encoder9":0.00015596820789745927,"Gradients_by_loss recover_latent/: encoder6":0.00013465579088917402,"Gradients_by_loss rec_from_latent_pretrain/: mapper2":0,"Gradients_by_loss recover_latent/: mapper9":0.00017413961294114385,"wasserstein_criterion/100_all":0.22478994119913015,"losses/rec_from_latent_pretrain":6.4224519792103,"Gradients_by_loss rec_from_latent_pretrain/: mapper3":0,"pear_var_OOD/20_all":0.7961530981395207,"Gradients_by_loss recover_latent/: encoder12":0.0002702763645548075,"r2_mean_criterion/50_all":0.9899510741233826,"Gradients_by_loss recover_latent/: mapper15":0.0009008837061988164,"Gradients_by_loss recover_latent/: mapper1":5.7793863077246614e-05,"Gradients_by_loss recover_latent/: encoder0":0.0001626986822038852,"r2_mean_criterion/10_all":0.9937068819999695,"Gradients_by_loss rec_from_latent_pretrain/: encoder2":0,"Gradients_by_loss rec_from_latent_pretrain/: decoder":0.08102608276982962,"wasserstein_OOD/100_all":0.20652960051189836,"Gradients_by_loss rec_from_latent_pretrain/: encoder7":0,"_wandb":{"runtime":3238},"Gradients_by_loss rec_from_latent_pretrain/: mapper_zone_mapper":0,"Gradients_by_loss recover_latent/: mapper3":7.623385443716692e-05,"Gradients_by_loss rec_from_latent_pretrain/: mapper6":0,"pear_var_criterion/50_all":0.8012116068068286,"r2_mean_criterion/100_all":0.9839656352996826,"Gradients_by_loss rec_from_latent_pretrain/: mapper7":0,"r2_delta_criterion/100_all":0.7261858582496643,"r2_delta_OOD/10_all":0.9198967814445496,"Gradients_by_loss recover_latent/: mapper0":5.412174008453222e-05,"Gradients_by_loss recover_latent/: encoder7":0.00013979945007115796,"Gradients_by_loss rec_from_latent_pretrain/: encoder4":0,"Gradients_by_loss recover_latent/: encoder4":0.0010562471666568838,"Gradients_by_loss recover_latent/: zone_embedder":0.00010665497393347323,"Gradients_by_loss rec_from_latent_pretrain/: encoder1":0,"Gradients_by_loss rec_from_latent_pretrain/: mapper5":0,"Gradients_by_loss recover_latent/: encoder3":0.00024245659568238287,"Gradients_by_loss rec_from_latent_pretrain/: encoder9":0,"Gradients_by_loss rec_from_latent_pretrain/: px_r":7.424996874760836e-05,"Gradients_by_loss rec_from_latent_pretrain/: encoder10":0,"Rec/R2_mean_train":0.9983651041984558,"wasserstein_criterion/10_all":0.16107282424406863,"Gradients_by_loss recover_latent/: mapper10":0.00022277728257106823,"Gradients_by_loss rec_from_latent_pretrain/: encoder14":0,"Gradients_by_loss recover_latent/: mapper14":0.0002027005839588415,"Gradients_by_loss rec_from_latent_pretrain/: mapper10":0,"r2_var_criterion/10_all":0,"MIG_BINNED/dis_latent_stack_infected_train":0.6476757188972263,"Gradients_by_loss rec_from_latent_pretrain/: encoder6":0,"Gradients_by_loss rec_from_latent_pretrain/: mapper12":0,"r2_var_OOD/20_all":0,"r2_delta_OOD/20_all":0.927670955657959,"r2_var_criterion/50_all":0,"Gradients_by_loss recover_latent/: encoder14":0.00012550832777549368,"Gradients_by_loss rec_from_latent_pretrain/: mapper1":0,"Gradients_by_loss recover_latent/: mapper11":0.00019678629944620637,"Gradients_by_loss recover_latent/: mapper2":7.499136675897107e-05,"Gradients_by_loss rec_from_latent_pretrain/: encoder13":0,"Gradients_by_loss recover_latent/: encoder8":0.00011745091466639438,"Gradients_by_loss rec_from_latent_pretrain/: mapper8":0,"Gradients_by_loss rec_from_latent_pretrain/: encoder5":0,"r2_var_OOD/100_all":0,"Gradients_by_loss recover_latent/: mapper6":0.00019387212915575883,"Gradients_by_loss recover_latent/: encoder15":0.0027144400994435418,"Gradients_by_loss rec_from_latent_pretrain/: encoder_pretrain":0.06559345920337342,"r2_mean_criterion/20_all":0.9940605759620667,"Gradients_by_loss rec_from_latent_pretrain/: encoder0":0,"Gradients_by_loss rec_from_latent_pretrain/: mapper14":0,"Gradients_by_loss recover_latent/: mapper_infected_mapper":5.42158231893245e-05,"r2_delta_OOD/100_all":0.6245396137237549,"Gradients_by_loss recover_latent/: mapper12":0.000215187995922405,"Rec/Pearson_gene_train":0.5575680136680603,"pear_var_OOD/10_all":0.8782950071857338,"wasserstein_OOD/10_all":0.16155970420598859,"Rec/R2_var_train":0.9944179654121399,"Gradients_by_loss rec_from_latent_pretrain/: mapper15":0,"Gradients_by_loss rec_from_latent_pretrain/: encoder15":0,"r2_var_OOD/50_all":0,"Gradients_by_loss rec_from_latent_pretrain/: encoder11":0,"_step":521,"pear_var_criterion/avg_all":0.8506495381361673,"r2_mean_OOD/100_all":0.9827886819839478,"Gradients_by_loss recover_latent/: encoder_pretrain":0.0021369273147891217,"r2_var_OOD/10_all":0,"Gradients_by_loss rec_from_latent_pretrain/: encoder12":0,"_runtime":3238.868298234,"Gradients_by_loss recover_latent/: encoder1":0.000133809674301045,"Gradients_by_loss rec_from_latent_pretrain/: mapper4":0,"Gradients_by_loss recover_latent/: infected_embedder":0.000267387687927112,"important_notes":{"path":"media/html/important_notes_0_64a7fe3606d3388eba18.html","_type":"html-file","sha256":"64a7fe3606d3388eba182f2388983a8e9806f5dbee68c4f44984c226bef504a6","size":7842},"r2_var_criterion/20_all":0,"Gradients_by_loss recover_latent/: decoder":0}