{"_timestamp":1.7438289085288777e+09,"r2_mean/100":0.6835449934005737,"r2_var/10":0,"r2_var/200":0,"pear_var/10":0.6511252519506383,"r2_var/20":0,"pear_var/200":0.2847507726535181,"r2_mean/10":0.6310946941375732,"r2_delta/10":0.24304288625717163,"r2_delta/50":0.935150146484375,"r2_delta/20000":0.9991602301597595,"r2_var/100":0,"r2_mean/20":0,"r2_var/20000":0,"_wandb":{"runtime":0},"wass_dist/10":0.5655167611522404,"r2_delta/20":0,"wass_dist/20":0.7508770382582011,"r2_mean/50":0.5350689888000488,"wass_dist/100":0.5661412025883309,"r2_delta/200":0.9997063279151917,"pear_var/20":0.1965124194583713,"_runtime":0.617802402,"r2_delta/100":0.999796986579895,"pear_var/50":0.371066447848202,"pear_var/100":0.29825941992316474,"r2_mean/20000":0.7407337427139282,"_step":0,"r2_mean/200":0.7093572616577148,"pear_var/20000":0.521334060914089,"r2_var/50":0}