{"r2_mean/20000": 0.8592301607131958, "r2_var/20000": 0, "pear_var/20000": 0.5906425124791436, "r2_delta/20000": 0.360695481300354, "r2_mean/200": 0.7860726118087769, "r2_var/200": 0, "pear_var/200": 0.7275898797461546, "r2_delta/200": 0.6535098552703857, "r2_mean/100": 0.8580453991889954, "r2_var/100": 0, "pear_var/100": 0.6746701069863904, "r2_delta/100": 0.804443359375, "wass_dist/100": 0.39960127655039274, "r2_mean/50": 0.8939388990402222, "r2_var/50": 0, "pear_var/50": 0.6568439563132195, "r2_delta/50": 0.8518378734588623, "r2_mean/20": 0.911388635635376, "r2_var/20": 0, "pear_var/20": 0.671957995216731, "r2_delta/20": 0.8634191751480103, "wass_dist/20": 0.40973200814876937, "r2_mean/10": 0.8356220722198486, "r2_var/10": 0, "pear_var/10": 0.915478481392058, "r2_delta/10": 0.7812936902046204, "wass_dist/10": 0.4149493078038395, "_timestamp": 1743908484.7535083, "_runtime": 1.384723424911499, "_step": 0, "_wandb": {"runtime": 1}}