{"Gradients_by_loss recover_latent/: encoder3":0.0024564136965673712,"wasserstein_criterion/10_all":0.3347801530667107,"Gradients_by_loss rec_from_latent_pretrain/: mapper_tissue_mapper":0,"Gradients_by_loss recover_latent/: encoder11":0.0022598335379944794,"r2_var_OOD/100_all":0.5111608505249023,"r2_mean_OOD/20_all":0.7628305554389954,"Gradients_by_loss recover_latent/: encoder0":0.002455862065092066,"Gradients_by_loss recover_latent/: encoder7":0.003111841989820245,"Gradients_by_loss recover_latent/: mapper6":0.0018677240584114086,"Rec/Pearson_gene_train":0.6783863306045532,"_wandb":{"runtime":3726},"Gradients_by_loss rec_from_latent_pretrain/: mapper1":0,"Gradients_by_loss rec_from_latent_pretrain/: mapper14":0,"Gradients_by_loss recover_latent/: encoder4":0.0010002730243707922,"Gradients_by_loss recover_latent/: encoder13":0.004239099098245919,"r2_mean_criterion/100_all":0.7622771046378396,"r2_delta_criterion/20_all":0.459834868257696,"Gradients_by_loss recover_latent/: mapper7":0.0019341015024482927,"Rec/R2_var_train":0.9959158301353455,"r2_var_OOD/50_all":0.5002290606498718,"r2_mean_criterion/20_all":0.6313046325336803,"Gradients_by_loss recover_latent/: encoder10":0.0023208594444604725,"losses/rec_from_latent_pretrain":0.6198006542274236,"pear_var_criterion/avg_all":NaN,"r2_var_criterion/50_all":0.2971291650425304,"Gradients_by_loss recover_latent/: donor_embedder":0.00014490688045043498,"r2_var_OOD/10_all":0.40108722448349,"Gradients_by_loss rec_from_latent_pretrain/: mapper11":0,"Gradients_by_loss recover_latent/: encoder12":0.004645800961037533,"Gradients_by_loss recover_latent/: encoder15":0.0004305092967794462,"Gradients_by_loss rec_from_latent_pretrain/: encoder7":0,"Gradients_by_loss recover_latent/: mapper10":0.0018986533437062938,"Gradients_by_loss rec_from_latent_pretrain/: mapper4":0,"Gradients_by_loss rec_from_latent_pretrain/: encoder6":0,"Gradients_by_loss rec_from_latent_pretrain/: mapper9":0,"r2_var_OOD/20_all":0.4695338010787964,"Gradients_by_loss recover_latent/: mapper13":0.002645709584349256,"r2_mean_criterion/10_all":0.5309064279903065,"Gradients_by_loss recover_latent/: encoder5":0.00706415338564503,"Gradients_by_loss rec_from_latent_pretrain/: mapper10":0,"Gradients_by_loss rec_from_latent_pretrain/: encoder8":0,"r2_delta_criterion/10_all":0.4688555489886891,"wasserstein_OOD/10_all":0.18664317283182272,"Gradients_by_loss rec_from_latent_pretrain/: mapper_donor_mapper":0,"r2_var_criterion/100_all":0.2961323478005149,"r2_delta_OOD/20_all":0.6617240905761719,"Gradients_by_loss recover_latent/: encoder9":0.00204531866620502,"Gradients_by_loss recover_latent/: encoder8":0.0036108945103213636,"r2_mean_OOD/50_all":0.7622328400611877,"Gradients_by_loss rec_from_latent_pretrain/: encoder_pretrain":0.17889661725842265,"_step":521,"Gradients_by_loss rec_from_latent_pretrain/: decoder":0.22968645226050888,"Gradients_by_loss recover_latent/: encoder14":0.004830658725934071,"Rec/R2_mean_train":0.9981193542480469,"Gradients_by_loss rec_from_latent_pretrain/: encoder2":0,"Gradients_by_loss rec_from_latent_pretrain/: mapper12":0,"Gradients_by_loss recover_latent/: mapper0":0.00021833272114297244,"Gradients_by_loss rec_from_latent_pretrain/: encoder14":0,"Gradients_by_loss recover_latent/: mapper_tissue_mapper":2.359999336857972e-05,"r2_delta_OOD/100_all":0.6911834478378296,"Gradients_by_loss rec_from_latent_pretrain/: encoder0":0,"r2_var_criterion/10_all":0.43265344337983563,"Gradients_by_loss rec_from_latent_pretrain/: px_r":7.369574450422078e-05,"r2_var_criterion/20_all":0.3498996062712236,"Gradients_by_loss recover_latent/: mapper2":0.0004979699436600647,"Gradients_by_loss recover_latent/: mapper12":0.002301494131165805,"r2_mean_OOD/10_all":0.7315508127212524,"Gradients_by_loss rec_from_latent_pretrain/: mapper5":0,"Gradients_by_loss rec_from_latent_pretrain/: mapper7":0,"Gradients_by_loss recover_latent/: tissue_embedder":0.00016300080460496247,"Gradients_by_loss recover_latent/: decoder":0,"r2_delta_OOD/10_all":0.6605520248413086,"Gradients_by_loss recover_latent/: encoder_pretrain":0.0004593095726583546,"Gradients_by_loss rec_from_latent_pretrain/: encoder3":0,"Gradients_by_loss recover_latent/: encoder2":0.0015508179562842325,"Gradients_by_loss rec_from_latent_pretrain/: encoder13":0,"Gradients_by_loss rec_from_latent_pretrain/: encoder11":0,"Gradients_by_loss rec_from_latent_pretrain/: encoder12":0,"r2_delta_criterion/50_all":0.5185731974515048,"Gradients_by_loss rec_from_latent_pretrain/: mapper15":0,"r2_mean_criterion/50_all":0.7616738677024841,"Gradients_by_loss rec_from_latent_pretrain/: donor_embedder":0,"Gradients_by_loss recover_latent/: mapper11":0.0019390947040285966,"Gradients_by_loss recover_latent/: mapper1":0.00039392239432886915,"Gradients_by_loss rec_from_latent_pretrain/: encoder10":0,"Gradients_by_loss recover_latent/: px_r":0,"losses/recover_latent":0.00027908698504664327,"important_notes":{"_type":"html-file","sha256":"a2e4f6c132b687016f17c4e00e7ec8c692b9461f538e87a9df5760ecdc1c6c7b","size":7787,"path":"media/html/important_notes_0_a2e4f6c132b687016f17.html"},"Gradients_by_loss rec_from_latent_pretrain/: mapper6":0,"Gradients_by_loss recover_latent/: mapper9":0.0019452374514740435,"Gradients_by_loss recover_latent/: mapper3":0.0007028562385366176,"_timestamp":1.7674642379982264e+09,"r2_delta_OOD/50_all":0.7004870176315308,"Gradients_by_loss recover_latent/: mapper_donor_mapper":2.892868504301224e-05,"Gradients_by_loss recover_latent/: mapper15":0.0028861387993624307,"r2_delta_criterion/100_all":0.4993371638384732,"Gradients_by_loss recover_latent/: mapper8":0.0020014267415926325,"Gradients_by_loss rec_from_latent_pretrain/: encoder9":0,"Gradients_by_loss rec_from_latent_pretrain/: encoder4":0,"_runtime":3726.05725172,"Gradients_by_loss rec_from_latent_pretrain/: mapper13":0,"r2_mean_OOD/100_all":0.7613521814346313,"Gradients_by_loss recover_latent/: mapper14":0.0032365814170339895,"Gradients_by_loss rec_from_latent_pretrain/: tissue_embedder":0,"Gradients_by_loss recover_latent/: mapper4":0.000663243576071865,"Gradients_by_loss rec_from_latent_pretrain/: mapper2":0,"Gradients_by_loss rec_from_latent_pretrain/: mapper8":0,"Gradients_by_loss recover_latent/: encoder6":0.0031026581764622024,"Gradients_by_loss rec_from_latent_pretrain/: mapper3":0,"Gradients_by_loss rec_from_latent_pretrain/: mapper0":0,"Gradients_by_loss rec_from_latent_pretrain/: encoder15":0,"MIG_BINNED/dis_latent_stack_tissue_train":0.6490025208046475,"Gradients_by_loss rec_from_latent_pretrain/: encoder1":0,"Gradients_by_loss recover_latent/: encoder1":0.003484206845646961,"Rec/Pearson_sample_train":0.9491654634475708,"Gradients_by_loss recover_latent/: mapper5":0.0019386406576296885,"Gradients_by_loss rec_from_latent_pretrain/: encoder5":0}