{"Gradients_by_loss recover_latent/: decoder":0,"FOSB+CEBPE/Pearson Delta_10_all":0.9353495522097764,"CEBPB+CEBPA/Pearson Delta_combo_specific_50_all":0.9435724873250345,"FOXF1+HOXB9/R2_10_all":0.9686597585678101,"KLF1+BAK1/R2_20_all":0.9849302172660828,"Gradients_by_loss rec_from_latent_pretrain/: encoder_pretrain":0.6456036624939141,"FOSB+CEBPE/Pearson Delta_50_all":0.9662663967711711,"Gradients_by_loss rec_from_latent_pretrain/: mapper8":0,"BPGM+ZBTB1/R2_50_all":0.9420064687728882,"Gradients_by_loss rec_from_latent_pretrain/: encoder9":0,"Gradients_by_loss rec_from_latent_pretrain/: mapper4":0,"_runtime":45245.92373541,"SGK1+TBX2/R2_combo_specific_20_all":0.9074109196662903,"FOSB+CEBPB/Pearson Delta_combo_specific_10_all":0.9333226140992146,"Gradients_by_loss rec_from_latent_pretrain/: px_r":0.00037851076922379434,"FOXF1+HOXB9/R2_combo_specific_50_all":0.9760125279426575,"FOXF1+HOXB9/Wass_combo_specific_10_all":0.3361792210139246,"important_notes":{"size":7269,"path":"media/html/important_notes_0_449b133a5727b772e9c0.html","_type":"html-file","sha256":"449b133a5727b772e9c0f23b18c9b7096ede16cd521377fa0eb335d58214153f"},"FOSB+CEBPB/R2_combo_specific_20_all":0.8382278084754944,"Gradients_by_loss recover_latent/: mapper7":0.0020767286232563796,"r2_mean_criterion/10_all":0.8975350640036843,"CEBPB+CEBPA/Pearson Delta_100_all":0.9868269937317337,"Gradients_by_loss rec_from_latent_pretrain/: encoder13":0,"KLF1+BAK1/R2_10_all":0.9654780626296997,"DUSP9+SNAI1/R2_combo_specific_100_all":0.8569203615188599,"FOSB+CEBPE/Pearson Delta_20_all":0.9579364133610112,"SGK1+TBX2/Pearson Delta_100_all":0.827961997630188,"FOSB+CEBPB/R2_10_all":0.7686927318572998,"MAP2K6+ELMSAN1/R2_combo_specific_20_all":0.96689772605896,"BPGM+ZBTB1/R2_combo_specific_20_all":0.946673572063446,"KLF1+BAK1/Wass_10_all":0.2321680689730702,"SGK1+TBX2/Pearson Delta_combo_specific_50_all":0.7117842823129392,"Gradients_by_loss rec_from_latent_pretrain/: encoder6":0,"CEBPB+CEBPA/Pearson Delta_combo_specific_100_all":0.9454550398425142,"CEBPB+CEBPA/Pearson Delta_combo_specific_20_all":0.9499196804389545,"Gradients_by_loss recover_latent/: mapper5":0.001475427333027586,"FOSB+CEBPE/R2_combo_specific_100_all":0.9164628982543945,"Gradients_by_loss rec_from_latent_pretrain/: encoder14":0,"CBL+UBASH3A/Wass_10_all":0.42555687083910243,"BPGM+ZBTB1/Pearson Delta_combo_specific_10_all":0.9276195733675118,"Gradients_by_loss recover_latent/: mapper11":0.0024480791639177745,"Gradients_by_loss recover_latent/: encoder4":0.001420549851373993,"BPGM+ZBTB1/Pearson Delta_100_all":0.9163890094149167,"FOSB+CEBPE/R2_combo_specific_20_all":0.9377571940422058,"Gradients_by_loss recover_latent/: mapper2":0.001428176732095787,"CEBPB+CEBPA/Wass_10_all":0.4375686619147194,"FOSB+CEBPE/Wass_combo_specific_10_all":0.5318490750818785,"CEBPB+CEBPA/R2_combo_specific_20_all":0.972734272480011,"DUSP9+SNAI1/R2_combo_specific_20_all":0.9017369747161865,"Gradients_by_loss rec_from_latent_pretrain/: encoder2":0,"CEBPB+CEBPA/Pearson Delta_10_all":0.9868982830591911,"Gradients_by_loss rec_from_latent_pretrain/: mapper1":0,"Gradients_by_loss recover_latent/: encoder2":0.002439576810874394,"FOSB+CEBPE/R2_10_all":0.7907615900039673,"FOXF1+HOXB9/Wass_10_all":0.32904613078499895,"KLF1+BAK1/Pearson Delta_combo_specific_100_all":0.9405504815252324,"Gradients_by_loss rec_from_latent_pretrain/: mapper6":0,"Gradients_by_loss recover_latent/: mapper3":0.0015221207529423405,"DUSP9+SNAI1/R2_combo_specific_50_all":0.8194674253463745,"CEBPB+CEBPA/R2_combo_specific_50_all":0.976292610168457,"MIG_BINNED/dis_latent_stack_condition_train":0.650887780670248,"Gradients_by_loss rec_from_latent_pretrain/: encoder4":0,"FOSB+CEBPE/R2_50_all":0.7702959775924683,"FOSB+CEBPE/Pearson Delta_100_all":0.9540287325305199,"MAP2K6+ELMSAN1/Pearson Delta_20_all":0.9013343193130586,"FOXF1+HOXB9/R2_50_all":0.9653615951538086,"BPGM+ZBTB1/Pearson Delta_20_all":0.8824709953896349,"FOSB+CEBPB/R2_20_all":0.8082740306854248,"Gradients_by_loss rec_from_latent_pretrain/: mapper5":0,"Gradients_by_loss recover_latent/: encoder12":0.0014385129445914162,"Gradients_by_loss recover_latent/: mapper8":0.002129975845636954,"r2_mean_criterion/20_all":0.944545258175243,"CEBPB+CEBPA/R2_20_all":0.9636088609695435,"Gradients_by_loss rec_from_latent_pretrain/: encoder12":0,"KLF1+BAK1/Pearson Delta_combo_specific_20_all":0.9420173579053877,"MAP2K6+ELMSAN1/Pearson Delta_100_all":0.7962460443123724,"FOSB+CEBPE/R2_100_all":0.8442423939704895,"CBL+UBASH3A/Pearson Delta_combo_specific_100_all":0.8809373687668159,"Gradients_by_loss recover_latent/: encoder_pretrain":0.0004834682584182613,"MAP2K6+ELMSAN1/R2_100_all":0.9815787672996521,"CBL+UBASH3A/R2_20_all":0.9618834853172302,"Gradients_by_loss rec_from_latent_pretrain/: mapper10":0,"MAP2K6+ELMSAN1/Pearson Delta_combo_specific_20_all":0.9283402940236988,"FOSB+CEBPE/Pearson Delta_combo_specific_10_all":0.913262153459109,"SGK1+TBX2/R2_20_all":0.8674532175064087,"CBL+UBASH3A/Pearson Delta_combo_specific_20_all":0.931876004064941,"FOXF1+HOXB9/Pearson Delta_combo_specific_50_all":0.9513719642949312,"CBL+UBASH3A/R2_combo_specific_10_all":0.9316859245300293,"Gradients_by_loss rec_from_latent_pretrain/: mapper13":0,"Gradients_by_loss recover_latent/: encoder7":0.006057710854556825,"Gradients_by_loss rec_from_latent_pretrain/: decoder":0.16739493681039583,"CBL+UBASH3A/Pearson Delta_combo_specific_50_all":0.9253354858072939,"FOXF1+HOXB9/Pearson Delta_combo_specific_20_all":0.9651221711411155,"Gradients_by_loss rec_from_latent_pretrain/: mapper3":0,"DUSP9+SNAI1/R2_10_all":0.6102997064590454,"SGK1+TBX2/Pearson Delta_50_all":0.8258577755139332,"FOXF1+HOXB9/R2_combo_specific_20_all":0.9792375564575195,"FOSB+CEBPB/R2_100_all":0.8465268611907959,"FOSB+CEBPE/Pearson Delta_combo_specific_100_all":0.9468147207373352,"KLF1+BAK1/Pearson Delta_combo_specific_50_all":0.9449419036977689,"DUSP9+SNAI1/Wass_combo_specific_10_all":0.5368458406550162,"FOXF1+HOXB9/R2_20_all":0.9672727584838867,"BPGM+ZBTB1/Wass_combo_specific_10_all":0.3588695480280063,"CEBPB+CEBPA/R2_100_all":0.9680367112159729,"CBL+UBASH3A/Wass_combo_specific_10_all":0.4863708202091317,"Gradients_by_loss recover_latent/: px_r":0,"FOSB+CEBPB/R2_50_all":0.821407675743103,"CEBPB+CEBPA/Wass_combo_specific_10_all":0.2801196081893354,"KLF1+BAK1/Pearson Delta_20_all":0.9288916915519502,"Rec/Pearson_gene_train":0.5557496547698975,"Gradients_by_loss rec_from_latent_pretrain/: mapper11":0,"Gradients_by_loss rec_from_latent_pretrain/: condition_embedder":0,"Gradients_by_loss recover_latent/: mapper_perturbation2_mapper":2.5449493580723476e-05,"MAP2K6+ELMSAN1/Pearson Delta_combo_specific_50_all":0.8427435978983354,"DUSP9+SNAI1/R2_50_all":0.8786478042602539,"Gradients_by_loss rec_from_latent_pretrain/: encoder0":0,"Gradients_by_loss rec_from_latent_pretrain/: mapper_perturbation2_mapper":0,"MAP2K6+ELMSAN1/R2_50_all":0.9796596169471741,"SGK1+TBX2/Pearson Delta_combo_specific_100_all":0.7650203662772119,"BPGM+ZBTB1/Pearson Delta_50_all":0.8913225032970472,"BPGM+ZBTB1/Pearson Delta_10_all":0.8960805965016982,"FOSB+CEBPE/Wass_10_all":0.5316814040616283,"MAP2K6+ELMSAN1/Wass_10_all":0.2398440192022037,"MAP2K6+ELMSAN1/R2_combo_specific_10_all":0.9537255764007568,"FOSB+CEBPB/Pearson Delta_10_all":0.9352258538552525,"FOSB+CEBPB/Pearson Delta_50_all":0.956458388569762,"SGK1+TBX2/R2_combo_specific_50_all":0.9146081209182739,"SGK1+TBX2/R2_combo_specific_100_all":0.9418852925300598,"SGK1+TBX2/Pearson Delta_combo_specific_10_all":0.27329952771241856,"CBL+UBASH3A/Pearson Delta_100_all":0.9185502426638568,"DUSP9+SNAI1/Pearson Delta_10_all":0.9745139096704594,"Gradients_by_loss recover_latent/: condition_embedder":9.464633330935612e-05,"Gradients_by_loss recover_latent/: mapper13":0.0027713959054391415,"FOSB+CEBPE/Pearson Delta_combo_specific_50_all":0.9451895133275106,"CBL+UBASH3A/R2_10_all":0.9729413986206055,"FOXF1+HOXB9/Pearson Delta_100_all":0.9486084281612057,"Gradients_by_loss recover_latent/: mapper10":0.002069370262951825,