{"r2_mean/20000": 0.9517988562583923, "r2_var/20000": 0, "pear_var/20000": 0.4097237914951384, "r2_delta/20000": 0.520677924156189, "r2_mean/200": 0.9256404042243958, "r2_var/200": 0, "pear_var/200": 0.19072393467967758, "r2_delta/200": 0.7718572616577148, "r2_mean/100": 0.8865671157836914, "r2_var/100": 0, "pear_var/100": 0.051122250352643436, "r2_delta/100": 0.6985476016998291, "wass_dist/100": 0.43569401018807424, "r2_mean/50": 0.8653597235679626, "r2_var/50": 0, "pear_var/50": 0.07512280030128742, "r2_delta/50": 0.6520848274230957, "r2_mean/20": 0.8677843809127808, "r2_var/20": 0, "pear_var/20": -0.15081666746767053, "r2_delta/20": 0.5682807564735413, "wass_dist/20": 0.5365981714684033, "r2_mean/10": 0.7998677492141724, "r2_var/10": 0, "pear_var/10": -0.4229945914516556, "r2_delta/10": 0.6728023290634155, "wass_dist/10": 0.5203495138689873, "_timestamp": 1743875778.3791625, "_runtime": 1.393080472946167, "_step": 0, "_wandb": {"runtime": 1}}