{"r2_mean/20000": 0.9050430059432983, "r2_var/20000": 0, "pear_var/20000": 0.5458130253157731, "r2_delta/20000": 0.5687537789344788, "r2_mean/200": 0.821313202381134, "r2_var/200": 0, "pear_var/200": 0.33038893148085635, "r2_delta/200": 0.710587739944458, "r2_mean/100": 0.8101429343223572, "r2_var/100": 0, "pear_var/100": 0.3303302390851474, "r2_delta/100": 0.7384529113769531, "wass_dist/100": 0.39902445633620415, "r2_mean/50": 0.7254357933998108, "r2_var/50": 0, "pear_var/50": 0.2826418075511751, "r2_delta/50": 0.6164472699165344, "r2_mean/20": 0.61990886926651, "r2_var/20": 0, "pear_var/20": 0.25692987485094915, "r2_delta/20": 0.4141477942466736, "wass_dist/20": 0.6113678664718754, "r2_mean/10": 0.5750860571861267, "r2_var/10": 0, "pear_var/10": 0.40025444737227894, "r2_delta/10": 0.43464821577072144, "wass_dist/10": 0.5498988037034017, "_timestamp": 1743907601.2482972, "_runtime": 1.364549160003662, "_step": 0, "_wandb": {"runtime": 1}}