{"r2_var/20000":0,"pear_var/20000":0.6255104505360718,"pear_var/10":-0.155606601040533,"r2_mean/20":0,"r2_delta/20":0,"r2_mean/50":0.2791857123374939,"pear_var/20":0.831434142581071,"pear_var/50":0.8071457533191838,"r2_var/20":0,"r2_mean/100":0.5670506954193115,"wass_dist/20":0.8205858019868882,"_runtime":0.680968572,"_timestamp":1.7438278478977861e+09,"_wandb":{"runtime":0},"r2_var/10":0,"pear_var/100":0.7247064054878049,"r2_delta/100":0.9972341656684875,"r2_mean/10":0,"r2_var/200":0,"wass_dist/10":0.8180594648268485,"r2_var/100":0,"r2_mean/200":0.652713418006897,"r2_delta/50":0.6111141443252563,"wass_dist/100":0.6411640357750756,"r2_delta/200":0.999401330947876,"r2_mean/20000":0.8256761431694031,"r2_delta/20000":0.998918890953064,"r2_var/50":0,"r2_delta/10":0,"pear_var/200":0.5928563217942701,"_step":0}