{"losses/rec_from_latent_pretrain":0.6188826075851115,"r2_var_OOD/50_all":0.5484440326690674,"Gradients_by_loss rec_from_latent_pretrain/: mapper11":0,"Gradients_by_loss recover_latent/: mapper6":0.0015387901864418287,"Gradients_by_loss rec_from_latent_pretrain/: mapper9":0,"r2_delta_OOD/50_all":0.353609561920166,"r2_mean_OOD/20_all":0.8331953287124634,"Gradients_by_loss rec_from_latent_pretrain/: mapper15":0,"Gradients_by_loss recover_latent/: mapper14":0.0022508101435805244,"Gradients_by_loss rec_from_latent_pretrain/: mapper_tissue_mapper":0,"Gradients_by_loss recover_latent/: mapper7":0.0014944618149845977,"Gradients_by_loss recover_latent/: mapper3":0.0008297476568808115,"Gradients_by_loss recover_latent/: encoder12":0.0010280565671631637,"r2_var_OOD/20_all":0.5680403709411621,"r2_var_OOD/10_all":0.571959376335144,"Gradients_by_loss rec_from_latent_pretrain/: encoder11":0,"Gradients_by_loss recover_latent/: decoder":0,"r2_delta_OOD/100_all":0.4124565124511719,"Gradients_by_loss rec_from_latent_pretrain/: mapper3":0,"important_notes":{"path":"media/html/important_notes_0_37db2ef3461a0a444eb0.html","_type":"html-file","sha256":"37db2ef3461a0a444eb01b130de48998cd859bd064a383c60b3b7cfbbffa87c2","size":7789},"Gradients_by_loss recover_latent/: mapper4":0.0011374578014104525,"Gradients_by_loss rec_from_latent_pretrain/: mapper14":0,"Gradients_by_loss recover_latent/: encoder3":0.0026395521068966364,"Gradients_by_loss rec_from_latent_pretrain/: encoder15":0,"Gradients_by_loss rec_from_latent_pretrain/: encoder9":0,"Gradients_by_loss rec_from_latent_pretrain/: encoder3":0,"losses/recover_latent":2.1225836254689466e-05,"Gradients_by_loss rec_from_latent_pretrain/: encoder13":0,"r2_var_criterion/10_all":0.3739205436273055,"Gradients_by_loss recover_latent/: mapper10":0.001545763018186324,"Gradients_by_loss rec_from_latent_pretrain/: encoder4":0,"Gradients_by_loss recover_latent/: encoder14":0.0031425860619610497,"Rec/R2_var_train":0.9978132247924805,"r2_delta_criterion/20_all":0.459978385405107,"r2_var_OOD/100_all":0.649897575378418,"Gradients_by_loss rec_from_latent_pretrain/: encoder7":0,"r2_delta_criterion/100_all":0.5116640871221368,"r2_mean_OOD/50_all":0.8795182704925537,"Gradients_by_loss recover_latent/: mapper15":0.001852331087590039,"Gradients_by_loss recover_latent/: mapper8":0.0013607030765568062,"r2_delta_OOD/10_all":0.21313905715942383,"Gradients_by_loss recover_latent/: donor_embedder":7.495773024857044e-05,"Gradients_by_loss rec_from_latent_pretrain/: encoder10":0,"Gradients_by_loss rec_from_latent_pretrain/: px_r":6.0054680943721905e-05,"Gradients_by_loss rec_from_latent_pretrain/: encoder12":0,"Gradients_by_loss recover_latent/: encoder7":0.0004651465068769648,"Rec/R2_mean_train":0.9992597699165344,"Gradients_by_loss rec_from_latent_pretrain/: mapper4":0,"Gradients_by_loss recover_latent/: mapper13":0.001961862852150029,"Gradients_by_loss recover_latent/: tissue_embedder":6.495435809483752e-05,"r2_mean_criterion/50_all":0.7423367662863298,"r2_delta_criterion/10_all":0.4687311486764388,"wasserstein_criterion/10_all":0.3287199709355317,"Gradients_by_loss rec_from_latent_pretrain/: donor_embedder":0,"Gradients_by_loss recover_latent/: mapper1":0.0005656107921180281,"r2_mean_OOD/100_all":0.8951085805892944,"Gradients_by_loss rec_from_latent_pretrain/: tissue_embedder":0,"Rec/Pearson_sample_train":0.9501075744628906,"Gradients_by_loss rec_from_latent_pretrain/: encoder_pretrain":0.11141923378750138,"Gradients_by_loss recover_latent/: mapper_donor_mapper":2.013791727849586e-05,"Gradients_by_loss rec_from_latent_pretrain/: mapper12":0,"Gradients_by_loss recover_latent/: encoder13":0.0038413168629789544,"Gradients_by_loss rec_from_latent_pretrain/: encoder5":0,"Gradients_by_loss rec_from_latent_pretrain/: mapper6":0,"Gradients_by_loss recover_latent/: mapper12":0.001534171731249553,"Gradients_by_loss recover_latent/: encoder1":0.0015872837785324914,"Gradients_by_loss rec_from_latent_pretrain/: decoder":0.17666617908480844,"_step":521,"Gradients_by_loss recover_latent/: mapper0":0.00021032713852786502,"MIG_BINNED/dis_latent_stack_tissue_train":0.6614423326213846,"Gradients_by_loss recover_latent/: encoder11":0.002184306061204053,"Gradients_by_loss rec_from_latent_pretrain/: encoder1":0,"r2_mean_criterion/10_all":0.5224845084277067,"Gradients_by_loss recover_latent/: encoder15":0.0002479771202770672,"Gradients_by_loss rec_from_latent_pretrain/: mapper7":0,"Gradients_by_loss recover_latent/: encoder9":0.0015728053348026561,"r2_delta_criterion/50_all":0.5182727575302124,"r2_mean_criterion/100_all":0.7461884888735685,"pear_var_criterion/avg_all":NaN,"Gradients_by_loss rec_from_latent_pretrain/: encoder6":0,"r2_var_criterion/50_all":0.3063019134781577,"r2_mean_OOD/10_all":0.7849047183990479,"Rec/Pearson_gene_train":0.7002490162849426,"Gradients_by_loss rec_from_latent_pretrain/: encoder8":0,"Gradients_by_loss recover_latent/: mapper_tissue_mapper":1.1246738232733718e-05,"Gradients_by_loss recover_latent/: encoder4":0.0036921285842491315,"_runtime":3728.096560286,"Gradients_by_loss recover_latent/: encoder_pretrain":0.0001622346943101679,"Gradients_by_loss recover_latent/: mapper5":0.0011479205968284534,"Gradients_by_loss rec_from_latent_pretrain/: mapper1":0,"r2_delta_OOD/20_all":0.29132747650146484,"Gradients_by_loss rec_from_latent_pretrain/: encoder0":0,"Gradients_by_loss rec_from_latent_pretrain/: encoder14":0,"Gradients_by_loss rec_from_latent_pretrain/: mapper_donor_mapper":0,"r2_var_criterion/100_all":0.2755404331467368,"Gradients_by_loss recover_latent/: encoder0":0.0019003667948484112,"Gradients_by_loss rec_from_latent_pretrain/: mapper2":0,"Gradients_by_loss rec_from_latent_pretrain/: encoder2":0,"Gradients_by_loss rec_from_latent_pretrain/: mapper13":0,"Gradients_by_loss recover_latent/: encoder8":0.0007319109643729272,"r2_mean_criterion/20_all":0.6133928298950195,"Gradients_by_loss recover_latent/: encoder2":0.0020462682635563586,"Gradients_by_loss rec_from_latent_pretrain/: mapper10":0,"r2_var_criterion/20_all":0.31908124685287476,"Gradients_by_loss recover_latent/: encoder5":0.0016560777978587443,"wasserstein_OOD/10_all":0.5200686486356352,"Gradients_by_loss recover_latent/: encoder10":0.002162628889714748,"Gradients_by_loss rec_from_latent_pretrain/: mapper0":0,"Gradients_by_loss recover_latent/: mapper11":0.0015486529164694734,"Gradients_by_loss recover_latent/: encoder6":0.004331958023653619,"_wandb":{"runtime":3728},"Gradients_by_loss rec_from_latent_pretrain/: mapper5":0,"Gradients_by_loss rec_from_latent_pretrain/: mapper8":0,"Gradients_by_loss recover_latent/: px_r":0,"_timestamp":1.7674346061352599e+09,"Gradients_by_loss recover_latent/: mapper9":0.0014784300640068707,"Gradients_by_loss recover_latent/: mapper2":0.0005967235999749585}