{"_step":0,"r2_mean/200":0.8503945469856262,"pear_var/50":0.889346202804284,"r2_delta/100":0.9977620840072632,"pear_var/200":0.619133756094771,"r2_var/20000":0,"r2_var/200":0,"wass_dist/100":0.39721866505226716,"r2_delta/20000":0.9971821904182434,"r2_mean/20":0.8828107118606567,"r2_delta/200":0.9969828724861145,"r2_mean/50":0.8112489581108093,"_runtime":0.568103001,"r2_var/10":0,"_wandb":{"runtime":0},"wass_dist/10":0.512578193542732,"pear_var/100":0.8292772809526862,"_timestamp":1.743822970377314e+09,"pear_var/10":-0.030641867170588862,"r2_mean/100":0.8686506152153015,"r2_var/100":0,"pear_var/20000":0.47277340074528706,"r2_mean/20000":0.8844956755638123,"r2_mean/10":0.5796125531196594,"r2_delta/50":0.997631311416626,"r2_var/50":0,"r2_delta/20":0.9990405440330505,"pear_var/20":0.9070424260680837,"wass_dist/20":0.4768827779826168,"r2_var/20":0,"r2_delta/10":0.010220646858215332}