{"Gradients_by_loss rec_from_latent_pretrain/: encoder13":0,"Gradients_by_loss recover_latent/: encoder_pretrain":0.0002570370256562673,"Gradients_by_loss rec_from_latent_pretrain/: encoder8":0,"Gradients_by_loss rec_from_latent_pretrain/: encoder9":0,"wasserstein_OOD/10_all":0.41636159669319583,"r2_mean_criterion/50_all":0.6348565491763029,"Gradients_by_loss recover_latent/: encoder10":0.0010282565019927026,"r2_delta_OOD/20_all":0.3223879337310791,"Rec/R2_var_train":0.9988277554512024,"Gradients_by_loss rec_from_latent_pretrain/: encoder2":0,"r2_var_OOD/100_all":0.214422345161438,"Gradients_by_loss recover_latent/: mapper6":0.0012772649713348912,"r2_mean_OOD/50_all":0.7706649303436279,"Gradients_by_loss rec_from_latent_pretrain/: encoder_pretrain":0.21188852868296196,"Gradients_by_loss rec_from_latent_pretrain/: donor_embedder":0,"Gradients_by_loss recover_latent/: encoder9":0.0011576832778340494,"Gradients_by_loss recover_latent/: mapper7":0.001218682215180891,"Gradients_by_loss rec_from_latent_pretrain/: mapper9":0,"Gradients_by_loss rec_from_latent_pretrain/: mapper15":0,"Rec/R2_mean_train":0.9990683197975159,"losses/rec_from_latent_pretrain":0.6718528156869867,"Gradients_by_loss recover_latent/: encoder1":0.001215250928507204,"r2_mean_criterion/20_all":0.3793585408817638,"r2_var_criterion/10_all":0.21018046682531183,"r2_mean_OOD/20_all":0.7489728331565857,"Gradients_by_loss recover_latent/: encoder0":0.002703139467637925,"Gradients_by_loss rec_from_latent_pretrain/: mapper1":0,"Gradients_by_loss recover_latent/: mapper8":0.0012003961510433673,"Gradients_by_loss rec_from_latent_pretrain/: encoder10":0,"Gradients_by_loss recover_latent/: encoder7":0.0009602451851143963,"Gradients_by_loss rec_from_latent_pretrain/: tissue_embedder":0,"Gradients_by_loss recover_latent/: mapper10":0.0013024723397650174,"Gradients_by_loss rec_from_latent_pretrain/: mapper8":0,"Gradients_by_loss recover_latent/: mapper11":0.0016258750842809678,"Gradients_by_loss rec_from_latent_pretrain/: encoder12":0,"_runtime":3072.994204925,"_wandb":{"runtime":3072},"r2_var_OOD/10_all":0,"Gradients_by_loss recover_latent/: encoder6":0.0013688883319955894,"r2_var_criterion/50_all":0.040865724736993965,"Gradients_by_loss recover_latent/: mapper1":0.0007582469103592772,"r2_var_criterion/100_all":0.05883066220716997,"Gradients_by_loss rec_from_latent_pretrain/: mapper2":0,"Gradients_by_loss rec_from_latent_pretrain/: mapper4":0,"r2_delta_criterion/10_all":0.32444637471979315,"Rec/Pearson_sample_train":0.9539626836776733,"Gradients_by_loss recover_latent/: encoder14":0.00037077228781068686,"r2_delta_criterion/100_all":0.3754173354669051,"Gradients_by_loss rec_from_latent_pretrain/: encoder4":0,"Gradients_by_loss recover_latent/: encoder12":0.0029445705956883715,"Gradients_by_loss recover_latent/: encoder15":0.00027404172967634706,"Gradients_by_loss recover_latent/: mapper0":0.000669457064095069,"r2_mean_criterion/100_all":0.7065507715398615,"Gradients_by_loss rec_from_latent_pretrain/: encoder3":0,"Gradients_by_loss rec_from_latent_pretrain/: decoder":0.27917312740555167,"Gradients_by_loss rec_from_latent_pretrain/: mapper14":0,"Gradients_by_loss recover_latent/: encoder8":0.0005545949832340341,"Gradients_by_loss rec_from_latent_pretrain/: mapper3":0,"r2_mean_OOD/100_all":0.7864727973937988,"r2_delta_OOD/10_all":0.4721398949623108,"r2_var_OOD/20_all":0,"Gradients_by_loss rec_from_latent_pretrain/: encoder6":0,"Gradients_by_loss recover_latent/: mapper14":0.0016260014395050029,"r2_var_OOD/50_all":0.17729264497756958,"Gradients_by_loss recover_latent/: mapper9":0.0012591889359593873,"r2_var_criterion/20_all":0.10403791882775047,"MIG_BINNED/dis_latent_stack_tissue_train":0.6645767684477325,"Gradients_by_loss rec_from_latent_pretrain/: encoder5":0,"Gradients_by_loss rec_from_latent_pretrain/: px_r":8.945314039010555e-05,"Gradients_by_loss recover_latent/: decoder":0,"Gradients_by_loss recover_latent/: encoder11":0.0035965853727940628,"wasserstein_criterion/10_all":0.7938843815285076,"Gradients_by_loss rec_from_latent_pretrain/: encoder0":0,"Gradients_by_loss recover_latent/: mapper15":0.0015666831886928842,"Rec/Pearson_gene_train":0.68953537940979,"Gradients_by_loss recover_latent/: mapper_tissue_mapper":1.8317409052870912e-05,"Gradients_by_loss rec_from_latent_pretrain/: encoder14":0,"losses/recover_latent":4.436193267701016e-05,"Gradients_by_loss rec_from_latent_pretrain/: mapper_donor_mapper":0,"Gradients_by_loss recover_latent/: mapper12":0.0018156579500636738,"Gradients_by_loss rec_from_latent_pretrain/: encoder1":0,"Gradients_by_loss rec_from_latent_pretrain/: mapper0":0,"Gradients_by_loss rec_from_latent_pretrain/: mapper11":0,"r2_mean_criterion/10_all":0.13460534811019897,"pear_var_criterion/avg_all":NaN,"Gradients_by_loss recover_latent/: donor_embedder":5.1229064411018044e-05,"r2_delta_criterion/50_all":0.37234615737741644,"Gradients_by_loss rec_from_latent_pretrain/: mapper10":0,"Gradients_by_loss recover_latent/: mapper_donor_mapper":1.983452730832996e-05,"_step":521,"Gradients_by_loss recover_latent/: mapper4":0.0013854399890237202,"Gradients_by_loss recover_latent/: mapper13":0.0017080870613942717,"Gradients_by_loss rec_from_latent_pretrain/: mapper13":0,"Gradients_by_loss recover_latent/: px_r":0,"important_notes":{"sha256":"54714cecc475fe6accb91bde34e44ed8be0318044e4c5d0c07989a01d4948221","size":7775,"path":"media/html/important_notes_0_54714cecc475fe6accb9.html","_type":"html-file"},"Gradients_by_loss recover_latent/: mapper2":0.0007747360520648628,"r2_mean_OOD/10_all":0.7979142069816589,"Gradients_by_loss rec_from_latent_pretrain/: mapper6":0,"Gradients_by_loss rec_from_latent_pretrain/: mapper_tissue_mapper":0,"Gradients_by_loss recover_latent/: encoder13":0.0001856475125148118,"r2_delta_OOD/50_all":0.43171805143356323,"Gradients_by_loss rec_from_latent_pretrain/: encoder15":0,"Gradients_by_loss rec_from_latent_pretrain/: mapper5":0,"Gradients_by_loss recover_latent/: encoder5":0.0014792484945858023,"Gradients_by_loss recover_latent/: mapper5":0.0013684761474239903,"Gradients_by_loss rec_from_latent_pretrain/: encoder7":0,"Gradients_by_loss recover_latent/: encoder4":0.00392250424832082,"Gradients_by_loss recover_latent/: mapper3":0.0009201180011831865,"_timestamp":1.7671162360117908e+09,"r2_delta_criterion/20_all":0.3518792011521079,"Gradients_by_loss recover_latent/: tissue_embedder":2.5185265258187428e-05,"r2_delta_OOD/100_all":0.37019866704940796,"Gradients_by_loss recover_latent/: encoder2":0.0018806312384443346,"Gradients_by_loss rec_from_latent_pretrain/: encoder11":0,"Gradients_by_loss rec_from_latent_pretrain/: mapper7":0,"Gradients_by_loss recover_latent/: encoder3":0.0024080098982220896,"Gradients_by_loss rec_from_latent_pretrain/: mapper12":0}