{"pear_var/20":0.625599656939191,"r2_mean/20000":0.9529203772544861,"wass_dist/10":0.42642649703075897,"r2_mean/100":0.9429743885993958,"pear_var/100":0.6521585809971224,"pear_var/50":0.6695491317648892,"wass_dist/20":0.42760650490831964,"r2_delta/10":0.7049720287322998,"r2_delta/100":0.9990283846855164,"r2_delta/20":0.999639630317688,"_runtime":0.613715721,"pear_var/10":-0.26312242550505593,"pear_var/20000":0.5656826604221739,"_step":0,"r2_var/200":0,"pear_var/200":0.6379198067221398,"r2_var/20000":0,"r2_mean/50":0.9277624487876892,"r2_var/10":0,"r2_var/20":0,"r2_delta/20000":0.998851478099823,"wass_dist/100":0.3720570662801921,"r2_delta/200":0.9986801147460938,"_wandb":{"runtime":0},"r2_delta/50":0.9990934729576111,"r2_mean/10":0.8746932148933411,"_timestamp":1.743822869593173e+09,"r2_mean/200":0.9345539212226868,"r2_var/100":0,"r2_var/50":0,"r2_mean/20":0.9559834003448486}