{"r2_mean/20000": 0.9790440797805786, "r2_var/20000": 0, "pear_var/20000": 0.5870767758896893, "r2_delta/20000": 0.6764215230941772, "r2_mean/200": 0.9564482569694519, "r2_var/200": 0, "pear_var/200": 0.6922583517610833, "r2_delta/200": 0.821876049041748, "r2_mean/100": 0.936588704586029, "r2_var/100": 0, "pear_var/100": 0.7924734020364194, "r2_delta/100": 0.7982503175735474, "wass_dist/100": 0.3954714186688186, "r2_mean/50": 0.9282228946685791, "r2_var/50": 0, "pear_var/50": 0.4420279012558684, "r2_delta/50": 0.7729220986366272, "r2_mean/20": 0.954250693321228, "r2_var/20": 0, "pear_var/20": 0.21979650580649407, "r2_delta/20": 0.8220854997634888, "wass_dist/20": 0.45629837617637514, "r2_mean/10": 0.8265672326087952, "r2_var/10": 0, "pear_var/10": -0.3620677523009016, "r2_delta/10": 0.7576403617858887, "wass_dist/10": 0.46184064690823395, "_timestamp": 1744117950.5295103, "_runtime": 1.5697991847991943, "_step": 0, "_wandb": {"runtime": 1}}