{"Gradients_by_loss recover_latent/: donor_embedder":0.000667751592118293,"Gradients_by_loss recover_latent/: mapper5":0.0029129271052968013,"Gradients_by_loss recover_latent/: mapper10":0.0037760400519492327,"r2_delta_criterion/10_all":0.40018676966428757,"Gradients_by_loss recover_latent/: mapper14":0.003968996583044101,"r2_var_OOD/20_all":0,"_wandb":{"runtime":1325},"Gradients_by_loss recover_latent/: encoder_pretrain":0.001838418407300802,"pear_var_criterion/avg_all":NaN,"Gradients_by_loss rec_from_latent_pretrain/: mapper14":0,"r2_var_criterion/20_all":0.3068047910928726,"Gradients_by_loss rec_from_latent_pretrain/: encoder4":0,"Gradients_by_loss rec_from_latent_pretrain/: mapper8":0,"MIG_BINNED/dis_latent_stack_tissue_train":0.6755332442010941,"Gradients_by_loss recover_latent/: encoder5":0.005221741939640292,"Gradients_by_loss recover_latent/: encoder2":0.005601780849084764,"Gradients_by_loss recover_latent/: encoder11":0.005745221872830851,"Gradients_by_loss rec_from_latent_pretrain/: encoder6":0,"r2_delta_OOD/50_all":0.3535873293876648,"Gradients_by_loss recover_latent/: tissue_embedder":0.0003600891213864088,"r2_mean_criterion/100_all":0.8109640255570412,"Gradients_by_loss rec_from_latent_pretrain/: tissue_embedder":0,"Rec/Pearson_gene_train":0.7551015615463257,"wasserstein_criterion/10_all":0.605801888009482,"Gradients_by_loss recover_latent/: encoder6":0.00309921873262934,"r2_var_OOD/50_all":0,"Gradients_by_loss recover_latent/: mapper4":0.0026996411617830236,"Gradients_by_loss recover_latent/: encoder14":0.002399798982633243,"Gradients_by_loss recover_latent/: encoder4":0.0023744761830994084,"Rec/R2_var_train":0.9959651827812195,"Gradients_by_loss recover_latent/: decoder":0,"Gradients_by_loss recover_latent/: mapper11":0.0039361397418602355,"Gradients_by_loss recover_latent/: mapper15":0.003995380063654813,"Gradients_by_loss recover_latent/: encoder8":0.009938487930408515,"r2_mean_OOD/10_all":0,"Gradients_by_loss recover_latent/: mapper3":0.0028908512508088865,"Gradients_by_loss rec_from_latent_pretrain/: mapper1":0,"Gradients_by_loss rec_from_latent_pretrain/: encoder0":0,"Gradients_by_loss rec_from_latent_pretrain/: mapper0":0,"Gradients_by_loss rec_from_latent_pretrain/: encoder9":0,"losses/rec_from_latent_pretrain":0.5888458890250966,"Gradients_by_loss recover_latent/: mapper1":0.0019926739337777846,"r2_mean_OOD/100_all":0.7967110872268677,"r2_var_criterion/10_all":0.45619284361600876,"r2_mean_criterion/10_all":0.4628355950117111,"Gradients_by_loss rec_from_latent_pretrain/: encoder5":0,"_step":521,"Gradients_by_loss rec_from_latent_pretrain/: mapper10":0,"Gradients_by_loss rec_from_latent_pretrain/: mapper2":0,"Gradients_by_loss rec_from_latent_pretrain/: px_r":8.627031638752669e-05,"important_notes":{"sha256":"8da2d983e68d3598299f0aa8e27e2330cc4aa8cb6e14114b354b081977ac2a5a","size":7813,"path":"media/html/important_notes_0_8da2d983e68d3598299f.html","_type":"html-file"},"r2_var_OOD/10_all":0,"Gradients_by_loss recover_latent/: mapper_tissue_mapper":9.201180158833306e-05,"r2_mean_OOD/50_all":0.7373301982879639,"r2_var_criterion/100_all":0.33873744308948517,"Gradients_by_loss recover_latent/: encoder7":0.003286774370210765,"Gradients_by_loss rec_from_latent_pretrain/: mapper_tissue_mapper":0,"r2_delta_criterion/50_all":0.5326573476195335,"Gradients_by_loss rec_from_latent_pretrain/: encoder2":0,"Gradients_by_loss recover_latent/: encoder0":0.01278066602196111,"Gradients_by_loss rec_from_latent_pretrain/: mapper12":0,"Gradients_by_loss recover_latent/: mapper12":0.003977009828870482,"Gradients_by_loss recover_latent/: mapper_donor_mapper":0.0001599373628990975,"Gradients_by_loss rec_from_latent_pretrain/: encoder13":0,"Gradients_by_loss recover_latent/: mapper9":0.0035836501822649578,"Gradients_by_loss rec_from_latent_pretrain/: mapper15":0,"r2_var_criterion/50_all":0.2862733080983162,"Rec/Pearson_sample_train":0.9517779350280762,"_runtime":1325.427830709,"Gradients_by_loss recover_latent/: mapper6":0.0028307198863983933,"Gradients_by_loss rec_from_latent_pretrain/: encoder1":0,"r2_delta_OOD/100_all":0.43121689558029175,"Gradients_by_loss recover_latent/: mapper2":0.002291382823114427,"Rec/R2_mean_train":0.9972348213195801,"Gradients_by_loss recover_latent/: encoder10":0.005319715317078952,"Gradients_by_loss rec_from_latent_pretrain/: encoder10":0,"wasserstein_OOD/10_all":0.7721606563596934,"r2_mean_criterion/20_all":0.6326267048716545,"Gradients_by_loss recover_latent/: mapper7":0.0028303563614180977,"Gradients_by_loss rec_from_latent_pretrain/: mapper13":0,"Gradients_by_loss recover_latent/: encoder15":0.002514617420095555,"Gradients_by_loss rec_from_latent_pretrain/: encoder8":0,"Gradients_by_loss rec_from_latent_pretrain/: encoder11":0,"Gradients_by_loss rec_from_latent_pretrain/: mapper9":0,"Gradients_by_loss recover_latent/: mapper8":0.0037439991200740852,"Gradients_by_loss recover_latent/: px_r":0,"r2_delta_OOD/10_all":0,"Gradients_by_loss rec_from_latent_pretrain/: mapper6":0,"r2_mean_OOD/20_all":0.3934241533279419,"Gradients_by_loss rec_from_latent_pretrain/: encoder_pretrain":0.20769697765839829,"Gradients_by_loss rec_from_latent_pretrain/: encoder3":0,"_timestamp":1.7681256138771946e+09,"Gradients_by_loss rec_from_latent_pretrain/: mapper7":0,"r2_delta_criterion/20_all":0.42332766205072403,"Gradients_by_loss rec_from_latent_pretrain/: encoder15":0,"Gradients_by_loss recover_latent/: encoder3":0.00723469678908464,"Gradients_by_loss recover_latent/: encoder1":0.0038734543112733505,"Gradients_by_loss recover_latent/: encoder9":0.002568320603332521,"Gradients_by_loss rec_from_latent_pretrain/: encoder12":0,"Gradients_by_loss recover_latent/: mapper0":0.0019510572177833404,"Gradients_by_loss recover_latent/: mapper13":0.004089522149578641,"Gradients_by_loss rec_from_latent_pretrain/: mapper3":0,"Gradients_by_loss rec_from_latent_pretrain/: mapper_donor_mapper":0,"r2_var_OOD/100_all":0,"Gradients_by_loss rec_from_latent_pretrain/: encoder14":0,"Gradients_by_loss rec_from_latent_pretrain/: donor_embedder":0,"Gradients_by_loss rec_from_latent_pretrain/: encoder7":0,"Gradients_by_loss rec_from_latent_pretrain/: mapper4":0,"r2_delta_OOD/20_all":0.18570363521575928,"Gradients_by_loss rec_from_latent_pretrain/: mapper11":0,"Gradients_by_loss recover_latent/: encoder12":0.0035131685101281573,"r2_mean_criterion/50_all":0.7660049945116043,"losses/recover_latent":7.397834978971182e-05,"r2_delta_criterion/100_all":0.5367785394191742,"Gradients_by_loss rec_from_latent_pretrain/: decoder":0.6581521936260186,"Gradients_by_loss rec_from_latent_pretrain/: mapper5":0,"Gradients_by_loss recover_latent/: encoder13":0.004189463611905778}