{"Rec/Pearson_gene_train":0.688818407844007,"Gradients_by_loss recover_latent/: mapper10":0.003301399025517466,"r2_mean_OOD/50_all":0.728227436542511,"r2_delta_OOD/50_all":0.46694236993789673,"r2_var_criterion/20_all":0.6991288959980011,"Gradients_by_loss rec_from_latent_pretrain/: mapper9":0,"wasserstein_OOD/10_all":0.5394330338771374,"Gradients_by_loss recover_latent/: mapper_tissue_mapper":2.8910507697182925e-05,"Gradients_by_loss recover_latent/: mapper15":0.004263299751669969,"r2_mean_criterion/10_all":0.6525498827298483,"Gradients_by_loss recover_latent/: decoder":0,"Gradients_by_loss recover_latent/: mapper7":0.003365398647174471,"Gradients_by_loss recover_latent/: encoder12":0.007226272772351243,"Gradients_by_loss recover_latent/: mapper4":0.0038004473722316637,"Gradients_by_loss recover_latent/: px_r":0,"Gradients_by_loss recover_latent/: mapper13":0.003926389994190216,"_runtime":3596.925140307,"Gradients_by_loss recover_latent/: encoder_pretrain":0.0005329016165443211,"r2_var_criterion/50_all":0.5308756728967031,"Gradients_by_loss rec_from_latent_pretrain/: encoder9":0,"wasserstein_criterion/10_all":0.3009243870604282,"Gradients_by_loss rec_from_latent_pretrain/: encoder0":0,"Gradients_by_loss rec_from_latent_pretrain/: encoder15":0,"r2_var_OOD/100_all":0.27824217081069946,"Gradients_by_loss recover_latent/: mapper6":0.0035691080454603426,"Gradients_by_loss rec_from_latent_pretrain/: mapper4":0,"Gradients_by_loss recover_latent/: encoder10":0.0022802151347764833,"Gradients_by_loss rec_from_latent_pretrain/: mapper6":0,"r2_delta_criterion/100_all":0.6642408470312754,"Gradients_by_loss rec_from_latent_pretrain/: encoder6":0,"Gradients_by_loss recover_latent/: encoder3":0.0014495847698018727,"r2_mean_criterion/20_all":0.8272216320037842,"Rec/R2_var_train":0.9972771406173706,"Gradients_by_loss recover_latent/: mapper8":0.0034479124225493866,"Gradients_by_loss rec_from_latent_pretrain/: decoder":0.304921953752647,"Gradients_by_loss rec_from_latent_pretrain/: encoder8":0,"Gradients_by_loss rec_from_latent_pretrain/: mapper2":0,"Gradients_by_loss rec_from_latent_pretrain/: encoder11":0,"r2_mean_OOD/20_all":0.6249538660049438,"r2_delta_criterion/50_all":0.6727982461452484,"Gradients_by_loss recover_latent/: encoder9":0.0017149339527797714,"_timestamp":1.7677646345191457e+09,"Rec/R2_mean_train":0.9985461831092834,"Rec/Pearson_sample_train":0.9477889537811279,"Gradients_by_loss recover_latent/: mapper5":0.003505919003971435,"Gradients_by_loss recover_latent/: encoder15":0.00264966677193244,"Gradients_by_loss rec_from_latent_pretrain/: mapper8":0,"Gradients_by_loss rec_from_latent_pretrain/: encoder1":0,"Gradients_by_loss rec_from_latent_pretrain/: encoder10":0,"Gradients_by_loss rec_from_latent_pretrain/: mapper13":0,"Gradients_by_loss rec_from_latent_pretrain/: encoder12":0,"Gradients_by_loss recover_latent/: mapper2":0.00363542857232024,"Gradients_by_loss rec_from_latent_pretrain/: mapper5":0,"Gradients_by_loss rec_from_latent_pretrain/: encoder4":0,"Gradients_by_loss rec_from_latent_pretrain/: mapper14":0,"important_notes":{"path":"media/html/important_notes_0_1737de0b752abc38ef56.html","_type":"html-file","sha256":"1737de0b752abc38ef56c06032ab446972f440afad6a3e96192ef6746e3b90e7","size":8035},"Gradients_by_loss rec_from_latent_pretrain/: mapper10":0,"r2_var_OOD/50_all":0.2914544343948364,"r2_var_criterion/10_all":0.792186439037323,"Gradients_by_loss rec_from_latent_pretrain/: mapper_donor_mapper":0,"r2_delta_OOD/10_all":0.2714685797691345,"r2_mean_criterion/50_all":0.8524771531422933,"_wandb":{"runtime":3596},"r2_mean_OOD/10_all":0.5582897663116455,"Gradients_by_loss rec_from_latent_pretrain/: mapper12":0,"Gradients_by_loss rec_from_latent_pretrain/: encoder13":0,"Gradients_by_loss rec_from_latent_pretrain/: px_r":8.960430568549782e-05,"r2_var_criterion/100_all":0.5849553743998209,"_step":521,"Gradients_by_loss recover_latent/: mapper9":0.0033024002600478756,"Gradients_by_loss recover_latent/: encoder8":0.0033537273549351476,"Gradients_by_loss rec_from_latent_pretrain/: mapper0":0,"Gradients_by_loss recover_latent/: mapper11":0.003339034145419645,"Gradients_by_loss recover_latent/: mapper1":0.003698752982996311,"Gradients_by_loss recover_latent/: encoder2":0.0033017060078160154,"r2_var_OOD/20_all":0.21057039499282837,"Gradients_by_loss rec_from_latent_pretrain/: encoder3":0,"pear_var_criterion/avg_all":NaN,"Gradients_by_loss recover_latent/: encoder11":0.0022250291304406556,"Gradients_by_loss rec_from_latent_pretrain/: mapper1":0,"Gradients_by_loss recover_latent/: encoder0":0.007977854462399632,"Gradients_by_loss rec_from_latent_pretrain/: mapper7":0,"Gradients_by_loss rec_from_latent_pretrain/: encoder7":0,"Gradients_by_loss rec_from_latent_pretrain/: tissue_embedder":0,"r2_var_OOD/10_all":0,"Gradients_by_loss recover_latent/: tissue_embedder":0.0003076677385251969,"Gradients_by_loss rec_from_latent_pretrain/: mapper11":0,"r2_mean_OOD/100_all":0.7368185520172119,"Gradients_by_loss rec_from_latent_pretrain/: mapper3":0,"losses/recover_latent":3.63811802756418e-05,"Gradients_by_loss rec_from_latent_pretrain/: donor_embedder":0,"Gradients_by_loss recover_latent/: encoder5":0.0036264861286883845,"Gradients_by_loss recover_latent/: mapper0":0.001829157999020905,"Gradients_by_loss recover_latent/: mapper12":0.003973661472762967,"Gradients_by_loss rec_from_latent_pretrain/: encoder2":0,"Gradients_by_loss recover_latent/: mapper3":0.0035829284073330024,"Gradients_by_loss recover_latent/: donor_embedder":0.0001192851341329515,"losses/rec_from_latent_pretrain":0.610525870660566,"Gradients_by_loss recover_latent/: encoder7":0.0022719772107695755,"Gradients_by_loss rec_from_latent_pretrain/: mapper15":0,"Gradients_by_loss recover_latent/: encoder6":0.004058834199780551,"r2_delta_criterion/20_all":0.6926608383655548,"Gradients_by_loss recover_latent/: encoder14":0.003646411346239121,"r2_delta_OOD/100_all":0.48836904764175415,"Gradients_by_loss rec_from_latent_pretrain/: encoder14":0,"Gradients_by_loss recover_latent/: mapper14":0.003938608280961822,"Gradients_by_loss recover_latent/: encoder4":0.005988220299512258,"r2_delta_OOD/20_all":0.3814718723297119,"Gradients_by_loss rec_from_latent_pretrain/: encoder5":0,"r2_delta_criterion/10_all":0.6229634980360667,"Gradients_by_loss recover_latent/: mapper_donor_mapper":5.8844071931756756e-05,"MIG_BINNED/dis_latent_stack_tissue_train":0.6569403138736399,"Gradients_by_loss rec_from_latent_pretrain/: mapper_tissue_mapper":0,"Gradients_by_loss recover_latent/: encoder1":0.013593843927065849,"Gradients_by_loss recover_latent/: encoder13":0.00017435439887717819,"r2_mean_criterion/100_all":0.8595076004664103,"Gradients_by_loss rec_from_latent_pretrain/: encoder_pretrain":0.3235863629860951}