{"Gradients_by_loss recover_latent/: mapper_donor_mapper":8.080426304924335e-06,"Rec/R2_var_train":0.9964109063148499,"Gradients_by_loss recover_latent/: encoder10":0.0006083288999464105,"Gradients_by_loss recover_latent/: mapper2":0.00034020248043810863,"wasserstein_criterion/10_all":0.322834776577461,"important_notes":{"path":"media/html/important_notes_0_895f3ab8ea29ab9e393b.html","_type":"html-file","sha256":"895f3ab8ea29ab9e393be009f8e93519761b4905eb93ac12eb58295ebadb459f","size":7789},"Gradients_by_loss recover_latent/: encoder6":0.0007282087813446214,"Gradients_by_loss recover_latent/: mapper_tissue_mapper":4.682249380306667e-06,"Gradients_by_loss recover_latent/: mapper9":0.0005279749487682202,"r2_delta_OOD/10_all":0.07875800132751465,"losses/rec_from_latent_pretrain":0.6200909588941083,"r2_delta_criterion/50_all":0.49436425078998913,"Gradients_by_loss recover_latent/: mapper6":0.0003647089869954558,"Gradients_by_loss rec_from_latent_pretrain/: mapper6":0,"Gradients_by_loss rec_from_latent_pretrain/: encoder4":0,"r2_mean_criterion/50_all":0.7440607385201887,"Rec/R2_mean_train":0.9989801645278931,"Gradients_by_loss rec_from_latent_pretrain/: encoder5":0,"Gradients_by_loss rec_from_latent_pretrain/: encoder14":0,"r2_var_OOD/50_all":0,"Gradients_by_loss recover_latent/: encoder2":0.0007621528152033021,"Gradients_by_loss rec_from_latent_pretrain/: mapper4":0,"Gradients_by_loss rec_from_latent_pretrain/: mapper5":0,"Gradients_by_loss recover_latent/: encoder12":0.00014370048761431833,"Gradients_by_loss rec_from_latent_pretrain/: encoder11":0,"Gradients_by_loss rec_from_latent_pretrain/: mapper12":0,"_step":521,"Gradients_by_loss recover_latent/: mapper14":0.0004733274734317843,"r2_var_criterion/10_all":0.3823706670240922,"Gradients_by_loss rec_from_latent_pretrain/: mapper15":0,"Gradients_by_loss recover_latent/: encoder1":0.00035565946856822093,"_runtime":3691.719974417,"r2_delta_OOD/20_all":0.17142075300216675,"Gradients_by_loss recover_latent/: decoder":0,"Gradients_by_loss rec_from_latent_pretrain/: encoder7":0,"Gradients_by_loss recover_latent/: encoder3":0.0002913649245537942,"r2_mean_OOD/10_all":0,"Gradients_by_loss rec_from_latent_pretrain/: mapper9":0,"Gradients_by_loss recover_latent/: mapper4":0.0003558264086057356,"r2_delta_criterion/100_all":0.4793413118882613,"r2_var_OOD/20_all":0.03999805450439453,"Rec/Pearson_gene_train":0.6966748237609863,"r2_mean_criterion/20_all":0.6330077919093046,"r2_mean_OOD/50_all":0.7101418972015381,"Gradients_by_loss recover_latent/: mapper0":0.0003407533521942951,"Gradients_by_loss rec_from_latent_pretrain/: mapper2":0,"Gradients_by_loss rec_from_latent_pretrain/: mapper3":0,"Gradients_by_loss recover_latent/: encoder0":0.0014590390481168786,"Gradients_by_loss recover_latent/: mapper1":0.0003194652641682628,"Gradients_by_loss recover_latent/: mapper7":0.00044228506656742084,"Gradients_by_loss recover_latent/: mapper5":0.00032899798171224793,"Gradients_by_loss rec_from_latent_pretrain/: mapper_tissue_mapper":0,"Gradients_by_loss rec_from_latent_pretrain/: encoder1":0,"losses/recover_latent":4.4995674294089306e-05,"r2_var_criterion/20_all":0.273253625089472,"Gradients_by_loss rec_from_latent_pretrain/: mapper11":0,"Gradients_by_loss recover_latent/: donor_embedder":3.200930586899631e-05,"Gradients_by_loss recover_latent/: encoder8":0.0013592185707137557,"Gradients_by_loss rec_from_latent_pretrain/: px_r":3.903055039700121e-05,"Gradients_by_loss recover_latent/: mapper12":0.0004882357171353555,"Gradients_by_loss recover_latent/: mapper10":0.0005105642805043556,"Gradients_by_loss recover_latent/: encoder9":0.0005205059698342759,"Gradients_by_loss recover_latent/: encoder14":0.0001366587539711625,"Gradients_by_loss rec_from_latent_pretrain/: encoder10":0,"Gradients_by_loss recover_latent/: encoder11":0.00024605632182714813,"Gradients_by_loss rec_from_latent_pretrain/: tissue_embedder":0,"Gradients_by_loss recover_latent/: encoder15":0.000500376305574514,"Gradients_by_loss recover_latent/: tissue_embedder":1.2264465112821199e-05,"r2_mean_criterion/10_all":0.5931256738576022,"r2_var_OOD/100_all":0,"r2_mean_OOD/100_all":0.7617231607437134,"Gradients_by_loss rec_from_latent_pretrain/: mapper1":0,"Gradients_by_loss recover_latent/: encoder5":0.0002559332973336821,"Gradients_by_loss rec_from_latent_pretrain/: mapper7":0,"Gradients_by_loss rec_from_latent_pretrain/: encoder6":0,"Gradients_by_loss recover_latent/: mapper11":0.0004935676974468097,"Gradients_by_loss rec_from_latent_pretrain/: mapper14":0,"r2_var_criterion/100_all":0.2642129226164384,"Gradients_by_loss recover_latent/: mapper15":0.0005379504486313897,"Gradients_by_loss recover_latent/: encoder7":0.001095828660973207,"Gradients_by_loss recover_latent/: encoder4":0.0006390588122650408,"Gradients_by_loss rec_from_latent_pretrain/: encoder12":0,"MIG_BINNED/dis_latent_stack_tissue_train":0.646955402823875,"Gradients_by_loss recover_latent/: mapper13":0.0004913221491122403,"wasserstein_OOD/10_all":0.6991263497279205,"Gradients_by_loss recover_latent/: encoder13":0.00034567667151083826,"r2_mean_criterion/100_all":0.7408458265391263,"r2_var_OOD/10_all":0.500578761100769,"Gradients_by_loss rec_from_latent_pretrain/: encoder_pretrain":0.04368783578947478,"Gradients_by_loss rec_from_latent_pretrain/: encoder9":0,"r2_var_criterion/50_all":0.2983392585407604,"Gradients_by_loss rec_from_latent_pretrain/: encoder8":0,"r2_delta_criterion/10_all":0.4698099331422286,"Gradients_by_loss rec_from_latent_pretrain/: mapper13":0,"r2_mean_OOD/20_all":0.3262905478477478,"Gradients_by_loss rec_from_latent_pretrain/: encoder3":0,"Gradients_by_loss rec_from_latent_pretrain/: encoder15":0,"r2_delta_OOD/100_all":0.22651249170303345,"Gradients_by_loss rec_from_latent_pretrain/: mapper0":0,"Gradients_by_loss rec_from_latent_pretrain/: mapper8":0,"Rec/Pearson_sample_train":0.9498604536056519,"_wandb":{"runtime":3691},"_timestamp":1.7674197087077103e+09,"pear_var_criterion/avg_all":NaN,"Gradients_by_loss recover_latent/: mapper3":0.00033468740843301,"Gradients_by_loss recover_latent/: encoder_pretrain":8.639092772645754e-05,"Gradients_by_loss rec_from_latent_pretrain/: encoder13":0,"Gradients_by_loss rec_from_latent_pretrain/: donor_embedder":0,"Gradients_by_loss recover_latent/: px_r":0,"Gradients_by_loss rec_from_latent_pretrain/: mapper10":0,"Gradients_by_loss rec_from_latent_pretrain/: encoder0":0,"r2_delta_criterion/20_all":0.435044678774747,"Gradients_by_loss rec_from_latent_pretrain/: decoder":0.09395694791281876,"Gradients_by_loss rec_from_latent_pretrain/: encoder2":0,"Gradients_by_loss recover_latent/: mapper8":0.0005612124680075811,"Gradients_by_loss rec_from_latent_pretrain/: mapper_donor_mapper":0,"r2_delta_OOD/50_all":0.2741814851760864}