{"r2_var_OOD/50_all":0.18064755201339722,"_step":521,"r2_var_criterion/10_all":0.41655406626788055,"losses/recover_latent":4.448343672200509e-05,"Gradients_by_loss recover_latent/: encoder8":0.0011201407023673337,"Gradients_by_loss recover_latent/: px_r":0,"Gradients_by_loss rec_from_latent_pretrain/: encoder7":0,"important_notes":{"sha256":"b706bee745bb57117d854a5f6db10620930cedc9845e759380cef8a5262e50de","size":7789,"path":"media/html/important_notes_0_b706bee745bb57117d85.html","_type":"html-file"},"Rec/Pearson_gene_train":0.6988107562065125,"Gradients_by_loss rec_from_latent_pretrain/: encoder4":0,"Gradients_by_loss recover_latent/: encoder13":0.00245662810890659,"Rec/R2_mean_train":0.9985031485557556,"Gradients_by_loss recover_latent/: mapper6":0.0013101455311519935,"Gradients_by_loss recover_latent/: donor_embedder":0.00015096255810931325,"Gradients_by_loss recover_latent/: mapper4":0.0014123016441875223,"r2_mean_criterion/100_all":0.7438600821928545,"Gradients_by_loss rec_from_latent_pretrain/: mapper1":0,"r2_var_OOD/20_all":0.15241628885269165,"Gradients_by_loss recover_latent/: mapper9":0.0013118557514147288,"Gradients_by_loss recover_latent/: mapper10":0.0013329972914520166,"Gradients_by_loss rec_from_latent_pretrain/: mapper15":0,"Gradients_by_loss recover_latent/: mapper15":0.0014969461099943139,"r2_var_OOD/10_all":0.6590976715087891,"r2_delta_criterion/20_all":0.5040548497980292,"Gradients_by_loss recover_latent/: mapper14":0.0015318643142548417,"Gradients_by_loss recover_latent/: mapper2":0.0011731650216453273,"r2_delta_OOD/100_all":0.3165181875228882,"r2_mean_criterion/10_all":0.5787626288153909,"r2_delta_criterion/50_all":0.5170577331022783,"Gradients_by_loss rec_from_latent_pretrain/: mapper12":0,"Gradients_by_loss rec_from_latent_pretrain/: encoder9":0,"r2_mean_OOD/20_all":0.5664116740226746,"Gradients_by_loss recover_latent/: decoder":0,"r2_mean_OOD/50_all":0.7977200746536255,"Gradients_by_loss recover_latent/: mapper13":0.0014838477613888046,"r2_delta_criterion/10_all":0.510574221611023,"Gradients_by_loss rec_from_latent_pretrain/: px_r":7.643068238394335e-05,"Gradients_by_loss recover_latent/: mapper11":0.0013050089112956278,"Gradients_by_loss rec_from_latent_pretrain/: donor_embedder":0,"Gradients_by_loss recover_latent/: encoder1":0.00075120283342703,"Gradients_by_loss rec_from_latent_pretrain/: mapper_tissue_mapper":0,"_timestamp":1.7674755961929429e+09,"Gradients_by_loss recover_latent/: encoder_pretrain":0.00042520241328768143,"Gradients_by_loss rec_from_latent_pretrain/: mapper_donor_mapper":0,"Gradients_by_loss recover_latent/: encoder10":0.00046739645548062226,"Gradients_by_loss recover_latent/: mapper7":0.0014125328053180863,"Gradients_by_loss rec_from_latent_pretrain/: encoder3":0,"Gradients_by_loss recover_latent/: encoder9":0.0008843366011741689,"Gradients_by_loss recover_latent/: mapper1":0.0011372791544930056,"r2_var_criterion/50_all":0.30079462853345,"Gradients_by_loss rec_from_latent_pretrain/: encoder1":0,"r2_mean_criterion/50_all":0.738969011740251,"Gradients_by_loss rec_from_latent_pretrain/: mapper10":0,"Gradients_by_loss recover_latent/: encoder4":0.0032088377595651373,"pear_var_criterion/avg_all":NaN,"_wandb":{"runtime":3773},"Gradients_by_loss rec_from_latent_pretrain/: mapper3":0,"Gradients_by_loss recover_latent/: encoder15":0.000495736484423261,"Gradients_by_loss recover_latent/: encoder0":0.006108979880960318,"losses/rec_from_latent_pretrain":0.6158145085444899,"r2_var_criterion/20_all":0.3501246246424588,"Gradients_by_loss recover_latent/: encoder2":0.002302585740949783,"Gradients_by_loss rec_from_latent_pretrain/: mapper5":0,"Gradients_by_loss rec_from_latent_pretrain/: mapper2":0,"Gradients_by_loss rec_from_latent_pretrain/: mapper14":0,"r2_delta_OOD/50_all":0.23625290393829346,"Gradients_by_loss recover_latent/: tissue_embedder":0.00011346473911544308,"Gradients_by_loss recover_latent/: mapper_donor_mapper":5.4995837079512135e-05,"Gradients_by_loss rec_from_latent_pretrain/: encoder12":0,"Gradients_by_loss rec_from_latent_pretrain/: mapper8":0,"r2_var_OOD/100_all":0.26006758213043213,"Gradients_by_loss rec_from_latent_pretrain/: encoder_pretrain":0.11384907909525442,"Gradients_by_loss recover_latent/: mapper3":0.0011541624943470783,"Gradients_by_loss rec_from_latent_pretrain/: encoder14":0,"Gradients_by_loss rec_from_latent_pretrain/: decoder":0.15726919424066763,"Gradients_by_loss rec_from_latent_pretrain/: encoder0":0,"Gradients_by_loss rec_from_latent_pretrain/: encoder11":0,"r2_var_criterion/100_all":0.3236182657155124,"Rec/Pearson_sample_train":0.9500619173049927,"Gradients_by_loss rec_from_latent_pretrain/: encoder15":0,"Rec/R2_var_train":0.9957318305969238,"r2_delta_OOD/20_all":0,"Gradients_by_loss recover_latent/: encoder7":0.002186105723632496,"MIG_BINNED/dis_latent_stack_tissue_train":0.6652823473314318,"r2_mean_OOD/100_all":0.8375495672225952,"Gradients_by_loss rec_from_latent_pretrain/: mapper13":0,"Gradients_by_loss recover_latent/: encoder3":0.0007034156016453453,"Gradients_by_loss rec_from_latent_pretrain/: mapper9":0,"Gradients_by_loss recover_latent/: mapper12":0.0012949063263390777,"r2_delta_OOD/10_all":0,"Gradients_by_loss rec_from_latent_pretrain/: mapper0":0,"Gradients_by_loss recover_latent/: encoder6":0.0001798694939197394,"wasserstein_criterion/10_all":0.3229137084480516,"Gradients_by_loss recover_latent/: mapper0":0.0012101627740806983,"Gradients_by_loss recover_latent/: mapper5":0.0014468953310739748,"Gradients_by_loss recover_latent/: encoder12":0.0006485945436793193,"r2_delta_criterion/100_all":0.5104645382274281,"Gradients_by_loss rec_from_latent_pretrain/: encoder2":0,"Gradients_by_loss rec_from_latent_pretrain/: tissue_embedder":0,"Gradients_by_loss rec_from_latent_pretrain/: mapper11":0,"Gradients_by_loss recover_latent/: mapper_tissue_mapper":2.149883969217316e-05,"r2_mean_criterion/20_all":0.625482439994812,"Gradients_by_loss rec_from_latent_pretrain/: mapper6":0,"_runtime":3773.69348966,"Gradients_by_loss rec_from_latent_pretrain/: encoder10":0,"Gradients_by_loss rec_from_latent_pretrain/: encoder13":0,"Gradients_by_loss rec_from_latent_pretrain/: encoder8":0,"Gradients_by_loss rec_from_latent_pretrain/: encoder6":0,"Gradients_by_loss rec_from_latent_pretrain/: encoder5":0,"Gradients_by_loss rec_from_latent_pretrain/: mapper7":0,"wasserstein_OOD/10_all":0.7297604656458668,"Gradients_by_loss recover_latent/: encoder11":0.0009859966342815236,"Gradients_by_loss recover_latent/: mapper8":0.001320669405877537,"Gradients_by_loss recover_latent/: encoder5":0.0018476757526017919,"Gradients_by_loss recover_latent/: encoder14":0.0011908500975201545,"Gradients_by_loss rec_from_latent_pretrain/: mapper4":0,"r2_mean_OOD/10_all":0}