{"wass_dist/20":0.4559455124556755,"_wandb":{"runtime":0},"pear_var/10":0.374544514639692,"r2_mean/20000":0.957096517086029,"r2_delta/50":0.9990090131759644,"r2_var/50":0,"_runtime":0.567979992,"_timestamp":1.7438270431124308e+09,"wass_dist/10":0.48682514769529117,"pear_var/200":0.4611139062880867,"r2_var/20000":0,"r2_mean/20":0.8925246000289917,"r2_var/20":0,"r2_delta/200":0.998670756816864,"pear_var/20":0.1386642475113407,"r2_delta/100":0.9987374544143677,"r2_mean/100":0.9266013503074646,"r2_delta/20000":0.9990639686584473,"pear_var/20000":0.5523970970583977,"r2_var/10":0,"r2_mean/10":0.6408799886703491,"r2_var/200":0,"r2_delta/10":0.12581413984298706,"r2_var/100":0,"wass_dist/100":0.3557997067566309,"r2_mean/200":0.9296015501022339,"pear_var/100":0.339836928486318,"r2_delta/20":0.9991996884346008,"pear_var/50":0.3268777304188097,"_step":0,"r2_mean/50":0.9047228097915649}