{"Gradients_by_loss recover_latent/: tissue_embedder":1.9152254026266746e-05,"r2_delta_OOD/20_all":0.45040470361709595,"Gradients_by_loss recover_latent/: encoder1":0.0003017939709873393,"Gradients_by_loss recover_latent/: encoder5":0.0003986378330198763,"Gradients_by_loss rec_from_latent_pretrain/: tissue_embedder":0,"Gradients_by_loss recover_latent/: mapper0":0.0001731288843411513,"Gradients_by_loss recover_latent/: encoder9":0.00027218795910155123,"Gradients_by_loss recover_latent/: encoder3":0.00015490713060521775,"Gradients_by_loss recover_latent/: encoder11":0.0007307210909084436,"Gradients_by_loss recover_latent/: encoder14":0.0004080505323688861,"r2_delta_OOD/100_all":0.549741268157959,"Gradients_by_loss recover_latent/: mapper4":0.0005508545239435013,"r2_var_criterion/50_all":0.26371386647224426,"Gradients_by_loss rec_from_latent_pretrain/: mapper6":0,"_timestamp":1.7681110865507085e+09,"Gradients_by_loss recover_latent/: encoder4":0.0018654574907959575,"r2_delta_criterion/50_all":0.5453669726848602,"r2_delta_criterion/10_all":0.3924190551042557,"Gradients_by_loss rec_from_latent_pretrain/: encoder7":0,"Rec/R2_mean_train":0.9958751201629639,"r2_mean_criterion/100_all":0.8129329010844231,"Gradients_by_loss recover_latent/: encoder6":0.00045420221616825513,"Gradients_by_loss rec_from_latent_pretrain/: encoder12":0,"Gradients_by_loss recover_latent/: mapper15":0.0005755977697150017,"r2_delta_criterion/20_all":0.4444504752755165,"Gradients_by_loss rec_from_latent_pretrain/: decoder":0.14825546909673817,"Gradients_by_loss rec_from_latent_pretrain/: mapper_tissue_mapper":0,"Gradients_by_loss rec_from_latent_pretrain/: encoder0":0,"Gradients_by_loss recover_latent/: mapper_tissue_mapper":7.3006066219427055e-06,"Gradients_by_loss recover_latent/: mapper14":0.0006030096454616616,"Gradients_by_loss rec_from_latent_pretrain/: encoder9":0,"Gradients_by_loss rec_from_latent_pretrain/: mapper7":0,"Gradients_by_loss recover_latent/: mapper7":0.00047574184310254997,"Gradients_by_loss recover_latent/: encoder_pretrain":0.00013158773284615332,"Gradients_by_loss recover_latent/: encoder0":0.0008875308986774056,"Gradients_by_loss recover_latent/: mapper6":0.000490737646284306,"Gradients_by_loss recover_latent/: mapper8":0.00045198594038221466,"losses/recover_latent":6.962679082676005e-05,"Gradients_by_loss rec_from_latent_pretrain/: encoder6":0,"Gradients_by_loss rec_from_latent_pretrain/: mapper13":0,"r2_mean_OOD/20_all":0.4990999102592468,"r2_mean_OOD/50_all":0.7437049150466919,"Gradients_by_loss rec_from_latent_pretrain/: px_r":1.35923919515335e-05,"losses/rec_from_latent_pretrain":0.5832766201812773,"Gradients_by_loss rec_from_latent_pretrain/: encoder5":0,"Gradients_by_loss rec_from_latent_pretrain/: encoder14":0,"Gradients_by_loss rec_from_latent_pretrain/: mapper4":0,"r2_mean_criterion/20_all":0.6575300917029381,"Gradients_by_loss recover_latent/: mapper2":0.00021645150250100637,"Gradients_by_loss rec_from_latent_pretrain/: mapper1":0,"_step":521,"Gradients_by_loss rec_from_latent_pretrain/: encoder15":0,"r2_delta_criterion/100_all":0.5431653931736946,"_runtime":1319.311003866,"Gradients_by_loss rec_from_latent_pretrain/: encoder2":0,"wasserstein_OOD/10_all":0.8122191522820618,"Gradients_by_loss rec_from_latent_pretrain/: encoder13":0,"MIG_BINNED/dis_latent_stack_tissue_train":0.6783067666769707,"Gradients_by_loss rec_from_latent_pretrain/: mapper14":0,"Gradients_by_loss rec_from_latent_pretrain/: mapper11":0,"Gradients_by_loss rec_from_latent_pretrain/: encoder_pretrain":0.06386613198855004,"r2_delta_OOD/50_all":0.46259504556655884,"Gradients_by_loss recover_latent/: encoder10":0.000663280901566567,"Gradients_by_loss recover_latent/: mapper_donor_mapper":1.3848083046139008e-05,"r2_mean_OOD/100_all":0.8070629835128784,"r2_var_criterion/20_all":0.30656322836875916,"pear_var_criterion/avg_all":NaN,"Gradients_by_loss recover_latent/: mapper11":0.0005380304418430037,"Rec/R2_var_train":0.990584671497345,"Rec/Pearson_sample_train":0.947225034236908,"important_notes":{"path":"media/html/important_notes_0_191667bf6d93c3bc9994.html","_type":"html-file","sha256":"191667bf6d93c3bc9994147449347f18b2d59d1a82109cf0b59fbb22d7b89991","size":7813},"_wandb":{"runtime":1319},"Gradients_by_loss recover_latent/: mapper1":0.00018380039622110174,"Gradients_by_loss rec_from_latent_pretrain/: encoder3":0,"Gradients_by_loss rec_from_latent_pretrain/: encoder4":0,"Gradients_by_loss rec_from_latent_pretrain/: mapper_donor_mapper":0,"Gradients_by_loss recover_latent/: mapper9":0.0004488021028108657,"Gradients_by_loss rec_from_latent_pretrain/: donor_embedder":0,"Gradients_by_loss recover_latent/: encoder12":0.0010312311801221365,"r2_var_OOD/20_all":0,"Rec/Pearson_gene_train":0.7547785043716431,"Gradients_by_loss recover_latent/: encoder7":0.0005320499011522254,"r2_delta_OOD/10_all":0,"r2_mean_criterion/10_all":0.5186336636543274,"Gradients_by_loss recover_latent/: mapper13":0.0005568619462197829,"r2_mean_OOD/10_all":0,"Gradients_by_loss recover_latent/: decoder":0,"r2_var_OOD/50_all":0.31251877546310425,"Gradients_by_loss recover_latent/: mapper3":0.00019826711822332657,"Gradients_by_loss rec_from_latent_pretrain/: mapper9":0,"Gradients_by_loss rec_from_latent_pretrain/: mapper10":0,"Gradients_by_loss rec_from_latent_pretrain/: encoder1":0,"Gradients_by_loss recover_latent/: encoder13":6.666221608910683e-05,"Gradients_by_loss rec_from_latent_pretrain/: mapper2":0,"Gradients_by_loss rec_from_latent_pretrain/: mapper12":0,"wasserstein_criterion/10_all":0.5702807580536009,"Gradients_by_loss recover_latent/: encoder15":9.076642309291964e-05,"Gradients_by_loss recover_latent/: encoder2":0.00047705399266015954,"Gradients_by_loss recover_latent/: encoder8":0.00033319674543041196,"Gradients_by_loss recover_latent/: mapper12":0.000593349642354767,"r2_var_criterion/100_all":0.29522157460451126,"Gradients_by_loss recover_latent/: donor_embedder":5.7623779866844416e-05,"Gradients_by_loss rec_from_latent_pretrain/: mapper15":0,"Gradients_by_loss rec_from_latent_pretrain/: encoder8":0,"Gradients_by_loss rec_from_latent_pretrain/: mapper8":0,"Gradients_by_loss rec_from_latent_pretrain/: encoder11":0,"Gradients_by_loss recover_latent/: px_r":0,"r2_var_OOD/10_all":0,"r2_var_criterion/10_all":0.38773776590824127,"Gradients_by_loss rec_from_latent_pretrain/: mapper5":0,"Gradients_by_loss recover_latent/: mapper5":0.0005053693562067046,"Gradients_by_loss recover_latent/: mapper10":0.0005027292812040809,"Gradients_by_loss rec_from_latent_pretrain/: mapper3":0,"Gradients_by_loss rec_from_latent_pretrain/: encoder10":0,"Gradients_by_loss rec_from_latent_pretrain/: mapper0":0,"r2_var_OOD/100_all":0.38576775789260864,"r2_mean_criterion/50_all":0.7692954540252686}