{"r2_mean/20000": 0.9031328558921814, "r2_var/20000": 0, "pear_var/20000": 0.5378168693731409, "r2_delta/20000": 0.5600789785385132, "r2_mean/200": 0.8660987615585327, "r2_var/200": 0, "pear_var/200": 0.4301831110345739, "r2_delta/200": 0.7831252217292786, "r2_mean/100": 0.8903283476829529, "r2_var/100": 0, "pear_var/100": 0.5031661204286243, "r2_delta/100": 0.8489163517951965, "wass_dist/100": 0.37232191038345464, "r2_mean/50": 0.8881267309188843, "r2_var/50": 0, "pear_var/50": 0.42443332565528735, "r2_delta/50": 0.8437184691429138, "r2_mean/20": 0.8859838247299194, "r2_var/20": 0, "pear_var/20": 0.4105162239088172, "r2_delta/20": 0.824261486530304, "wass_dist/20": 0.39851850778722875, "r2_mean/10": 0.8804136514663696, "r2_var/10": 0, "pear_var/10": 0.7488579659031407, "r2_delta/10": 0.8408893346786499, "wass_dist/10": 0.359272207123376, "_timestamp": 1743910977.5465112, "_runtime": 1.5687811374664307, "_step": 0, "_wandb": {"runtime": 1}}