{"r2_mean/20000": 0.9575462341308594, "r2_var/20000": 0, "pear_var/20000": 0.3769726567030918, "r2_delta/20000": 0.34447580575942993, "r2_mean/200": 0.9342027902603149, "r2_var/200": 0, "pear_var/200": 0.31899301426081184, "r2_delta/200": 0.730893611907959, "r2_mean/100": 0.8982194066047668, "r2_var/100": 0, "pear_var/100": 0.3765498824794643, "r2_delta/100": 0.6761742830276489, "wass_dist/100": 0.4217558624191249, "r2_mean/50": 0.9360324144363403, "r2_var/50": 0, "pear_var/50": 0.12218072904236353, "r2_delta/50": 0.7976288795471191, "r2_mean/20": 0.9432846307754517, "r2_var/20": 0, "pear_var/20": -0.40051961574349637, "r2_delta/20": 0.7794395685195923, "wass_dist/20": 0.4976972592044729, "r2_mean/10": 0.8209710121154785, "r2_var/10": 0, "pear_var/10": -0.490515397796525, "r2_delta/10": 0.7498201131820679, "wass_dist/10": 0.4807663931805295, "_timestamp": 1743888612.7571611, "_runtime": 1.243359088897705, "_step": 0, "_wandb": {"runtime": 1}}