{"r2_mean/50":0.891092836856842,"pear_var/100":0.3081344410806046,"_step":0,"wass_dist/100":0.5158904953235046,"r2_delta/10":0.6985622644424438,"r2_delta/100":0.998935341835022,"r2_var/20000":0,"pear_var/10":-0.285972371723166,"r2_mean/20000":0.7449334859848022,"pear_var/20000":0.5979561173104369,"r2_delta/200":0.9996721148490906,"r2_var/200":0,"r2_delta/20":0.8500746488571167,"_timestamp":1.7438276100131648e+09,"pear_var/50":0.3820093244255163,"r2_var/100":0,"r2_var/10":0,"_runtime":0.598921678,"r2_delta/50":0.941243588924408,"r2_var/50":0,"r2_mean/100":0.8333491086959839,"r2_mean/200":0.8098000884056091,"r2_mean/20":0.8996089696884155,"pear_var/200":0.2937418899682221,"_wandb":{"runtime":0},"wass_dist/20":0.45437293875276163,"pear_var/20":0.46828090461233696,"r2_var/20":0,"r2_delta/20000":0.9984180927276611,"r2_mean/10":0.8861249089241028,"wass_dist/10":0.40124150257170876}