{"Gradients_by_loss recover_latent/: encoder_pretrain":0.0070582325000386765,"Gradients_by_loss recover_latent/: encoder11":0.006185470254274741,"r2_var_criterion/10_all":0.127557711167769,"Gradients_by_loss recover_latent/: mapper9":0.019655392139086538,"losses/recover_latent":0.012719355789678437,"Gradients_by_loss rec_from_latent_pretrain/: encoder8":0,"Gradients_by_loss rec_from_latent_pretrain/: encoder9":0,"r2_var_criterion/50_all":0.09031387892636386,"Gradients_by_loss rec_from_latent_pretrain/: tissue_embedder":0,"_wandb":{"runtime":126},"Gradients_by_loss recover_latent/: encoder4":0.0039657043354542326,"Gradients_by_loss recover_latent/: mapper_tissue_mapper":0.0017147453293135592,"r2_var_OOD/50_all":0,"MIG_BINNED/dis_latent_stack_tissue_train":0.5575488913409248,"Gradients_by_loss recover_latent/: tissue_embedder":0.0007136123022064567,"Gradients_by_loss recover_latent/: mapper7":0.018932759743037,"Gradients_by_loss recover_latent/: mapper6":0.01885037563230865,"Gradients_by_loss recover_latent/: encoder1":0.004415430019714637,"Gradients_by_loss recover_latent/: encoder5":0.01012828387403823,"Gradients_by_loss rec_from_latent_pretrain/: mapper9":0,"Gradients_by_loss recover_latent/: mapper4":0.015456194122363985,"Gradients_by_loss recover_latent/: mapper2":0.014063722578145641,"Gradients_by_loss rec_from_latent_pretrain/: encoder4":0,"r2_var_criterion/100_all":0.0790717059915716,"r2_mean_OOD/10_all":0,"Gradients_by_loss recover_latent/: encoder0":0.003968589684522432,"Gradients_by_loss rec_from_latent_pretrain/: encoder11":0,"Gradients_by_loss recover_latent/: mapper1":0.004113736626001786,"Gradients_by_loss rec_from_latent_pretrain/: encoder0":0,"Gradients_by_loss rec_from_latent_pretrain/: mapper4":0,"Gradients_by_loss recover_latent/: encoder15":0.0003253411250407665,"Gradients_by_loss rec_from_latent_pretrain/: encoder7":0,"Gradients_by_loss recover_latent/: mapper13":0.019938976399509683,"Gradients_by_loss rec_from_latent_pretrain/: mapper1":0,"Rec/R2_var_train":0.9732061624526978,"Gradients_by_loss recover_latent/: donor_embedder":9.648562991060317e-05,"r2_var_criterion/20_all":0.10077974471178922,"wasserstein_criterion/10_all":0.6631179148000108,"Gradients_by_loss rec_from_latent_pretrain/: mapper11":0,"r2_delta_criterion/100_all":0.4625873565673828,"r2_delta_OOD/20_all":0.14938753843307495,"important_notes":{"sha256":"6218619c931843b1f8bddbf765ca4ac4a8a25f4cfce3b87a58cfa04946a77a4c","size":7816,"path":"media/html/important_notes_0_6218619c931843b1f8bd.html","_type":"html-file"},"r2_mean_criterion/20_all":0.3920785134488886,"Gradients_by_loss rec_from_latent_pretrain/: mapper_tissue_mapper":0,"Gradients_by_loss recover_latent/: mapper11":0.02046759281061637,"Gradients_by_loss rec_from_latent_pretrain/: encoder15":0,"Gradients_by_loss recover_latent/: encoder7":0.003155139641434638,"r2_delta_OOD/50_all":0.18116599321365356,"Gradients_by_loss recover_latent/: encoder3":0.0122426069313089,"r2_var_OOD/10_all":0,"Gradients_by_loss recover_latent/: mapper_donor_mapper":0.0026272359426447395,"Gradients_by_loss rec_from_latent_pretrain/: encoder10":0,"Gradients_by_loss rec_from_latent_pretrain/: mapper14":0,"Gradients_by_loss recover_latent/: mapper14":0.020654209247575196,"r2_delta_OOD/10_all":0.07211637496948242,"Gradients_by_loss rec_from_latent_pretrain/: donor_embedder":0,"Rec/Pearson_sample_train":0.9153239130973816,"Gradients_by_loss rec_from_latent_pretrain/: mapper_donor_mapper":0,"r2_mean_criterion/50_all":0.616388429294933,"Gradients_by_loss rec_from_latent_pretrain/: mapper2":0,"r2_mean_OOD/100_all":0.5440362095832825,"r2_delta_criterion/10_all":0.47521141984245996,"Gradients_by_loss recover_latent/: encoder10":0.005076816553555926,"Gradients_by_loss rec_from_latent_pretrain/: decoder":0.41267904124035054,"r2_delta_OOD/100_all":0.16253721714019775,"Gradients_by_loss rec_from_latent_pretrain/: mapper0":0,"Gradients_by_loss rec_from_latent_pretrain/: mapper12":0,"Gradients_by_loss rec_from_latent_pretrain/: encoder2":0,"Gradients_by_loss recover_latent/: mapper8":0.0187094446265566,"Gradients_by_loss rec_from_latent_pretrain/: mapper7":0,"Gradients_by_loss rec_from_latent_pretrain/: encoder1":0,"Gradients_by_loss recover_latent/: encoder9":0.008290163413959809,"Gradients_by_loss rec_from_latent_pretrain/: mapper10":0,"Gradients_by_loss recover_latent/: mapper5":0.016867951499238438,"r2_mean_OOD/50_all":0.260439395904541,"Gradients_by_loss recover_latent/: encoder14":0.004824624504156852,"Gradients_by_loss recover_latent/: encoder8":0.0039023554111108955,"Gradients_by_loss rec_from_latent_pretrain/: mapper8":0,"r2_delta_criterion/50_all":0.4637710560451854,"Rec/R2_mean_train":0.9819789528846741,"_step":521,"losses/rec_from_latent_pretrain":0.6077374007020678,"Gradients_by_loss recover_latent/: mapper12":0.019962605817117358,"Gradients_by_loss rec_from_latent_pretrain/: mapper5":0,"Gradients_by_loss rec_from_latent_pretrain/: mapper15":0,"Gradients_by_loss rec_from_latent_pretrain/: encoder14":0,"Gradients_by_loss recover_latent/: encoder2":0.014544659375050884,"Gradients_by_loss rec_from_latent_pretrain/: mapper3":0,"r2_mean_criterion/10_all":0.3303471099246632,"Gradients_by_loss recover_latent/: mapper15":0.0196741833914929,"Gradients_by_loss recover_latent/: encoder6":0.016633162915216094,"Gradients_by_loss rec_from_latent_pretrain/: encoder_pretrain":0.3959591248340913,"Gradients_by_loss recover_latent/: encoder13":0.00472474091361386,"_timestamp":1.7677543189756405e+09,"wasserstein_OOD/10_all":0.9914260926909633,"_runtime":126.021402614,"Gradients_by_loss rec_from_latent_pretrain/: encoder5":0,"Gradients_by_loss rec_from_latent_pretrain/: mapper6":0,"Gradients_by_loss rec_from_latent_pretrain/: encoder3":0,"Gradients_by_loss rec_from_latent_pretrain/: encoder13":0,"Gradients_by_loss rec_from_latent_pretrain/: encoder12":0,"r2_var_OOD/100_all":0,"Gradients_by_loss recover_latent/: px_r":0,"Gradients_by_loss rec_from_latent_pretrain/: mapper13":0,"Gradients_by_loss rec_from_latent_pretrain/: px_r":0.0005700891488231719,"r2_delta_criterion/20_all":0.45258435336026276,"Rec/Pearson_gene_train":0.9146443472027779,"Gradients_by_loss recover_latent/: mapper10":0.020046155037159317,"r2_mean_criterion/100_all":0.695896099914204,"Gradients_by_loss recover_latent/: mapper3":0.015512833880460057,"pear_var_criterion/avg_all":NaN,"Gradients_by_loss recover_latent/: mapper0":0.003537595999011432,"Gradients_by_loss recover_latent/: decoder":0,"Gradients_by_loss rec_from_latent_pretrain/: encoder6":0,"Gradients_by_loss recover_latent/: encoder12":0.002993265070336164,"r2_var_OOD/20_all":0,"r2_mean_OOD/20_all":0}