{"r2_mean/20000": 0.9461390972137451, "r2_var/20000": 0, "pear_var/20000": 0.6126877034032476, "r2_delta/20000": 0.5727735757827759, "r2_mean/200": 0.9184333086013794, "r2_var/200": 0, "pear_var/200": 0.43377116340888017, "r2_delta/200": 0.7860012650489807, "r2_mean/100": 0.9040188789367676, "r2_var/100": 0, "pear_var/100": 0.31767990810719327, "r2_delta/100": 0.7611369490623474, "wass_dist/100": 0.4162761425150985, "r2_mean/50": 0.9063597917556763, "r2_var/50": 0, "pear_var/50": 0.5385495680726466, "r2_delta/50": 0.7513008117675781, "r2_mean/20": 0.8826249837875366, "r2_var/20": 0, "pear_var/20": 0.21694054967569168, "r2_delta/20": 0.6351510882377625, "wass_dist/20": 0.4644061831169881, "r2_mean/10": 0.697181761264801, "r2_var/10": 0, "pear_var/10": 0.005160917593542549, "r2_delta/10": 0.5679503679275513, "wass_dist/10": 0.455626039201109, "_timestamp": 1744117323.6078625, "_runtime": 1.9474294185638428, "_step": 0, "_wandb": {"runtime": 1}}