{"r2_delta/100":0.9951919913291931,"r2_mean/50":0.7812167406082153,"r2_mean/200":0.7526286840438843,"pear_var/50":0.2941458444414419,"pear_var/20":0.024941377946240018,"_wandb":{"runtime":0},"r2_var/50":0,"wass_dist/10":0.47176173343485284,"r2_var/200":0,"r2_delta/200":0.9937008619308472,"pear_var/10":0.46303896339873507,"r2_mean/20":0.8005355000495911,"r2_var/20":0,"r2_var/10":0,"r2_var/20000":0,"_timestamp":1.74382459468218e+09,"r2_var/100":0,"r2_delta/50":0.997640073299408,"pear_var/200":0.30660346664613014,"r2_delta/10":0.35982638597488403,"r2_mean/20000":0.8061332106590271,"wass_dist/20":0.49728984707624646,"r2_mean/100":0.7250514030456543,"r2_delta/20000":0.9951043128967285,"_runtime":0.601336238,"wass_dist/100":0.42354677779650374,"r2_mean/10":0.6596022844314575,"pear_var/20000":0.44621580775708586,"_step":0,"r2_delta/20":0.9986189603805542,"pear_var/100":0.12127171609114618}