{"r2_mean/20000":0.7859506011009216,"_timestamp":1.743828081710712e+09,"r2_delta/10":0,"_runtime":0.619068853,"wass_dist/20":0.9411623843502743,"r2_var/100":0,"_step":0,"pear_var/50":0.7875669810391025,"r2_delta/20000":0.9986724853515625,"r2_mean/200":0.4803060293197632,"r2_var/50":0,"pear_var/20000":0.5852462716354004,"r2_mean/10":0,"pear_var/200":0.5475767456398128,"_wandb":{"runtime":0},"r2_var/20000":0,"wass_dist/10":0.9309211006952542,"pear_var/100":0.7144422160823005,"r2_delta/100":0.9960108995437622,"wass_dist/100":0.7317280790774966,"r2_mean/50":0,"r2_mean/100":0.375568687915802,"r2_var/200":0,"r2_var/10":0,"pear_var/10":-0.07704191673556662,"r2_delta/50":0.4555833339691162,"r2_delta/20":0,"r2_mean/20":0,"r2_delta/200":0.9991041421890259,"pear_var/20":0.844538981566064,"r2_var/20":0}