{"r2_mean/20000": 0.9756999611854553, "r2_var/20000": 0, "pear_var/20000": 0.6659421519857894, "r2_delta/20000": 0.7583551406860352, "r2_mean/200": 0.9645360112190247, "r2_var/200": 0, "pear_var/200": 0.613241414006406, "r2_delta/200": 0.8911929130554199, "r2_mean/100": 0.951270580291748, "r2_var/100": 0, "pear_var/100": 0.6750140936849629, "r2_delta/100": 0.8704996705055237, "wass_dist/100": 0.3891322795833283, "r2_mean/50": 0.9451118111610413, "r2_var/50": 0, "pear_var/50": 0.7640350417196229, "r2_delta/50": 0.8581669330596924, "r2_mean/20": 0.9697299599647522, "r2_var/20": 0, "pear_var/20": 0.7578559181620349, "r2_delta/20": 0.9011602997779846, "wass_dist/20": 0.4245490792498933, "r2_mean/10": 0.9046511650085449, "r2_var/10": 0, "pear_var/10": -0.27218658067609275, "r2_delta/10": 0.8441135287284851, "wass_dist/10": 0.4056632442428998, "_timestamp": 1744059376.1712656, "_runtime": 1.753065586090088, "_step": 0, "_wandb": {"runtime": 1}}