{"r2_mean/50":0.6648131012916565,"r2_mean/200":0.7323201298713684,"r2_mean/20":0.6846756935119629,"pear_var/100":0.6935763046573774,"pear_var/20":0.7446044044690746,"r2_mean/10":0.3920946717262268,"r2_delta/50":0.9957937002182007,"_timestamp":1.74382256828334e+09,"r2_var/20000":0,"wass_dist/10":0.5200479546015492,"r2_mean/20000":0.8032134771347046,"r2_mean/100":0.7436861991882324,"_runtime":0.649946982,"pear_var/200":0.6781323132589366,"r2_delta/20":0.9974182844161987,"_step":0,"r2_delta/100":0.9956329464912415,"pear_var/20000":0.57378804321399,"r2_var/20":0,"pear_var/10":-0.04487201123258912,"r2_var/100":0,"r2_delta/20000":0.9951992034912109,"wass_dist/100":0.42954602487822063,"r2_var/200":0,"wass_dist/20":0.5132834994960036,"r2_delta/200":0.9946016669273376,"r2_var/10":0,"pear_var/50":0.7446650633497773,"r2_delta/10":0,"r2_var/50":0,"_wandb":{"runtime":0}}