{"r2_mean/20000": 0.931668221950531, "r2_var/20000": 0, "pear_var/20000": 0.43465484357815554, "r2_delta/20000": 0.4579901099205017, "r2_mean/200": 0.9104573130607605, "r2_var/200": 0, "pear_var/200": 0.2907179134333216, "r2_delta/200": 0.7650755643844604, "r2_mean/100": 0.8900125622749329, "r2_var/100": 0, "pear_var/100": 0.160424678482393, "r2_delta/100": 0.7262800931930542, "wass_dist/100": 0.4486266452003225, "r2_mean/50": 0.8508169651031494, "r2_var/50": 0, "pear_var/50": 0.1528491278317008, "r2_delta/50": 0.603784441947937, "r2_mean/20": 0.8462572693824768, "r2_var/20": 0, "pear_var/20": -0.23709886652004963, "r2_delta/20": 0.52210533618927, "wass_dist/20": 0.5545496095919945, "r2_mean/10": 0.651479959487915, "r2_var/10": 0, "pear_var/10": -0.30399159704260337, "r2_delta/10": 0.5027446150779724, "wass_dist/10": 0.5185071132674465, "_timestamp": 1743885578.495829, "_runtime": 1.3453311920166016, "_step": 0, "_wandb": {"runtime": 1}}