{"Gradients_by_loss recover_latent/: encoder13":0.001347087692377762,"BCL2L11+BAK1/Wass_combo_specific_10_all":0.250853894987961,"Gradients_by_loss recover_latent/: mapper3":0.0003318211660793211,"Gradients_by_loss rec_from_latent_pretrain/: mapper9":0,"Gradients_by_loss recover_latent/: encoder_pretrain":0.0003104941123356643,"KLF1+TGFBR2/R2_combo_specific_100_all":0.9924004673957825,"AHR+KLF1/Pearson Delta_combo_specific_100_all":0.876149468030145,"Gradients_by_loss recover_latent/: mapper15":0.0007503236496298534,"CBL+PTPN12/Pearson Delta_100_all":0.9617739181609587,"Gradients_by_loss rec_from_latent_pretrain/: mapper13":0,"Gradients_by_loss recover_latent/: mapper1":0.00032376718121142773,"Gradients_by_loss rec_from_latent_pretrain/: encoder8":0,"AHR+KLF1/R2_combo_specific_50_all":0.9859238862991333,"KLF1+TGFBR2/R2_10_all":0.9913264513015747,"Gradients_by_loss recover_latent/: encoder12":0.0002770051432196213,"PLK4+STIL/Wass_10_all":0.36074530619216966,"Gradients_by_loss rec_from_latent_pretrain/: mapper4":0,"_wandb":{"runtime":42427},"Gradients_by_loss rec_from_latent_pretrain/: encoder12":0,"Gradients_by_loss rec_from_latent_pretrain/: mapper3":0,"ETS2+IGDCC3/Pearson Delta_10_all":0.6985947801762655,"KLF1+TGFBR2/Wass_combo_specific_10_all":0.20942057900445232,"Rec/R2_var_train":0.9875032901763916,"BCL2L11+BAK1/Pearson Delta_20_all":0.43947347549862203,"Gradients_by_loss rec_from_latent_pretrain/: encoder10":0,"ETS2+IGDCC3/Pearson Delta_20_all":0.8046599052106128,"Gradients_by_loss recover_latent/: encoder15":0.001021779251118603,"MAP2K3+MAP2K6/Wass_combo_specific_10_all":0.18052619978183976,"MAP2K3+SLC38A2/Wass_10_all":0.1888960919324466,"BCL2L11+BAK1/Pearson Delta_combo_specific_10_all":0.6181911590797676,"ETS2+IGDCC3/Pearson Delta_combo_specific_100_all":0.6664272125911744,"MAP2K3+SLC38A2/Pearson Delta_50_all":0.7394044546380215,"Gradients_by_loss recover_latent/: encoder10":0.0008200784584656208,"Gradients_by_loss recover_latent/: mapper12":0.0003872325912199487,"Gradients_by_loss recover_latent/: mapper2":0.0002917615725794705,"CBL+PTPN12/Pearson Delta_combo_specific_100_all":0.9663399650576868,"Gradients_by_loss recover_latent/: encoder2":0.0002510225792230341,"Gradients_by_loss recover_latent/: encoder3":0.0006628047850216765,"CBL+PTPN12/Pearson Delta_combo_specific_20_all":0.9747454001881515,"MAPK1+PRTG/Pearson Delta_combo_specific_20_all":0.4909455019001452,"BCL2L11+BAK1/Wass_10_all":0.2337419930115281,"MAP2K3+MAP2K6/Pearson Delta_combo_specific_10_all":0.9439170529870209,"Gradients_by_loss recover_latent/: encoder8":0.00042963111381638495,"BCL2L11+BAK1/Pearson Delta_10_all":0.5359873888274632,"Gradients_by_loss recover_latent/: mapper10":0.0003540470866703509,"Rec/Pearson_sample_train":0.988925039768219,"Gradients_by_loss rec_from_latent_pretrain/: mapper_perturbation1_mapper":0,"BCL2L11+BAK1/R2_combo_specific_20_all":0.9778900146484375,"Gradients_by_loss recover_latent/: encoder1":0.001153333785781324,"AHR+KLF1/R2_combo_specific_20_all":0.9719635248184204,"ETS2+IGDCC3/Wass_combo_specific_10_all":0.4212719210265451,"Gradients_by_loss recover_latent/: mapper_perturbation1_mapper":8.021452127683908e-06,"JUN+CEBPB/Pearson Delta_combo_specific_100_all":0.9200425254998158,"PLK4+STIL/R2_combo_specific_50_all":0.9678054451942444,"MAP2K3+SLC38A2/R2_100_all":0.9873295426368713,"Gradients_by_loss recover_latent/: mapper5":0.0003098682325284137,"MAP2K3+SLC38A2/Pearson Delta_20_all":0.8569287775036779,"KLF1+TGFBR2/R2_combo_specific_10_all":0.9941149950027466,"r2_mean_criterion/100_all":0.9386775872924111,"KLF1+TGFBR2/R2_100_all":0.9920259118080139,"MAP2K3+SLC38A2/R2_10_all":0.9868427515029907,"MAP2K3+SLC38A2/Pearson Delta_10_all":0.834767332622645,"Gradients_by_loss recover_latent/: mapper13":0.0006568502949099791,"CBL+PTPN12/Wass_combo_specific_10_all":0.34907203123031505,"PLK4+STIL/Pearson Delta_20_all":0.8457321646124288,"JUN+CEBPB/Pearson Delta_100_all":0.9467631681416978,"CBL+PTPN12/R2_100_all":0.9814655184745789,"Gradients_by_loss recover_latent/: encoder14":0.0007315689818578028,"KLF1+TGFBR2/Pearson Delta_combo_specific_50_all":0.9806185814529532,"Gradients_by_loss recover_latent/: mapper8":0.0003273435941382208,"MAP2K3+SLC38A2/Pearson Delta_combo_specific_100_all":0.7455574627519087,"Gradients_by_loss rec_from_latent_pretrain/: mapper14":0,"Gradients_by_loss rec_from_latent_pretrain/: mapper10":0,"CBL+PTPN12/R2_combo_specific_10_all":0.9734194874763489,"BCL2L11+BAK1/Pearson Delta_50_all":0.391780108959739,"ETS2+IGDCC3/R2_10_all":0.8231939077377319,"ETS2+IGDCC3/R2_20_all":0.9520662426948547,"JUN+CEBPB/Pearson Delta_50_all":0.9561735330345427,"AHR+KLF1/Pearson Delta_combo_specific_50_all":0.8854616033107778,"MAP2K3+SLC38A2/R2_combo_specific_100_all":0.9890082478523254,"AHR+KLF1/Pearson Delta_100_all":0.8839947396077096,"losses/rec_from_latent_pretrain":2.8111978101670063,"Gradients_by_loss rec_from_latent_pretrain/: encoder0":0,"JUN+CEBPB/R2_20_all":0.9053921103477478,"MAPK1+PRTG/R2_combo_specific_50_all":0.9754791855812073,"PLK4+STIL/R2_combo_specific_10_all":0.7071596384048462,"MAPK1+PRTG/R2_combo_specific_100_all":0.9831929206848145,"KLF1+TGFBR2/Wass_10_all":0.23414808189401648,"CBL+PTPN12/R2_combo_specific_20_all":0.965094268321991,"KLF1+TGFBR2/Pearson Delta_10_all":0.9708659817156491,"Gradients_by_loss rec_from_latent_pretrain/: encoder7":0,"Gradients_by_loss recover_latent/: mapper6":0.00032602791258237447,"JUN+CEBPB/R2_100_all":0.9217637777328491,"MAPK1+PRTG/Wass_10_all":0.32003170520689894,"Rec/R2_mean_train":0.9996689558029175,"Gradients_by_loss rec_from_latent_pretrain/: mapper7":0,"KLF1+TGFBR2/Pearson Delta_20_all":0.9829988980778624,"AHR+KLF1/R2_20_all":0.9525014758110046,"BCL2L11+BAK1/R2_combo_specific_100_all":0.9795652627944946,"Gradients_by_loss rec_from_latent_pretrain/: encoder11":0,"ETS2+IGDCC3/Pearson Delta_combo_specific_20_all":0.5309979382525299,"Gradients_by_loss recover_latent/: mapper11":0.0003894132489228491,"AHR+KLF1/Pearson Delta_10_all":0.8558155346600055,"KLF1+TGFBR2/Pearson Delta_100_all":0.9813176444889055,"PLK4+STIL/Pearson Delta_combo_specific_20_all":0.7654938745003875,"MAPK1+PRTG/Pearson Delta_combo_specific_10_all":0.10630665023522483,"MAP2K3+MAP2K6/Pearson Delta_combo_specific_100_all":0.8779058190403628,"Gradients_by_loss rec_from_latent_pretrain/: encoder9":0,"BCL2L11+BAK1/R2_combo_specific_10_all":0.9726283550262451,"Gradients_by_loss recover_latent/: mapper0":0.0002010760913384587,"_runtime":42427.786538539,"MAP2K3+MAP2K6/Pearson Delta_50_all":0.9477033451630451,"CBL+PTPN12/Pearson Delta_combo_specific_10_all":0.9505241734046129,"Gradients_by_loss rec_from_latent_pretrain/: encoder5":0,"MAP2K3+MAP2K6/Pearson Delta_100_all":0.9430406669810761,"JUN+CEBPB/Pearson Delta_10_all":0.9730807718266502,"MAP2K3+MAP2K6/R2_50_all":0.9714998006820679,"Gradients_by_loss recover_latent/: encoder4":0.0002948562298490891,"CBL+PTPN12/Wass_10_all":0.32651104524012775,"Gradients_by_loss recover_latent/: encoder11":0.0009354572566709736,"Gradients_by_loss rec_from_latent_pretrain/: mapper0":0,"BCL2L11+BAK1/R2_20_all":0.9781520962715149,"Gradients_by_loss rec_from_latent_pretrain/: encoder4":0,"PLK4+STIL/Wass_combo_specific_10_all":0.36562213775932606,"ETS2+IGDCC3/R2_combo_specific_50_all":0.9749202728271484,"Gradients_by_loss recover_latent/: encoder9":0.00043464189738113,"KLF1+TGFBR2/R2_combo_specific_20_all":0.9948299527168274,"PLK4+STIL/R2_combo_specific_20_all":0.95778888463974,"MAPK1+PRTG/R2_20_all":0.9473934769630432,"Gradients_by_loss rec_from_latent_pretrain/: encoder15":0,"BCL2L11+BAK1/Pearson Delta_combo_specific_20_all":0.3696033089425981,"Gradients_by_loss rec_from_latent_pretrain/: mapper11":0,"MAP2K3+SLC38A2/R2_combo_specific_10_all":0.958742618560791,"JUN+CEBPB/Pearson Delta_combo_specific_20_all":0.9066666866024037,"MAP2K3+SLC38A2/Pearson Delta_combo_specific_50_all":0.707320230291799,"Gradients_by_loss recover_latent/: encoder6":0.0004443561386437575,