{"CEBPE+CEBPA/Pearson Delta_combo_specific_100_all":0.9675119877258139,"CDKN1B+CDKN1A/R2_100_all":0.9869921803474426,"SNAI1+UBASH3B/R2_combo_specific_20_all":0.9134336709976196,"FEV+MAP7D1/R2_combo_specific_50_all":0.979716956615448,"POU3F2+CBFA2T3/Pearson Delta_100_all":0.9206839408129077,"FOSB+PTPN12/R2_100_all":0.9854635000228882,"FOSB+PTPN12/Pearson Delta_combo_specific_20_all":0.6747652304611195,"PTPN12+SNAI1/R2_20_all":0.9520108699798584,"Gradients_by_loss recover_latent/: encoder12":0.0011116911023859096,"Gradients_by_loss rec_from_latent_pretrain/: encoder2":0,"Rec/Pearson_gene_train":0.5574118494987488,"Gradients_by_loss recover_latent/: encoder_pretrain":0.0005919608088740331,"UBASH3B+ZBTB25/R2_combo_specific_20_all":0.941449761390686,"POU3F2+CBFA2T3/R2_20_all":0.9546195864677429,"TBX3+TBX2/Pearson Delta_combo_specific_10_all":0.8563657254972372,"CDKN1B+CDKN1A/Pearson Delta_50_all":0.9373229480308911,"SNAI1+UBASH3B/Wass_10_all":0.280059364852428,"Gradients_by_loss recover_latent/: decoder":0,"SNAI1+UBASH3B/R2_combo_specific_100_all":0.976607620716095,"SNAI1+UBASH3B/R2_20_all":0.977255642414093,"TGFBR2+PRTG/R2_combo_specific_100_all":0.9725353121757507,"losses/rec_from_latent_pretrain":2.818408317667627,"FEV+MAP7D1/Pearson Delta_combo_specific_10_all":0.9842056173680539,"POU3F2+CBFA2T3/R2_combo_specific_100_all":0.9767096638679504,"Gradients_by_loss recover_latent/: mapper14":0.002189084515055483,"Gradients_by_loss recover_latent/: mapper4":0.0007936295450105064,"TGFBR2+PRTG/R2_100_all":0.9772676825523376,"TGFBR2+PRTG/R2_20_all":0.9685715436935425,"PTPN12+SNAI1/Pearson Delta_combo_specific_20_all":0.5799250426979756,"Gradients_by_loss rec_from_latent_pretrain/: encoder8":0,"FEV+MAP7D1/Wass_combo_specific_10_all":0.3342940208413995,"Gradients_by_loss recover_latent/: encoder10":0.002045600397565114,"UBASH3B+ZBTB25/Wass_combo_specific_10_all":0.45395165592763986,"_runtime":42817.818023101,"PTPN12+SNAI1/R2_10_all":0.9192627668380737,"Gradients_by_loss rec_from_latent_pretrain/: mapper10":0,"FOSB+PTPN12/R2_combo_specific_20_all":0.9724635481834412,"TGFBR2+PRTG/Pearson Delta_combo_specific_10_all":0.9497722732027023,"PTPN12+SNAI1/Pearson Delta_20_all":0.7901504169271096,"FOSB+PTPN12/Pearson Delta_10_all":0.8283854454342165,"TBX3+TBX2/Pearson Delta_combo_specific_20_all":0.869740412728787,"UBASH3B+ZBTB25/R2_combo_specific_50_all":0.9518761038780212,"Gradients_by_loss recover_latent/: encoder4":0.0014664041570132881,"TGFBR2+PRTG/Pearson Delta_20_all":0.9371000524429154,"Gradients_by_loss rec_from_latent_pretrain/: encoder12":0,"Gradients_by_loss recover_latent/: encoder1":0.0005649370925541096,"CDKN1B+CDKN1A/R2_20_all":0.9870125651359558,"SNAI1+UBASH3B/R2_combo_specific_10_all":0.6533398628234863,"Gradients_by_loss recover_latent/: mapper6":0.0011559722963680103,"CDKN1B+CDKN1A/R2_combo_specific_100_all":0.9882429242134094,"Gradients_by_loss recover_latent/: encoder13":0.0015053486988557978,"CDKN1B+CDKN1A/R2_50_all":0.9824350476264954,"TBX3+TBX2/R2_combo_specific_20_all":0.922245979309082,"Gradients_by_loss recover_latent/: encoder5":0.0018879134773620496,"PTPN12+SNAI1/Pearson Delta_combo_specific_100_all":0.6065994754990163,"Gradients_by_loss recover_latent/: mapper8":0.0011671635303607847,"Gradients_by_loss rec_from_latent_pretrain/: encoder0":0,"FOSB+PTPN12/Pearson Delta_combo_specific_50_all":0.5157270393322022,"Gradients_by_loss rec_from_latent_pretrain/: condition_embedder":0,"POU3F2+CBFA2T3/R2_combo_specific_20_all":0.9598439931869507,"_wandb":{"runtime":42817},"r2_mean_criterion/50_all":0.9512444788759405,"FEV+MAP7D1/Pearson Delta_20_all":0.9670576413136047,"CDKN1B+CDKN1A/Wass_10_all":0.22805250045470862,"UBASH3B+ZBTB25/R2_10_all":0.9324628114700317,"Gradients_by_loss recover_latent/: mapper7":0.001127222265546641,"POU3F2+CBFA2T3/Wass_10_all":0.3420314943053356,"CEBPE+CEBPA/Pearson Delta_20_all":0.980584055494411,"FOSB+PTPN12/Pearson Delta_100_all":0.7841038136690555,"FEV+MAP7D1/R2_100_all":0.9853481650352478,"CEBPE+CEBPA/Pearson Delta_combo_specific_10_all":0.7402326225366386,"UBASH3B+ZBTB25/Pearson Delta_20_all":0.9768745810634853,"POU3F2+CBFA2T3/R2_100_all":0.9633613228797913,"TBX3+TBX2/Pearson Delta_combo_specific_100_all":0.9021776481404614,"CEBPE+CEBPA/Wass_combo_specific_10_all":0.28228301268820744,"Gradients_by_loss rec_from_latent_pretrain/: encoder5":0,"POU3F2+CBFA2T3/Pearson Delta_combo_specific_100_all":0.9043154510735438,"FEV+MAP7D1/Pearson Delta_combo_specific_50_all":0.9454160132555347,"TGFBR2+PRTG/R2_combo_specific_50_all":0.9733337163925171,"PTPN12+SNAI1/R2_combo_specific_50_all":0.9396134614944458,"CDKN1B+CDKN1A/Pearson Delta_10_all":0.9386389177227634,"SNAI1+UBASH3B/Pearson Delta_20_all":0.8440891786065579,"TBX3+TBX2/Pearson Delta_50_all":0.9054448087260751,"Gradients_by_loss rec_from_latent_pretrain/: mapper0":0,"FOSB+PTPN12/Wass_10_all":0.34307605069505503,"important_notes":{"size":7281,"path":"media/html/important_notes_0_67ca215cfb125ae93f26.html","_type":"html-file","sha256":"67ca215cfb125ae93f26c90ba0cbb27be3155bba8961b2f0ac5f8ba9209c5af7"},"FEV+MAP7D1/Pearson Delta_100_all":0.9506959751640915,"Gradients_by_loss rec_from_latent_pretrain/: mapper9":0,"CDKN1B+CDKN1A/Wass_combo_specific_10_all":0.30685132841671897,"FEV+MAP7D1/Wass_10_all":0.3942811621289808,"MIG_BINNED/dis_latent_stack_condition_train":0.6552286908434889,"PTPN12+SNAI1/R2_combo_specific_100_all":0.9383996725082397,"UBASH3B+ZBTB25/Wass_10_all":0.40838864637077277,"POU3F2+CBFA2T3/Wass_combo_specific_10_all":0.31571484200889255,"UBASH3B+ZBTB25/R2_combo_specific_10_all":0.8488735556602478,"Gradients_by_loss recover_latent/: mapper2":0.0005752118576668572,"Gradients_by_loss recover_latent/: encoder0":0.0020896352303768954,"UBASH3B+ZBTB25/R2_50_all":0.9619061946868896,"FOSB+PTPN12/Pearson Delta_combo_specific_100_all":0.5045608596851987,"FEV+MAP7D1/R2_combo_specific_10_all":0.9624603986740112,"CDKN1B+CDKN1A/Pearson Delta_combo_specific_100_all":0.9236286647952076,"Gradients_by_loss recover_latent/: mapper5":0.0009420826158736373,"Gradients_by_loss recover_latent/: encoder3":0.002046894235448509,"Gradients_by_loss recover_latent/: mapper_perturbation1_mapper":2.2410527764315798e-05,"SNAI1+UBASH3B/Pearson Delta_combo_specific_100_all":0.7653746305401157,"TBX3+TBX2/Pearson Delta_100_all":0.914536520031837,"Gradients_by_loss rec_from_latent_pretrain/: encoder9":0,"UBASH3B+ZBTB25/R2_combo_specific_100_all":0.9592236876487732,"CDKN1B+CDKN1A/Pearson Delta_100_all":0.9378303558559936,"FEV+MAP7D1/R2_50_all":0.9847118258476257,"POU3F2+CBFA2T3/R2_50_all":0.9505594372749329,"Gradients_by_loss recover_latent/: px_r":0,"POU3F2+CBFA2T3/Pearson Delta_combo_specific_20_all":0.8859318295278522,"Gradients_by_loss rec_from_latent_pretrain/: px_r":0.0003065085329581052,"UBASH3B+ZBTB25/Pearson Delta_combo_specific_20_all":0.9796220072626606,"SNAI1+UBASH3B/R2_combo_specific_50_all":0.9670761823654175,"Gradients_by_loss rec_from_latent_pretrain/: mapper14":0,"PTPN12+SNAI1/R2_combo_specific_20_all":0.8593090772628784,"FOSB+PTPN12/R2_combo_specific_10_all":0.8984113931655884,"FEV+MAP7D1/Pearson Delta_combo_specific_20_all":0.9878831050430983,"Gradients_by_loss recover_latent/: condition_embedder":0.00011363816156517714,"FEV+MAP7D1/Pearson Delta_50_all":0.9629078755163888,"TGFBR2+PRTG/Pearson Delta_combo_specific_100_all":0.8744755159585674,"POU3F2+CBFA2T3/Pearson Delta_combo_specific_50_all":0.9073318594682026,"PTPN12+SNAI1/R2_combo_specific_10_all":0.8285036087036133,"POU3F2+CBFA2T3/R2_combo_specific_10_all":0.9566298723220825,"POU3F2+CBFA2T3/Pearson Delta_20_all":0.9123370103545871,"UBASH3B+ZBTB25/Pearson Delta_combo_specific_50_all":0.9763550936481865,"CEBPE+CEBPA/R2_combo_specific_50_all":0.9690314531326294,"r2_mean_criterion/100_all":0.9603950110348788,"FOSB+PTPN12/Pearson Delta_50_all":0.8257277374442634,"Gradients_by_loss recover_latent/: mapper12":0.002146788274122589,"Gradients_by_loss recover_latent/: encoder15":0.0014862457593775836,"_step":521,