{"Gradients_by_loss rec_from_latent_pretrain/: donor_embedder":0,"Gradients_by_loss rec_from_latent_pretrain/: encoder2":0,"r2_var_criterion/20_all":0.08235836570913141,"Gradients_by_loss rec_from_latent_pretrain/: encoder0":0,"_timestamp":1.7670893896140265e+09,"r2_mean_criterion/50_all":0.6845087625763633,"Gradients_by_loss rec_from_latent_pretrain/: mapper0":0,"Gradients_by_loss rec_from_latent_pretrain/: encoder5":0,"r2_delta_criterion/20_all":0.37174505537206476,"r2_var_OOD/20_all":0.003554224967956543,"Gradients_by_loss recover_latent/: encoder5":0.00029424664248936094,"r2_mean_OOD/100_all":0.6379570960998535,"r2_var_criterion/100_all":0.03969904509457675,"Gradients_by_loss recover_latent/: encoder15":0.0005803143842971046,"Gradients_by_loss recover_latent/: encoder0":0.003093180627267615,"Gradients_by_loss rec_from_latent_pretrain/: mapper2":0,"Gradients_by_loss recover_latent/: donor_embedder":5.8926179917762056e-05,"Gradients_by_loss rec_from_latent_pretrain/: mapper9":0,"Gradients_by_loss rec_from_latent_pretrain/: mapper1":0,"Gradients_by_loss recover_latent/: mapper1":0.0007050113759077297,"Gradients_by_loss recover_latent/: mapper_tissue_mapper":1.241042284150446e-05,"Gradients_by_loss recover_latent/: decoder":0,"important_notes":{"sha256":"3bc0e0e3d784245fb8c5aa3a5ce6ebf9225eb7aab226af3e1714b867b2510a41","size":7778,"path":"media/html/important_notes_0_3bc0e0e3d784245fb8c5.html","_type":"html-file"},"Gradients_by_loss rec_from_latent_pretrain/: encoder7":0,"Rec/Pearson_sample_train":0.9522460103034973,"Gradients_by_loss recover_latent/: encoder7":0.0018526285206532354,"r2_mean_OOD/20_all":0.3186728358268738,"Gradients_by_loss rec_from_latent_pretrain/: encoder8":0,"Gradients_by_loss recover_latent/: encoder11":0.0010317148064489074,"Gradients_by_loss rec_from_latent_pretrain/: encoder6":0,"wasserstein_criterion/10_all":0.7154710119487967,"Gradients_by_loss recover_latent/: mapper12":0.0015812317582171698,"Gradients_by_loss recover_latent/: mapper_donor_mapper":2.4759234561188196e-05,"Gradients_by_loss rec_from_latent_pretrain/: mapper3":0,"Gradients_by_loss recover_latent/: mapper2":0.0009255122694501665,"Gradients_by_loss recover_latent/: encoder10":0.0016499709089092957,"r2_delta_OOD/20_all":0.5682988166809082,"Gradients_by_loss recover_latent/: encoder14":0.0002906799237328083,"r2_delta_OOD/10_all":0.6926561594009399,"Gradients_by_loss rec_from_latent_pretrain/: encoder15":0,"Rec/Pearson_gene_train":0.6748977303504944,"Gradients_by_loss rec_from_latent_pretrain/: px_r":6.546115037053823e-05,"r2_delta_criterion/100_all":0.41945247758518567,"Gradients_by_loss recover_latent/: encoder12":0.0012839187473940353,"Gradients_by_loss recover_latent/: mapper10":0.0016924256750796896,"Gradients_by_loss rec_from_latent_pretrain/: encoder1":0,"Gradients_by_loss recover_latent/: encoder3":0.0033010718608662017,"Gradients_by_loss recover_latent/: mapper5":0.001109793233731195,"Gradients_by_loss recover_latent/: encoder8":0.005636720665504027,"Gradients_by_loss rec_from_latent_pretrain/: encoder14":0,"Gradients_by_loss recover_latent/: encoder_pretrain":0.00021364020503982607,"Gradients_by_loss rec_from_latent_pretrain/: mapper15":0,"Gradients_by_loss recover_latent/: encoder1":0.0009833291075604963,"MIG_BINNED/dis_latent_stack_tissue_train":0.6479044724204804,"Gradients_by_loss rec_from_latent_pretrain/: mapper7":0,"Gradients_by_loss rec_from_latent_pretrain/: mapper4":0,"Gradients_by_loss recover_latent/: encoder13":0.002345169297227486,"Gradients_by_loss rec_from_latent_pretrain/: encoder12":0,"_step":521,"_runtime":2970.125754511,"Gradients_by_loss rec_from_latent_pretrain/: mapper10":0,"Gradients_by_loss rec_from_latent_pretrain/: encoder_pretrain":0.1481581966209315,"Rec/R2_mean_train":0.9982378482818604,"Gradients_by_loss rec_from_latent_pretrain/: mapper5":0,"Gradients_by_loss rec_from_latent_pretrain/: encoder10":0,"Gradients_by_loss rec_from_latent_pretrain/: mapper6":0,"r2_mean_OOD/50_all":0.5004836320877075,"r2_var_criterion/10_all":0.13576893372969193,"Gradients_by_loss rec_from_latent_pretrain/: encoder11":0,"r2_delta_criterion/50_all":0.4211304783821106,"Gradients_by_loss rec_from_latent_pretrain/: mapper13":0,"r2_var_OOD/10_all":0.21624445915222168,"Gradients_by_loss rec_from_latent_pretrain/: mapper8":0,"_wandb":{"runtime":2970},"r2_delta_OOD/100_all":0.30532562732696533,"Gradients_by_loss rec_from_latent_pretrain/: mapper11":0,"Gradients_by_loss recover_latent/: mapper9":0.0017343466442321343,"Rec/R2_var_train":0.9892599582672119,"Gradients_by_loss recover_latent/: mapper7":0.0010700598429755253,"Gradients_by_loss recover_latent/: mapper4":0.0011651441500050304,"Gradients_by_loss recover_latent/: encoder6":0.0008747191756756436,"r2_mean_criterion/10_all":0.24268201264468106,"r2_var_OOD/100_all":0.13134676218032837,"Gradients_by_loss rec_from_latent_pretrain/: encoder13":0,"Gradients_by_loss recover_latent/: encoder4":0.0011692405654857648,"Gradients_by_loss rec_from_latent_pretrain/: encoder3":0,"Gradients_by_loss recover_latent/: encoder2":0.002388915008331742,"Gradients_by_loss recover_latent/: tissue_embedder":5.904843783355318e-05,"Gradients_by_loss recover_latent/: mapper13":0.0017821006655729874,"Gradients_by_loss rec_from_latent_pretrain/: encoder9":0,"Gradients_by_loss recover_latent/: mapper14":0.0016761355558405668,"losses/recover_latent":4.887010820741043e-05,"r2_mean_criterion/20_all":0.4610119028524919,"Gradients_by_loss rec_from_latent_pretrain/: tissue_embedder":0,"r2_var_criterion/50_all":0.02796338363127275,"Gradients_by_loss rec_from_latent_pretrain/: mapper12":0,"r2_mean_OOD/10_all":0.21647489070892334,"Gradients_by_loss recover_latent/: encoder9":0.0007393214467555693,"wasserstein_OOD/10_all":0.7810394417600903,"Gradients_by_loss recover_latent/: mapper15":0.0016495138943421865,"Gradients_by_loss rec_from_latent_pretrain/: mapper_donor_mapper":0,"r2_mean_criterion/100_all":0.7383056445555254,"Gradients_by_loss rec_from_latent_pretrain/: mapper_tissue_mapper":0,"r2_delta_OOD/50_all":0.3948107957839966,"Gradients_by_loss rec_from_latent_pretrain/: mapper14":0,"Gradients_by_loss recover_latent/: mapper6":0.0010487774134377173,"Gradients_by_loss recover_latent/: mapper11":0.001588989618201607,"Gradients_by_loss rec_from_latent_pretrain/: decoder":0.23332062474485746,"Gradients_by_loss recover_latent/: mapper0":0.0007069700042165915,"pear_var_criterion/avg_all":NaN,"Gradients_by_loss recover_latent/: px_r":0,"r2_delta_criterion/10_all":0.3568565249443054,"r2_var_OOD/50_all":0,"Gradients_by_loss rec_from_latent_pretrain/: encoder4":0,"losses/rec_from_latent_pretrain":0.6806726931186204,"Gradients_by_loss recover_latent/: mapper3":0.0012022651978566001,"Gradients_by_loss recover_latent/: mapper8":0.0017979147708357093}