{"r2_delta_criterion/100_all":0.7121959924697876,"Gradients_by_loss recover_latent/: encoder14":0.0032923089375460515,"pear_var_OOD/100_all":0.7535249095748703,"r2_mean_OOD/20_all":0.9811996221542358,"r2_var_criterion/100_all":0,"Gradients_by_loss rec_from_latent_pretrain/: mapper2":0,"Gradients_by_loss rec_from_latent_pretrain/: infected_embedder":0,"r2_var_OOD/100_all":0,"r2_delta_criterion/20_all":0.9364141225814819,"r2_mean_criterion/20_all":0.9924341440200806,"Gradients_by_loss recover_latent/: encoder8":0.004634875424712797,"Gradients_by_loss rec_from_latent_pretrain/: mapper11":0,"Rec/Pearson_sample_train":0.980161726474762,"Gradients_by_loss recover_latent/: encoder12":0.0038600610317108585,"Gradients_by_loss recover_latent/: encoder_pretrain":0.0021993836643778744,"Gradients_by_loss recover_latent/: zone_embedder":0.000169518927577883,"Gradients_by_loss rec_from_latent_pretrain/: encoder_pretrain":0.6568525176550033,"Gradients_by_loss recover_latent/: mapper7":0.004718332021912557,"pear_var_criterion/50_all":0.7647233940914764,"important_notes":{"size":7858,"path":"media/html/important_notes_0_b90e62693eacd383b97c.html","_type":"html-file","sha256":"b90e62693eacd383b97c4d6e1ae07f02cffbc3e29b9307d4833e2023a7a2f394"},"Gradients_by_loss rec_from_latent_pretrain/: mapper12":0,"pear_var_criterion/10_all":0.8833021792869942,"Gradients_by_loss rec_from_latent_pretrain/: decoder":0.4615416731910133,"r2_mean_OOD/10_all":0.9749550819396973,"Gradients_by_loss rec_from_latent_pretrain/: mapper9":0,"pear_var_criterion/100_all":0.8429440875758921,"Gradients_by_loss rec_from_latent_pretrain/: mapper1":0,"Gradients_by_loss recover_latent/: encoder11":0.00678480381448138,"Gradients_by_loss rec_from_latent_pretrain/: encoder13":0,"Gradients_by_loss recover_latent/: encoder2":0.010039008601370492,"Gradients_by_loss recover_latent/: mapper_infected_mapper":5.919529546360542e-05,"Gradients_by_loss rec_from_latent_pretrain/: encoder14":0,"r2_mean_criterion/10_all":0.9947004914283752,"Gradients_by_loss rec_from_latent_pretrain/: encoder15":0,"Gradients_by_loss rec_from_latent_pretrain/: encoder5":0,"Gradients_by_loss recover_latent/: infected_embedder":9.098026930587366e-05,"Gradients_by_loss recover_latent/: mapper13":0.005822233143608367,"r2_delta_OOD/10_all":0.7698724269866943,"Gradients_by_loss recover_latent/: encoder1":0.02265553834278575,"Gradients_by_loss recover_latent/: encoder13":0.006017823040523095,"Gradients_by_loss recover_latent/: mapper3":0.005027044205226108,"Gradients_by_loss rec_from_latent_pretrain/: mapper14":0,"Gradients_by_loss recover_latent/: mapper5":0.004447515825882181,"Gradients_by_loss recover_latent/: mapper4":0.004579884177303287,"Gradients_by_loss rec_from_latent_pretrain/: mapper8":0,"Gradients_by_loss recover_latent/: mapper0":0.0008904509170254711,"r2_mean_criterion/100_all":0.9868424534797668,"Rec/Pearson_gene_train":0.5482192635536194,"Gradients_by_loss recover_latent/: encoder6":0.006415190494254159,"Gradients_by_loss recover_latent/: encoder3":0.013014328071623841,"Gradients_by_loss recover_latent/: mapper14":0.005785380217316642,"Gradients_by_loss rec_from_latent_pretrain/: mapper5":0,"Gradients_by_loss recover_latent/: mapper2":0.004357594701525992,"Gradients_by_loss recover_latent/: decoder":0,"Gradients_by_loss recover_latent/: mapper_zone_mapper":6.399937269896359e-05,"_timestamp":1.7683977252669494e+09,"r2_var_OOD/20_all":0,"Gradients_by_loss recover_latent/: px_r":0,"Gradients_by_loss rec_from_latent_pretrain/: mapper10":0,"losses/recover_latent":0.0001225323009968069,"_step":521,"Gradients_by_loss rec_from_latent_pretrain/: encoder9":0,"pear_var_OOD/20_all":0.6785355382292182,"r2_var_criterion/10_all":0,"Gradients_by_loss rec_from_latent_pretrain/: encoder7":0,"Gradients_by_loss rec_from_latent_pretrain/: mapper_infected_mapper":0,"Gradients_by_loss rec_from_latent_pretrain/: mapper4":0,"Gradients_by_loss rec_from_latent_pretrain/: encoder6":0,"Gradients_by_loss rec_from_latent_pretrain/: encoder3":0,"Gradients_by_loss recover_latent/: mapper11":0.0062319428465391615,"Rec/R2_var_train":0.9964383244514465,"Gradients_by_loss recover_latent/: encoder10":0.015405300987128782,"r2_delta_OOD/20_all":0.742351770401001,"_wandb":{"runtime":1886},"pear_var_criterion/20_all":0.827191709920956,"wasserstein_OOD/100_all":0.25727336858886846,"Gradients_by_loss rec_from_latent_pretrain/: zone_embedder":0,"Gradients_by_loss recover_latent/: mapper1":0.00488244625262508,"Rec/R2_mean_train":0.9990361928939819,"_runtime":1886.497857828,"pear_var_OOD/10_all":0.7833952012192332,"pear_var_criterion/avg_all":0.8295403427188296,"r2_mean_OOD/100_all":0.970330536365509,"Gradients_by_loss recover_latent/: mapper12":0.00573381194876792,"r2_delta_criterion/50_all":0.8443664312362671,"Gradients_by_loss rec_from_latent_pretrain/: mapper13":0,"Gradients_by_loss rec_from_latent_pretrain/: mapper15":0,"r2_delta_criterion/10_all":0.9130953550338745,"Gradients_by_loss rec_from_latent_pretrain/: mapper_zone_mapper":0,"Gradients_by_loss rec_from_latent_pretrain/: encoder11":0,"Gradients_by_loss recover_latent/: mapper8":0.0047497683978576415,"Gradients_by_loss rec_from_latent_pretrain/: encoder1":0,"Gradients_by_loss rec_from_latent_pretrain/: encoder8":0,"Gradients_by_loss recover_latent/: mapper9":0.004705121914520659,"Gradients_by_loss recover_latent/: encoder9":0.006765614491365266,"Gradients_by_loss recover_latent/: encoder7":0.010175871869958995,"pear_var_OOD/50_all":0.7585212030582248,"r2_mean_criterion/50_all":0.9876692891120911,"Gradients_by_loss rec_from_latent_pretrain/: encoder2":0,"Gradients_by_loss recover_latent/: encoder4":0.0037022160177775814,"wasserstein_OOD/10_all":0.2396803610820911,"Gradients_by_loss rec_from_latent_pretrain/: encoder4":0,"Gradients_by_loss recover_latent/: encoder0":0.009260571842384595,"Gradients_by_loss rec_from_latent_pretrain/: encoder10":0,"r2_var_criterion/20_all":0,"Gradients_by_loss rec_from_latent_pretrain/: mapper7":0,"Gradients_by_loss rec_from_latent_pretrain/: px_r":0.000323871907312423,"r2_var_OOD/10_all":0,"r2_delta_OOD/100_all":0.49145013093948364,"MIG_BINNED/dis_latent_stack_infected_train":0.6710220585339501,"Gradients_by_loss rec_from_latent_pretrain/: mapper6":0,"wasserstein_criterion/100_all":0.20093794736376336,"Gradients_by_loss rec_from_latent_pretrain/: mapper0":0,"wasserstein_criterion/10_all":0.1782376840785347,"r2_mean_OOD/50_all":0.9787785410881042,"Gradients_by_loss rec_from_latent_pretrain/: mapper3":0,"Gradients_by_loss rec_from_latent_pretrain/: encoder0":0,"Gradients_by_loss recover_latent/: mapper10":0.006398102539968681,"r2_var_OOD/50_all":0,"Gradients_by_loss recover_latent/: mapper6":0.004570597607479649,"Gradients_by_loss recover_latent/: mapper15":0.0066026083793037805,"r2_delta_OOD/50_all":0.6404471397399902,"Gradients_by_loss recover_latent/: encoder15":0.011098186236633285,"Gradients_by_loss rec_from_latent_pretrain/: encoder12":0,"Gradients_by_loss recover_latent/: encoder5":0.003113268871111354,"r2_var_criterion/50_all":0,"losses/rec_from_latent_pretrain":6.453092048908102}