{"Gradients_by_loss recover_latent/: mapper0":0.0011771679007866764,"Gradients_by_loss recover_latent/: encoder6":0.006294979796595707,"Gradients_by_loss recover_latent/: mapper8":0.004297095171520515,"Gradients_by_loss recover_latent/: mapper3":0.003925712187424578,"Gradients_by_loss rec_from_latent_pretrain/: encoder9":0,"Gradients_by_loss recover_latent/: encoder14":0.001537738678534735,"losses/rec_from_latent_pretrain":0.5926668628861632,"MIG_BINNED/dis_latent_stack_tissue_train":0.6681836223922474,"Gradients_by_loss rec_from_latent_pretrain/: encoder_pretrain":0.29970157744762943,"r2_mean_criterion/10_all":0.4061059057712555,"Gradients_by_loss recover_latent/: encoder_pretrain":0.0009257225853143697,"Gradients_by_loss rec_from_latent_pretrain/: encoder13":0,"Gradients_by_loss recover_latent/: encoder9":0.007308337047092997,"Rec/Pearson_sample_train":0.9513854384422302,"Gradients_by_loss rec_from_latent_pretrain/: encoder4":0,"Gradients_by_loss rec_from_latent_pretrain/: encoder7":0,"Gradients_by_loss recover_latent/: mapper12":0.004347338626868293,"r2_var_criterion/20_all":0.2535434439778328,"r2_delta_OOD/20_all":0.35239022970199585,"Gradients_by_loss recover_latent/: encoder13":0.0007056380969632078,"Gradients_by_loss recover_latent/: encoder2":0.00792101698283364,"r2_var_criterion/100_all":0.3262040540575981,"Gradients_by_loss rec_from_latent_pretrain/: mapper13":0,"r2_var_criterion/50_all":0.2667640671133995,"Gradients_by_loss recover_latent/: encoder11":0.002623268489289471,"Gradients_by_loss rec_from_latent_pretrain/: encoder8":0,"Gradients_by_loss recover_latent/: mapper5":0.00461080948705357,"Gradients_by_loss recover_latent/: encoder8":0.0022910698926644642,"Gradients_by_loss recover_latent/: donor_embedder":0.00023835776664782315,"Gradients_by_loss recover_latent/: mapper4":0.0036245208742152093,"Gradients_by_loss rec_from_latent_pretrain/: mapper15":0,"r2_mean_OOD/20_all":0.8468828201293945,"r2_delta_OOD/10_all":0.22408413887023926,"Gradients_by_loss recover_latent/: encoder15":0.006554535694058994,"Gradients_by_loss rec_from_latent_pretrain/: mapper14":0,"r2_delta_OOD/50_all":0.509807825088501,"Rec/R2_mean_train":0.9975711107254028,"Gradients_by_loss rec_from_latent_pretrain/: px_r":7.107808050932363e-05,"Gradients_by_loss recover_latent/: mapper2":0.0024841968506900606,"r2_mean_criterion/20_all":0.6211534067988396,"Gradients_by_loss rec_from_latent_pretrain/: mapper_donor_mapper":0,"Gradients_by_loss rec_from_latent_pretrain/: mapper1":0,"Gradients_by_loss recover_latent/: encoder3":0.012581256489641706,"_timestamp":1.7681302791534786e+09,"Gradients_by_loss recover_latent/: encoder1":0.007976201486321352,"r2_var_OOD/10_all":0.7285317182540894,"Gradients_by_loss rec_from_latent_pretrain/: tissue_embedder":0,"r2_var_OOD/20_all":0.43778324127197266,"Gradients_by_loss rec_from_latent_pretrain/: mapper12":0,"Gradients_by_loss recover_latent/: mapper11":0.004379134325639687,"Gradients_by_loss recover_latent/: decoder":0,"Gradients_by_loss rec_from_latent_pretrain/: decoder":0.6300690601807675,"Gradients_by_loss rec_from_latent_pretrain/: mapper11":0,"r2_mean_OOD/50_all":0.8504886031150818,"pear_var_criterion/avg_all":NaN,"r2_var_OOD/100_all":0.5849636793136597,"r2_mean_criterion/100_all":0.8210645467042923,"_runtime":1280.793953682,"Gradients_by_loss recover_latent/: encoder12":0.002105032848155133,"Gradients_by_loss recover_latent/: encoder7":0.002923151954215192,"Gradients_by_loss recover_latent/: tissue_embedder":0.0005672115366905928,"Gradients_by_loss rec_from_latent_pretrain/: mapper7":0,"Gradients_by_loss recover_latent/: mapper13":0.004256741151075045,"Gradients_by_loss rec_from_latent_pretrain/: mapper5":0,"Gradients_by_loss recover_latent/: encoder0":0.0053839558384401985,"r2_delta_criterion/100_all":0.5719752982258797,"Gradients_by_loss recover_latent/: mapper7":0.004411254580217655,"Gradients_by_loss recover_latent/: px_r":0,"r2_var_OOD/50_all":0.5593216419219971,"_wandb":{"runtime":1280},"Gradients_by_loss rec_from_latent_pretrain/: encoder12":0,"wasserstein_OOD/10_all":0.5419461934793955,"Gradients_by_loss rec_from_latent_pretrain/: encoder11":0,"r2_delta_criterion/50_all":0.554271399974823,"Gradients_by_loss recover_latent/: mapper9":0.004641763763003247,"r2_mean_OOD/100_all":0.8649903535842896,"Gradients_by_loss rec_from_latent_pretrain/: encoder10":0,"r2_delta_criterion/20_all":0.4664710983633995,"important_notes":{"_type":"html-file","sha256":"652c73be019f36544fd9191435a1d9ded65c614c2950fda892b56dd2995eb79e","size":7813,"path":"media/html/important_notes_0_652c73be019f36544fd9.html"},"r2_mean_OOD/10_all":0.7886669039726257,"Gradients_by_loss recover_latent/: mapper14":0.004211433001580409,"Rec/Pearson_gene_train":0.7519011497497559,"Gradients_by_loss rec_from_latent_pretrain/: mapper9":0,"Gradients_by_loss recover_latent/: mapper_donor_mapper":9.854199696188935e-05,"Gradients_by_loss recover_latent/: mapper_tissue_mapper":6.239202304952295e-05,"Gradients_by_loss rec_from_latent_pretrain/: mapper4":0,"Gradients_by_loss rec_from_latent_pretrain/: mapper0":0,"Gradients_by_loss rec_from_latent_pretrain/: encoder6":0,"r2_delta_criterion/10_all":0.39245065301656723,"Gradients_by_loss recover_latent/: mapper15":0.005314187112861727,"losses/recover_latent":8.17324542805193e-05,"r2_var_criterion/10_all":0.33725088834762573,"Gradients_by_loss recover_latent/: encoder10":0.0012150654291909408,"Gradients_by_loss rec_from_latent_pretrain/: encoder1":0,"Gradients_by_loss recover_latent/: mapper1":0.001621757670166467,"Gradients_by_loss recover_latent/: encoder4":0.002353396978952362,"Gradients_by_loss recover_latent/: mapper6":0.004523644364799348,"r2_mean_criterion/50_all":0.7739758864045143,"Gradients_by_loss rec_from_latent_pretrain/: encoder2":0,"Gradients_by_loss rec_from_latent_pretrain/: encoder5":0,"wasserstein_criterion/10_all":0.6088267877150809,"_step":521,"Gradients_by_loss rec_from_latent_pretrain/: mapper10":0,"Gradients_by_loss rec_from_latent_pretrain/: mapper_tissue_mapper":0,"Gradients_by_loss rec_from_latent_pretrain/: mapper6":0,"Gradients_by_loss recover_latent/: encoder5":0.010956515988281243,"Gradients_by_loss rec_from_latent_pretrain/: mapper3":0,"Gradients_by_loss rec_from_latent_pretrain/: encoder15":0,"Gradients_by_loss rec_from_latent_pretrain/: encoder0":0,"Gradients_by_loss rec_from_latent_pretrain/: mapper8":0,"Rec/R2_var_train":0.9753580093383789,"Gradients_by_loss rec_from_latent_pretrain/: encoder14":0,"Gradients_by_loss rec_from_latent_pretrain/: encoder3":0,"r2_delta_OOD/100_all":0.4948508143424988,"Gradients_by_loss rec_from_latent_pretrain/: mapper2":0,"Gradients_by_loss recover_latent/: mapper10":0.004411502581637536,"Gradients_by_loss rec_from_latent_pretrain/: donor_embedder":0}