{"r2_mean/20000": 0.969006359577179, "r2_var/20000": 0.12634187936782837, "pear_var/20000": 0.719749373613408, "r2_delta/20000": 0.6650443077087402, "r2_mean/200": 0.9277691841125488, "r2_var/200": 0, "pear_var/200": 0.7060637325778495, "r2_delta/200": 0.8175899982452393, "r2_mean/100": 0.9257180690765381, "r2_var/100": 0, "pear_var/100": 0.7974753806034544, "r2_delta/100": 0.8001518249511719, "wass_dist/100": 0.3515559928671913, "r2_mean/50": 0.9145506024360657, "r2_var/50": 0, "pear_var/50": 0.7816704147251449, "r2_delta/50": 0.751184344291687, "r2_mean/20": 0.8042680025100708, "r2_var/20": 0, "pear_var/20": 0.7866910147182328, "r2_delta/20": 0.7342684268951416, "wass_dist/20": 0.42187649382715736, "r2_mean/10": 0.877724826335907, "r2_var/10": 0, "pear_var/10": 0.6968295112758023, "r2_delta/10": 0.8191094994544983, "wass_dist/10": 0.4011973740072311, "_timestamp": 1744066221.424795, "_runtime": 1.479719877243042, "_step": 0, "_wandb": {"runtime": 1}}