{"r2_mean/20000": 0.8913849592208862, "r2_var/20000": 0, "pear_var/20000": 0.536730035470697, "r2_delta/20000": 0.5785355567932129, "r2_mean/200": 0.8381213545799255, "r2_var/200": 0, "pear_var/200": 0.33341950971233963, "r2_delta/200": 0.8115148544311523, "r2_mean/100": 0.8285250067710876, "r2_var/100": 0, "pear_var/100": 0.39095436292550845, "r2_delta/100": 0.8394650816917419, "wass_dist/100": 0.3672660540833688, "r2_mean/50": 0.7333128452301025, "r2_var/50": 0, "pear_var/50": 0.4539916990624301, "r2_delta/50": 0.7019816637039185, "r2_mean/20": 0.7776975631713867, "r2_var/20": 0, "pear_var/20": 0.3640654349640852, "r2_delta/20": 0.7520402669906616, "wass_dist/20": 0.4336459890827629, "r2_mean/10": 0.7922660112380981, "r2_var/10": 0, "pear_var/10": -0.14626434133618907, "r2_delta/10": 0.7513598799705505, "wass_dist/10": 0.3997357494369638, "_timestamp": 1743896968.0441182, "_runtime": 1.6781742572784424, "_step": 0, "_wandb": {"runtime": 1}}