{"r2_mean/20000": 0.6935305595397949, "r2_var/20000": 0, "pear_var/20000": 0.45225209389970156, "r2_delta/20000": 0.0931248664855957, "r2_mean/200": 0.316439151763916, "r2_var/200": 0, "pear_var/200": 0.1418275025001191, "r2_delta/200": 0.2849540114402771, "r2_mean/100": 0.10317862033843994, "r2_var/100": 0, "pear_var/100": 0.1193790957486899, "r2_delta/100": 0.21774446964263916, "wass_dist/100": 0.6602133132247614, "r2_mean/50": 0, "r2_var/50": 0, "pear_var/50": 0.05369971771391452, "r2_delta/50": 0, "r2_mean/20": 0, "r2_var/20": 0, "pear_var/20": -0.09125076565734831, "r2_delta/20": 0, "wass_dist/20": 1.3398927466798805, "r2_mean/10": 0, "r2_var/10": 0, "pear_var/10": 0.19507057503931333, "r2_delta/10": 0, "wass_dist/10": 1.429986782714495, "_timestamp": 1743905252.3005996, "_runtime": 1.247821569442749, "_step": 0, "_wandb": {"runtime": 1}}