{"r2_mean/20000": 0.9788469076156616, "r2_var/20000": 0, "pear_var/20000": 0.5707707007408451, "r2_delta/20000": 0.6733769774436951, "r2_mean/200": 0.9615353941917419, "r2_var/200": 0, "pear_var/200": 0.6848727033125732, "r2_delta/200": 0.8426823019981384, "r2_mean/100": 0.9449159502983093, "r2_var/100": 0, "pear_var/100": 0.7989112992442106, "r2_delta/100": 0.8247443437576294, "wass_dist/100": 0.39057390402312814, "r2_mean/50": 0.922036349773407, "r2_var/50": 0, "pear_var/50": 0.5068219182380813, "r2_delta/50": 0.7533501386642456, "r2_mean/20": 0.9608314037322998, "r2_var/20": 0, "pear_var/20": 0.11373802470271582, "r2_delta/20": 0.8476772308349609, "wass_dist/20": 0.42390927915205373, "r2_mean/10": 0.9075916409492493, "r2_var/10": 0, "pear_var/10": -0.2837842287199841, "r2_delta/10": 0.870866060256958, "wass_dist/10": 0.4057720920838559, "_timestamp": 1744123702.9701347, "_runtime": 1.4405977725982666, "_step": 0, "_wandb": {"runtime": 1}}