{"r2_mean/20000": 0.9633753299713135, "r2_var/20000": 0, "pear_var/20000": 0.6636207784947477, "r2_delta/20000": 0.6357965469360352, "r2_mean/200": 0.9466444253921509, "r2_var/200": 0, "pear_var/200": 0.6150974583472153, "r2_delta/200": 0.8362997770309448, "r2_mean/100": 0.9313743710517883, "r2_var/100": 0, "pear_var/100": 0.6597927642245414, "r2_delta/100": 0.8176246285438538, "wass_dist/100": 0.3940078609894715, "r2_mean/50": 0.9218292832374573, "r2_var/50": 0, "pear_var/50": 0.740980826637549, "r2_delta/50": 0.798004150390625, "r2_mean/20": 0.9317518472671509, "r2_var/20": 0, "pear_var/20": 0.7231701807365789, "r2_delta/20": 0.7771517038345337, "wass_dist/20": 0.44829393575229837, "r2_mean/10": 0.7873153686523438, "r2_var/10": 0, "pear_var/10": -0.21116934013753774, "r2_delta/10": 0.6522804498672485, "wass_dist/10": 0.435945819712079, "_timestamp": 1744058707.9991908, "_runtime": 1.7572948932647705, "_step": 0, "_wandb": {"runtime": 1}}