{"r2_mean/20000": 0.9403456449508667, "r2_var/20000": 0.10162442922592163, "pear_var/20000": 0.6925356098042484, "r2_delta/20000": 0.35530030727386475, "r2_mean/200": 0.8825869560241699, "r2_var/200": 0, "pear_var/200": 0.6695358558715649, "r2_delta/200": 0.7034879922866821, "r2_mean/100": 0.8890312314033508, "r2_var/100": 0, "pear_var/100": 0.7651427493860037, "r2_delta/100": 0.7014495134353638, "wass_dist/100": 0.37574844067918234, "r2_mean/50": 0.8836776614189148, "r2_var/50": 0, "pear_var/50": 0.7794609666467547, "r2_delta/50": 0.6612868309020996, "r2_mean/20": 0.8341703414916992, "r2_var/20": 0, "pear_var/20": 0.7563879190136932, "r2_delta/20": 0.7748645544052124, "wass_dist/20": 0.43906562460880655, "r2_mean/10": 0.9385773539543152, "r2_var/10": 0, "pear_var/10": 0.6622742796581854, "r2_delta/10": 0.9091330766677856, "wass_dist/10": 0.41436871121796937, "_timestamp": 1744111564.5900273, "_runtime": 1.5005643367767334, "_step": 0, "_wandb": {"runtime": 1}}