{"Gradients_by_loss recover_latent/: encoder13":0.0019870020257088477,"Gradients_by_loss rec_from_latent_pretrain/: mapper10":0,"Gradients_by_loss recover_latent/: encoder15":0.00045088991777972375,"r2_mean_criterion/10_all":0.8542952111789158,"Gradients_by_loss rec_from_latent_pretrain/: mapper12":0,"Gradients_by_loss recover_latent/: encoder5":0.0003742106018586757,"Gradients_by_loss rec_from_latent_pretrain/: encoder0":0,"Gradients_by_loss rec_from_latent_pretrain/: condition_embedder":0,"Gradients_by_loss rec_from_latent_pretrain/: mapper11":0,"Gradients_by_loss recover_latent/: mapper8":0.0005325393520553884,"Gradients_by_loss recover_latent/: encoder_pretrain":0.00022602406027798526,"Gradients_by_loss recover_latent/: encoder6":0.0011434826543193475,"r2_delta_criterion/100_all":0.8841916578156608,"Gradients_by_loss rec_from_latent_pretrain/: encoder_pretrain":0.1478751962593137,"Gradients_by_loss rec_from_latent_pretrain/: mapper3":0,"Gradients_by_loss rec_from_latent_pretrain/: encoder6":0,"Gradients_by_loss rec_from_latent_pretrain/: mapper13":0,"r2_mean_OOD/10_all":0.7364524602890015,"wasserstein_criterion/100_all":0.22689896017203834,"r2_delta_criterion/50_all":0.8460786257471357,"Gradients_by_loss recover_latent/: mapper12":0.00059734116916039,"Gradients_by_loss recover_latent/: mapper2":0.0002891994369075462,"r2_delta_OOD/10_all":0.6239803433418274,"Gradients_by_loss recover_latent/: cell_type_embedder":2.062139901681803e-05,"r2_delta_criterion/20_all":0.7212601985250201,"_timestamp":1.7683717191729465e+09,"Gradients_by_loss recover_latent/: encoder12":0.0009616175758006921,"r2_mean_criterion/50_all":0.9203628471919468,"Rec/R2_mean_train":0.9982912540435791,"Gradients_by_loss recover_latent/: mapper0":2.5244412017082562e-05,"Gradients_by_loss recover_latent/: condition_embedder":8.111599163385108e-05,"Gradients_by_loss rec_from_latent_pretrain/: encoder13":0,"Gradients_by_loss recover_latent/: encoder14":0.0004989672531635018,"Gradients_by_loss rec_from_latent_pretrain/: mapper2":0,"Gradients_by_loss rec_from_latent_pretrain/: encoder14":0,"Gradients_by_loss recover_latent/: encoder1":0.0010988515874854415,"Gradients_by_loss rec_from_latent_pretrain/: encoder9":0,"wasserstein_OOD/10_all":0.2954518236744476,"Gradients_by_loss rec_from_latent_pretrain/: mapper8":0,"r2_delta_OOD/20_all":0.7626907825469971,"Gradients_by_loss recover_latent/: mapper4":0.0004628562758066771,"Gradients_by_loss recover_latent/: mapper13":0.0009247198411883717,"r2_delta_criterion/10_all":0.7014654959951129,"Gradients_by_loss recover_latent/: mapper11":0.0005482322051458314,"Gradients_by_loss recover_latent/: encoder7":0.0005157992396327552,"pear_var_criterion/avg_all":NaN,"Gradients_by_loss rec_from_latent_pretrain/: encoder10":0,"Gradients_by_loss rec_from_latent_pretrain/: cell_type_embedder":0,"important_notes":{"path":"media/html/important_notes_0_51eaa12b86a6b0ae14e7.html","_type":"html-file","sha256":"51eaa12b86a6b0ae14e7b780fa15c3d4ce000dde4080c7251f7744c7dd9d2710","size":7783},"r2_mean_OOD/100_all":0.9251338243484497,"Gradients_by_loss rec_from_latent_pretrain/: decoder":0.29548971463903156,"Gradients_by_loss rec_from_latent_pretrain/: mapper0":0,"Gradients_by_loss rec_from_latent_pretrain/: encoder2":0,"Rec/Pearson_sample_train":0.9588061571121216,"Gradients_by_loss rec_from_latent_pretrain/: mapper_cell_type_mapper":0,"r2_mean_OOD/20_all":0.9209744334220886,"Gradients_by_loss recover_latent/: mapper1":0.0002948698966195762,"Gradients_by_loss recover_latent/: mapper10":0.0005460243063821607,"_runtime":1907.557000712,"Gradients_by_loss rec_from_latent_pretrain/: mapper6":0,"Gradients_by_loss rec_from_latent_pretrain/: mapper7":0,"r2_mean_criterion/100_all":0.9458483287266323,"Gradients_by_loss recover_latent/: encoder3":0.0016814679387288911,"Gradients_by_loss rec_from_latent_pretrain/: encoder8":0,"Gradients_by_loss rec_from_latent_pretrain/: encoder3":0,"Gradients_by_loss rec_from_latent_pretrain/: mapper5":0,"Gradients_by_loss recover_latent/: decoder":0,"losses/rec_from_latent_pretrain":2.359450657316979,"Gradients_by_loss recover_latent/: mapper3":0.0004952824101768007,"wasserstein_OOD/100_all":0.29235517806484745,"Gradients_by_loss rec_from_latent_pretrain/: mapper9":0,"_step":521,"r2_delta_OOD/100_all":0.8664065003395081,"Gradients_by_loss recover_latent/: mapper_condition_mapper":1.3982647535441462e-05,"Gradients_by_loss recover_latent/: mapper7":0.0005213090455234781,"r2_delta_OOD/50_all":0.8467676639556885,"Gradients_by_loss rec_from_latent_pretrain/: encoder11":0,"Gradients_by_loss rec_from_latent_pretrain/: mapper15":0,"Gradients_by_loss recover_latent/: encoder4":0.0004794841913809255,"Gradients_by_loss recover_latent/: mapper_cell_type_mapper":1.5779121371956975e-05,"Gradients_by_loss rec_from_latent_pretrain/: mapper_condition_mapper":0,"Gradients_by_loss rec_from_latent_pretrain/: encoder15":0,"Gradients_by_loss rec_from_latent_pretrain/: encoder5":0,"Gradients_by_loss recover_latent/: mapper6":0.0005564620199443284,"r2_mean_criterion/20_all":0.8503325751849583,"Gradients_by_loss recover_latent/: mapper5":0.0004432462758153312,"Gradients_by_loss rec_from_latent_pretrain/: encoder7":0,"Gradients_by_loss recover_latent/: encoder9":0.00033535800575271017,"Gradients_by_loss recover_latent/: encoder8":0.0005825624975711618,"Gradients_by_loss recover_latent/: encoder2":0.0007187859740604256,"_wandb":{"runtime":1907},"r2_mean_OOD/50_all":0.9341489672660828,"Gradients_by_loss rec_from_latent_pretrain/: mapper1":0,"Gradients_by_loss recover_latent/: encoder10":0.0008612619593284166,"Gradients_by_loss rec_from_latent_pretrain/: encoder12":0,"Gradients_by_loss recover_latent/: px_r":0,"Gradients_by_loss rec_from_latent_pretrain/: encoder1":0,"Gradients_by_loss recover_latent/: mapper14":0.0008726700862570117,"Gradients_by_loss rec_from_latent_pretrain/: mapper4":0,"losses/recover_latent":5.892368182608055e-05,"Gradients_by_loss recover_latent/: encoder0":0.0008513876664537202,"Gradients_by_loss rec_from_latent_pretrain/: encoder4":0,"Gradients_by_loss rec_from_latent_pretrain/: mapper14":0,"Gradients_by_loss recover_latent/: encoder11":0.0006790869869396536,"wasserstein_criterion/10_all":0.2506008517878451,"Gradients_by_loss recover_latent/: mapper15":0.000846710894801421,"Gradients_by_loss recover_latent/: mapper9":0.000504119058020304,"Rec/Pearson_gene_train":0.7128333449363708,"Gradients_by_loss rec_from_latent_pretrain/: px_r":0.0001564079284435138,"Rec/R2_var_train":0.9844844341278076,"MIG_BINNED/dis_latent_stack_condition_train":0.686184934531681}