{"Gradients_by_loss recover_latent/: mapper14":0.0019330738532454493,"r2_delta_OOD/100_all":0.3886095881462097,"Gradients_by_loss recover_latent/: donor_embedder":8.08451950433664e-05,"r2_var_OOD/50_all":0.45943766832351685,"Gradients_by_loss rec_from_latent_pretrain/: mapper2":0,"Gradients_by_loss rec_from_latent_pretrain/: encoder10":0,"Gradients_by_loss rec_from_latent_pretrain/: mapper10":0,"Gradients_by_loss recover_latent/: encoder10":0.003070315870030432,"Gradients_by_loss recover_latent/: encoder3":0.0038334129253097906,"r2_delta_criterion/100_all":0.6669569710890452,"Gradients_by_loss rec_from_latent_pretrain/: mapper1":0,"Gradients_by_loss rec_from_latent_pretrain/: donor_embedder":0,"Gradients_by_loss rec_from_latent_pretrain/: decoder":0.258688687555909,"wasserstein_criterion/10_all":0.3137428897084961,"r2_var_OOD/100_all":0.5590847730636597,"Gradients_by_loss recover_latent/: mapper0":4.333025726133083e-05,"Gradients_by_loss recover_latent/: mapper6":0.0017849327743734446,"_runtime":3800.898694862,"Gradients_by_loss recover_latent/: encoder12":0.0015739092864718233,"Gradients_by_loss recover_latent/: mapper_tissue_mapper":1.9952537980656976e-05,"_wandb":{"runtime":3800},"MIG_BINNED/dis_latent_stack_tissue_train":0.6633323714035932,"Gradients_by_loss rec_from_latent_pretrain/: encoder8":0,"Gradients_by_loss recover_latent/: mapper_donor_mapper":3.098675551522821e-05,"Gradients_by_loss rec_from_latent_pretrain/: encoder_pretrain":0.16674109773885393,"r2_mean_criterion/50_all":0.8327115178108215,"r2_mean_OOD/50_all":0.8756403923034668,"Gradients_by_loss rec_from_latent_pretrain/: mapper4":0,"Gradients_by_loss recover_latent/: mapper3":0.0012394246374306296,"Gradients_by_loss recover_latent/: encoder8":0.0024464123384835943,"Gradients_by_loss rec_from_latent_pretrain/: encoder5":0,"r2_var_criterion/50_all":0.488782395919164,"r2_mean_OOD/100_all":0.8908512592315674,"Gradients_by_loss rec_from_latent_pretrain/: encoder7":0,"Gradients_by_loss rec_from_latent_pretrain/: encoder0":0,"Gradients_by_loss rec_from_latent_pretrain/: encoder2":0,"r2_delta_OOD/50_all":0.3328045606613159,"Gradients_by_loss recover_latent/: mapper12":0.002101184869584411,"Gradients_by_loss rec_from_latent_pretrain/: mapper12":0,"Gradients_by_loss recover_latent/: mapper1":0.00015684193687264328,"r2_var_OOD/20_all":0.4434770345687866,"Gradients_by_loss recover_latent/: mapper10":0.002042266428769513,"Gradients_by_loss recover_latent/: encoder2":0.0036510280122988587,"Gradients_by_loss recover_latent/: encoder15":0.0005440281263135432,"Rec/Pearson_sample_train":0.9491156935691833,"Gradients_by_loss rec_from_latent_pretrain/: mapper11":0,"Gradients_by_loss rec_from_latent_pretrain/: mapper0":0,"_step":521,"r2_mean_criterion/10_all":0.6072363754113516,"Gradients_by_loss rec_from_latent_pretrain/: mapper13":0,"Gradients_by_loss recover_latent/: encoder13":0.0007003514201652966,"Gradients_by_loss rec_from_latent_pretrain/: mapper6":0,"Gradients_by_loss rec_from_latent_pretrain/: encoder11":0,"Gradients_by_loss recover_latent/: mapper13":0.0019537909295091636,"Rec/R2_mean_train":0.9982739090919495,"Gradients_by_loss recover_latent/: px_r":0,"r2_var_criterion/100_all":0.5082516570885977,"Gradients_by_loss rec_from_latent_pretrain/: encoder13":0,"Gradients_by_loss rec_from_latent_pretrain/: encoder3":0,"Gradients_by_loss recover_latent/: mapper2":0.0009087721545085282,"Gradients_by_loss rec_from_latent_pretrain/: mapper5":0,"Gradients_by_loss rec_from_latent_pretrain/: mapper14":0,"Gradients_by_loss recover_latent/: encoder4":0.005512715329532942,"Gradients_by_loss recover_latent/: encoder6":0.0016297074980977213,"Gradients_by_loss recover_latent/: encoder0":0.0022496662362833882,"Gradients_by_loss recover_latent/: encoder9":0.00436719545501697,"Gradients_by_loss recover_latent/: encoder5":0.0017059298586672926,"Gradients_by_loss recover_latent/: mapper11":0.00212699561779867,"Gradients_by_loss recover_latent/: tissue_embedder":7.208392344182357e-05,"r2_var_criterion/20_all":0.5645861923694611,"r2_delta_criterion/50_all":0.6685629785060883,"r2_delta_OOD/10_all":0.2119293212890625,"Gradients_by_loss rec_from_latent_pretrain/: mapper8":0,"r2_delta_OOD/20_all":0.2867391109466553,"r2_mean_criterion/100_all":0.8466129899024963,"Rec/R2_var_train":0.9950006604194641,"Gradients_by_loss recover_latent/: mapper7":0.001624147519388861,"r2_delta_criterion/20_all":0.6310409804185232,"Rec/Pearson_gene_train":0.7040435671806335,"pear_var_criterion/avg_all":NaN,"wasserstein_OOD/10_all":0.532261634617919,"r2_mean_criterion/20_all":0.7821585138638815,"Gradients_by_loss recover_latent/: encoder7":0.0016217209143592518,"Gradients_by_loss rec_from_latent_pretrain/: encoder9":0,"r2_mean_OOD/10_all":0.784574031829834,"Gradients_by_loss recover_latent/: mapper15":0.0019287046261679392,"Gradients_by_loss rec_from_latent_pretrain/: mapper7":0,"Gradients_by_loss rec_from_latent_pretrain/: px_r":6.417917757062241e-05,"Gradients_by_loss rec_from_latent_pretrain/: encoder15":0,"Gradients_by_loss recover_latent/: mapper4":0.0018090012380783678,"r2_delta_criterion/10_all":0.6605137983957926,"Gradients_by_loss rec_from_latent_pretrain/: tissue_embedder":0,"Gradients_by_loss rec_from_latent_pretrain/: mapper3":0,"Gradients_by_loss rec_from_latent_pretrain/: mapper_donor_mapper":0,"Gradients_by_loss rec_from_latent_pretrain/: encoder1":0,"r2_var_OOD/10_all":0.5838528275489807,"Gradients_by_loss rec_from_latent_pretrain/: mapper_tissue_mapper":0,"r2_mean_OOD/20_all":0.8321153521537781,"Gradients_by_loss recover_latent/: encoder14":0.0007962500145534158,"Gradients_by_loss rec_from_latent_pretrain/: encoder6":0,"Gradients_by_loss rec_from_latent_pretrain/: encoder14":0,"Gradients_by_loss rec_from_latent_pretrain/: encoder12":0,"Gradients_by_loss recover_latent/: encoder1":0.0008868342394507268,"losses/recover_latent":4.197297683341957e-05,"Gradients_by_loss recover_latent/: mapper5":0.001742163819867025,"Gradients_by_loss recover_latent/: mapper8":0.0016107730936508954,"Gradients_by_loss recover_latent/: encoder11":0.00221217741599489,"losses/rec_from_latent_pretrain":0.6159926059534732,"_timestamp":1.7677915383666296e+09,"Gradients_by_loss rec_from_latent_pretrain/: mapper9":0,"r2_var_criterion/10_all":0.5643571019172668,"Gradients_by_loss recover_latent/: encoder_pretrain":0.0004051861434959393,"Gradients_by_loss recover_latent/: mapper9":0.002007397203340506,"Gradients_by_loss rec_from_latent_pretrain/: encoder4":0,"Gradients_by_loss recover_latent/: decoder":0,"Gradients_by_loss rec_from_latent_pretrain/: mapper15":0,"important_notes":{"size":8035,"path":"media/html/important_notes_0_a172a29dc16c4cc6ef16.html","_type":"html-file","sha256":"a172a29dc16c4cc6ef16417d5c6fd61cfd9662534a6518029b058ea2644ef386"}}