{"pear_var/20":-0.002880173524127904,"_runtime":0.638443821,"r2_var/20000":0,"pear_var/20000":0.5007276374869604,"pear_var/50":0.2131375688771475,"pear_var/100":0.17471441521439113,"r2_var/100":0,"r2_mean/20":0,"r2_delta/10":0,"_step":0,"r2_mean/100":0.5641775131225586,"r2_var/200":0,"r2_delta/20000":0.9990534782409668,"r2_delta/200":0.9996125102043152,"wass_dist/20":0.8763967190814513,"wass_dist/100":0.6160892048549649,"r2_mean/50":0.33384984731674194,"r2_var/50":0,"r2_delta/100":0.9997204542160034,"pear_var/10":0.5201349959343947,"_wandb":{"runtime":0},"r2_delta/20":0,"pear_var/200":0.23108844460584713,"_timestamp":1.7438288099121106e+09,"r2_var/10":0,"r2_mean/20000":0.7077652215957642,"r2_delta/50":0.9070835709571838,"r2_mean/200":0.6165379285812378,"wass_dist/10":0.6723750091533744,"r2_var/20":0,"r2_mean/10":0.30812501907348633}