{"r2_mean/20000": 0.9812226891517639, "r2_var/20000": 0, "pear_var/20000": 0.6536765131357057, "r2_delta/20000": 0.7669451236724854, "r2_mean/200": 0.9689081907272339, "r2_var/200": 0, "pear_var/200": 0.7041133426706152, "r2_delta/200": 0.8671045303344727, "r2_mean/100": 0.9504635334014893, "r2_var/100": 0, "pear_var/100": 0.44848421031957403, "r2_delta/100": 0.8312461972236633, "wass_dist/100": 0.3911553419780544, "r2_mean/50": 0.9132981896400452, "r2_var/50": 0, "pear_var/50": 0.4422793611809286, "r2_delta/50": 0.718525767326355, "r2_mean/20": 0.9475182294845581, "r2_var/20": 0, "pear_var/20": 0.4318486088600804, "r2_delta/20": 0.7860512137413025, "wass_dist/20": 0.4421473046159976, "r2_mean/10": 0.9103452563285828, "r2_var/10": 0, "pear_var/10": -0.13362925403904832, "r2_delta/10": 0.8534525632858276, "wass_dist/10": 0.4301011314426117, "_timestamp": 1744124526.616206, "_runtime": 1.3222789764404297, "_step": 0, "_wandb": {"runtime": 1}}