{"r2_delta_OOD/10_all":0.6499021649360657,"r2_var_criterion/10_all":0,"Gradients_by_loss recover_latent/: zone_embedder":0.0003951633407268673,"_wandb":{"runtime":2346},"important_notes":{"_type":"html-file","sha256":"669ad334bf27d4290918390345d17510f5997f5bd6df4025566a7b61e97d5d55","size":8428,"path":"media/html/important_notes_0_669ad334bf27d4290918.html"},"Gradients_by_loss recover_latent/: encoder3":0.0033725122851072415,"Gradients_by_loss recover_latent/: mapper_zone_mapper":4.900961409281548e-05,"r2_delta_criterion/50_all":0.9327396154403687,"r2_var_OOD/50_all":0,"Gradients_by_loss rec_from_latent_pretrain/: encoder2":0,"r2_delta_OOD/20_all":0.83621746301651,"Gradients_by_loss recover_latent/: encoder12":0.002125920737876939,"Gradients_by_loss rec_from_latent_pretrain/: encoder13":0,"Gradients_by_loss recover_latent/: mapper_coarse_time_mapper":5.411864087805367e-05,"r2_delta_criterion/20_all":0.9370512366294861,"Gradients_by_loss rec_from_latent_pretrain/: mapper_zone_mapper":0,"pear_var_criterion/10_all":0.9422921386691195,"r2_mean_OOD/20_all":0.9086870551109314,"Gradients_by_loss rec_from_latent_pretrain/: encoder1":0,"Gradients_by_loss rec_from_latent_pretrain/: mapper8":0,"r2_mean_OOD/100_all":0.9558526873588562,"r2_var_OOD/100_all":0,"r2_mean_criterion/50_all":0.9779133200645447,"Gradients_by_loss recover_latent/: encoder7":0.002044161834765196,"Gradients_by_loss rec_from_latent_pretrain/: mapper7":0,"wasserstein_OOD/10_all":0.3051782157585953,"Gradients_by_loss recover_latent/: mapper8":0.002569949633275192,"Gradients_by_loss rec_from_latent_pretrain/: coarse_time_embedder":0,"Rec/Pearson_gene_train":0.5434746146202087,"Gradients_by_loss rec_from_latent_pretrain/: mapper10":0,"Gradients_by_loss recover_latent/: mapper6":0.0026292960470433065,"Gradients_by_loss recover_latent/: px_r":0,"Gradients_by_loss recover_latent/: encoder1":0.004722788871611729,"Gradients_by_loss recover_latent/: encoder0":0.008187910793171334,"Rec/R2_var_train":0.9988631010055542,"Gradients_by_loss recover_latent/: mapper13":0.002955049525333875,"pear_var_criterion/avg_all":0.8885322571380052,"Gradients_by_loss rec_from_latent_pretrain/: encoder0":0,"Gradients_by_loss rec_from_latent_pretrain/: mapper_status_control_mapper":0,"losses/recover_latent":9.261186419048068e-05,"r2_var_OOD/10_all":0.04041457176208496,"Gradients_by_loss rec_from_latent_pretrain/: encoder5":0,"r2_mean_criterion/100_all":0.9803004264831543,"Gradients_by_loss rec_from_latent_pretrain/: mapper4":0,"Gradients_by_loss recover_latent/: mapper7":0.002508687605080814,"Gradients_by_loss rec_from_latent_pretrain/: mapper0":0,"Gradients_by_loss recover_latent/: encoder6":0.005075992768445893,"Gradients_by_loss rec_from_latent_pretrain/: mapper2":0,"pear_var_OOD/10_all":0.8785907826290003,"Gradients_by_loss recover_latent/: mapper12":0.002804826812275392,"Gradients_by_loss recover_latent/: encoder8":0.004122273507643141,"Gradients_by_loss rec_from_latent_pretrain/: decoder":0.3828748416554249,"Gradients_by_loss recover_latent/: encoder5":0.004137933705616039,"Gradients_by_loss recover_latent/: mapper14":0.0028995983905959768,"Gradients_by_loss rec_from_latent_pretrain/: encoder3":0,"Gradients_by_loss rec_from_latent_pretrain/: encoder9":0,"Gradients_by_loss rec_from_latent_pretrain/: mapper1":0,"Gradients_by_loss rec_from_latent_pretrain/: mapper6":0,"Gradients_by_loss rec_from_latent_pretrain/: encoder15":0,"Gradients_by_loss recover_latent/: encoder11":0.004535553664098182,"pear_var_criterion/20_all":0.9026004584732323,"Gradients_by_loss rec_from_latent_pretrain/: mapper14":0,"Gradients_by_loss rec_from_latent_pretrain/: encoder6":0,"r2_mean_OOD/50_all":0.945894181728363,"r2_delta_criterion/10_all":0.9553163051605225,"_runtime":2346.898736244,"Gradients_by_loss recover_latent/: coarse_time_embedder":0.0002680028846953064,"Gradients_by_loss recover_latent/: mapper1":0.0011449660615749531,"wasserstein_criterion/100_all":0.25841006682014034,"_step":521,"Gradients_by_loss rec_from_latent_pretrain/: mapper13":0,"Gradients_by_loss rec_from_latent_pretrain/: encoder10":0,"Gradients_by_loss recover_latent/: encoder4":0.002655724799453109,"Gradients_by_loss recover_latent/: mapper15":0.0028485986902310463,"Rec/R2_mean_train":0.9992972016334534,"Gradients_by_loss recover_latent/: mapper_status_control_mapper":4.5064748880238564e-05,"Gradients_by_loss recover_latent/: mapper5":0.002418601223757128,"r2_delta_criterion/100_all":0.9162073135375977,"pear_var_OOD/50_all":0.7943759124940065,"Gradients_by_loss recover_latent/: mapper11":0.0028253917516248817,"Gradients_by_loss rec_from_latent_pretrain/: zone_embedder":0,"pear_var_OOD/20_all":0.8733899259260207,"r2_mean_criterion/10_all":0.9710046648979187,"Gradients_by_loss recover_latent/: encoder13":0.004222568876801485,"r2_mean_OOD/10_all":0.858932614326477,"r2_var_criterion/20_all":0,"r2_var_criterion/50_all":0,"Gradients_by_loss recover_latent/: encoder10":0.006745874186873905,"Gradients_by_loss rec_from_latent_pretrain/: mapper5":0,"pear_var_criterion/50_all":0.8674315168421883,"Gradients_by_loss recover_latent/: mapper4":0.002238930981522413,"_timestamp":1.7684652230224786e+09,"Gradients_by_loss recover_latent/: encoder14":0.00238042604489463,"Gradients_by_loss recover_latent/: encoder_pretrain":0.0023849697995550604,"Gradients_by_loss rec_from_latent_pretrain/: mapper_coarse_time_mapper":0,"wasserstein_criterion/10_all":0.20062647011325185,"pear_var_criterion/100_all":0.8418049145674804,"Gradients_by_loss recover_latent/: mapper0":0.0003825492511961237,"r2_delta_OOD/100_all":0.8493591547012329,"Gradients_by_loss rec_from_latent_pretrain/: encoder12":0,"Gradients_by_loss rec_from_latent_pretrain/: mapper11":0,"Gradients_by_loss rec_from_latent_pretrain/: mapper3":0,"r2_delta_OOD/50_all":0.8578627109527588,"Gradients_by_loss recover_latent/: encoder9":0.0014081381000244331,"r2_mean_criterion/20_all":0.9720999002456665,"Gradients_by_loss rec_from_latent_pretrain/: encoder4":0,"wasserstein_OOD/100_all":0.26617114154889115,"Gradients_by_loss rec_from_latent_pretrain/: encoder7":0,"r2_var_OOD/20_all":0,"Gradients_by_loss recover_latent/: mapper3":0.0023106336737237954,"Gradients_by_loss rec_from_latent_pretrain/: encoder8":0,"Gradients_by_loss recover_latent/: status_control_embedder":0.00039825064595788717,"Gradients_by_loss recover_latent/: mapper9":0.002544330047733613,"Gradients_by_loss rec_from_latent_pretrain/: encoder11":0,"MIG_BINNED/dis_latent_stack_status_control_train":0.6780145619205935,"pear_var_OOD/100_all":0.7635145707473978,"losses/rec_from_latent_pretrain":6.533910229258294,"Gradients_by_loss recover_latent/: encoder2":0.00902275285292834,"r2_var_criterion/100_all":0,"Gradients_by_loss rec_from_latent_pretrain/: encoder_pretrain":0.42633230037074843,"Gradients_by_loss recover_latent/: mapper10":0.002831951798505826,"Gradients_by_loss recover_latent/: mapper2":0.002548233990384871,"Gradients_by_loss rec_from_latent_pretrain/: status_control_embedder":0,"Gradients_by_loss rec_from_latent_pretrain/: encoder14":0,"Gradients_by_loss recover_latent/: decoder":0,"Gradients_by_loss recover_latent/: encoder15":0.0020256316733173645,"Rec/Pearson_sample_train":0.9812784790992737,"Gradients_by_loss rec_from_latent_pretrain/: mapper15":0,"Gradients_by_loss rec_from_latent_pretrain/: px_r":0.00030551612144336104,"Gradients_by_loss rec_from_latent_pretrain/: mapper9":0,"Gradients_by_loss rec_from_latent_pretrain/: mapper12":0}