{"r2_mean/20000": 0.938186526298523, "r2_var/20000": 0, "pear_var/20000": 0.463734264880868, "r2_delta/20000": 0.38531357049942017, "r2_mean/200": 0.9275082945823669, "r2_var/200": 0, "pear_var/200": 0.3564154012823533, "r2_delta/200": 0.7775880694389343, "r2_mean/100": 0.9074103832244873, "r2_var/100": 0, "pear_var/100": 0.3090619511289345, "r2_delta/100": 0.7539395093917847, "wass_dist/100": 0.4265255761504052, "r2_mean/50": 0.9180113077163696, "r2_var/50": 0, "pear_var/50": 0.4312555055585754, "r2_delta/50": 0.7881383299827576, "r2_mean/20": 0.9401371479034424, "r2_var/20": 0, "pear_var/20": 0.28424797121966144, "r2_delta/20": 0.8045318126678467, "wass_dist/20": 0.49204724339633127, "r2_mean/10": 0.8666836619377136, "r2_var/10": 0, "pear_var/10": -0.3292794582096409, "r2_delta/10": 0.7820401787757874, "wass_dist/10": 0.4658997155952299, "_timestamp": 1743876372.1594558, "_runtime": 1.578284740447998, "_step": 0, "_wandb": {"runtime": 1}}