{"DUSP9+KLF1/R2_20_all":0.8184025287628174,"ZBTB10+SNAI1/R2_combo_specific_10_all":0.9737786650657654,"RHOXF2+SET/Pearson Delta_10_all":0.8898086078204052,"CEBPE+CNN1/R2_100_all":0.9751366376876831,"Gradients_by_loss rec_from_latent_pretrain/: mapper2":0,"Gradients_by_loss rec_from_latent_pretrain/: encoder6":0,"Gradients_by_loss recover_latent/: mapper13":0.001537205095647918,"ZBTB10+SNAI1/Pearson Delta_combo_specific_20_all":0.9805777147852727,"CEBPB+PTPN12/R2_combo_specific_20_all":0.9530298709869385,"FOSB+OSR2/R2_100_all":0.9789291024208069,"Gradients_by_loss recover_latent/: mapper15":0.0014849646779376985,"DUSP9+KLF1/Pearson Delta_20_all":0.9308174190589564,"UBASH3B+UBASH3A/R2_50_all":0.9864296913146973,"Gradients_by_loss recover_latent/: encoder6":0.0013158890727060473,"Gradients_by_loss rec_from_latent_pretrain/: mapper14":0,"DUSP9+KLF1/R2_combo_specific_10_all":0.8306336402893066,"Gradients_by_loss rec_from_latent_pretrain/: encoder_pretrain":0.4297169279966101,"Gradients_by_loss rec_from_latent_pretrain/: mapper_perturbation1_mapper":0,"UBASH3B+UBASH3A/Pearson Delta_combo_specific_20_all":0.928584972087042,"IGDCC3+ZBTB25/Pearson Delta_10_all":0.9554144098732275,"Gradients_by_loss rec_from_latent_pretrain/: encoder9":0,"DUSP9+KLF1/Pearson Delta_combo_specific_100_all":0.9282814851195506,"FOXA1+FOXF1/R2_20_all":0.965657114982605,"FOSB+OSR2/Pearson Delta_combo_specific_10_all":0.9395329535633001,"FOXA1+FOXF1/R2_combo_specific_100_all":0.9778873324394226,"DUSP9+PRTG/Pearson Delta_combo_specific_20_all":0.9895852209458804,"losses/rec_from_latent_pretrain":2.815016972929684,"r2_mean_criterion/100_all":0.9622479460456155,"CEBPE+CNN1/Pearson Delta_50_all":0.8585647575881089,"Gradients_by_loss recover_latent/: mapper5":0.0017438005906624627,"Gradients_by_loss recover_latent/: mapper12":0.0015570808143011165,"Gradients_by_loss rec_from_latent_pretrain/: mapper_perturbation2_mapper":0,"CEBPB+PTPN12/R2_100_all":0.9806099534034729,"CEBPB+PTPN12/R2_combo_specific_10_all":0.9556199908256531,"UBASH3B+UBASH3A/Wass_combo_specific_10_all":0.3191112512927835,"UBASH3B+UBASH3A/R2_100_all":0.9905305504798889,"CEBPB+PTPN12/R2_10_all":0.9628044962882996,"Gradients_by_loss rec_from_latent_pretrain/: mapper5":0,"DUSP9+PRTG/Pearson Delta_combo_specific_10_all":0.9924781792478827,"CEBPE+CNN1/Pearson Delta_100_all":0.8601166329273913,"Gradients_by_loss rec_from_latent_pretrain/: encoder5":0,"Rec/R2_mean_train":0.9998093843460083,"DUSP9+PRTG/R2_combo_specific_20_all":0.9897488355636597,"DUSP9+PRTG/Pearson Delta_combo_specific_50_all":0.987883241232561,"CEBPB+PTPN12/Pearson Delta_20_all":0.9502327341130616,"FOSB+OSR2/R2_50_all":0.9534131288528442,"Gradients_by_loss recover_latent/: mapper_perturbation2_mapper":1.9484609796207468e-05,"ZBTB10+SNAI1/R2_100_all":0.9596403241157532,"ZBTB10+SNAI1/Wass_combo_specific_10_all":0.32349120176294266,"losses/recover_latent":2.780126207916107e-05,"FOSB+OSR2/R2_20_all":0.903678297996521,"_step":521,"RHOXF2+SET/R2_combo_specific_50_all":0.9410932660102844,"r2_mean_criterion/10_all":0.8759790604764764,"Gradients_by_loss recover_latent/: encoder_pretrain":0.0004202840572207051,"ZBTB10+SNAI1/R2_combo_specific_20_all":0.9657895565032959,"Gradients_by_loss recover_latent/: encoder8":0.000647542409476737,"FOSB+OSR2/R2_combo_specific_50_all":0.9562506675720215,"CEBPB+PTPN12/Wass_10_all":0.36521767416061757,"UBASH3B+UBASH3A/R2_20_all":0.9769193530082703,"FOXA1+FOXF1/Pearson Delta_combo_specific_20_all":0.9718707611708992,"DUSP9+PRTG/R2_combo_specific_10_all":0.9864610433578491,"IGDCC3+ZBTB25/R2_100_all":0.9665617346763611,"Gradients_by_loss rec_from_latent_pretrain/: encoder1":0,"Gradients_by_loss recover_latent/: px_r":0,"FOSB+OSR2/Pearson Delta_100_all":0.9515565081820209,"RHOXF2+SET/R2_combo_specific_100_all":0.9419402480125427,"Gradients_by_loss rec_from_latent_pretrain/: mapper11":0,"FOXA1+FOXF1/Wass_combo_specific_10_all":0.26439237055181497,"Rec/R2_var_train":0.9959009289741516,"RHOXF2+SET/R2_combo_specific_10_all":0.9244882464408875,"Gradients_by_loss rec_from_latent_pretrain/: encoder13":0,"UBASH3B+UBASH3A/R2_combo_specific_10_all":0.9398265480995178,"Gradients_by_loss recover_latent/: encoder13":0.0011234685473050002,"Gradients_by_loss rec_from_latent_pretrain/: encoder8":0,"IGDCC3+ZBTB25/R2_10_all":0.9691647291183472,"important_notes":{"_type":"html-file","sha256":"a87f4155cec249c2e0bd6aa0b1a59516361ccae72884f97c11061abb032635e1","size":7275,"path":"media/html/important_notes_0_a87f4155cec249c2e0bd.html"},"DUSP9+PRTG/Pearson Delta_20_all":0.990965989472549,"FOSB+OSR2/Pearson Delta_combo_specific_20_all":0.9394869958968441,"RHOXF2+SET/Pearson Delta_combo_specific_50_all":0.7276786765230209,"IGDCC3+ZBTB25/Pearson Delta_100_all":0.9489969527951915,"ZBTB10+SNAI1/Pearson Delta_50_all":0.9675095945641647,"RHOXF2+SET/Pearson Delta_combo_specific_10_all":0.6242209870049064,"Gradients_by_loss rec_from_latent_pretrain/: mapper13":0,"RHOXF2+SET/R2_100_all":0.9200119376182556,"UBASH3B+UBASH3A/Pearson Delta_50_all":0.9421081420702083,"DUSP9+PRTG/R2_combo_specific_50_all":0.9818424582481384,"FOXA1+FOXF1/Pearson Delta_combo_specific_10_all":0.9622085739138433,"FOXA1+FOXF1/R2_combo_specific_10_all":0.9740424752235413,"Gradients_by_loss recover_latent/: encoder2":0.003285405059661018,"Gradients_by_loss recover_latent/: mapper14":0.001500423417867317,"UBASH3B+UBASH3A/Wass_10_all":0.22772998252016524,"CEBPB+PTPN12/R2_combo_specific_50_all":0.9658307433128357,"RHOXF2+SET/R2_combo_specific_20_all":0.9040769338607788,"CEBPB+PTPN12/Pearson Delta_combo_specific_10_all":0.8937210153710593,"FOXA1+FOXF1/R2_50_all":0.97237628698349,"ZBTB10+SNAI1/R2_20_all":0.9727222919464111,"Gradients_by_loss rec_from_latent_pretrain/: encoder15":0,"RHOXF2+SET/Wass_10_all":0.49967963378510427,"FOSB+OSR2/Pearson Delta_20_all":0.9587863992865148,"CEBPB+PTPN12/R2_50_all":0.9735402464866638,"FOXA1+FOXF1/R2_combo_specific_50_all":0.9783358573913574,"DUSP9+PRTG/R2_100_all":0.9825558066368103,"UBASH3B+UBASH3A/Pearson Delta_100_all":0.938328651371497,"Gradients_by_loss recover_latent/: encoder10":0.0011055123200400183,"Gradients_by_loss recover_latent/: encoder1":0.0037271685722681212,"IGDCC3+ZBTB25/Wass_10_all":0.3666291505397864,"FOXA1+FOXF1/R2_10_all":0.9783861041069031,"DUSP9+PRTG/R2_10_all":0.9861315488815308,"CEBPE+CNN1/R2_combo_specific_20_all":0.917962908744812,"ZBTB10+SNAI1/R2_50_all":0.9641681909561157,"DUSP9+PRTG/Pearson Delta_50_all":0.9887081220492006,"Gradients_by_loss rec_from_latent_pretrain/: mapper1":0,"UBASH3B+UBASH3A/R2_combo_specific_20_all":0.972259521484375,"Gradients_by_loss rec_from_latent_pretrain/: px_r":0.00038051881710998714,"ZBTB10+SNAI1/Pearson Delta_20_all":0.9761533406609513,"RHOXF2+SET/R2_10_all":0.8479297161102295,"Gradients_by_loss recover_latent/: mapper1":0.0010521742259701318,"DUSP9+PRTG/Pearson Delta_combo_specific_100_all":0.9771425396263257,"DUSP9+PRTG/R2_20_all":0.9880759119987488,"r2_mean_criterion/20_all":0.9389051198959351,"CEBPE+CNN1/R2_combo_specific_10_all":0.8157199621200562,"CEBPB+PTPN12/Pearson Delta_combo_specific_50_all":0.7458231374238767,"UBASH3B+UBASH3A/R2_combo_specific_50_all":0.9829155802726746,"IGDCC3+ZBTB25/R2_combo_specific_50_all":0.9545243978500366,"Gradients_by_loss rec_from_latent_pretrain/: encoder11":0,"Gradients_by_loss rec_from_latent_pretrain/: encoder12":0,"DUSP9+KLF1/R2_50_all":0.9350520372390747,"Gradients_by_loss recover_latent/: encoder7":0.0022777774951632814,"Gradients_by_loss recover_latent/: mapper9":0.001590355722571577,"CEBPB+PTPN12/Pearson Delta_combo_specific_100_all":0.7282727172428887,"Gradients_by_loss rec_from_latent_pretrain/: mapper8":0,"DUSP9+PRTG/R2_50_all":0.988358199596405,"Gradients_by_loss recover_latent/: encoder0":0.0017704296531759354,"FOSB+OSR2/R2_combo_specific_100_all":0.9673393964767456,"DUSP9+KLF1/Pearson Delta_combo_specific_20_all":0.9368915588502215,"IGDCC3+ZBTB25/R2_combo_specific_100_all":0.9603890776634216,"Gradients_by_loss recover_latent/: encoder9":0.0012569129406952313,