{"r2_mean/100":0.8088052868843079,"r2_var/10":0,"r2_var/200":0,"_runtime":0.617319929,"_timestamp":1.7438230701956506e+09,"r2_delta/100":0.9958959221839905,"r2_mean/200":0.8275052309036255,"r2_var/100":0,"pear_var/10":0.7609309029502637,"r2_var/20000":0,"pear_var/20000":0.6186907720774298,"r2_mean/10":0.4233611226081848,"pear_var/100":0.6535306809908108,"r2_delta/10":0,"r2_var/20":0,"r2_delta/50":0.9950942993164062,"r2_mean/50":0.7930545210838318,"r2_delta/20000":0.9972344636917114,"r2_mean/20000":0.9029819965362549,"_step":0,"wass_dist/100":0.37367044039320474,"r2_var/50":0,"pear_var/200":0.6087492861631788,"pear_var/20":0.7657802504675868,"wass_dist/10":0.542669506483026,"r2_delta/200":0.994770884513855,"wass_dist/20":0.507564331899467,"r2_mean/20":0.4259825348854065,"r2_delta/20":0,"_wandb":{"runtime":0},"pear_var/50":0.5115056212675467}