{"pear_var/50":0.6474983851524594,"r2_delta/20000":0.9939181208610535,"r2_mean/50":0.8245079517364502,"r2_mean/200":0.7341554164886475,"_wandb":{"runtime":0},"r2_mean/20000":0.78664231300354,"_step":0,"wass_dist/20":0.4949871400349715,"pear_var/20000":0.5296194489457478,"r2_delta/200":0.9919410347938538,"r2_var/100":0,"r2_mean/20":0.43498295545578003,"wass_dist/100":0.4064044702847751,"r2_var/50":0,"r2_delta/100":0.9943767786026001,"r2_var/10":0,"r2_mean/100":0.7380342483520508,"r2_var/200":0,"r2_var/20":0,"r2_mean/10":0.4912800192832947,"r2_var/20000":0,"r2_delta/20":0,"pear_var/100":0.5984390033783615,"_runtime":0.669806616,"pear_var/20":0.8469057034806505,"pear_var/10":0.8094912974383592,"_timestamp":1.7438235747619143e+09,"r2_delta/50":0.9958398938179016,"wass_dist/10":0.5180197636226455,"r2_delta/10":0,"pear_var/200":0.5344391959522765}