{"Gradients_by_loss recover_latent/: encoder2":0.002958532467591369,"Gradients_by_loss recover_latent/: mapper15":0.0015594554711429037,"r2_var_OOD/50_all":0.587965726852417,"Gradients_by_loss recover_latent/: tissue_embedder":8.8313507148996e-05,"Gradients_by_loss recover_latent/: encoder_pretrain":0.000511871536345378,"Gradients_by_loss recover_latent/: mapper11":0.0013479510710803727,"Gradients_by_loss recover_latent/: encoder6":0.0014779485171126812,"_wandb":{"runtime":3759},"r2_var_OOD/20_all":0.5612047910690308,"Gradients_by_loss recover_latent/: encoder14":0.0016022834686060237,"important_notes":{"size":8030,"path":"media/html/important_notes_0_1e70edf769dddfce2946.html","_type":"html-file","sha256":"1e70edf769dddfce2946bfd7878b27a6844997aa753691823b077f99e4bcb2fe"},"Gradients_by_loss rec_from_latent_pretrain/: mapper11":0,"Gradients_by_loss recover_latent/: mapper13":0.0013135528613222782,"r2_delta_criterion/100_all":0.5852237045764923,"Gradients_by_loss recover_latent/: mapper0":5.076981274018027e-05,"Gradients_by_loss recover_latent/: encoder8":0.0017767122410997395,"r2_delta_OOD/20_all":0.7186003923416138,"Gradients_by_loss rec_from_latent_pretrain/: mapper3":0,"Gradients_by_loss recover_latent/: mapper8":0.0011930955101308986,"Gradients_by_loss recover_latent/: encoder15":0.001521741565857541,"Gradients_by_loss rec_from_latent_pretrain/: mapper_tissue_mapper":0,"Gradients_by_loss rec_from_latent_pretrain/: encoder15":0,"Gradients_by_loss recover_latent/: encoder7":0.0014782834049780964,"r2_delta_criterion/50_all":0.6010876794656118,"Gradients_by_loss recover_latent/: encoder9":0.002795788224664709,"Gradients_by_loss recover_latent/: encoder1":0.003615217255088812,"wasserstein_criterion/10_all":0.3723001980700357,"Gradients_by_loss recover_latent/: mapper1":0.0007575599855351899,"r2_mean_criterion/100_all":0.8496427536010742,"r2_var_criterion/50_all":0.46513338883717853,"Gradients_by_loss rec_from_latent_pretrain/: encoder8":0,"Gradients_by_loss recover_latent/: mapper9":0.0013285212011432403,"Gradients_by_loss rec_from_latent_pretrain/: mapper8":0,"r2_var_criterion/20_all":0.5400555531183878,"Gradients_by_loss rec_from_latent_pretrain/: tissue_embedder":0,"Gradients_by_loss recover_latent/: mapper_tissue_mapper":2.2649540197777653e-05,"Gradients_by_loss rec_from_latent_pretrain/: mapper_donor_mapper":0,"Rec/Pearson_sample_train":0.9494003653526306,"Gradients_by_loss rec_from_latent_pretrain/: mapper5":0,"Gradients_by_loss recover_latent/: encoder5":0.0010711137393441521,"Gradients_by_loss recover_latent/: mapper3":0.001117828794416238,"r2_mean_criterion/20_all":0.778524229923884,"Gradients_by_loss rec_from_latent_pretrain/: encoder3":0,"Gradients_by_loss recover_latent/: encoder10":0.0024792903652150074,"Gradients_by_loss rec_from_latent_pretrain/: encoder0":0,"Gradients_by_loss recover_latent/: mapper5":0.0011940632047012193,"Gradients_by_loss rec_from_latent_pretrain/: encoder10":0,"Gradients_by_loss recover_latent/: decoder":0,"r2_var_criterion/10_all":0.6788162191708883,"Rec/R2_var_train":0.9874736070632935,"Gradients_by_loss rec_from_latent_pretrain/: decoder":0.2714628143128296,"Gradients_by_loss rec_from_latent_pretrain/: encoder13":0,"r2_delta_OOD/50_all":0.7474877238273621,"r2_mean_OOD/20_all":0.8027072548866272,"wasserstein_OOD/10_all":0.17222990782732134,"Gradients_by_loss rec_from_latent_pretrain/: mapper2":0,"Gradients_by_loss rec_from_latent_pretrain/: encoder2":0,"Gradients_by_loss rec_from_latent_pretrain/: mapper7":0,"Gradients_by_loss recover_latent/: mapper4":0.00126536778663717,"r2_mean_OOD/10_all":0.780460774898529,"_step":521,"Gradients_by_loss recover_latent/: mapper12":0.0012838449034183596,"Gradients_by_loss rec_from_latent_pretrain/: encoder5":0,"Gradients_by_loss rec_from_latent_pretrain/: donor_embedder":0,"Gradients_by_loss rec_from_latent_pretrain/: mapper12":0,"MIG_BINNED/dis_latent_stack_tissue_train":0.6661916555954083,"Gradients_by_loss rec_from_latent_pretrain/: mapper15":0,"Gradients_by_loss recover_latent/: mapper14":0.0014722647681682283,"r2_mean_OOD/100_all":0.7967777848243713,"Gradients_by_loss rec_from_latent_pretrain/: mapper4":0,"Gradients_by_loss rec_from_latent_pretrain/: encoder6":0,"losses/rec_from_latent_pretrain":0.6202317281154239,"Gradients_by_loss recover_latent/: px_r":0,"Gradients_by_loss recover_latent/: mapper6":0.0011957805907086123,"r2_var_OOD/100_all":0.5942929983139038,"r2_mean_criterion/50_all":0.8437541524569193,"Gradients_by_loss rec_from_latent_pretrain/: px_r":0.0001101275411201641,"Rec/R2_mean_train":0.9983201026916504,"Gradients_by_loss rec_from_latent_pretrain/: encoder9":0,"pear_var_criterion/avg_all":NaN,"Gradients_by_loss rec_from_latent_pretrain/: encoder4":0,"Gradients_by_loss recover_latent/: mapper2":0.00097669166653355,"Gradients_by_loss rec_from_latent_pretrain/: mapper0":0,"_timestamp":1.7678020274623394e+09,"losses/recover_latent":4.338451318155438e-05,"Gradients_by_loss rec_from_latent_pretrain/: encoder7":0,"Gradients_by_loss rec_from_latent_pretrain/: encoder1":0,"Gradients_by_loss recover_latent/: donor_embedder":0.00014390054275281727,"r2_delta_criterion/20_all":0.5496463080247244,"Gradients_by_loss rec_from_latent_pretrain/: encoder14":0,"r2_mean_OOD/50_all":0.799544095993042,"Gradients_by_loss recover_latent/: encoder12":0.001085507742286521,"Gradients_by_loss rec_from_latent_pretrain/: mapper10":0,"Gradients_by_loss recover_latent/: encoder3":0.00261118971430828,"Gradients_by_loss rec_from_latent_pretrain/: mapper13":0,"Gradients_by_loss rec_from_latent_pretrain/: encoder11":0,"Gradients_by_loss recover_latent/: mapper_donor_mapper":3.715632565980647e-05,"Gradients_by_loss recover_latent/: encoder4":0.0031104587412840714,"Gradients_by_loss rec_from_latent_pretrain/: mapper9":0,"r2_delta_OOD/10_all":0.7223975658416748,"Gradients_by_loss recover_latent/: encoder11":0.00040572213418706084,"Gradients_by_loss rec_from_latent_pretrain/: mapper14":0,"Gradients_by_loss recover_latent/: mapper7":0.0011977673577664369,"Rec/Pearson_gene_train":0.6983991265296936,"r2_var_criterion/100_all":0.4542180399099986,"r2_var_OOD/10_all":0.5015122890472412,"Gradients_by_loss rec_from_latent_pretrain/: mapper6":0,"Gradients_by_loss rec_from_latent_pretrain/: encoder12":0,"Gradients_by_loss recover_latent/: encoder0":0.0013130733212986703,"r2_delta_criterion/10_all":0.5362936556339264,"Gradients_by_loss rec_from_latent_pretrain/: encoder_pretrain":0.1986709936407059,"r2_delta_OOD/100_all":0.7370251417160034,"Gradients_by_loss recover_latent/: encoder13":0.001207866271672191,"Gradients_by_loss rec_from_latent_pretrain/: mapper1":0,"_runtime":3759.467268723,"Gradients_by_loss recover_latent/: mapper10":0.0014042380011427436,"r2_mean_criterion/10_all":0.5816812018553416}