{"wass_dist/10":0.47445672378270654,"r2_var/100":0,"r2_var/50":0,"r2_var/20000":0,"_timestamp":1.7438239775787263e+09,"r2_delta/200":0.9929141998291016,"_runtime":0.62263942,"r2_delta/100":0.9953619241714478,"pear_var/50":0.6456609714928709,"pear_var/10":0.8379446237186532,"r2_mean/20":0.5567682385444641,"r2_delta/20":0.08479279279708862,"r2_mean/10":0.6688541173934937,"r2_mean/50":0.792454719543457,"wass_dist/20":0.4618087865165113,"r2_delta/10":0.08809465169906616,"pear_var/20000":0.5070585430671467,"_step":0,"r2_delta/50":0.9950801134109497,"r2_mean/100":0.783929169178009,"r2_var/20":0,"wass_dist/100":0.3853068105519143,"r2_mean/200":0.7662582397460938,"_wandb":{"runtime":0},"pear_var/20":0.8525942409302039,"r2_delta/20000":0.9949495196342468,"pear_var/100":0.5799899652565073,"r2_var/200":0,"r2_var/10":0,"pear_var/200":0.504978088330988,"r2_mean/20000":0.8228258490562439}