{"r2_delta/20000":0.9849132299423218,"r2_var/50":0,"r2_delta/20":0,"r2_delta/10":0,"r2_var/20000":0,"r2_delta/200":0.9757112860679626,"pear_var/200":0.5310100248116917,"r2_mean/20":0,"r2_var/20":0,"pear_var/20":0.844133316351862,"r2_delta/50":0.9779688119888306,"pear_var/20000":0.5099181175665936,"r2_mean/200":0.19878000020980835,"pear_var/10":0.8030764418687449,"r2_var/10":0,"r2_mean/50":0.07061934471130371,"_wandb":{"runtime":0},"r2_mean/100":0.12449872493743896,"wass_dist/10":0.7185058756058101,"wass_dist/100":0.5254004794851672,"_timestamp":1.743823171622684e+09,"r2_var/100":0,"r2_mean/10":0,"_runtime":0.842433628,"r2_var/200":0,"r2_delta/100":0.9812069535255432,"pear_var/50":0.6726279326980314,"_step":0,"pear_var/100":0.6022080623102293,"r2_mean/20000":0.47074609994888306,"wass_dist/20":0.6309332921499997}