{"Gradients_by_loss rec_from_latent_pretrain/: encoder_pretrain":0.021425831657605653,"_step":521,"Gradients_by_loss recover_latent/: mapper15":0.00015637800351065817,"Gradients_by_loss recover_latent/: mapper4":0.00010203986769605067,"_timestamp":1.7681149395522614e+09,"r2_delta_OOD/10_all":0.8827012181282043,"r2_delta_criterion/20_all":0.44315577298402786,"Gradients_by_loss rec_from_latent_pretrain/: mapper14":0,"Gradients_by_loss recover_latent/: encoder3":4.0116333568528505e-05,"Gradients_by_loss rec_from_latent_pretrain/: encoder14":0,"Gradients_by_loss recover_latent/: mapper11":0.0001593986401683572,"Gradients_by_loss rec_from_latent_pretrain/: mapper_donor_mapper":0,"Gradients_by_loss rec_from_latent_pretrain/: mapper15":0,"Gradients_by_loss rec_from_latent_pretrain/: encoder9":0,"r2_mean_OOD/100_all":0.8551937341690063,"Gradients_by_loss recover_latent/: encoder14":4.729548455504788e-05,"Gradients_by_loss rec_from_latent_pretrain/: encoder11":0,"wasserstein_criterion/10_all":0.6209548932537463,"Gradients_by_loss rec_from_latent_pretrain/: encoder6":0,"losses/recover_latent":5.846670121698594e-05,"r2_delta_OOD/50_all":0.7282214164733887,"Gradients_by_loss recover_latent/: mapper5":0.00010946222353322777,"Gradients_by_loss recover_latent/: mapper10":0.00017147699293859305,"wasserstein_OOD/10_all":0.11046080605471209,"_runtime":1303.85342858,"Gradients_by_loss recover_latent/: encoder6":0.00010638541648560552,"pear_var_criterion/avg_all":NaN,"Gradients_by_loss recover_latent/: mapper_tissue_mapper":2.291514763914954e-06,"Gradients_by_loss recover_latent/: mapper2":0.00010786455280767051,"r2_delta_OOD/100_all":0.7107625007629395,"r2_mean_OOD/50_all":0.7811160087585449,"Gradients_by_loss rec_from_latent_pretrain/: encoder12":0,"Gradients_by_loss recover_latent/: encoder0":0.0004924642677205065,"r2_var_OOD/100_all":0.6323131918907166,"Gradients_by_loss recover_latent/: encoder9":0.0004751725135615991,"r2_mean_criterion/10_all":0.4080834463238716,"Gradients_by_loss rec_from_latent_pretrain/: encoder10":0,"r2_var_OOD/20_all":0.8982214331626892,"Gradients_by_loss recover_latent/: encoder11":3.5146989305019957e-05,"Gradients_by_loss rec_from_latent_pretrain/: mapper7":0,"Gradients_by_loss recover_latent/: mapper14":0.0001590909312963293,"r2_mean_OOD/10_all":0.9318740963935852,"Gradients_by_loss recover_latent/: mapper0":9.105547068599542e-05,"Gradients_by_loss rec_from_latent_pretrain/: mapper9":0,"Gradients_by_loss recover_latent/: mapper6":0.00010861714192358688,"Gradients_by_loss rec_from_latent_pretrain/: mapper6":0,"Gradients_by_loss rec_from_latent_pretrain/: mapper3":0,"r2_var_criterion/50_all":0.1973729431629181,"Gradients_by_loss rec_from_latent_pretrain/: mapper4":0,"Rec/R2_var_train":0.971027672290802,"Gradients_by_loss recover_latent/: encoder_pretrain":3.231233089286881e-05,"Gradients_by_loss rec_from_latent_pretrain/: mapper11":0,"Gradients_by_loss rec_from_latent_pretrain/: mapper13":0,"Gradients_by_loss recover_latent/: mapper3":0.00010476883272042985,"Rec/Pearson_gene_train":0.7461426854133606,"Gradients_by_loss rec_from_latent_pretrain/: mapper10":0,"Gradients_by_loss rec_from_latent_pretrain/: encoder13":0,"Gradients_by_loss recover_latent/: decoder":0,"Gradients_by_loss recover_latent/: mapper12":0.00016382914401700966,"Gradients_by_loss rec_from_latent_pretrain/: encoder8":0,"Gradients_by_loss recover_latent/: mapper8":0.00010647028532499474,"r2_mean_OOD/20_all":0.8508386611938477,"Gradients_by_loss rec_from_latent_pretrain/: mapper2":0,"Gradients_by_loss rec_from_latent_pretrain/: tissue_embedder":0,"_wandb":{"runtime":1303},"Gradients_by_loss recover_latent/: mapper13":0.00015616739344190357,"Gradients_by_loss rec_from_latent_pretrain/: encoder15":0,"Gradients_by_loss rec_from_latent_pretrain/: decoder":0.0698028146712989,"r2_var_OOD/50_all":0.6157045960426331,"Gradients_by_loss rec_from_latent_pretrain/: mapper8":0,"Gradients_by_loss recover_latent/: encoder5":0.00014629875745991616,"r2_var_criterion/10_all":0.2218380570411682,"Gradients_by_loss rec_from_latent_pretrain/: mapper5":0,"r2_mean_criterion/100_all":0.8034415543079376,"Gradients_by_loss rec_from_latent_pretrain/: mapper_tissue_mapper":0,"Rec/R2_mean_train":0.9939596652984619,"Gradients_by_loss recover_latent/: donor_embedder":2.2117817934486084e-05,"Gradients_by_loss recover_latent/: encoder7":0.00015021277273695913,"Gradients_by_loss rec_from_latent_pretrain/: px_r":1.1166431249876041e-05,"r2_delta_OOD/20_all":0.8312327861785889,"Gradients_by_loss recover_latent/: tissue_embedder":2.967545879073441e-05,"r2_mean_criterion/20_all":0.6110703945159912,"Gradients_by_loss recover_latent/: mapper9":0.00016071273639331544,"Gradients_by_loss recover_latent/: encoder13":1.2981398696359725e-05,"Gradients_by_loss rec_from_latent_pretrain/: encoder1":0,"Gradients_by_loss rec_from_latent_pretrain/: encoder7":0,"Gradients_by_loss rec_from_latent_pretrain/: mapper0":0,"Gradients_by_loss recover_latent/: px_r":0,"r2_delta_criterion/10_all":0.32475536316633224,"Gradients_by_loss recover_latent/: encoder10":0.0002451866190716969,"Gradients_by_loss recover_latent/: encoder8":7.794040375623875e-05,"Gradients_by_loss recover_latent/: mapper7":0.00010797998957700967,"r2_delta_criterion/50_all":0.5260598883032799,"Gradients_by_loss rec_from_latent_pretrain/: encoder5":0,"Gradients_by_loss recover_latent/: encoder15":7.481006415542382e-05,"Gradients_by_loss recover_latent/: mapper1":0.00010050662208444476,"Gradients_by_loss rec_from_latent_pretrain/: encoder2":0,"MIG_BINNED/dis_latent_stack_tissue_train":0.670932136920926,"Gradients_by_loss recover_latent/: mapper_donor_mapper":5.057171129759472e-06,"Gradients_by_loss rec_from_latent_pretrain/: encoder4":0,"losses/rec_from_latent_pretrain":0.5915322977351025,"Gradients_by_loss recover_latent/: encoder2":0.00024356219806486294,"Gradients_by_loss rec_from_latent_pretrain/: donor_embedder":0,"Rec/Pearson_sample_train":0.946446418762207,"r2_var_OOD/10_all":0.8895435333251953,"Gradients_by_loss rec_from_latent_pretrain/: mapper12":0,"Gradients_by_loss recover_latent/: encoder1":0.00031090260800511105,"Gradients_by_loss rec_from_latent_pretrain/: encoder0":0,"Gradients_by_loss rec_from_latent_pretrain/: encoder3":0,"r2_mean_criterion/50_all":0.7642220184206963,"Gradients_by_loss rec_from_latent_pretrain/: mapper1":0,"Gradients_by_loss recover_latent/: encoder12":0.0001564391644564077,"r2_delta_criterion/100_all":0.5209057852625847,"r2_var_criterion/100_all":0.24312449991703033,"r2_var_criterion/20_all":0.11074255406856537,"important_notes":{"path":"media/html/important_notes_0_408d8386787eab506a1a.html","_type":"html-file","sha256":"408d8386787eab506a1a0a2c911f1c174ab92e873982c76f2cd9dcf034d9a339","size":7808},"Gradients_by_loss recover_latent/: encoder4":0.00013772716255012996}