{"Gradients_by_loss recover_latent/: encoder7":0.0031519641565698553,"Gradients_by_loss recover_latent/: mapper14":0.0019082132283242356,"Gradients_by_loss recover_latent/: tissue_embedder":0.00021711716544814408,"Gradients_by_loss rec_from_latent_pretrain/: donor_embedder":0,"Gradients_by_loss rec_from_latent_pretrain/: encoder3":0,"wasserstein_criterion/10_all":0.414301926507094,"Gradients_by_loss rec_from_latent_pretrain/: encoder0":0,"Gradients_by_loss rec_from_latent_pretrain/: px_r":0.00010391823889221996,"r2_mean_OOD/100_all":0.7960143685340881,"r2_delta_criterion/50_all":0.5963390469551086,"r2_delta_OOD/20_all":0.6081387996673584,"r2_mean_OOD/10_all":0.927402138710022,"Gradients_by_loss recover_latent/: mapper2":0.0009012070771123062,"r2_delta_criterion/10_all":0.4972771803538005,"Gradients_by_loss rec_from_latent_pretrain/: encoder11":0,"Gradients_by_loss rec_from_latent_pretrain/: encoder13":0,"Gradients_by_loss recover_latent/: encoder14":0.001902843513074455,"wasserstein_OOD/10_all":0.0918672032483694,"r2_delta_criterion/20_all":0.509285181760788,"Gradients_by_loss rec_from_latent_pretrain/: mapper5":0,"_step":521,"Gradients_by_loss recover_latent/: donor_embedder":0.00010433105489937589,"Gradients_by_loss recover_latent/: encoder9":0.002226586906256539,"Gradients_by_loss recover_latent/: encoder8":0.0010323165539898858,"Gradients_by_loss recover_latent/: mapper12":0.0017025460080720785,"Gradients_by_loss recover_latent/: mapper8":0.0016507087664227554,"Gradients_by_loss rec_from_latent_pretrain/: mapper15":0,"Gradients_by_loss rec_from_latent_pretrain/: mapper2":0,"Gradients_by_loss recover_latent/: mapper6":0.001490104148367677,"Rec/R2_var_train":0.9980890154838562,"Gradients_by_loss recover_latent/: mapper15":0.00210827641414252,"Gradients_by_loss recover_latent/: mapper0":0.0007623846427385099,"Rec/R2_mean_train":0.9991610646247864,"Gradients_by_loss recover_latent/: decoder":0,"r2_var_OOD/10_all":0.9705086350440979,"r2_var_criterion/100_all":0.5082694093386332,"Gradients_by_loss rec_from_latent_pretrain/: encoder14":0,"Gradients_by_loss recover_latent/: encoder12":0.000588233180927307,"Gradients_by_loss recover_latent/: encoder4":0.001137556088686821,"_wandb":{"runtime":3817},"Gradients_by_loss recover_latent/: encoder11":0.0031195480242668934,"Gradients_by_loss rec_from_latent_pretrain/: mapper7":0,"Gradients_by_loss rec_from_latent_pretrain/: mapper0":0,"Gradients_by_loss rec_from_latent_pretrain/: encoder4":0,"Gradients_by_loss rec_from_latent_pretrain/: mapper10":0,"r2_var_OOD/20_all":0,"Gradients_by_loss rec_from_latent_pretrain/: mapper4":0,"Gradients_by_loss recover_latent/: mapper_donor_mapper":3.128943707548109e-05,"MIG_BINNED/dis_latent_stack_tissue_train":0.6625809828971534,"r2_mean_criterion/20_all":0.7473388016223907,"Gradients_by_loss rec_from_latent_pretrain/: mapper3":0,"Gradients_by_loss recover_latent/: mapper1":0.0008806108017731763,"Gradients_by_loss recover_latent/: encoder2":0.0015640360972464856,"Gradients_by_loss rec_from_latent_pretrain/: mapper14":0,"Gradients_by_loss rec_from_latent_pretrain/: encoder15":0,"r2_mean_criterion/10_all":0.5441941519578298,"Gradients_by_loss recover_latent/: encoder_pretrain":0.00046177752880625954,"Gradients_by_loss rec_from_latent_pretrain/: mapper9":0,"r2_var_criterion/50_all":0.4302707115809123,"Gradients_by_loss rec_from_latent_pretrain/: mapper1":0,"Gradients_by_loss recover_latent/: encoder15":0.0015986858295148766,"Gradients_by_loss rec_from_latent_pretrain/: encoder10":0,"Gradients_by_loss rec_from_latent_pretrain/: encoder5":0,"Gradients_by_loss rec_from_latent_pretrain/: encoder6":0,"r2_mean_OOD/20_all":0.7688242793083191,"Gradients_by_loss recover_latent/: encoder5":0.0014376807619820495,"Gradients_by_loss rec_from_latent_pretrain/: encoder7":0,"r2_mean_criterion/50_all":0.8193693260351816,"r2_mean_OOD/50_all":0.839962363243103,"_runtime":3817.087411032,"pear_var_criterion/avg_all":NaN,"Gradients_by_loss rec_from_latent_pretrain/: encoder1":0,"r2_var_criterion/10_all":0.584817518790563,"Gradients_by_loss recover_latent/: encoder1":0.001280377221440337,"Gradients_by_loss rec_from_latent_pretrain/: mapper_tissue_mapper":0,"r2_mean_criterion/100_all":0.8337545394897461,"Rec/Pearson_gene_train":0.6859666557610035,"Gradients_by_loss recover_latent/: mapper7":0.001697682595796379,"r2_var_OOD/50_all":0,"Gradients_by_loss recover_latent/: mapper_tissue_mapper":2.6196718399187084e-05,"Gradients_by_loss rec_from_latent_pretrain/: mapper12":0,"losses/rec_from_latent_pretrain":0.6258705612522604,"r2_delta_OOD/100_all":0.39275240898132324,"Gradients_by_loss recover_latent/: encoder3":0.0015544873925548383,"r2_delta_OOD/10_all":0.8247209787368774,"Gradients_by_loss rec_from_latent_pretrain/: mapper13":0,"Gradients_by_loss rec_from_latent_pretrain/: mapper11":0,"Gradients_by_loss rec_from_latent_pretrain/: encoder2":0,"Gradients_by_loss recover_latent/: encoder6":0.003976920060061926,"Gradients_by_loss recover_latent/: mapper4":0.0009404347629121938,"Gradients_by_loss recover_latent/: mapper9":0.0016152600564568087,"Gradients_by_loss recover_latent/: mapper5":0.0009673631089093864,"Gradients_by_loss rec_from_latent_pretrain/: decoder":0.2671583267349856,"Gradients_by_loss rec_from_latent_pretrain/: encoder8":0,"Gradients_by_loss recover_latent/: encoder0":0.0036865096679535255,"r2_var_criterion/20_all":0.5073547065258026,"losses/recover_latent":3.07456479839706e-05,"Gradients_by_loss recover_latent/: encoder13":0.0019516984886343233,"Gradients_by_loss recover_latent/: mapper11":0.00175558856073587,"Gradients_by_loss rec_from_latent_pretrain/: encoder9":0,"Gradients_by_loss rec_from_latent_pretrain/: mapper6":0,"Gradients_by_loss recover_latent/: px_r":0,"Gradients_by_loss rec_from_latent_pretrain/: encoder12":0,"r2_delta_OOD/50_all":0.5266451835632324,"_timestamp":1.7678030000752661e+09,"Gradients_by_loss rec_from_latent_pretrain/: tissue_embedder":0,"Gradients_by_loss recover_latent/: mapper13":0.0018073173799512238,"Gradients_by_loss recover_latent/: encoder10":0.001789942454729817,"Gradients_by_loss recover_latent/: mapper3":0.0009802451677794017,"Gradients_by_loss rec_from_latent_pretrain/: mapper_donor_mapper":0,"Rec/Pearson_sample_train":0.9483178853988647,"Gradients_by_loss recover_latent/: mapper10":0.0015579435372552462,"r2_var_OOD/100_all":0,"important_notes":{"sha256":"f2601a5940efda3fc06baeecac1fccdf8cd91673945bdfbcae51603362ba109d","size":8035,"path":"media/html/important_notes_0_f2601a5940efda3fc06b.html","_type":"html-file"},"Gradients_by_loss rec_from_latent_pretrain/: mapper8":0,"Gradients_by_loss rec_from_latent_pretrain/: encoder_pretrain":0.27719359817303846,"r2_delta_criterion/100_all":0.6044248938560486}