{"r2_mean/20000": 0.8570065498352051, "r2_var/20000": 0, "pear_var/20000": 0.44560581479632005, "r2_delta/20000": 0, "r2_mean/200": 0.766192615032196, "r2_var/200": 0, "pear_var/200": 0.3292115982713086, "r2_delta/200": 0.0006388425827026367, "r2_mean/100": 0.6671284437179565, "r2_var/100": 0, "pear_var/100": 0.20594649446901983, "r2_delta/100": 0, "wass_dist/100": 0.49422146492839913, "r2_mean/50": 0.4495047926902771, "r2_var/50": 0, "pear_var/50": 0.14627651437839403, "r2_delta/50": 0, "r2_mean/20": 0.6835941672325134, "r2_var/20": 0, "pear_var/20": 0.18016418175601084, "r2_delta/20": 0, "wass_dist/20": 0.6021148223513134, "r2_mean/10": 0.1636015772819519, "r2_var/10": 0, "pear_var/10": -0.02692756292823533, "r2_delta/10": 0, "wass_dist/10": 0.5666669578888167, "_timestamp": 1743895794.8776796, "_runtime": 1.3830316066741943, "_step": 0, "_wandb": {"runtime": 1}}