{"r2_delta_OOD/100_all":0.3518257141113281,"_step":521,"Gradients_by_loss recover_latent/: encoder13":0.0031555557286157927,"Gradients_by_loss rec_from_latent_pretrain/: mapper10":0,"r2_delta_OOD/20_all":0.13646990060806274,"_timestamp":1.7677681457811787e+09,"Gradients_by_loss recover_latent/: tissue_embedder":9.090433013625443e-05,"Gradients_by_loss recover_latent/: mapper10":0.002443627062101814,"wasserstein_OOD/10_all":0.6033670946490942,"Gradients_by_loss rec_from_latent_pretrain/: donor_embedder":0,"Gradients_by_loss rec_from_latent_pretrain/: mapper0":0,"_runtime":3578.657701816,"Gradients_by_loss rec_from_latent_pretrain/: mapper3":0,"r2_mean_criterion/10_all":0.6394134163856506,"r2_var_OOD/20_all":0,"Gradients_by_loss rec_from_latent_pretrain/: encoder2":0,"r2_mean_OOD/50_all":0.652544379234314,"Gradients_by_loss recover_latent/: encoder5":0.0017617013393646643,"MIG_BINNED/dis_latent_stack_tissue_train":0.6667704288783304,"Gradients_by_loss recover_latent/: mapper7":0.0023133899553818573,"Gradients_by_loss recover_latent/: encoder1":0.004436005780963154,"r2_mean_criterion/100_all":0.8622867862383524,"Gradients_by_loss rec_from_latent_pretrain/: decoder":0.30155649240312776,"Gradients_by_loss recover_latent/: encoder7":0.004727822697720488,"Gradients_by_loss recover_latent/: mapper11":0.0022551357724188196,"r2_var_OOD/10_all":0,"Gradients_by_loss rec_from_latent_pretrain/: encoder1":0,"r2_delta_criterion/10_all":0.6015122632185618,"Gradients_by_loss recover_latent/: mapper0":0.000824260623368051,"Gradients_by_loss rec_from_latent_pretrain/: px_r":7.733963138889521e-05,"Gradients_by_loss recover_latent/: encoder2":0.001201934494808666,"Gradients_by_loss rec_from_latent_pretrain/: mapper9":0,"Gradients_by_loss recover_latent/: encoder0":0.004271865535842286,"r2_var_criterion/10_all":0.6047816574573517,"Gradients_by_loss rec_from_latent_pretrain/: mapper6":0,"losses/rec_from_latent_pretrain":0.6041873229562111,"Gradients_by_loss recover_latent/: encoder12":0.0018978591544812791,"r2_var_OOD/100_all":0.16293185949325562,"Gradients_by_loss rec_from_latent_pretrain/: encoder7":0,"Gradients_by_loss rec_from_latent_pretrain/: encoder10":0,"Gradients_by_loss recover_latent/: mapper3":0.0015794325499334048,"r2_var_criterion/100_all":0.5240868131319681,"Gradients_by_loss recover_latent/: mapper_tissue_mapper":1.7553967967687107e-05,"Gradients_by_loss rec_from_latent_pretrain/: mapper7":0,"Gradients_by_loss rec_from_latent_pretrain/: encoder13":0,"Gradients_by_loss recover_latent/: mapper8":0.002139407591889152,"r2_mean_OOD/100_all":0.6665810346603394,"Gradients_by_loss rec_from_latent_pretrain/: encoder_pretrain":0.22990778242506735,"pear_var_criterion/avg_all":NaN,"Gradients_by_loss rec_from_latent_pretrain/: encoder4":0,"Gradients_by_loss rec_from_latent_pretrain/: encoder9":0,"Gradients_by_loss rec_from_latent_pretrain/: encoder0":0,"Gradients_by_loss rec_from_latent_pretrain/: tissue_embedder":0,"r2_var_criterion/20_all":0.5001341998577118,"Gradients_by_loss recover_latent/: mapper4":0.0020689408980598296,"Rec/R2_var_train":0.9967808127403259,"Gradients_by_loss rec_from_latent_pretrain/: mapper12":0,"r2_delta_OOD/50_all":0.3184967041015625,"Gradients_by_loss rec_from_latent_pretrain/: mapper14":0,"Gradients_by_loss rec_from_latent_pretrain/: mapper15":0,"Gradients_by_loss recover_latent/: mapper9":0.002131462499564848,"Gradients_by_loss recover_latent/: encoder4":0.006986628304802205,"Gradients_by_loss rec_from_latent_pretrain/: encoder11":0,"Gradients_by_loss recover_latent/: mapper13":0.002302338080623742,"Gradients_by_loss rec_from_latent_pretrain/: encoder8":0,"Gradients_by_loss recover_latent/: encoder15":0.0009985059365970194,"Gradients_by_loss recover_latent/: encoder10":0.002866843135731265,"Gradients_by_loss rec_from_latent_pretrain/: encoder5":0,"Gradients_by_loss recover_latent/: mapper2":0.0012018470222789793,"Gradients_by_loss recover_latent/: encoder8":0.0005687077067072445,"Gradients_by_loss rec_from_latent_pretrain/: mapper5":0,"Gradients_by_loss rec_from_latent_pretrain/: mapper4":0,"r2_mean_criterion/50_all":0.8483884831269582,"r2_var_OOD/50_all":0.10640043020248413,"_wandb":{"runtime":3578},"r2_delta_criterion/100_all":0.6416520078976949,"Gradients_by_loss rec_from_latent_pretrain/: encoder12":0,"Gradients_by_loss recover_latent/: donor_embedder":9.470024815527722e-05,"Gradients_by_loss recover_latent/: mapper15":0.002321323748010217,"Gradients_by_loss rec_from_latent_pretrain/: mapper_tissue_mapper":0,"important_notes":{"_type":"html-file","sha256":"c82702ceb9d18b7c239ad8d2339ab61b6f4a1a0446da66bd2ab84085ea8d8ded","size":8035,"path":"media/html/important_notes_0_c82702ceb9d18b7c239a.html"},"Gradients_by_loss recover_latent/: decoder":0,"Gradients_by_loss recover_latent/: encoder14":0.0017294327510640308,"Gradients_by_loss recover_latent/: encoder_pretrain":0.00035110489425311387,"Gradients_by_loss rec_from_latent_pretrain/: mapper8":0,"Gradients_by_loss rec_from_latent_pretrain/: mapper11":0,"r2_mean_OOD/10_all":0.4172627925872803,"Gradients_by_loss rec_from_latent_pretrain/: encoder15":0,"Rec/Pearson_gene_train":0.7000547403633595,"Gradients_by_loss recover_latent/: mapper6":0.002013590265020525,"Gradients_by_loss recover_latent/: mapper_donor_mapper":1.7938158733141184e-05,"losses/recover_latent":4.5647960915922114e-05,"Gradients_by_loss recover_latent/: mapper14":0.002353135436392403,"Gradients_by_loss rec_from_latent_pretrain/: mapper13":0,"Gradients_by_loss recover_latent/: encoder9":0.0023670859000603397,"wasserstein_criterion/10_all":0.31633667005584765,"r2_delta_criterion/20_all":0.6112319727738699,"Gradients_by_loss recover_latent/: mapper1":0.0012780381014812095,"Rec/Pearson_sample_train":0.9497233629226685,"r2_delta_criterion/50_all":0.63539719581604,"Gradients_by_loss rec_from_latent_pretrain/: encoder14":0,"r2_mean_criterion/20_all":0.8021944860617319,"Rec/R2_mean_train":0.999305009841919,"r2_var_criterion/50_all":0.42070043087005615,"Gradients_by_loss recover_latent/: px_r":0,"Gradients_by_loss recover_latent/: encoder3":0.0032369892791837764,"Gradients_by_loss rec_from_latent_pretrain/: mapper_donor_mapper":0,"r2_mean_OOD/20_all":0.47639626264572144,"Gradients_by_loss rec_from_latent_pretrain/: mapper2":0,"Gradients_by_loss rec_from_latent_pretrain/: encoder3":0,"Gradients_by_loss rec_from_latent_pretrain/: encoder6":0,"Gradients_by_loss recover_latent/: encoder6":0.0021062068320110592,"Gradients_by_loss rec_from_latent_pretrain/: mapper1":0,"Gradients_by_loss recover_latent/: mapper12":0.0021026978681376925,"Gradients_by_loss recover_latent/: mapper5":0.00201475406342504,"r2_delta_OOD/10_all":0.03886675834655762,"Gradients_by_loss recover_latent/: encoder11":0.0024912379481837857}