{"pear_var/50":0.22547297417197512,"pear_var/20":-0.0786284891115101,"wass_dist/10":0.5371661463409255,"pear_var/20000":0.40832985137167116,"r2_delta/10":0,"pear_var/100":0.16714244977066617,"_runtime":0.603255426,"_timestamp":1.7438259599618464e+09,"r2_var/10":0,"r2_mean/10":0,"r2_var/20":0,"pear_var/200":0.23701710569068457,"_wandb":{"runtime":0},"r2_mean/50":0.27907049655914307,"r2_mean/100":0.4407995939254761,"r2_delta/20000":0.9952815771102905,"pear_var/10":0.35924439685452414,"r2_var/50":0,"r2_mean/200":0.6121894717216492,"r2_delta/100":0.993371844291687,"r2_var/100":0,"r2_delta/50":0.9881338477134705,"r2_mean/20":0.6403695344924927,"wass_dist/20":0.5222736910345401,"r2_delta/20":0.996006429195404,"r2_delta/200":0.9927188158035278,"wass_dist/100":0.4486266841725298,"_step":0,"r2_var/20000":0,"r2_var/200":0,"r2_mean/20000":0.798541784286499}