{"r2_var_OOD/100_all":0,"Gradients_by_loss rec_from_latent_pretrain/: encoder10":0,"pear_var_criterion/avg_all":NaN,"_timestamp":1.7670861544626157e+09,"Gradients_by_loss rec_from_latent_pretrain/: mapper10":0,"r2_mean_OOD/100_all":0.7068415880203247,"Gradients_by_loss rec_from_latent_pretrain/: encoder2":0,"Gradients_by_loss recover_latent/: encoder13":0.0016125226538812553,"Gradients_by_loss recover_latent/: mapper11":0.00412565779112855,"Gradients_by_loss rec_from_latent_pretrain/: mapper15":0,"Gradients_by_loss recover_latent/: encoder6":0.008853428161329847,"r2_delta_criterion/20_all":0.3196019801226529,"r2_delta_criterion/50_all":0.364056413823908,"Gradients_by_loss rec_from_latent_pretrain/: mapper3":0,"Gradients_by_loss recover_latent/: mapper8":0.004332488066562044,"_runtime":2978.867740541,"Gradients_by_loss rec_from_latent_pretrain/: encoder8":0,"Gradients_by_loss recover_latent/: mapper1":0.0024881287235799933,"r2_delta_criterion/10_all":0.3055726777423512,"r2_var_OOD/10_all":0.6420290470123291,"r2_var_OOD/20_all":0.037501513957977295,"Gradients_by_loss recover_latent/: decoder":0,"MIG_BINNED/dis_latent_stack_tissue_train":0.648213324237127,"_step":521,"Gradients_by_loss rec_from_latent_pretrain/: mapper14":0,"Gradients_by_loss rec_from_latent_pretrain/: mapper4":0,"Gradients_by_loss recover_latent/: encoder15":0.0024646450260813082,"Gradients_by_loss rec_from_latent_pretrain/: encoder14":0,"Gradients_by_loss recover_latent/: mapper6":0.0038320871613749174,"Gradients_by_loss recover_latent/: encoder4":0.00760077907503548,"r2_delta_OOD/10_all":0.5135751962661743,"Gradients_by_loss rec_from_latent_pretrain/: mapper12":0,"Gradients_by_loss recover_latent/: encoder1":0.006941673157263254,"Gradients_by_loss recover_latent/: encoder3":0.0038848252514874196,"_wandb":{"runtime":2978},"Gradients_by_loss recover_latent/: mapper2":0.0027374855731121367,"r2_mean_OOD/50_all":0.5799927711486816,"Gradients_by_loss rec_from_latent_pretrain/: mapper7":0,"Gradients_by_loss rec_from_latent_pretrain/: mapper_donor_mapper":0,"Rec/Pearson_sample_train":0.9541565179824829,"Gradients_by_loss recover_latent/: encoder2":0.006351028287571224,"important_notes":{"size":7775,"path":"media/html/important_notes_0_11ca627391d0970c379b.html","_type":"html-file","sha256":"11ca627391d0970c379ba8544d83c4900ad754d4fcf8d92b2017567815a30e6e"},"Rec/R2_var_train":0.9954823851585388,"Gradients_by_loss recover_latent/: mapper0":0.0018430839488293039,"Gradients_by_loss recover_latent/: mapper4":0.0033775786596341017,"r2_mean_criterion/50_all":0.6271952228112654,"Gradients_by_loss recover_latent/: mapper3":0.002901691015342263,"r2_mean_OOD/20_all":0,"Gradients_by_loss recover_latent/: donor_embedder":0.00010725215543061495,"Gradients_by_loss rec_from_latent_pretrain/: encoder1":0,"Gradients_by_loss rec_from_latent_pretrain/: mapper11":0,"Gradients_by_loss recover_latent/: encoder12":0.002132708943590681,"Gradients_by_loss rec_from_latent_pretrain/: mapper6":0,"Gradients_by_loss recover_latent/: encoder9":0.003530676784730578,"Gradients_by_loss rec_from_latent_pretrain/: mapper8":0,"Gradients_by_loss rec_from_latent_pretrain/: encoder11":0,"Gradients_by_loss rec_from_latent_pretrain/: encoder7":0,"Gradients_by_loss rec_from_latent_pretrain/: encoder3":0,"Gradients_by_loss recover_latent/: mapper13":0.0038563303671435268,"r2_var_OOD/50_all":0,"Gradients_by_loss rec_from_latent_pretrain/: px_r":9.232198499375954e-05,"Gradients_by_loss rec_from_latent_pretrain/: mapper1":0,"Gradients_by_loss recover_latent/: mapper9":0.0041961529258471315,"r2_mean_criterion/10_all":0.22714686393737793,"Rec/R2_mean_train":0.998397707939148,"Gradients_by_loss rec_from_latent_pretrain/: encoder9":0,"Rec/Pearson_gene_train":0.6795855760574341,"r2_mean_OOD/10_all":0,"Gradients_by_loss rec_from_latent_pretrain/: encoder4":0,"Gradients_by_loss rec_from_latent_pretrain/: mapper13":0,"r2_delta_OOD/50_all":0.326668918132782,"Gradients_by_loss recover_latent/: encoder5":0.00490506159675069,"r2_delta_criterion/100_all":0.353420999917117,"Gradients_by_loss recover_latent/: tissue_embedder":0.000128571133245714,"r2_delta_OOD/20_all":0.4527973532676697,"Gradients_by_loss recover_latent/: mapper7":0.0037673252278022256,"r2_delta_OOD/100_all":0.3154996633529663,"r2_mean_criterion/100_all":0.6938264857638966,"Gradients_by_loss recover_latent/: encoder0":0.01012357814214903,"Gradients_by_loss recover_latent/: px_r":0,"r2_var_criterion/100_all":0.10168382254513827,"r2_var_criterion/10_all":0.16204752705313943,"Gradients_by_loss recover_latent/: encoder7":0.006468043508164072,"Gradients_by_loss recover_latent/: mapper_tissue_mapper":3.746587732131926e-05,"Gradients_by_loss recover_latent/: mapper5":0.003185936552549024,"Gradients_by_loss recover_latent/: encoder8":0.008451702570071076,"Gradients_by_loss rec_from_latent_pretrain/: mapper2":0,"wasserstein_OOD/10_all":0.834096264918274,"Gradients_by_loss recover_latent/: encoder_pretrain":0.0008917133427404052,"Gradients_by_loss recover_latent/: encoder14":0.0024299059211716242,"losses/recover_latent":5.07106359059512e-05,"r2_mean_criterion/20_all":0.4222803061658686,"Gradients_by_loss recover_latent/: mapper10":0.003994538319321136,"Gradients_by_loss rec_from_latent_pretrain/: encoder15":0,"r2_var_criterion/50_all":0.08338248187845404,"Gradients_by_loss recover_latent/: mapper15":0.00389540517097171,"r2_var_criterion/20_all":0.10089936581524936,"wasserstein_criterion/10_all":0.7891085334161787,"Gradients_by_loss rec_from_latent_pretrain/: mapper_tissue_mapper":0,"Gradients_by_loss recover_latent/: mapper_donor_mapper":4.7786749533256526e-05,"Gradients_by_loss rec_from_latent_pretrain/: encoder6":0,"Gradients_by_loss rec_from_latent_pretrain/: donor_embedder":0,"Gradients_by_loss rec_from_latent_pretrain/: encoder_pretrain":0.18663471565902276,"Gradients_by_loss rec_from_latent_pretrain/: encoder13":0,"Gradients_by_loss recover_latent/: mapper12":0.003930846511742804,"Gradients_by_loss rec_from_latent_pretrain/: decoder":0.3288144951345333,"Gradients_by_loss rec_from_latent_pretrain/: mapper5":0,"Gradients_by_loss rec_from_latent_pretrain/: encoder0":0,"losses/rec_from_latent_pretrain":0.678574910945138,"Gradients_by_loss recover_latent/: encoder10":0.0014991672721755222,"Gradients_by_loss rec_from_latent_pretrain/: mapper0":0,"Gradients_by_loss rec_from_latent_pretrain/: tissue_embedder":0,"Gradients_by_loss recover_latent/: mapper14":0.003938723998770765,"Gradients_by_loss rec_from_latent_pretrain/: encoder12":0,"Gradients_by_loss rec_from_latent_pretrain/: mapper9":0,"Gradients_by_loss recover_latent/: encoder11":0.005019505996850106,"Gradients_by_loss rec_from_latent_pretrain/: encoder5":0}