{"r2_mean/10":0.4237697720527649,"pear_var/20":-0.14054929980343073,"pear_var/50":-0.07052975117364225,"pear_var/20000":0.48130606563239653,"r2_delta/100":0.9939120411872864,"r2_delta/50":0.9948030710220337,"pear_var/100":0.07591030729490078,"_runtime":0.579191992,"r2_delta/20000":0.9925544857978821,"r2_mean/50":0.5003501176834106,"r2_var/100":0,"r2_mean/100":0.646070122718811,"r2_var/20000":0,"r2_delta/20":0.9982672333717346,"r2_mean/200":0.7106521129608154,"r2_delta/10":0,"pear_var/200":0.33965166628600335,"_timestamp":1.743826748854169e+09,"r2_var/200":0,"r2_var/50":0,"r2_var/20":0,"wass_dist/10":0.47671882879488914,"wass_dist/100":0.45935882363376684,"wass_dist/20":0.5059209076829306,"r2_mean/20000":0.6587314605712891,"_wandb":{"runtime":0},"r2_mean/20":0.767301619052887,"pear_var/10":0.38644682487870585,"_step":0,"r2_delta/200":0.9945365190505981,"r2_var/10":0}