{"Gradients_by_loss rec_from_latent_pretrain/: mapper15":0,"wasserstein_OOD/10_all":0.6826874816159567,"r2_mean_criterion/50_all":0.7355441004037857,"Gradients_by_loss rec_from_latent_pretrain/: encoder2":0,"r2_delta_OOD/20_all":0,"Gradients_by_loss rec_from_latent_pretrain/: mapper2":0,"r2_mean_criterion/20_all":0.5507579371333122,"Gradients_by_loss recover_latent/: encoder4":0.0022674678107610516,"r2_delta_criterion/10_all":0.36261919140815735,"Gradients_by_loss recover_latent/: mapper4":0.001304828488581198,"Gradients_by_loss rec_from_latent_pretrain/: decoder":0.7311450935281946,"Gradients_by_loss recover_latent/: mapper5":0.0011330466378432816,"r2_delta_OOD/10_all":0,"Gradients_by_loss rec_from_latent_pretrain/: encoder7":0,"Gradients_by_loss recover_latent/: mapper10":0.0017624975453287611,"Gradients_by_loss rec_from_latent_pretrain/: mapper_tissue_mapper":0,"Gradients_by_loss recover_latent/: encoder1":0.001757241784100652,"r2_mean_OOD/50_all":0.7174996137619019,"Gradients_by_loss rec_from_latent_pretrain/: encoder_pretrain":0.32702292762745694,"r2_var_OOD/50_all":0,"Gradients_by_loss recover_latent/: encoder11":0.0014986432900682123,"r2_var_criterion/20_all":0.23365352302789688,"Gradients_by_loss rec_from_latent_pretrain/: encoder1":0,"_timestamp":1.768115928633949e+09,"Gradients_by_loss rec_from_latent_pretrain/: encoder15":0,"r2_mean_OOD/20_all":0.6929675936698914,"Gradients_by_loss recover_latent/: mapper2":0.00037372665095579226,"Gradients_by_loss rec_from_latent_pretrain/: mapper9":0,"r2_mean_criterion/100_all":0.7897652089595795,"Gradients_by_loss rec_from_latent_pretrain/: mapper10":0,"Gradients_by_loss recover_latent/: encoder7":0.003233850963706316,"Gradients_by_loss recover_latent/: encoder12":0.001743772852637698,"r2_delta_criterion/100_all":0.5114686489105225,"r2_var_criterion/100_all":0.2563486769795418,"Gradients_by_loss rec_from_latent_pretrain/: mapper7":0,"Rec/R2_mean_train":0.9933935403823853,"Gradients_by_loss recover_latent/: encoder8":0.0007830325104345793,"Gradients_by_loss rec_from_latent_pretrain/: mapper3":0,"Gradients_by_loss recover_latent/: encoder15":0.003373342495441766,"Gradients_by_loss recover_latent/: encoder10":0.0026112163561744102,"Rec/Pearson_gene_train":0.7568037655413151,"Gradients_by_loss rec_from_latent_pretrain/: mapper0":0,"Rec/R2_var_train":0.9832770824432373,"Gradients_by_loss rec_from_latent_pretrain/: encoder13":0,"Gradients_by_loss rec_from_latent_pretrain/: px_r":8.687478111824021e-05,"Gradients_by_loss rec_from_latent_pretrain/: mapper6":0,"pear_var_criterion/avg_all":NaN,"Rec/Pearson_sample_train":0.9470146894454956,"important_notes":{"size":7813,"path":"media/html/important_notes_0_8d3ec63364f0e00a80a8.html","_type":"html-file","sha256":"8d3ec63364f0e00a80a8e79f09877d6d60d2be572f0552261226dba51e770ad6"},"Gradients_by_loss rec_from_latent_pretrain/: mapper4":0,"_step":521,"r2_delta_OOD/50_all":0.1513250470161438,"_runtime":1259.870805934,"r2_delta_OOD/100_all":0.028807103633880615,"r2_delta_criterion/50_all":0.4857671409845352,"r2_delta_criterion/20_all":0.41006749123334885,"Gradients_by_loss recover_latent/: mapper_donor_mapper":6.182401226643644e-05,"Gradients_by_loss rec_from_latent_pretrain/: mapper11":0,"Gradients_by_loss recover_latent/: mapper3":0.0014212493171734816,"Gradients_by_loss rec_from_latent_pretrain/: encoder6":0,"r2_mean_OOD/10_all":0.5828621983528137,"Gradients_by_loss rec_from_latent_pretrain/: encoder5":0,"Gradients_by_loss rec_from_latent_pretrain/: donor_embedder":0,"Gradients_by_loss recover_latent/: px_r":0,"Gradients_by_loss rec_from_latent_pretrain/: mapper12":0,"Gradients_by_loss rec_from_latent_pretrain/: encoder12":0,"Gradients_by_loss rec_from_latent_pretrain/: mapper13":0,"Gradients_by_loss recover_latent/: decoder":0,"Gradients_by_loss rec_from_latent_pretrain/: encoder10":0,"Gradients_by_loss recover_latent/: mapper11":0.001769156207108126,"Gradients_by_loss rec_from_latent_pretrain/: tissue_embedder":0,"Gradients_by_loss recover_latent/: mapper15":0.002438202957632286,"Gradients_by_loss recover_latent/: encoder3":0.005825884894814223,"Gradients_by_loss rec_from_latent_pretrain/: encoder11":0,"Gradients_by_loss recover_latent/: donor_embedder":0.0002075513475574553,"Gradients_by_loss recover_latent/: mapper_tissue_mapper":2.1395796500104286e-05,"Gradients_by_loss recover_latent/: encoder_pretrain":0.0004325753437277547,"r2_var_OOD/10_all":0,"Gradients_by_loss rec_from_latent_pretrain/: encoder14":0,"Gradients_by_loss recover_latent/: encoder2":0.0019093078183453512,"Gradients_by_loss rec_from_latent_pretrain/: mapper14":0,"_wandb":{"runtime":1259},"Gradients_by_loss recover_latent/: mapper1":0.0003587478026202269,"r2_var_OOD/20_all":0,"Gradients_by_loss rec_from_latent_pretrain/: encoder9":0,"r2_var_criterion/10_all":0.33338478207588196,"Gradients_by_loss rec_from_latent_pretrain/: mapper5":0,"Gradients_by_loss rec_from_latent_pretrain/: mapper8":0,"Gradients_by_loss recover_latent/: encoder5":0.0018103672303441574,"Gradients_by_loss recover_latent/: mapper9":0.0017541069063830173,"r2_mean_OOD/100_all":0.7395656108856201,"r2_var_criterion/50_all":0.21327140182256699,"r2_mean_criterion/10_all":0.2956997826695442,"Gradients_by_loss recover_latent/: mapper13":0.0018482046474261942,"Gradients_by_loss recover_latent/: mapper0":0.00010920657511401732,"Gradients_by_loss recover_latent/: tissue_embedder":0.00024081925221253186,"Gradients_by_loss rec_from_latent_pretrain/: mapper1":0,"losses/recover_latent":6.914851675039819e-05,"Gradients_by_loss recover_latent/: mapper14":0.0018778048508601558,"MIG_BINNED/dis_latent_stack_tissue_train":0.6642185136062899,"Gradients_by_loss recover_latent/: encoder6":0.005110070821012014,"Gradients_by_loss recover_latent/: mapper8":0.0016155548614560451,"Gradients_by_loss rec_from_latent_pretrain/: encoder4":0,"Gradients_by_loss rec_from_latent_pretrain/: encoder8":0,"Gradients_by_loss rec_from_latent_pretrain/: encoder0":0,"wasserstein_criterion/10_all":0.6812427773737477,"Gradients_by_loss recover_latent/: encoder13":0.0013159502216519136,"r2_var_OOD/100_all":0,"Gradients_by_loss rec_from_latent_pretrain/: mapper_donor_mapper":0,"Gradients_by_loss rec_from_latent_pretrain/: encoder3":0,"losses/rec_from_latent_pretrain":0.5814118228460613,"Gradients_by_loss recover_latent/: mapper6":0.0016617827517870255,"Gradients_by_loss recover_latent/: encoder0":0.0023492074515240875,"Gradients_by_loss recover_latent/: mapper12":0.0018571497035424144,"Gradients_by_loss recover_latent/: encoder14":0.0011643656810693915,"Gradients_by_loss recover_latent/: encoder9":0.002630193335301477,"Gradients_by_loss recover_latent/: mapper7":0.0017372801406573294}