{"Gradients_by_loss recover_latent/: encoder_pretrain":0.001679238853859847,"Gradients_by_loss rec_from_latent_pretrain/: encoder2":0,"_timestamp":1.767077440049241e+09,"r2_delta_OOD/50_all":0.30631470680236816,"r2_mean_OOD/50_all":0.39027971029281616,"Gradients_by_loss recover_latent/: encoder0":0.01564364298061371,"Gradients_by_loss recover_latent/: encoder3":0.006796462529956145,"Gradients_by_loss recover_latent/: decoder":0,"Gradients_by_loss recover_latent/: encoder12":0.004498586768506868,"Gradients_by_loss rec_from_latent_pretrain/: donor_embedder":0,"Gradients_by_loss rec_from_latent_pretrain/: encoder0":0,"Gradients_by_loss rec_from_latent_pretrain/: encoder_pretrain":0.1603573195197201,"Rec/Pearson_sample_train":0.9508541226387024,"losses/rec_from_latent_pretrain":0.6753356218338012,"r2_mean_OOD/100_all":0.6222615242004395,"Gradients_by_loss rec_from_latent_pretrain/: encoder10":0,"Gradients_by_loss rec_from_latent_pretrain/: encoder1":0,"r2_mean_OOD/20_all":0,"Gradients_by_loss rec_from_latent_pretrain/: mapper0":0,"important_notes":{"path":"media/html/important_notes_0_3195e71ea8043430f7df.html","_type":"html-file","sha256":"3195e71ea8043430f7dfe7fe45778a3482f9124f9688b1ba21023ba39e18deb9","size":7775},"Gradients_by_loss recover_latent/: mapper_tissue_mapper":9.153401343441785e-05,"Gradients_by_loss recover_latent/: mapper5":0.00522726407599528,"MIG_BINNED/dis_latent_stack_tissue_train":0.5798206220436606,"r2_var_OOD/20_all":0,"Gradients_by_loss recover_latent/: encoder8":0.012014986607412239,"Gradients_by_loss recover_latent/: mapper14":0.006393513991754515,"Gradients_by_loss rec_from_latent_pretrain/: encoder5":0,"Gradients_by_loss rec_from_latent_pretrain/: encoder9":0,"losses/recover_latent":0.00018174058756866384,"Gradients_by_loss recover_latent/: encoder1":0.007893779180938023,"Gradients_by_loss rec_from_latent_pretrain/: decoder":0.28377227883115386,"Gradients_by_loss rec_from_latent_pretrain/: mapper3":0,"r2_mean_criterion/10_all":0.2048173655163158,"r2_delta_OOD/20_all":0.31930577754974365,"Gradients_by_loss rec_from_latent_pretrain/: mapper7":0,"Gradients_by_loss recover_latent/: mapper13":0.006520599710150387,"Gradients_by_loss recover_latent/: encoder11":0.000997246709263078,"Gradients_by_loss recover_latent/: encoder6":0.001612890721029166,"_step":521,"Gradients_by_loss recover_latent/: tissue_embedder":0.00048227328807115555,"Gradients_by_loss recover_latent/: mapper7":0.00715316730323885,"r2_var_criterion/50_all":0.048935180360620674,"Gradients_by_loss rec_from_latent_pretrain/: encoder4":0,"Gradients_by_loss recover_latent/: encoder9":0.009687412362085422,"Gradients_by_loss recover_latent/: mapper9":0.006461198386779785,"r2_delta_OOD/100_all":0.24013102054595947,"Gradients_by_loss rec_from_latent_pretrain/: mapper13":0,"Gradients_by_loss recover_latent/: mapper_donor_mapper":9.363277232649127e-05,"Gradients_by_loss recover_latent/: mapper1":0.00199366622487413,"Gradients_by_loss rec_from_latent_pretrain/: encoder14":0,"Gradients_by_loss recover_latent/: encoder15":0.0011229680191368373,"Gradients_by_loss rec_from_latent_pretrain/: mapper_donor_mapper":0,"r2_mean_criterion/100_all":0.6913414164022966,"wasserstein_OOD/10_all":0.7494670293369425,"Gradients_by_loss recover_latent/: px_r":0,"Gradients_by_loss rec_from_latent_pretrain/: encoder13":0,"r2_var_criterion/20_all":0.11844601414420387,"Gradients_by_loss recover_latent/: mapper8":0.006144395995963184,"r2_var_OOD/100_all":0,"Gradients_by_loss rec_from_latent_pretrain/: mapper12":0,"r2_delta_criterion/10_all":0.2963285446166992,"Gradients_by_loss rec_from_latent_pretrain/: mapper5":0,"r2_delta_criterion/50_all":0.36115659366954456,"wasserstein_criterion/10_all":0.702459105069546,"Gradients_by_loss rec_from_latent_pretrain/: mapper9":0,"pear_var_criterion/avg_all":NaN,"Gradients_by_loss rec_from_latent_pretrain/: mapper8":0,"Gradients_by_loss rec_from_latent_pretrain/: px_r":8.444875857094303e-05,"r2_delta_criterion/100_all":0.3462617722424594,"r2_var_OOD/50_all":0,"Gradients_by_loss recover_latent/: encoder2":0.01442803685800424,"r2_mean_criterion/20_all":0.40609146790070966,"Gradients_by_loss rec_from_latent_pretrain/: mapper4":0,"Rec/R2_var_train":0.9973627328872681,"_wandb":{"runtime":2884},"Gradients_by_loss recover_latent/: mapper11":0.007249548602242893,"Gradients_by_loss rec_from_latent_pretrain/: mapper11":0,"Gradients_by_loss recover_latent/: mapper15":0.006321482199135183,"Gradients_by_loss rec_from_latent_pretrain/: mapper15":0,"Gradients_by_loss rec_from_latent_pretrain/: encoder3":0,"Gradients_by_loss rec_from_latent_pretrain/: encoder7":0,"Rec/R2_mean_train":0.9986692667007446,"Gradients_by_loss recover_latent/: mapper0":0.0014535772646515764,"Gradients_by_loss recover_latent/: mapper10":0.006562273251363701,"Gradients_by_loss recover_latent/: mapper2":0.0033667893499604177,"Gradients_by_loss rec_from_latent_pretrain/: encoder12":0,"r2_delta_criterion/20_all":0.32821488922292535,"r2_delta_OOD/10_all":0.16308176517486572,"Gradients_by_loss recover_latent/: mapper3":0.0035041106708952915,"Gradients_by_loss recover_latent/: mapper6":0.003761615403628842,"Gradients_by_loss rec_from_latent_pretrain/: encoder8":0,"Gradients_by_loss rec_from_latent_pretrain/: mapper2":0,"r2_mean_criterion/50_all":0.6196669611063871,"Gradients_by_loss rec_from_latent_pretrain/: encoder11":0,"Gradients_by_loss recover_latent/: encoder13":0.004694902838662256,"Gradients_by_loss recover_latent/: encoder4":0.009969135376517084,"Gradients_by_loss rec_from_latent_pretrain/: mapper6":0,"Gradients_by_loss rec_from_latent_pretrain/: mapper10":0,"Gradients_by_loss rec_from_latent_pretrain/: tissue_embedder":0,"Gradients_by_loss recover_latent/: mapper4":0.003513294062447203,"Gradients_by_loss rec_from_latent_pretrain/: mapper_tissue_mapper":0,"Gradients_by_loss recover_latent/: encoder10":0.010148608692841479,"r2_var_OOD/10_all":0,"Gradients_by_loss rec_from_latent_pretrain/: mapper14":0,"_runtime":2884.556499983,"r2_var_criterion/100_all":0.058617049997503105,"r2_var_criterion/10_all":0.21924688599326395,"Gradients_by_loss rec_from_latent_pretrain/: encoder6":0,"Gradients_by_loss recover_latent/: encoder14":0.0008593076752232264,"Gradients_by_loss recover_latent/: donor_embedder":0.006259669084101915,"Gradients_by_loss rec_from_latent_pretrain/: encoder15":0,"Gradients_by_loss recover_latent/: encoder5":0.005372699917126542,"Gradients_by_loss recover_latent/: encoder7":0.036847603292670124,"r2_mean_OOD/10_all":0,"Rec/Pearson_gene_train":0.6490522054195405,"Gradients_by_loss rec_from_latent_pretrain/: mapper1":0,"Gradients_by_loss recover_latent/: mapper12":0.006661437556997469}