{"losses/rec_from_latent_pretrain":0.5803134582842453,"Gradients_by_loss rec_from_latent_pretrain/: encoder15":0,"Gradients_by_loss recover_latent/: encoder3":0.002636382872112345,"Gradients_by_loss rec_from_latent_pretrain/: mapper4":0,"Gradients_by_loss recover_latent/: donor_embedder":8.23506634333171e-05,"Gradients_by_loss rec_from_latent_pretrain/: encoder13":0,"Gradients_by_loss rec_from_latent_pretrain/: encoder10":0,"r2_var_criterion/50_all":0.24145250022411346,"r2_mean_criterion/100_all":0.8712450116872787,"Gradients_by_loss rec_from_latent_pretrain/: encoder8":0,"Gradients_by_loss recover_latent/: mapper2":0.00035830760654129796,"Rec/Pearson_gene_train":0.7592289447784424,"r2_delta_OOD/20_all":0.1513385772705078,"Gradients_by_loss recover_latent/: encoder12":0.0005978424121887679,"_timestamp":1.7681110102709653e+09,"Gradients_by_loss recover_latent/: mapper_donor_mapper":2.3556726628474962e-05,"Gradients_by_loss recover_latent/: mapper3":0.0007561127141528174,"Gradients_by_loss rec_from_latent_pretrain/: encoder5":0,"Gradients_by_loss rec_from_latent_pretrain/: encoder_pretrain":0.12671311105612468,"Gradients_by_loss rec_from_latent_pretrain/: mapper3":0,"r2_delta_OOD/100_all":0.1909043788909912,"Gradients_by_loss recover_latent/: mapper11":0.0008655617258400221,"Gradients_by_loss recover_latent/: encoder5":0.0010427538650712585,"Gradients_by_loss recover_latent/: mapper12":0.0008965108239181598,"Gradients_by_loss rec_from_latent_pretrain/: mapper7":0,"Gradients_by_loss rec_from_latent_pretrain/: mapper12":0,"Gradients_by_loss rec_from_latent_pretrain/: mapper_tissue_mapper":0,"r2_mean_criterion/50_all":0.8410800397396088,"Gradients_by_loss recover_latent/: encoder13":7.511955707473439e-05,"Gradients_by_loss rec_from_latent_pretrain/: mapper10":0,"losses/recover_latent":6.496825991706817e-05,"Gradients_by_loss recover_latent/: mapper9":0.0008889976779637885,"Gradients_by_loss recover_latent/: mapper6":0.000865052160154595,"r2_var_criterion/20_all":0.3061183840036392,"Gradients_by_loss recover_latent/: mapper10":0.0008581929372046306,"Gradients_by_loss recover_latent/: mapper13":0.0008563866927708172,"Gradients_by_loss recover_latent/: encoder9":0.0009981045796537888,"_step":521,"r2_var_OOD/20_all":0.1532038450241089,"r2_mean_OOD/100_all":0.5139822959899902,"r2_var_criterion/100_all":0.2852502688765526,"Gradients_by_loss rec_from_latent_pretrain/: mapper9":0,"Rec/R2_var_train":0.9938401579856873,"Gradients_by_loss recover_latent/: encoder11":0.00045372749348109563,"Gradients_by_loss recover_latent/: mapper14":0.0009980155109190754,"Gradients_by_loss rec_from_latent_pretrain/: tissue_embedder":0,"r2_var_criterion/10_all":0.33774178475141525,"r2_delta_criterion/100_all":0.640056848526001,"r2_delta_OOD/10_all":0.39900481700897217,"r2_mean_criterion/10_all":0.5729276910424232,"Gradients_by_loss recover_latent/: mapper7":0.0008067367909459901,"Rec/R2_mean_train":0.9967941641807556,"wasserstein_criterion/10_all":0.5149571358926952,"pear_var_criterion/avg_all":NaN,"Gradients_by_loss recover_latent/: px_r":0,"r2_var_OOD/100_all":0.6064847707748413,"Rec/Pearson_sample_train":0.9488860368728638,"r2_delta_criterion/10_all":0.40853533893823624,"Gradients_by_loss recover_latent/: encoder1":0.0006096757620368132,"Gradients_by_loss recover_latent/: mapper0":0.0003477227688804307,"r2_var_OOD/50_all":0.6196890473365784,"Gradients_by_loss recover_latent/: encoder15":0.0007128851205910616,"Gradients_by_loss rec_from_latent_pretrain/: encoder2":0,"Gradients_by_loss rec_from_latent_pretrain/: mapper13":0,"Gradients_by_loss rec_from_latent_pretrain/: encoder4":0,"r2_mean_OOD/20_all":0.09750360250473022,"Gradients_by_loss rec_from_latent_pretrain/: donor_embedder":0,"Gradients_by_loss recover_latent/: encoder_pretrain":0.00023573127677663108,"Gradients_by_loss recover_latent/: encoder7":0.0006733543172241794,"Gradients_by_loss recover_latent/: mapper15":0.0009858836126870622,"_wandb":{"runtime":1297},"Gradients_by_loss rec_from_latent_pretrain/: px_r":3.994516737293452e-05,"Gradients_by_loss rec_from_latent_pretrain/: encoder11":0,"Gradients_by_loss recover_latent/: decoder":0,"Gradients_by_loss rec_from_latent_pretrain/: mapper_donor_mapper":0,"Gradients_by_loss recover_latent/: encoder4":0.0015340331095789483,"Gradients_by_loss recover_latent/: mapper8":0.0009039900359725947,"Gradients_by_loss rec_from_latent_pretrain/: mapper1":0,"Gradients_by_loss recover_latent/: encoder8":0.0011721641243645315,"Gradients_by_loss recover_latent/: tissue_embedder":5.1392529712757096e-05,"Gradients_by_loss rec_from_latent_pretrain/: mapper8":0,"Gradients_by_loss rec_from_latent_pretrain/: mapper14":0,"Gradients_by_loss recover_latent/: mapper_tissue_mapper":1.5147911641872726e-05,"Gradients_by_loss recover_latent/: mapper1":0.0003601516812168548,"Gradients_by_loss rec_from_latent_pretrain/: mapper2":0,"Gradients_by_loss recover_latent/: encoder10":0.00027184016179897404,"r2_delta_OOD/50_all":0.1872844696044922,"Gradients_by_loss rec_from_latent_pretrain/: encoder6":0,"Gradients_by_loss rec_from_latent_pretrain/: mapper5":0,"Gradients_by_loss recover_latent/: mapper4":0.0007704483511873174,"important_notes":{"_type":"html-file","sha256":"19c883788d64d84c109c0c40720ae675a3b6c1646512c964a869aea88e3593ea","size":7813,"path":"media/html/important_notes_0_19c883788d64d84c109c.html"},"_runtime":1297.306697434,"r2_delta_criterion/50_all":0.6354671120643616,"Gradients_by_loss recover_latent/: encoder6":0.0016273316117636856,"Gradients_by_loss rec_from_latent_pretrain/: encoder0":0,"Gradients_by_loss rec_from_latent_pretrain/: encoder3":0,"Gradients_by_loss rec_from_latent_pretrain/: mapper15":0,"Gradients_by_loss rec_from_latent_pretrain/: encoder12":0,"Gradients_by_loss rec_from_latent_pretrain/: encoder9":0,"Gradients_by_loss rec_from_latent_pretrain/: mapper0":0,"Gradients_by_loss rec_from_latent_pretrain/: encoder1":0,"r2_mean_OOD/10_all":0.014729499816894531,"r2_var_OOD/10_all":0.3568657636642456,"Gradients_by_loss recover_latent/: encoder0":0.0026193994253612017,"Gradients_by_loss rec_from_latent_pretrain/: mapper11":0,"Gradients_by_loss rec_from_latent_pretrain/: decoder":0.2926082698451029,"Gradients_by_loss rec_from_latent_pretrain/: encoder7":0,"Gradients_by_loss recover_latent/: mapper5":0.0008079267617495588,"Gradients_by_loss recover_latent/: encoder14":0.0010218349250255049,"Gradients_by_loss recover_latent/: encoder2":0.00044372193017970047,"r2_mean_OOD/50_all":0.437569797039032,"r2_mean_criterion/20_all":0.7512589395046234,"MIG_BINNED/dis_latent_stack_tissue_train":0.6772309184121771,"r2_delta_criterion/20_all":0.5408546254038811,"wasserstein_OOD/10_all":0.8004558999048074,"Gradients_by_loss rec_from_latent_pretrain/: encoder14":0,"Gradients_by_loss rec_from_latent_pretrain/: mapper6":0}