{"r2_mean/20000": 0.8929406404495239, "r2_var/20000": 0, "pear_var/20000": 0.6093382810161722, "r2_delta/20000": 0, "r2_mean/200": 0.78821861743927, "r2_var/200": 0, "pear_var/200": 0.5517906557887218, "r2_delta/200": 0.4651724696159363, "r2_mean/100": 0.7761990427970886, "r2_var/100": 0, "pear_var/100": 0.677236377368784, "r2_delta/100": 0.39788544178009033, "wass_dist/100": 0.4323248839279538, "r2_mean/50": 0.8015246391296387, "r2_var/50": 0, "pear_var/50": 0.7041000971261836, "r2_delta/50": 0.42206960916519165, "r2_mean/20": 0.5388636589050293, "r2_var/20": 0, "pear_var/20": 0.7762837427810179, "r2_delta/20": 0.37394726276397705, "wass_dist/20": 0.5318831632512737, "r2_mean/10": 0.5321937799453735, "r2_var/10": 0, "pear_var/10": 0.6294798018363877, "r2_delta/10": 0.3079404830932617, "wass_dist/10": 0.5438065195011126, "_timestamp": 1743879639.4120755, "_runtime": 1.6772005558013916, "_step": 0, "_wandb": {"runtime": 1}}