{"Gradients_by_loss rec_from_latent_pretrain/: encoder9":0,"Gradients_by_loss recover_latent/: mapper0":0.00027034383063597286,"Gradients_by_loss recover_latent/: encoder14":0.0010559790343580842,"Gradients_by_loss recover_latent/: encoder5":0.0005420614569247668,"r2_mean_criterion/100_all":0.9496153763362339,"Gradients_by_loss recover_latent/: encoder6":0.0005422038321106456,"Gradients_by_loss recover_latent/: mapper8":0.0006941702862363542,"r2_delta_OOD/100_all":0.7876657247543335,"r2_delta_criterion/10_all":0.7574377315385001,"Gradients_by_loss rec_from_latent_pretrain/: mapper0":0,"r2_mean_OOD/50_all":0.9261317253112793,"Gradients_by_loss rec_from_latent_pretrain/: mapper9":0,"Gradients_by_loss recover_latent/: encoder11":0.0005914113862159096,"Gradients_by_loss recover_latent/: condition_embedder":0.00017415192269254476,"Gradients_by_loss recover_latent/: mapper6":0.0006327631948259203,"Gradients_by_loss rec_from_latent_pretrain/: encoder_pretrain":0.19385336935193812,"Gradients_by_loss recover_latent/: mapper5":0.0005835546538480973,"Gradients_by_loss rec_from_latent_pretrain/: condition_embedder":0,"Gradients_by_loss rec_from_latent_pretrain/: encoder11":0,"Rec/Pearson_sample_train":0.9570836424827576,"Gradients_by_loss recover_latent/: encoder12":0.002810625818917756,"Gradients_by_loss rec_from_latent_pretrain/: cell_type_embedder":0,"Gradients_by_loss recover_latent/: mapper14":0.0011701038261717935,"Gradients_by_loss recover_latent/: encoder2":0.001642674123283829,"Gradients_by_loss recover_latent/: encoder4":0.0008030284990705632,"Rec/R2_mean_train":0.9991328716278076,"Gradients_by_loss recover_latent/: encoder3":0.000356582693437765,"Gradients_by_loss rec_from_latent_pretrain/: mapper6":0,"losses/rec_from_latent_pretrain":2.3763073362329954,"Rec/R2_var_train":0.9934818148612976,"Gradients_by_loss rec_from_latent_pretrain/: encoder4":0,"Gradients_by_loss rec_from_latent_pretrain/: px_r":0.00013691300409846008,"Gradients_by_loss recover_latent/: mapper11":0.0007931661617495896,"r2_delta_criterion/100_all":0.9056968518665859,"Gradients_by_loss recover_latent/: decoder":0,"Gradients_by_loss recover_latent/: encoder10":0.0006148689355118136,"wasserstein_criterion/10_all":0.24597928769605,"Gradients_by_loss recover_latent/: mapper10":0.0008392808720214357,"Gradients_by_loss recover_latent/: mapper_cell_type_mapper":6.874187337541738e-05,"Gradients_by_loss recover_latent/: encoder15":0.0005859692467336462,"Gradients_by_loss rec_from_latent_pretrain/: encoder1":0,"Gradients_by_loss recover_latent/: mapper3":0.000591679334378594,"r2_mean_criterion/20_all":0.8555441328457424,"Gradients_by_loss rec_from_latent_pretrain/: mapper11":0,"Gradients_by_loss recover_latent/: mapper9":0.0008096395815758344,"Gradients_by_loss recover_latent/: px_r":0,"Gradients_by_loss recover_latent/: encoder1":0.0017633577925415629,"Gradients_by_loss recover_latent/: mapper15":0.001223095675833063,"Gradients_by_loss recover_latent/: encoder0":0.00292594346894628,"Gradients_by_loss recover_latent/: mapper4":0.0005857006884344141,"Gradients_by_loss rec_from_latent_pretrain/: encoder7":0,"r2_delta_OOD/50_all":0.7804123163223267,"Gradients_by_loss rec_from_latent_pretrain/: encoder8":0,"Gradients_by_loss rec_from_latent_pretrain/: mapper3":0,"wasserstein_OOD/10_all":0.2766030255731828,"Gradients_by_loss rec_from_latent_pretrain/: mapper8":0,"Gradients_by_loss rec_from_latent_pretrain/: mapper15":0,"MIG_BINNED/dis_latent_stack_condition_train":0.6833182851214135,"Gradients_by_loss rec_from_latent_pretrain/: mapper10":0,"r2_mean_criterion/10_all":0.8502157160214016,"r2_delta_OOD/10_all":0.7804614305496216,"_step":521,"Gradients_by_loss rec_from_latent_pretrain/: mapper7":0,"Gradients_by_loss recover_latent/: encoder13":0.0015892374055884494,"Gradients_by_loss recover_latent/: mapper2":0.0006163946562959548,"r2_mean_criterion/50_all":0.9270810740334647,"Gradients_by_loss rec_from_latent_pretrain/: mapper4":0,"losses/recover_latent":0.00016342650922778894,"Gradients_by_loss recover_latent/: encoder9":0.0014185679297806803,"r2_mean_OOD/20_all":0.9094778895378113,"r2_delta_OOD/20_all":0.6328450441360474,"Gradients_by_loss recover_latent/: encoder_pretrain":0.0003514417851871958,"Gradients_by_loss recover_latent/: mapper_condition_mapper":6.791407579490285e-05,"Gradients_by_loss rec_from_latent_pretrain/: encoder10":0,"pear_var_criterion/avg_all":NaN,"Gradients_by_loss rec_from_latent_pretrain/: encoder3":0,"r2_mean_OOD/100_all":0.9342556595802307,"Gradients_by_loss rec_from_latent_pretrain/: encoder2":0,"Gradients_by_loss rec_from_latent_pretrain/: mapper1":0,"Gradients_by_loss recover_latent/: encoder8":0.0003864427233527291,"Rec/Pearson_gene_train":0.7044615149497986,"important_notes":{"sha256":"15b5fcece207514cfad07a3d998bed57eeb6b0010ae5401f3e224afd82c67ca4","size":7798,"path":"media/html/important_notes_0_15b5fcece207514cfad0.html","_type":"html-file"},"wasserstein_criterion/100_all":0.22906281741392173,"_runtime":2009.280888538,"Gradients_by_loss rec_from_latent_pretrain/: mapper_condition_mapper":0,"Gradients_by_loss rec_from_latent_pretrain/: encoder0":0,"Gradients_by_loss recover_latent/: cell_type_embedder":2.2534057279699482e-05,"Gradients_by_loss recover_latent/: mapper12":0.0008613025941120056,"Gradients_by_loss rec_from_latent_pretrain/: encoder15":0,"Gradients_by_loss recover_latent/: encoder7":0.0011106855689328725,"Gradients_by_loss rec_from_latent_pretrain/: mapper_cell_type_mapper":0,"Gradients_by_loss recover_latent/: mapper7":0.0007278743558891055,"Gradients_by_loss rec_from_latent_pretrain/: mapper12":0,"Gradients_by_loss rec_from_latent_pretrain/: mapper5":0,"Gradients_by_loss rec_from_latent_pretrain/: encoder5":0,"Gradients_by_loss rec_from_latent_pretrain/: mapper14":0,"wasserstein_OOD/100_all":0.2903554080495873,"Gradients_by_loss rec_from_latent_pretrain/: encoder12":0,"Gradients_by_loss rec_from_latent_pretrain/: encoder14":0,"Gradients_by_loss rec_from_latent_pretrain/: mapper13":0,"_timestamp":1.7683725230918882e+09,"Gradients_by_loss recover_latent/: mapper13":0.0010030867382810036,"Gradients_by_loss rec_from_latent_pretrain/: decoder":0.3174231829134342,"r2_mean_OOD/10_all":0.956313967704773,"Gradients_by_loss recover_latent/: mapper1":0.0005197670637228841,"_wandb":{"runtime":2009},"r2_delta_criterion/50_all":0.8687805959156581,"Gradients_by_loss rec_from_latent_pretrain/: encoder13":0,"Gradients_by_loss rec_from_latent_pretrain/: mapper2":0,"Gradients_by_loss rec_from_latent_pretrain/: encoder6":0,"r2_delta_criterion/20_all":0.7567677242415292}