{"r2_mean/20000": 0.9732028245925903, "r2_var/20000": 0, "pear_var/20000": 0.6340816591377654, "r2_delta/20000": 0.7335233688354492, "r2_mean/200": 0.9633915424346924, "r2_var/200": 0, "pear_var/200": 0.5102493961674254, "r2_delta/200": 0.8876815438270569, "r2_mean/100": 0.949333906173706, "r2_var/100": 0, "pear_var/100": 0.5486132506559505, "r2_delta/100": 0.8653529286384583, "wass_dist/100": 0.4026701742558132, "r2_mean/50": 0.9454591870307922, "r2_var/50": 0, "pear_var/50": 0.5913847250574489, "r2_delta/50": 0.8590646982192993, "r2_mean/20": 0.9701966047286987, "r2_var/20": 0, "pear_var/20": 0.5457174395751645, "r2_delta/20": 0.9026839733123779, "wass_dist/20": 0.4463071057446067, "r2_mean/10": 0.9053739905357361, "r2_var/10": 0, "pear_var/10": -0.45095482654912417, "r2_delta/10": 0.845295250415802, "wass_dist/10": 0.42617934743167885, "_timestamp": 1744058903.0182405, "_runtime": 1.3317234516143799, "_step": 0, "_wandb": {"runtime": 1}}