{"Gradients_by_loss recover_latent/: encoder2":0.002763065019302137,"losses/recover_latent":5.415414803853688e-05,"Gradients_by_loss recover_latent/: encoder4":0.001272389853327015,"Gradients_by_loss recover_latent/: tissue_embedder":0.00013259267143439502,"r2_var_criterion/20_all":0.08758402954448354,"Gradients_by_loss recover_latent/: mapper0":0.0003739555883512709,"Gradients_by_loss recover_latent/: encoder14":0.0008537091562403552,"Gradients_by_loss recover_latent/: mapper7":0.0025550789564365837,"r2_var_OOD/50_all":0.44465625286102295,"Gradients_by_loss recover_latent/: mapper6":0.002572899882219074,"r2_var_criterion/10_all":0.18306123126636853,"Gradients_by_loss rec_from_latent_pretrain/: encoder4":0,"r2_mean_OOD/100_all":0.8440794944763184,"important_notes":{"_type":"html-file","sha256":"04da1c29333c08645b8f4901d357881161e777914fa7a555244cb4a12f378319","size":7775,"path":"media/html/important_notes_0_04da1c29333c08645b8f.html"},"Gradients_by_loss recover_latent/: encoder_pretrain":0.0006287061604876254,"r2_var_criterion/50_all":0.0338154597715898,"Gradients_by_loss recover_latent/: mapper11":0.0023252288530154386,"Gradients_by_loss rec_from_latent_pretrain/: mapper1":0,"r2_mean_criterion/50_all":0.6453073620796204,"Gradients_by_loss rec_from_latent_pretrain/: mapper2":0,"Gradients_by_loss rec_from_latent_pretrain/: mapper_tissue_mapper":0,"Gradients_by_loss recover_latent/: encoder7":0.0021956143523942174,"Gradients_by_loss rec_from_latent_pretrain/: mapper_donor_mapper":0,"_runtime":3005.053355267,"Gradients_by_loss recover_latent/: mapper3":0.0013465846603356263,"Gradients_by_loss rec_from_latent_pretrain/: mapper10":0,"Rec/R2_mean_train":0.9989647269248962,"Gradients_by_loss recover_latent/: mapper4":0.001287147664228341,"r2_mean_criterion/10_all":0.20540101419795642,"Gradients_by_loss recover_latent/: mapper2":0.0013357164046423745,"r2_mean_criterion/100_all":0.7090671821074053,"Gradients_by_loss recover_latent/: encoder10":0.0009254253440872067,"r2_mean_OOD/10_all":0.8154743909835815,"Gradients_by_loss recover_latent/: encoder11":0.0012922495696727336,"Gradients_by_loss rec_from_latent_pretrain/: encoder14":0,"Gradients_by_loss recover_latent/: encoder1":0.004722569510462147,"Gradients_by_loss recover_latent/: mapper12":0.0032734675276390565,"Gradients_by_loss rec_from_latent_pretrain/: mapper14":0,"Gradients_by_loss recover_latent/: mapper15":0.003325156869550928,"r2_delta_criterion/20_all":0.38792038505727594,"Gradients_by_loss rec_from_latent_pretrain/: encoder10":0,"MIG_BINNED/dis_latent_stack_tissue_train":0.6368365689136305,"Gradients_by_loss recover_latent/: mapper1":0.0011959107125436219,"Gradients_by_loss rec_from_latent_pretrain/: mapper11":0,"Gradients_by_loss rec_from_latent_pretrain/: encoder8":0,"Gradients_by_loss recover_latent/: mapper_tissue_mapper":3.747505571984196e-05,"pear_var_criterion/avg_all":NaN,"Gradients_by_loss recover_latent/: mapper5":0.0012772107969366432,"Gradients_by_loss rec_from_latent_pretrain/: encoder12":0,"Gradients_by_loss recover_latent/: encoder5":0.0008923450915695526,"r2_delta_criterion/100_all":0.3868971575390209,"Gradients_by_loss recover_latent/: encoder12":0.007789270471771015,"Gradients_by_loss rec_from_latent_pretrain/: encoder_pretrain":0.18670491924488988,"r2_delta_OOD/20_all":0.5107715129852295,"Gradients_by_loss recover_latent/: donor_embedder":0.00011890019959537312,"losses/rec_from_latent_pretrain":0.6822355819886989,"_timestamp":1.767113160794529e+09,"Gradients_by_loss rec_from_latent_pretrain/: encoder11":0,"Gradients_by_loss rec_from_latent_pretrain/: encoder9":0,"Gradients_by_loss recover_latent/: encoder9":0.0002457583001413847,"Gradients_by_loss rec_from_latent_pretrain/: encoder7":0,"Gradients_by_loss recover_latent/: mapper_donor_mapper":5.1006388697435776e-05,"Gradients_by_loss recover_latent/: decoder":0,"wasserstein_OOD/10_all":0.3722374927218356,"Gradients_by_loss rec_from_latent_pretrain/: encoder1":0,"Gradients_by_loss rec_from_latent_pretrain/: tissue_embedder":0,"Gradients_by_loss recover_latent/: mapper14":0.003096938559183188,"Gradients_by_loss rec_from_latent_pretrain/: decoder":0.26462876427933857,"Gradients_by_loss recover_latent/: mapper10":0.002332420691277073,"Gradients_by_loss rec_from_latent_pretrain/: encoder3":0,"Gradients_by_loss recover_latent/: px_r":0,"Gradients_by_loss rec_from_latent_pretrain/: mapper13":0,"Gradients_by_loss recover_latent/: mapper8":0.002474000125935195,"Gradients_by_loss recover_latent/: encoder0":0.0022814520073445627,"r2_mean_OOD/50_all":0.8486997485160828,"Gradients_by_loss recover_latent/: mapper9":0.002439515912999463,"Gradients_by_loss rec_from_latent_pretrain/: mapper5":0,"Rec/R2_var_train":0.9929907917976379,"Rec/Pearson_sample_train":0.951685905456543,"r2_var_criterion/100_all":0.054660157723860306,"r2_delta_OOD/50_all":0.6250847578048706,"Gradients_by_loss recover_latent/: encoder6":0.00628226672475213,"Gradients_by_loss rec_from_latent_pretrain/: mapper7":0,"Gradients_by_loss rec_from_latent_pretrain/: mapper9":0,"r2_var_OOD/100_all":0.43325918912887573,"Gradients_by_loss rec_from_latent_pretrain/: encoder2":0,"Gradients_by_loss recover_latent/: encoder8":0.0009960002310305206,"Gradients_by_loss rec_from_latent_pretrain/: mapper6":0,"Gradients_by_loss recover_latent/: encoder15":0.002869865968606158,"Gradients_by_loss recover_latent/: mapper13":0.0032057093243585914,"r2_delta_criterion/10_all":0.36809626492587005,"r2_mean_OOD/20_all":0.8187611103057861,"Gradients_by_loss recover_latent/: encoder3":0.0022812084588359417,"Gradients_by_loss rec_from_latent_pretrain/: mapper8":0,"r2_var_OOD/20_all":0.44766372442245483,"r2_delta_criterion/50_all":0.4064949425784024,"Gradients_by_loss rec_from_latent_pretrain/: encoder13":0,"Gradients_by_loss rec_from_latent_pretrain/: encoder6":0,"Gradients_by_loss recover_latent/: encoder13":0.0014452215491076123,"_step":521,"Gradients_by_loss rec_from_latent_pretrain/: mapper3":0,"Gradients_by_loss rec_from_latent_pretrain/: mapper4":0,"Rec/Pearson_gene_train":0.6750732660293579,"r2_mean_criterion/20_all":0.41893615505912085,"Gradients_by_loss rec_from_latent_pretrain/: encoder0":0,"Gradients_by_loss rec_from_latent_pretrain/: encoder5":0,"r2_var_OOD/10_all":0.31166529655456543,"Gradients_by_loss rec_from_latent_pretrain/: px_r":8.22597139631398e-05,"Gradients_by_loss rec_from_latent_pretrain/: mapper15":0,"r2_delta_OOD/10_all":0.5180081129074097,"Gradients_by_loss rec_from_latent_pretrain/: donor_embedder":0,"r2_delta_OOD/100_all":0.5401104092597961,"Gradients_by_loss rec_from_latent_pretrain/: encoder15":0,"wasserstein_criterion/10_all":0.7509598380896854,"Gradients_by_loss rec_from_latent_pretrain/: mapper0":0,"_wandb":{"runtime":3005},"Gradients_by_loss rec_from_latent_pretrain/: mapper12":0}