{"r2_var/20000":0,"r2_var/50":0,"_step":0,"pear_var/50":0.22219204080742144,"r2_mean/100":0.6780433058738708,"_runtime":0.610887152,"pear_var/20000":0.49402585078782996,"pear_var/200":0.3536655117027729,"r2_mean/10":0.6953072547912598,"r2_var/100":0,"r2_mean/200":0.6916486024856567,"r2_mean/20":0.7930859923362732,"pear_var/10":0.20379387363176735,"pear_var/100":0.18381819953239822,"r2_var/10":0,"wass_dist/10":0.42638900062779356,"wass_dist/100":0.44089574009407495,"r2_var/200":0,"r2_delta/50":0.9972906708717346,"r2_delta/10":0.4269753694534302,"r2_mean/20000":0.6244413256645203,"wass_dist/20":0.47636172153196954,"r2_delta/200":0.9921481013298035,"r2_delta/20":0.9985674023628235,"r2_delta/100":0.9943699836730957,"pear_var/20":-0.13441486435651084,"_timestamp":1.7438247002334878e+09,"r2_mean/50":0.7488255500793457,"r2_delta/20000":0.9905160665512085,"_wandb":{"runtime":0},"r2_var/20":0}