{"r2_mean/20000": 0.9108463525772095, "r2_var/20000": 0, "pear_var/20000": 0.43205978112912247, "r2_delta/20000": 0.2928301692008972, "r2_mean/200": 0.7965955138206482, "r2_var/200": 0, "pear_var/200": 0.25104387723242966, "r2_delta/200": 0.46634721755981445, "r2_mean/100": 0.7211775779724121, "r2_var/100": 0, "pear_var/100": 0.06657162409194199, "r2_delta/100": 0.30610936880111694, "wass_dist/100": 0.5027833150478329, "r2_mean/50": 0.5707018375396729, "r2_var/50": 0, "pear_var/50": -0.05033021125212655, "r2_delta/50": 0, "r2_mean/20": 0.46676385402679443, "r2_var/20": 0, "pear_var/20": -0.6003038013807755, "r2_delta/20": 0, "wass_dist/20": 0.7689113835870215, "r2_mean/10": 0, "r2_var/10": 0, "pear_var/10": -0.371154253347848, "r2_delta/10": 0, "wass_dist/10": 0.8436758522386765, "_timestamp": 1743884184.9332428, "_runtime": 1.8941998481750488, "_step": 0, "_wandb": {"runtime": 1}}