{"pear_var/200":-0.007278891646217759,"r2_delta/50":0.9932265281677246,"r2_var/50":0,"r2_mean/20000":0.6849864721298218,"r2_delta/10":0,"_runtime":0.606184133,"wass_dist/100":0.44623841493555794,"r2_var/10":0,"r2_delta/20000":0.9931272864341736,"_wandb":{"runtime":0},"pear_var/50":-0.14891224148675236,"wass_dist/10":0.5229420028008053,"_step":0,"r2_mean/20":0.6925005912780762,"pear_var/20000":0.29124175690573356,"r2_var/20":0,"wass_dist/20":0.522312832591013,"r2_mean/50":0.34877634048461914,"r2_var/100":0,"_timestamp":1.7438266500808494e+09,"pear_var/10":0.3886031437966073,"r2_var/200":0,"r2_var/20000":0,"r2_mean/10":0.0286903977394104,"r2_delta/20":0.9977102279663086,"r2_mean/200":0.5375523567199707,"r2_delta/200":0.9912680387496948,"r2_mean/100":0.5709468126296997,"pear_var/100":-0.09885196337188384,"pear_var/20":-0.0055709125353868155,"r2_delta/100":0.9926198720932007}