{"r2_mean/20000": 0.9439849257469177, "r2_var/20000": 0, "pear_var/20000": 0.38576857523514346, "r2_delta/20000": 0.13507723808288574, "r2_mean/200": 0.8248980045318604, "r2_var/200": 0, "pear_var/200": 0.3066221055483109, "r2_delta/200": 0.283843994140625, "r2_mean/100": 0.6834149360656738, "r2_var/100": 0, "pear_var/100": 0.3972567025690796, "r2_delta/100": 0, "wass_dist/100": 0.45489649092925083, "r2_mean/50": 0.5813846588134766, "r2_var/50": 0, "pear_var/50": 0.015010169513552768, "r2_delta/50": 0, "r2_mean/20": 0.5031014680862427, "r2_var/20": 0, "pear_var/20": -0.5500200831928589, "r2_delta/20": 0, "wass_dist/20": 0.707804023430533, "r2_mean/10": 0, "r2_var/10": 0, "pear_var/10": -0.6333594394299012, "r2_delta/10": 0, "wass_dist/10": 0.8357902834517084, "_timestamp": 1743891055.1272109, "_runtime": 1.4660367965698242, "_step": 0, "_wandb": {"runtime": 1}}