{"r2_delta_OOD/20_all":0.23442542552947998,"r2_mean_OOD/20_all":0.5357918739318848,"Gradients_by_loss recover_latent/: encoder5":0.015068818508455413,"r2_delta_OOD/100_all":0.43849360942840576,"wasserstein_OOD/10_all":0.5977116317642521,"Gradients_by_loss rec_from_latent_pretrain/: encoder10":0,"r2_delta_criterion/10_all":0.4912677894939076,"Gradients_by_loss rec_from_latent_pretrain/: mapper5":0,"Gradients_by_loss recover_latent/: encoder_pretrain":0.0007397605203468751,"Gradients_by_loss recover_latent/: encoder13":0.0006633527836254694,"Rec/R2_var_train":0.9970462322235107,"Gradients_by_loss rec_from_latent_pretrain/: encoder1":0,"r2_var_criterion/10_all":0.4737826260653409,"Gradients_by_loss rec_from_latent_pretrain/: mapper0":0,"r2_var_criterion/100_all":0.2665270350196145,"Gradients_by_loss rec_from_latent_pretrain/: mapper8":0,"r2_mean_OOD/50_all":0.6891660690307617,"Gradients_by_loss recover_latent/: decoder":0,"r2_mean_OOD/100_all":0.711162805557251,"r2_mean_criterion/20_all":0.6317273432558234,"Gradients_by_loss rec_from_latent_pretrain/: px_r":7.578761142212898e-05,"r2_var_OOD/50_all":0.3159029483795166,"Gradients_by_loss recover_latent/: encoder14":0.004638350806310863,"Gradients_by_loss rec_from_latent_pretrain/: mapper1":0,"_timestamp":1.7674193277997904e+09,"Gradients_by_loss rec_from_latent_pretrain/: encoder2":0,"_wandb":{"runtime":3596},"wasserstein_criterion/10_all":0.314564922016592,"Gradients_by_loss recover_latent/: tissue_embedder":6.94521950208582e-05,"Gradients_by_loss recover_latent/: mapper10":0.003615496574677774,"Gradients_by_loss recover_latent/: mapper15":0.003761252753365155,"Gradients_by_loss recover_latent/: encoder9":0.0011416686574471486,"Gradients_by_loss recover_latent/: encoder7":0.005014230811452745,"Gradients_by_loss rec_from_latent_pretrain/: encoder15":0,"r2_delta_criterion/100_all":0.525566117330031,"Gradients_by_loss recover_latent/: mapper4":0.0023012025550528136,"Gradients_by_loss recover_latent/: donor_embedder":0.00019756483379751444,"Gradients_by_loss recover_latent/: encoder6":0.00665710006963789,"pear_var_criterion/avg_all":NaN,"Gradients_by_loss recover_latent/: mapper13":0.0034451762241782305,"Gradients_by_loss rec_from_latent_pretrain/: decoder":0.31840411264448876,"Gradients_by_loss recover_latent/: encoder8":0.0035061140006802656,"Gradients_by_loss recover_latent/: encoder1":0.002262777804107329,"Gradients_by_loss recover_latent/: mapper12":0.003635913768920758,"Gradients_by_loss rec_from_latent_pretrain/: mapper_donor_mapper":0,"Gradients_by_loss rec_from_latent_pretrain/: mapper4":0,"Gradients_by_loss recover_latent/: mapper11":0.003538579157837643,"Gradients_by_loss rec_from_latent_pretrain/: mapper11":0,"Gradients_by_loss recover_latent/: encoder15":0.0011211722915525815,"Gradients_by_loss rec_from_latent_pretrain/: encoder8":0,"r2_var_OOD/10_all":0,"Gradients_by_loss rec_from_latent_pretrain/: mapper15":0,"Gradients_by_loss rec_from_latent_pretrain/: encoder14":0,"Gradients_by_loss recover_latent/: mapper0":0.0008577182726195502,"Gradients_by_loss recover_latent/: encoder11":0.0016377311194477491,"r2_mean_criterion/50_all":0.7376164089549672,"r2_delta_OOD/10_all":0.08023834228515625,"Gradients_by_loss recover_latent/: encoder10":0.0018879911089742343,"Gradients_by_loss rec_from_latent_pretrain/: encoder5":0,"Gradients_by_loss rec_from_latent_pretrain/: tissue_embedder":0,"Gradients_by_loss recover_latent/: encoder0":0.0035658854747225026,"Gradients_by_loss rec_from_latent_pretrain/: encoder13":0,"r2_var_OOD/100_all":0.3564377427101135,"Gradients_by_loss recover_latent/: encoder3":0.007569131485163153,"Gradients_by_loss rec_from_latent_pretrain/: encoder3":0,"losses/rec_from_latent_pretrain":0.6025644546409823,"Gradients_by_loss recover_latent/: mapper14":0.003789582234654217,"Gradients_by_loss recover_latent/: mapper5":0.0042085776611034045,"MIG_BINNED/dis_latent_stack_tissue_train":0.6655899365128812,"r2_var_criterion/50_all":0.22706818580627441,"Gradients_by_loss rec_from_latent_pretrain/: encoder4":0,"Gradients_by_loss recover_latent/: encoder12":0.0037353551071761934,"r2_delta_criterion/20_all":0.5195679664611816,"Gradients_by_loss rec_from_latent_pretrain/: encoder9":0,"Gradients_by_loss rec_from_latent_pretrain/: mapper12":0,"r2_mean_criterion/10_all":0.5319854888049039,"Gradients_by_loss recover_latent/: mapper1":0.000985314315286603,"Gradients_by_loss rec_from_latent_pretrain/: mapper3":0,"r2_delta_criterion/50_all":0.5337993502616882,"Gradients_by_loss recover_latent/: mapper8":0.003791309814758312,"_step":521,"Gradients_by_loss rec_from_latent_pretrain/: donor_embedder":0,"Gradients_by_loss recover_latent/: encoder2":0.0044870038289623665,"Gradients_by_loss rec_from_latent_pretrain/: encoder0":0,"important_notes":{"path":"media/html/important_notes_0_c49304c4c2d95a83c512.html","_type":"html-file","sha256":"c49304c4c2d95a83c5124d5aebcc0981479ec7d97dd6ec3a93503fa33201a3c0","size":7789},"Gradients_by_loss rec_from_latent_pretrain/: mapper14":0,"Gradients_by_loss recover_latent/: mapper3":0.0020272287226894134,"_runtime":3596.541170559,"Gradients_by_loss rec_from_latent_pretrain/: mapper2":0,"Gradients_by_loss recover_latent/: mapper2":0.0012243923860545574,"Gradients_by_loss recover_latent/: mapper7":0.00409084244154185,"Gradients_by_loss recover_latent/: px_r":0,"Gradients_by_loss rec_from_latent_pretrain/: encoder7":0,"Gradients_by_loss rec_from_latent_pretrain/: mapper6":0,"Gradients_by_loss recover_latent/: mapper_tissue_mapper":4.250285638379296e-05,"losses/recover_latent":3.7412358401439325e-05,"r2_mean_OOD/10_all":0.442346453666687,"Gradients_by_loss recover_latent/: mapper9":0.0036905958684044127,"Gradients_by_loss rec_from_latent_pretrain/: mapper10":0,"Rec/Pearson_gene_train":0.7024883937388658,"Gradients_by_loss rec_from_latent_pretrain/: encoder6":0,"r2_delta_OOD/50_all":0.39032697677612305,"Gradients_by_loss rec_from_latent_pretrain/: mapper7":0,"Gradients_by_loss recover_latent/: encoder4":0.005655608547783305,"r2_var_criterion/20_all":0.2649766206741333,"Gradients_by_loss rec_from_latent_pretrain/: mapper_tissue_mapper":0,"r2_var_OOD/20_all":0.061765968799591064,"Gradients_by_loss rec_from_latent_pretrain/: encoder12":0,"Gradients_by_loss rec_from_latent_pretrain/: mapper9":0,"Gradients_by_loss rec_from_latent_pretrain/: encoder_pretrain":0.24990597627003894,"r2_mean_criterion/100_all":0.7473896525122903,"Rec/Pearson_sample_train":0.9500514268875122,"Gradients_by_loss rec_from_latent_pretrain/: encoder11":0,"Gradients_by_loss rec_from_latent_pretrain/: mapper13":0,"Gradients_by_loss recover_latent/: mapper6":0.004196649106992225,"Rec/R2_mean_train":0.9990765452384949,"Gradients_by_loss recover_latent/: mapper_donor_mapper":6.466858046091375e-05}