{"_runtime":0.637736897,"r2_mean/10":0,"wass_dist/100":0.595381777952871,"r2_var/50":0,"pear_var/10":0.7830943217230769,"wass_dist/10":0.8344119040393256,"r2_delta/50":0.9648189544677734,"pear_var/20000":0.4664283959622089,"wass_dist/20":0.7039912300930994,"r2_var/10":0,"r2_var/20000":0,"r2_var/100":0,"r2_delta/20000":0.9756536483764648,"_timestamp":1.7438238772394605e+09,"r2_delta/100":0.9661735892295837,"r2_mean/200":0,"_step":0,"pear_var/100":0.5607522166385684,"r2_delta/20":0,"r2_mean/20":0,"r2_mean/50":0,"pear_var/50":0.6476456528810915,"pear_var/20":0.8344104891898984,"r2_var/20":0,"r2_delta/10":0,"r2_delta/200":0.9517381191253662,"r2_var/200":0,"r2_mean/20000":0.14591306447982788,"pear_var/200":0.4887242051032831,"r2_mean/100":0,"_wandb":{"runtime":0}}