{"Gradients_by_loss rec_from_latent_pretrain/: mapper12":0,"pear_var_criterion/avg_all":NaN,"r2_mean_OOD/100_all":0.756237268447876,"Gradients_by_loss recover_latent/: encoder9":0.00020793742806423317,"_step":521,"Gradients_by_loss recover_latent/: encoder4":0.0006834149513874255,"r2_var_OOD/10_all":0.37496429681777954,"Gradients_by_loss rec_from_latent_pretrain/: mapper1":0,"Rec/Pearson_gene_train":0.7056739330291748,"_runtime":3747.517554648,"Gradients_by_loss recover_latent/: encoder1":0.0004429024667707086,"Gradients_by_loss rec_from_latent_pretrain/: encoder12":0,"Gradients_by_loss rec_from_latent_pretrain/: mapper6":0,"Gradients_by_loss rec_from_latent_pretrain/: mapper3":0,"r2_delta_criterion/100_all":0.48321115428751166,"Gradients_by_loss rec_from_latent_pretrain/: encoder4":0,"Gradients_by_loss recover_latent/: mapper14":0.0005637232925125146,"Gradients_by_loss recover_latent/: mapper8":0.00021567620299228955,"Gradients_by_loss rec_from_latent_pretrain/: px_r":2.534537998144515e-05,"Rec/R2_var_train":0.9960145950317383,"wasserstein_OOD/10_all":0.6729639694992423,"Gradients_by_loss rec_from_latent_pretrain/: encoder3":0,"important_notes":{"_type":"html-file","sha256":"d10b03df2b6f3a88e2d79b1d83e81e63c0b27b43e80c5059377fe76257f25ffe","size":7789,"path":"media/html/important_notes_0_d10b03df2b6f3a88e2d7.html"},"r2_delta_OOD/10_all":0.116923987865448,"Gradients_by_loss rec_from_latent_pretrain/: mapper5":0,"Gradients_by_loss recover_latent/: donor_embedder":6.1660488427151e-05,"Gradients_by_loss rec_from_latent_pretrain/: mapper_donor_mapper":0,"r2_delta_OOD/20_all":0.17328530550003052,"Gradients_by_loss recover_latent/: mapper7":0.00018602926253508497,"Gradients_by_loss recover_latent/: encoder13":0.0004391902006778345,"Gradients_by_loss recover_latent/: encoder15":0.00020170222034519028,"Gradients_by_loss recover_latent/: mapper4":0.00017146451687647817,"losses/rec_from_latent_pretrain":0.6132054843042232,"wasserstein_criterion/10_all":0.33552356061686706,"Gradients_by_loss recover_latent/: mapper13":0.0005529183025230949,"Gradients_by_loss recover_latent/: mapper10":0.00029702508980004367,"Gradients_by_loss recover_latent/: mapper6":0.00018521430984728797,"r2_mean_OOD/10_all":0,"_wandb":{"runtime":3747},"r2_var_OOD/100_all":0,"Gradients_by_loss rec_from_latent_pretrain/: mapper15":0,"Gradients_by_loss rec_from_latent_pretrain/: decoder":0.09672497949793614,"r2_mean_criterion/20_all":0.638917473229495,"r2_mean_OOD/50_all":0.700400710105896,"Rec/R2_mean_train":0.9986642599105835,"Gradients_by_loss rec_from_latent_pretrain/: encoder8":0,"Gradients_by_loss rec_from_latent_pretrain/: encoder14":0,"Gradients_by_loss rec_from_latent_pretrain/: mapper7":0,"r2_var_OOD/50_all":0,"Gradients_by_loss recover_latent/: encoder0":0.0006303205333080066,"Gradients_by_loss rec_from_latent_pretrain/: encoder11":0,"Gradients_by_loss recover_latent/: mapper3":0.00016266980311574082,"r2_var_criterion/20_all":0.25848903439261695,"Gradients_by_loss recover_latent/: decoder":0,"Gradients_by_loss recover_latent/: tissue_embedder":3.500757156871259e-05,"Gradients_by_loss recover_latent/: mapper11":0.0004188498198353578,"Gradients_by_loss recover_latent/: encoder11":0.0011256085515235757,"r2_delta_criterion/10_all":0.4496028152379123,"r2_mean_criterion/100_all":0.7405412197113037,"Gradients_by_loss recover_latent/: encoder_pretrain":0.00011548944661626047,"Gradients_by_loss rec_from_latent_pretrain/: encoder10":0,"Gradients_by_loss recover_latent/: mapper12":0.000573282085683256,"r2_mean_criterion/50_all":0.7369814298369668,"Gradients_by_loss rec_from_latent_pretrain/: encoder_pretrain":0.04191063022836646,"Gradients_by_loss recover_latent/: encoder3":0.00043803098682193765,"Gradients_by_loss rec_from_latent_pretrain/: mapper13":0,"Gradients_by_loss recover_latent/: mapper15":0.0005182343350711049,"Rec/Pearson_sample_train":0.9507514238357544,"Gradients_by_loss rec_from_latent_pretrain/: encoder2":0,"MIG_BINNED/dis_latent_stack_tissue_train":0.6639949395861512,"r2_var_criterion/100_all":0.27141558040272107,"_timestamp":1.7674234589640913e+09,"r2_mean_OOD/20_all":0.32780665159225464,"Gradients_by_loss rec_from_latent_pretrain/: encoder7":0,"Gradients_by_loss rec_from_latent_pretrain/: mapper14":0,"Gradients_by_loss recover_latent/: encoder14":0.00057140674065201,"Gradients_by_loss recover_latent/: encoder12":0.0014410236054297663,"Gradients_by_loss rec_from_latent_pretrain/: mapper0":0,"Gradients_by_loss rec_from_latent_pretrain/: encoder9":0,"Gradients_by_loss recover_latent/: px_r":0,"losses/recover_latent":4.563338420440351e-05,"Gradients_by_loss rec_from_latent_pretrain/: mapper_tissue_mapper":0,"Gradients_by_loss recover_latent/: mapper2":0.00014720285954139965,"Gradients_by_loss recover_latent/: encoder7":0.0002844693520758257,"Gradients_by_loss rec_from_latent_pretrain/: mapper10":0,"Gradients_by_loss rec_from_latent_pretrain/: encoder15":0,"r2_delta_criterion/50_all":0.4897571477023038,"Gradients_by_loss recover_latent/: mapper0":0.0001286936079372354,"Gradients_by_loss recover_latent/: mapper_tissue_mapper":5.425775345985921e-06,"r2_var_criterion/50_all":0.2758647095073353,"Gradients_by_loss rec_from_latent_pretrain/: encoder0":0,"Gradients_by_loss rec_from_latent_pretrain/: mapper8":0,"Gradients_by_loss rec_from_latent_pretrain/: encoder6":0,"Gradients_by_loss rec_from_latent_pretrain/: tissue_embedder":0,"Gradients_by_loss rec_from_latent_pretrain/: mapper11":0,"r2_delta_criterion/20_all":0.43868735703555023,"Gradients_by_loss rec_from_latent_pretrain/: mapper4":0,"r2_mean_criterion/10_all":0.5754962238398466,"Gradients_by_loss rec_from_latent_pretrain/: mapper2":0,"Gradients_by_loss rec_from_latent_pretrain/: donor_embedder":0,"Gradients_by_loss rec_from_latent_pretrain/: encoder5":0,"Gradients_by_loss recover_latent/: mapper9":0.0002096596194406018,"r2_delta_OOD/50_all":0.24978911876678467,"r2_delta_OOD/100_all":0.20870453119277954,"Gradients_by_loss rec_from_latent_pretrain/: mapper9":0,"Gradients_by_loss recover_latent/: encoder8":0.0005257036662007016,"r2_var_criterion/10_all":0.4163383733142506,"Gradients_by_loss recover_latent/: mapper_donor_mapper":1.0492830815688404e-05,"r2_var_OOD/20_all":0.1540895700454712,"Gradients_by_loss rec_from_latent_pretrain/: encoder1":0,"Gradients_by_loss recover_latent/: encoder6":0.00024275600348382256,"Gradients_by_loss rec_from_latent_pretrain/: encoder13":0,"Gradients_by_loss recover_latent/: encoder2":0.0003664053991814823,"Gradients_by_loss recover_latent/: encoder10":0.0007757174669097992,"Gradients_by_loss recover_latent/: mapper5":0.00017269375642450956,"Gradients_by_loss recover_latent/: encoder5":0.0002917183529329621,"Gradients_by_loss recover_latent/: mapper1":0.00015110829350525046}