{"pear_var/20":0.2012598168384245,"r2_delta/100":0.998149573802948,"r2_mean/20000":0.9406083226203918,"r2_var/10":0,"r2_mean/200":0.8676645159721375,"r2_delta/20":0.9993976950645447,"r2_mean/20":0.9457583427429199,"r2_delta/20000":0.9986089468002319,"r2_var/200":0,"pear_var/50":0.25177414609983084,"pear_var/20000":0.4527035594849485,"r2_mean/10":0.7425471544265747,"_runtime":0.763103657,"wass_dist/100":0.3670655580335071,"r2_mean/100":0.843887209892273,"_timestamp":1.743825358851763e+09,"r2_var/20000":0,"wass_dist/10":0.40653028621317217,"r2_mean/50":0.8850136399269104,"r2_var/100":0,"r2_var/50":0,"wass_dist/20":0.389474449670576,"r2_delta/50":0.998107373714447,"r2_delta/200":0.9975153803825378,"_step":0,"pear_var/100":0.3000752567044147,"r2_delta/10":0.5536407232284546,"pear_var/10":0.36841572217497903,"r2_var/20":0,"_wandb":{"runtime":0},"pear_var/200":0.34192657675431193}