{"r2_mean/20000": 0.6199630498886108, "r2_var/20000": 0, "pear_var/20000": 0.446774564747391, "r2_delta/20000": 0, "r2_mean/200": 0.22545254230499268, "r2_var/200": 0, "pear_var/200": 0.11742192360631179, "r2_delta/200": 0.18977659940719604, "r2_mean/100": 0.08919143676757812, "r2_var/100": 0, "pear_var/100": 0.03917831540913691, "r2_delta/100": 0.20554417371749878, "wass_dist/100": 0.6628321151042899, "r2_mean/50": 0, "r2_var/50": 0, "pear_var/50": -0.10065830026550975, "r2_delta/50": 0, "r2_mean/20": 0, "r2_var/20": 0, "pear_var/20": -0.38667017073304966, "r2_delta/20": 0, "wass_dist/20": 1.1832222065536242, "r2_mean/10": 0, "r2_var/10": 0, "pear_var/10": -0.36651169280929413, "r2_delta/10": 0, "wass_dist/10": 1.1797591536075531, "_timestamp": 1743904518.954458, "_runtime": 1.5853099822998047, "_step": 0, "_wandb": {"runtime": 1}}