{"r2_mean/20000": 0.8172721862792969, "r2_var/20000": 0.14307576417922974, "pear_var/20000": 0.5530339653261399, "r2_delta/20000": 0.45928919315338135, "r2_mean/200": 0.4132614731788635, "r2_var/200": 0, "pear_var/200": 0.28165412218208397, "r2_delta/200": 0.3862360119819641, "r2_mean/100": 0.18015128374099731, "r2_var/100": 0, "pear_var/100": 0.3742995204171859, "r2_delta/100": 0.2848842144012451, "wass_dist/100": 0.6219159861780263, "r2_mean/50": 0, "r2_var/50": 0, "pear_var/50": 0.3069720532582536, "r2_delta/50": 0, "r2_mean/20": 0, "r2_var/20": 0, "pear_var/20": -0.14015560712933448, "r2_delta/20": 0, "wass_dist/20": 1.383643026277057, "r2_mean/10": 0, "r2_var/10": 0, "pear_var/10": 0.03613692077299173, "r2_delta/10": 0, "wass_dist/10": 1.5647822664147326, "_timestamp": 1744207220.9131722, "_runtime": 5.974314212799072, "_step": 0, "_wandb": {"runtime": 2}}