{"r2_mean/20000": 0.9532460570335388, "r2_var/20000": 0, "pear_var/20000": 0.6607948258739335, "r2_delta/20000": 0.6291460394859314, "r2_mean/200": 0.933746874332428, "r2_var/200": 0, "pear_var/200": 0.5383519298121383, "r2_delta/200": 0.8261780738830566, "r2_mean/100": 0.915033221244812, "r2_var/100": 0, "pear_var/100": 0.47080257893695765, "r2_delta/100": 0.788547694683075, "wass_dist/100": 0.4290599881536851, "r2_mean/50": 0.9026386737823486, "r2_var/50": 0, "pear_var/50": 0.47155375756193596, "r2_delta/50": 0.7414179444313049, "r2_mean/20": 0.8695931434631348, "r2_var/20": 0, "pear_var/20": -0.021267898147365974, "r2_delta/20": 0.5946427583694458, "wass_dist/20": 0.5028318637163216, "r2_mean/10": 0.6588248014450073, "r2_var/10": 0, "pear_var/10": -0.29223407631564086, "r2_delta/10": 0.5132241249084473, "wass_dist/10": 0.5052365742076568, "_timestamp": 1744111985.6330376, "_runtime": 1.8230366706848145, "_step": 0, "_wandb": {"runtime": 1}}