{"r2_delta/50":0.8619891405105591,"r2_delta/200":0.9997530579566956,"wass_dist/20":0.5647625968126873,"_timestamp":1.7438283148555756e+09,"r2_delta/10":0.4494971036911011,"r2_var/50":0,"pear_var/50":0.7873393758984658,"r2_var/100":0,"_wandb":{"runtime":0},"pear_var/10":-0.0939285616392207,"r2_delta/20000":0.9992796778678894,"r2_var/10":0,"wass_dist/10":0.4901314014247351,"pear_var/20000":0.5952158380524291,"r2_delta/20":0.501456618309021,"r2_mean/200":0.8567479848861694,"_step":0,"wass_dist/100":0.517116903697917,"r2_mean/20000":0.8838528990745544,"r2_var/20":0,"pear_var/100":0.7641694151427244,"pear_var/200":0.6045736216750662,"r2_var/20000":0,"r2_mean/100":0.8330725431442261,"pear_var/20":0.8180707348865236,"_runtime":0.637775328,"r2_var/200":0,"r2_mean/50":0.7441918849945068,"r2_mean/20":0.6661719679832458,"r2_mean/10":0.7920347452163696,"r2_delta/100":0.9989336133003235}