{"r2_mean/20000": 0.9105257987976074, "r2_var/20000": 0, "pear_var/20000": 0.6556515108836457, "r2_delta/20000": 0.5936539769172668, "r2_mean/200": 0.7741912603378296, "r2_var/200": 0, "pear_var/200": 0.4976746448626793, "r2_delta/200": 0.6342660784721375, "r2_mean/100": 0.7246594429016113, "r2_var/100": 0, "pear_var/100": 0.4604136989583997, "r2_delta/100": 0.6206908226013184, "wass_dist/100": 0.4601149792885538, "r2_mean/50": 0.589790940284729, "r2_var/50": 0, "pear_var/50": 0.367161812677988, "r2_delta/50": 0.4269580841064453, "r2_mean/20": 0.42446351051330566, "r2_var/20": 0, "pear_var/20": 0.3149703812093421, "r2_delta/20": 0.11289888620376587, "wass_dist/20": 0.758902549166861, "r2_mean/10": 0, "r2_var/10": 0, "pear_var/10": 0.6666766953271044, "r2_delta/10": 0, "wass_dist/10": 0.8019875048390143, "_timestamp": 1744212338.1003807, "_runtime": 1.522918701171875, "_step": 0, "_wandb": {"runtime": 1}}