{"Gradients_by_loss recover_latent/: mapper7":0.0034075856538842994,"Gradients_by_loss recover_latent/: encoder1":0.001268288141704991,"Gradients_by_loss recover_latent/: encoder2":0.003958946121258682,"Gradients_by_loss recover_latent/: mapper5":0.0040718609611143436,"Gradients_by_loss rec_from_latent_pretrain/: mapper_donor_mapper":0,"Gradients_by_loss recover_latent/: encoder6":0.0017270581867155506,"Gradients_by_loss rec_from_latent_pretrain/: decoder":0.26076389034150005,"Gradients_by_loss recover_latent/: encoder13":0.0017783277486819083,"Gradients_by_loss rec_from_latent_pretrain/: donor_embedder":0,"Gradients_by_loss recover_latent/: mapper14":0.0035271047272439305,"Gradients_by_loss recover_latent/: encoder_pretrain":0.0007879920553480614,"Gradients_by_loss recover_latent/: tissue_embedder":0.0004182810662314296,"losses/rec_from_latent_pretrain":0.6775948259602772,"Gradients_by_loss recover_latent/: mapper_tissue_mapper":5.990042561315082e-05,"r2_var_criterion/10_all":0.14668955586173318,"Gradients_by_loss rec_from_latent_pretrain/: px_r":0.00011412420280976221,"Gradients_by_loss recover_latent/: mapper4":0.001987227601429878,"r2_delta_criterion/100_all":0.40584074367176404,"Gradients_by_loss recover_latent/: donor_embedder":0.00015275549958460033,"Gradients_by_loss recover_latent/: encoder12":0.00042936683252264455,"_wandb":{"runtime":3022},"Gradients_by_loss recover_latent/: encoder11":0.0014015195618182676,"Gradients_by_loss rec_from_latent_pretrain/: encoder8":0,"r2_delta_OOD/100_all":0.3233512043952942,"r2_mean_criterion/20_all":0.4588457454334606,"r2_mean_OOD/50_all":0.5018193125724792,"Gradients_by_loss rec_from_latent_pretrain/: mapper3":0,"Gradients_by_loss recover_latent/: decoder":0,"r2_mean_OOD/100_all":0.6473515033721924,"Gradients_by_loss rec_from_latent_pretrain/: encoder13":0,"Gradients_by_loss rec_from_latent_pretrain/: mapper7":0,"Gradients_by_loss recover_latent/: mapper0":0.002000580707990116,"Gradients_by_loss rec_from_latent_pretrain/: encoder6":0,"Gradients_by_loss rec_from_latent_pretrain/: encoder5":0,"r2_delta_criterion/50_all":0.4082445664839311,"Gradients_by_loss recover_latent/: encoder14":0.004431236893142748,"Gradients_by_loss recover_latent/: px_r":0,"Gradients_by_loss rec_from_latent_pretrain/: mapper9":0,"Gradients_by_loss recover_latent/: mapper9":0.003296162412682905,"_runtime":3022.584132734,"Rec/R2_mean_train":0.999053418636322,"Gradients_by_loss recover_latent/: encoder4":0.00106394824648231,"Gradients_by_loss rec_from_latent_pretrain/: encoder4":0,"r2_mean_criterion/10_all":0.24707518924366345,"Gradients_by_loss rec_from_latent_pretrain/: mapper12":0,"Gradients_by_loss rec_from_latent_pretrain/: mapper8":0,"Gradients_by_loss rec_from_latent_pretrain/: mapper6":0,"Gradients_by_loss rec_from_latent_pretrain/: mapper11":0,"Gradients_by_loss rec_from_latent_pretrain/: encoder2":0,"Gradients_by_loss rec_from_latent_pretrain/: encoder3":0,"Gradients_by_loss rec_from_latent_pretrain/: encoder11":0,"Gradients_by_loss rec_from_latent_pretrain/: encoder15":0,"Gradients_by_loss rec_from_latent_pretrain/: encoder1":0,"Gradients_by_loss rec_from_latent_pretrain/: mapper1":0,"r2_mean_OOD/20_all":0.3159506916999817,"r2_var_criterion/100_all":0.06257160685279152,"Gradients_by_loss rec_from_latent_pretrain/: encoder10":0,"MIG_BINNED/dis_latent_stack_tissue_train":0.6694058585459711,"Gradients_by_loss rec_from_latent_pretrain/: mapper4":0,"Gradients_by_loss recover_latent/: encoder7":0.0012257772558080127,"Gradients_by_loss rec_from_latent_pretrain/: mapper2":0,"Gradients_by_loss recover_latent/: mapper6":0.0037380929862301316,"r2_delta_criterion/10_all":0.3401675982908769,"Gradients_by_loss recover_latent/: mapper15":0.0039034811494445196,"Gradients_by_loss recover_latent/: mapper2":0.002152852857953094,"r2_delta_OOD/50_all":0.39642906188964844,"r2_var_OOD/100_all":0.25043725967407227,"r2_mean_criterion/50_all":0.6758605133403431,"Gradients_by_loss rec_from_latent_pretrain/: mapper0":0,"Gradients_by_loss rec_from_latent_pretrain/: encoder9":0,"Gradients_by_loss recover_latent/: mapper13":0.0030884363918553498,"r2_mean_OOD/10_all":0.19198888540267944,"Gradients_by_loss recover_latent/: mapper3":0.0021471262808245447,"Gradients_by_loss rec_from_latent_pretrain/: encoder0":0,"Gradients_by_loss recover_latent/: encoder3":0.0016208917231897964,"_timestamp":1.7670864104186223e+09,"r2_var_OOD/20_all":0.21602213382720947,"Gradients_by_loss recover_latent/: encoder0":0.008946661391441766,"Gradients_by_loss rec_from_latent_pretrain/: mapper15":0,"Gradients_by_loss rec_from_latent_pretrain/: encoder7":0,"pear_var_criterion/avg_all":NaN,"r2_delta_OOD/10_all":0.683051347732544,"Gradients_by_loss recover_latent/: encoder5":0.013196624460834331,"Gradients_by_loss rec_from_latent_pretrain/: mapper13":0,"Gradients_by_loss rec_from_latent_pretrain/: mapper10":0,"Gradients_by_loss recover_latent/: encoder9":0.0022372554554223835,"Gradients_by_loss recover_latent/: encoder15":0.003940709063852162,"Gradients_by_loss recover_latent/: mapper11":0.003205029153306028,"Gradients_by_loss rec_from_latent_pretrain/: encoder12":0,"Gradients_by_loss rec_from_latent_pretrain/: encoder14":0,"Gradients_by_loss recover_latent/: encoder10":0.0013721240140692032,"Rec/R2_var_train":0.9970055222511292,"Gradients_by_loss rec_from_latent_pretrain/: mapper14":0,"important_notes":{"size":7775,"path":"media/html/important_notes_0_620d71752f5c0d84b959.html","_type":"html-file","sha256":"620d71752f5c0d84b95921d4dfd16fd3a479a354b4a61727e3c0e253aba3d91a"},"_step":521,"Gradients_by_loss rec_from_latent_pretrain/: mapper5":0,"Gradients_by_loss recover_latent/: mapper12":0.003078450202524124,"Gradients_by_loss recover_latent/: mapper_donor_mapper":7.921256015163805e-05,"Gradients_by_loss rec_from_latent_pretrain/: encoder_pretrain":0.2340922382072609,"r2_var_OOD/10_all":0.42157262563705444,"wasserstein_criterion/10_all":0.7153203227680706,"r2_var_criterion/50_all":0.05389629710804333,"losses/recover_latent":2.5992623234875344e-05,"r2_delta_OOD/20_all":0.5665740370750427,"r2_delta_criterion/20_all":0.36635442213578656,"Gradients_by_loss rec_from_latent_pretrain/: tissue_embedder":0,"r2_mean_criterion/100_all":0.7308134707537565,"Gradients_by_loss recover_latent/: mapper8":0.0035148844888815522,"Rec/Pearson_gene_train":0.6814748048782349,"Gradients_by_loss recover_latent/: mapper1":0.0020408565636330007,"r2_var_OOD/50_all":0.06624007225036621,"Gradients_by_loss rec_from_latent_pretrain/: mapper_tissue_mapper":0,"Rec/Pearson_sample_train":0.9532298445701599,"Gradients_by_loss recover_latent/: encoder8":0.004094269177497576,"wasserstein_OOD/10_all":0.7929187439532972,"Gradients_by_loss recover_latent/: mapper10":0.0032331011627114866,"r2_var_criterion/20_all":0.10016923600977118}