{"r2_mean/20000": 0.9789817929267883, "r2_var/20000": 0, "pear_var/20000": 0.648361652742546, "r2_delta/20000": 0.7391325235366821, "r2_mean/200": 0.9667375087738037, "r2_var/200": 0, "pear_var/200": 0.6485549308048565, "r2_delta/200": 0.857826292514801, "r2_mean/100": 0.9496296048164368, "r2_var/100": 0, "pear_var/100": 0.37837873901846764, "r2_delta/100": 0.8284052014350891, "wass_dist/100": 0.3915416655383087, "r2_mean/50": 0.91876220703125, "r2_var/50": 0, "pear_var/50": 0.38778918325577594, "r2_delta/50": 0.7362644672393799, "r2_mean/20": 0.9482283592224121, "r2_var/20": 0, "pear_var/20": 0.4394643366029638, "r2_delta/20": 0.788946270942688, "wass_dist/20": 0.4408350202422361, "r2_mean/10": 0.9231859445571899, "r2_var/10": 0, "pear_var/10": -0.07611434679344191, "r2_delta/10": 0.8744416236877441, "wass_dist/10": 0.42190898306167873, "_timestamp": 1744124424.972035, "_runtime": 2.06516695022583, "_step": 0, "_wandb": {"runtime": 1}}