{"Gradients_by_loss recover_latent/: encoder5":0.009922203473558284,"Gradients_by_loss rec_from_latent_pretrain/: mapper_tissue_mapper":0,"Gradients_by_loss rec_from_latent_pretrain/: decoder":0.3641912460932082,"r2_mean_criterion/100_all":0.7039114887064154,"Gradients_by_loss recover_latent/: mapper1":0.0006229849156911566,"r2_delta_criterion/100_all":0.3476901812986894,"_step":521,"Gradients_by_loss rec_from_latent_pretrain/: encoder11":0,"MIG_BINNED/dis_latent_stack_tissue_train":0.6583797729987035,"Gradients_by_loss recover_latent/: mapper_donor_mapper":3.470621434863985e-05,"Gradients_by_loss recover_latent/: mapper10":0.0023702758351651413,"Gradients_by_loss recover_latent/: mapper11":0.0023744610833764425,"r2_delta_OOD/20_all":0.4896419048309326,"r2_delta_OOD/50_all":0.4182783365249634,"Gradients_by_loss recover_latent/: encoder10":0.0008773030308235077,"Gradients_by_loss recover_latent/: encoder1":0.0019791718766214955,"Gradients_by_loss recover_latent/: mapper6":0.0027694306169810945,"_timestamp":1.7671100654738438e+09,"Gradients_by_loss recover_latent/: mapper0":0.0004034471386188084,"Gradients_by_loss recover_latent/: encoder13":0.0035092476059166225,"Gradients_by_loss rec_from_latent_pretrain/: encoder9":0,"r2_var_criterion/50_all":0.04333109747279774,"Gradients_by_loss recover_latent/: donor_embedder":0.00013426107761915773,"r2_delta_criterion/20_all":0.339649189602245,"Gradients_by_loss rec_from_latent_pretrain/: encoder6":0,"Gradients_by_loss recover_latent/: encoder4":0.002278284432574629,"Gradients_by_loss recover_latent/: mapper12":0.0023563083959747566,"Gradients_by_loss recover_latent/: encoder9":0.002522999272582997,"r2_mean_criterion/20_all":0.4391189217567444,"r2_var_criterion/20_all":0.08510844274000688,"Gradients_by_loss recover_latent/: mapper15":0.0025798516169586705,"Gradients_by_loss recover_latent/: encoder15":0.0014778429564769311,"wasserstein_criterion/10_all":0.7597791207242764,"Gradients_by_loss recover_latent/: tissue_embedder":0.00014604389434680343,"Gradients_by_loss rec_from_latent_pretrain/: encoder8":0,"wasserstein_OOD/10_all":0.6406778555695443,"Gradients_by_loss rec_from_latent_pretrain/: encoder3":0,"Gradients_by_loss recover_latent/: px_r":0,"Gradients_by_loss recover_latent/: mapper3":0.001718443466808833,"Gradients_by_loss recover_latent/: encoder2":0.006941102093092163,"r2_var_OOD/100_all":0,"Gradients_by_loss rec_from_latent_pretrain/: encoder14":0,"Gradients_by_loss rec_from_latent_pretrain/: encoder13":0,"r2_var_criterion/100_all":0.06049104712226174,"Rec/Pearson_sample_train":0.9538241028785706,"r2_delta_OOD/10_all":0.5019959211349487,"Gradients_by_loss rec_from_latent_pretrain/: mapper13":0,"Gradients_by_loss rec_from_latent_pretrain/: donor_embedder":0,"Gradients_by_loss recover_latent/: mapper_tissue_mapper":3.1897185015939326e-05,"Gradients_by_loss rec_from_latent_pretrain/: encoder4":0,"Gradients_by_loss rec_from_latent_pretrain/: mapper12":0,"Gradients_by_loss rec_from_latent_pretrain/: tissue_embedder":0,"r2_mean_criterion/50_all":0.6428818160837347,"Gradients_by_loss rec_from_latent_pretrain/: encoder15":0,"Gradients_by_loss recover_latent/: mapper13":0.0026041451931480375,"Gradients_by_loss rec_from_latent_pretrain/: encoder7":0,"r2_mean_OOD/50_all":0.6163840293884277,"Gradients_by_loss recover_latent/: encoder0":0.00205943915961742,"r2_mean_criterion/10_all":0.24254090677608142,"Gradients_by_loss rec_from_latent_pretrain/: mapper4":0,"Gradients_by_loss rec_from_latent_pretrain/: mapper7":0,"Gradients_by_loss rec_from_latent_pretrain/: mapper6":0,"Gradients_by_loss rec_from_latent_pretrain/: encoder12":0,"Gradients_by_loss rec_from_latent_pretrain/: mapper15":0,"Gradients_by_loss rec_from_latent_pretrain/: mapper1":0,"r2_delta_criterion/10_all":0.3153308088129217,"Gradients_by_loss recover_latent/: encoder14":0.0017262368016433835,"important_notes":{"_type":"html-file","sha256":"1a03adc1a1fd45a79698659661a0190ac8c5f65eac6065957865fbdb8c5e2bd3","size":7770,"path":"media/html/important_notes_0_1a03adc1a1fd45a79698.html"},"Gradients_by_loss recover_latent/: mapper5":0.003039677464092493,"r2_var_OOD/50_all":0,"Gradients_by_loss recover_latent/: mapper2":0.001466174772454649,"Gradients_by_loss recover_latent/: encoder8":0.0025553202964846413,"_runtime":2974.883405894,"losses/rec_from_latent_pretrain":0.6786872875154688,"Gradients_by_loss rec_from_latent_pretrain/: mapper_donor_mapper":0,"Gradients_by_loss rec_from_latent_pretrain/: encoder10":0,"Rec/Pearson_gene_train":0.6770374774932861,"Gradients_by_loss rec_from_latent_pretrain/: mapper10":0,"Gradients_by_loss rec_from_latent_pretrain/: encoder5":0,"r2_var_OOD/20_all":0,"Gradients_by_loss rec_from_latent_pretrain/: mapper14":0,"Gradients_by_loss recover_latent/: encoder11":0.0006493602788320358,"Gradients_by_loss rec_from_latent_pretrain/: encoder1":0,"Gradients_by_loss recover_latent/: mapper8":0.0026564590080333547,"Gradients_by_loss rec_from_latent_pretrain/: mapper9":0,"Gradients_by_loss rec_from_latent_pretrain/: mapper5":0,"Gradients_by_loss rec_from_latent_pretrain/: encoder_pretrain":0.2040056039793688,"Gradients_by_loss rec_from_latent_pretrain/: mapper0":0,"Gradients_by_loss recover_latent/: encoder_pretrain":0.00047412975998764324,"Gradients_by_loss recover_latent/: mapper4":0.0017000283876253107,"Rec/R2_var_train":0.9935252666473389,"Gradients_by_loss recover_latent/: mapper14":0.002583130385254479,"r2_mean_OOD/10_all":0.03053605556488037,"r2_delta_criterion/50_all":0.3564799969846552,"Gradients_by_loss rec_from_latent_pretrain/: mapper8":0,"Gradients_by_loss recover_latent/: encoder7":0.003034131181099802,"Gradients_by_loss rec_from_latent_pretrain/: px_r":0.00010313560051145032,"losses/recover_latent":4.367444175892324e-05,"Gradients_by_loss rec_from_latent_pretrain/: encoder0":0,"Gradients_by_loss recover_latent/: mapper7":0.0027360773009877932,"Gradients_by_loss rec_from_latent_pretrain/: mapper3":0,"r2_mean_OOD/20_all":0.30406665802001953,"Gradients_by_loss rec_from_latent_pretrain/: mapper11":0,"r2_var_OOD/10_all":0,"_wandb":{"runtime":2974},"Gradients_by_loss rec_from_latent_pretrain/: encoder2":0,"Gradients_by_loss rec_from_latent_pretrain/: mapper2":0,"r2_var_criterion/10_all":0.23139704357494006,"Gradients_by_loss recover_latent/: encoder12":0.0009163566614610124,"pear_var_criterion/avg_all":NaN,"r2_delta_OOD/100_all":0.3626764416694641,"Gradients_by_loss recover_latent/: encoder6":0.0020712084410375005,"Gradients_by_loss recover_latent/: decoder":0,"Gradients_by_loss recover_latent/: mapper9":0.002491351414460051,"Gradients_by_loss recover_latent/: encoder3":0.0032238320942590947,"Rec/R2_mean_train":0.999324381351471,"r2_mean_OOD/100_all":0.6944869756698608}