{"_timestamp":1.7438284132740202e+09,"r2_mean/200":0.5201656818389893,"r2_delta/200":0.9995151162147522,"r2_mean/50":0.014579594135284424,"pear_var/20":0.27263758376590724,"r2_mean/20000":0.7894725799560547,"r2_var/50":0,"pear_var/20000":0.5337616161000565,"r2_mean/20":0,"pear_var/100":0.42320626386030485,"r2_var/20":0,"wass_dist/10":0.9935508325512317,"pear_var/200":0.3356566511234607,"_runtime":0.636612698,"r2_delta/20":0,"r2_delta/20000":0.9993181228637695,"r2_var/20000":0,"r2_delta/100":0.999614417552948,"r2_var/100":0,"pear_var/10":0.8261545208779715,"r2_delta/10":0,"r2_var/10":0,"r2_mean/10":0,"_step":0,"r2_mean/100":0.39893025159835815,"_wandb":{"runtime":0},"r2_delta/50":0.8625509142875671,"pear_var/50":0.4308158907961942,"wass_dist/100":0.6902472937525475,"r2_var/200":0,"wass_dist/20":1.1539141336672827}