{"_timestamp":1.7674271815500522e+09,"r2_delta_criterion/50_all":0.5061814297329296,"Gradients_by_loss rec_from_latent_pretrain/: decoder":0.09860224214560528,"_step":521,"Gradients_by_loss rec_from_latent_pretrain/: encoder5":0,"Rec/Pearson_sample_train":0.9498093724250793,"_wandb":{"runtime":3720},"wasserstein_criterion/10_all":0.3244642500123214,"Gradients_by_loss recover_latent/: encoder8":0.00029044780749288906,"Gradients_by_loss recover_latent/: mapper5":0.00027896273415940157,"r2_mean_criterion/20_all":0.6374571648511019,"Gradients_by_loss recover_latent/: mapper6":0.00029583383485646625,"Gradients_by_loss recover_latent/: mapper8":0.00030751600704569717,"Gradients_by_loss rec_from_latent_pretrain/: mapper13":0,"r2_var_criterion/10_all":0.37987386096607556,"Rec/R2_var_train":0.9950833916664124,"Gradients_by_loss rec_from_latent_pretrain/: mapper15":0,"Gradients_by_loss rec_from_latent_pretrain/: encoder6":0,"Gradients_by_loss recover_latent/: encoder2":0.0003031160994017032,"Gradients_by_loss recover_latent/: mapper13":0.00041886260459343666,"Gradients_by_loss recover_latent/: decoder":0,"_runtime":3720.08444062,"Gradients_by_loss rec_from_latent_pretrain/: mapper6":0,"Gradients_by_loss rec_from_latent_pretrain/: mapper14":0,"Gradients_by_loss recover_latent/: encoder12":0.0009863785505299868,"r2_var_criterion/20_all":0.23991154540668835,"Gradients_by_loss recover_latent/: mapper12":0.0004333707839501045,"r2_delta_OOD/20_all":0.23103469610214233,"Gradients_by_loss rec_from_latent_pretrain/: encoder12":0,"r2_var_criterion/50_all":0.2706366343931718,"Gradients_by_loss rec_from_latent_pretrain/: encoder8":0,"Gradients_by_loss recover_latent/: encoder1":0.0008328491494281595,"Gradients_by_loss rec_from_latent_pretrain/: mapper2":0,"losses/rec_from_latent_pretrain":0.6195706103789321,"Gradients_by_loss recover_latent/: encoder14":0.0002572409367240201,"Gradients_by_loss recover_latent/: encoder9":0.0003699164705395279,"r2_mean_criterion/10_all":0.5942323370413347,"losses/recover_latent":4.2470274575652394e-05,"Rec/Pearson_gene_train":0.6952655911445618,"Gradients_by_loss recover_latent/: mapper1":0.00022932095507439805,"Gradients_by_loss recover_latent/: encoder6":0.0005731847678690799,"Gradients_by_loss rec_from_latent_pretrain/: encoder11":0,"Gradients_by_loss recover_latent/: mapper3":0.0002772594413229687,"r2_delta_criterion/10_all":0.47488861734216864,"r2_mean_OOD/10_all":0,"Gradients_by_loss rec_from_latent_pretrain/: mapper5":0,"Gradients_by_loss rec_from_latent_pretrain/: encoder10":0,"Gradients_by_loss rec_from_latent_pretrain/: encoder7":0,"Gradients_by_loss recover_latent/: encoder5":0.0006194258722661448,"Gradients_by_loss rec_from_latent_pretrain/: mapper10":0,"Gradients_by_loss rec_from_latent_pretrain/: encoder3":0,"Gradients_by_loss recover_latent/: mapper4":0.00025837677756159155,"r2_delta_criterion/100_all":0.4936996102333069,"Gradients_by_loss rec_from_latent_pretrain/: mapper0":0,"Gradients_by_loss recover_latent/: encoder15":0.0006343570882518065,"pear_var_criterion/avg_all":NaN,"r2_mean_OOD/100_all":0.7706927061080933,"Gradients_by_loss recover_latent/: mapper15":0.0005108779109745343,"Gradients_by_loss rec_from_latent_pretrain/: mapper_donor_mapper":0,"r2_delta_OOD/100_all":0.25562936067581177,"Gradients_by_loss recover_latent/: mapper9":0.0003195437676031005,"Gradients_by_loss recover_latent/: encoder_pretrain":9.518256051007227e-05,"Gradients_by_loss rec_from_latent_pretrain/: donor_embedder":0,"important_notes":{"sha256":"10dd2e09a0b2c97154a7906ad8da595789da9596a6fce2bc660ea2ca8de629c3","size":7792,"path":"media/html/important_notes_0_10dd2e09a0b2c97154a7.html","_type":"html-file"},"Gradients_by_loss recover_latent/: encoder3":0.0007021917585580237,"r2_mean_OOD/50_all":0.7173508405685425,"Gradients_by_loss recover_latent/: encoder7":0.00048638783335904954,"Gradients_by_loss recover_latent/: mapper_donor_mapper":7.426430230407915e-06,"r2_var_OOD/20_all":0.2581602931022644,"Gradients_by_loss recover_latent/: encoder11":0.00018489387656147815,"Gradients_by_loss rec_from_latent_pretrain/: mapper11":0,"r2_delta_OOD/10_all":0.13648450374603271,"Gradients_by_loss rec_from_latent_pretrain/: encoder4":0,"r2_delta_OOD/50_all":0.29223310947418213,"Gradients_by_loss rec_from_latent_pretrain/: encoder15":0,"Rec/R2_mean_train":0.9986662268638611,"Gradients_by_loss rec_from_latent_pretrain/: encoder0":0,"Gradients_by_loss recover_latent/: tissue_embedder":3.3330536098219454e-05,"Gradients_by_loss rec_from_latent_pretrain/: mapper_tissue_mapper":0,"r2_mean_OOD/20_all":0.37476199865341187,"Gradients_by_loss rec_from_latent_pretrain/: mapper7":0,"MIG_BINNED/dis_latent_stack_tissue_train":0.6585319818358623,"Gradients_by_loss rec_from_latent_pretrain/: encoder2":0,"Gradients_by_loss recover_latent/: mapper2":0.00022423504993385678,"Gradients_by_loss rec_from_latent_pretrain/: mapper4":0,"Gradients_by_loss rec_from_latent_pretrain/: mapper3":0,"Gradients_by_loss rec_from_latent_pretrain/: mapper12":0,"Gradients_by_loss recover_latent/: encoder10":0.0003399306241822897,"Gradients_by_loss rec_from_latent_pretrain/: encoder_pretrain":0.045850630180828966,"Gradients_by_loss rec_from_latent_pretrain/: mapper9":0,"Gradients_by_loss recover_latent/: mapper7":0.00030424099028293584,"Gradients_by_loss rec_from_latent_pretrain/: px_r":3.319152892800048e-05,"Gradients_by_loss recover_latent/: mapper14":0.0004142986096226675,"Gradients_by_loss rec_from_latent_pretrain/: encoder14":0,"Gradients_by_loss rec_from_latent_pretrain/: encoder1":0,"r2_var_OOD/10_all":0.33495408296585083,"Gradients_by_loss recover_latent/: mapper11":0.0002995759688907412,"r2_mean_criterion/50_all":0.749485270543532,"Gradients_by_loss recover_latent/: encoder0":0.0011368396837415269,"Gradients_by_loss rec_from_latent_pretrain/: encoder13":0,"r2_var_OOD/50_all":0,"r2_delta_criterion/20_all":0.44292622804641724,"Gradients_by_loss recover_latent/: mapper10":0.00031442156744109753,"Gradients_by_loss rec_from_latent_pretrain/: mapper1":0,"r2_mean_criterion/100_all":0.7468650503592058,"Gradients_by_loss recover_latent/: donor_embedder":3.303524499642663e-05,"Gradients_by_loss recover_latent/: encoder13":0.0002540396342066046,"wasserstein_OOD/10_all":0.6866884404145557,"Gradients_by_loss rec_from_latent_pretrain/: encoder9":0,"Gradients_by_loss rec_from_latent_pretrain/: mapper8":0,"Gradients_by_loss recover_latent/: encoder4":0.0001827822564219639,"Gradients_by_loss recover_latent/: px_r":0,"r2_var_criterion/100_all":0.30594607374884863,"r2_var_OOD/100_all":0,"Gradients_by_loss recover_latent/: mapper0":0.00010537326636506223,"Gradients_by_loss recover_latent/: mapper_tissue_mapper":5.153045107436703e-06,"Gradients_by_loss rec_from_latent_pretrain/: tissue_embedder":0}