{"Gradients_by_loss recover_latent/: encoder6":0.0033349597413354307,"r2_mean_OOD/50_all":0.5042255520820618,"Gradients_by_loss rec_from_latent_pretrain/: px_r":5.255503856460564e-05,"r2_var_criterion/50_all":0.3643157680829366,"_timestamp":1.7677829956703937e+09,"Gradients_by_loss recover_latent/: mapper1":0.00047978098466366036,"Gradients_by_loss recover_latent/: mapper15":0.0015226410307460293,"Gradients_by_loss recover_latent/: encoder7":0.0008249389062225755,"_wandb":{"runtime":3751},"Gradients_by_loss rec_from_latent_pretrain/: encoder11":0,"Gradients_by_loss rec_from_latent_pretrain/: mapper7":0,"Rec/R2_var_train":0.9965808987617493,"Gradients_by_loss recover_latent/: encoder4":0.0030824694021079134,"Gradients_by_loss rec_from_latent_pretrain/: encoder5":0,"Gradients_by_loss rec_from_latent_pretrain/: tissue_embedder":0,"Gradients_by_loss recover_latent/: px_r":0,"r2_mean_criterion/10_all":0.5750606060028076,"Gradients_by_loss rec_from_latent_pretrain/: encoder15":0,"Gradients_by_loss rec_from_latent_pretrain/: mapper13":0,"wasserstein_OOD/10_all":0.397807706041421,"Gradients_by_loss rec_from_latent_pretrain/: encoder_pretrain":0.1188753461567178,"Gradients_by_loss recover_latent/: tissue_embedder":0.00011604158498812467,"r2_mean_criterion/20_all":0.7990235189596812,"Gradients_by_loss recover_latent/: mapper0":0.00016132898287875028,"Gradients_by_loss rec_from_latent_pretrain/: encoder2":0,"Rec/Pearson_gene_train":0.6938111782073975,"Gradients_by_loss recover_latent/: encoder0":0.002026934867231228,"Gradients_by_loss rec_from_latent_pretrain/: mapper15":0,"r2_delta_criterion/100_all":0.6221561928590139,"Gradients_by_loss recover_latent/: mapper9":0.0012810427736337827,"Gradients_by_loss rec_from_latent_pretrain/: encoder9":0,"Gradients_by_loss recover_latent/: encoder2":0.0005243570017917261,"Gradients_by_loss rec_from_latent_pretrain/: mapper10":0,"Gradients_by_loss rec_from_latent_pretrain/: mapper9":0,"important_notes":{"size":8035,"path":"media/html/important_notes_0_7c4be4b71d6972c3658c.html","_type":"html-file","sha256":"7c4be4b71d6972c3658c3012ed6be7a03a5e2bfd09cf28ae6a9a4da969ff5d1d"},"Gradients_by_loss rec_from_latent_pretrain/: mapper1":0,"Gradients_by_loss recover_latent/: mapper6":0.0011357563753552548,"Gradients_by_loss recover_latent/: mapper10":0.0013334271033851627,"Gradients_by_loss recover_latent/: decoder":0,"r2_delta_OOD/20_all":0.6112492680549622,"r2_mean_OOD/100_all":0.5694299936294556,"Rec/R2_mean_train":0.9986587762832642,"losses/recover_latent":4.572050200156385e-05,"_runtime":3751.401333806,"Gradients_by_loss recover_latent/: encoder_pretrain":0.00025317196974646656,"Gradients_by_loss recover_latent/: mapper3":0.00046438100837654673,"wasserstein_criterion/10_all":0.35121960652428535,"Gradients_by_loss recover_latent/: encoder5":0.0008980931458645236,"Gradients_by_loss recover_latent/: encoder14":0.0018652786746330685,"Gradients_by_loss recover_latent/: mapper2":0.0004744889793653153,"r2_var_OOD/10_all":0.846461832523346,"Gradients_by_loss recover_latent/: encoder12":0.002710282145805365,"r2_delta_OOD/10_all":0.687741219997406,"Gradients_by_loss rec_from_latent_pretrain/: encoder6":0,"Gradients_by_loss recover_latent/: encoder15":0.00021089797468394942,"r2_mean_criterion/50_all":0.8573341071605682,"Gradients_by_loss rec_from_latent_pretrain/: mapper5":0,"Gradients_by_loss rec_from_latent_pretrain/: mapper_tissue_mapper":0,"Gradients_by_loss rec_from_latent_pretrain/: encoder3":0,"Gradients_by_loss recover_latent/: encoder9":0.0020545062321121322,"Gradients_by_loss rec_from_latent_pretrain/: mapper_donor_mapper":0,"r2_mean_OOD/10_all":0.7488170266151428,"r2_mean_OOD/20_all":0.573129415512085,"Gradients_by_loss recover_latent/: mapper14":0.0016157749411494454,"Gradients_by_loss recover_latent/: encoder10":0.0027915847864502003,"Gradients_by_loss rec_from_latent_pretrain/: encoder10":0,"Gradients_by_loss recover_latent/: mapper_tissue_mapper":1.2313029421633912e-05,"Gradients_by_loss rec_from_latent_pretrain/: mapper3":0,"Gradients_by_loss rec_from_latent_pretrain/: encoder13":0,"Gradients_by_loss rec_from_latent_pretrain/: mapper8":0,"Gradients_by_loss recover_latent/: encoder3":0.0003277616100656685,"Gradients_by_loss recover_latent/: encoder8":0.002262492882910664,"r2_mean_criterion/100_all":0.866086612145106,"Gradients_by_loss rec_from_latent_pretrain/: mapper12":0,"losses/rec_from_latent_pretrain":0.6206405718096704,"Gradients_by_loss rec_from_latent_pretrain/: encoder7":0,"Gradients_by_loss rec_from_latent_pretrain/: decoder":0.14469515535042535,"Gradients_by_loss recover_latent/: mapper7":0.0010710382916350207,"r2_delta_OOD/100_all":0.47310805320739746,"r2_var_OOD/50_all":0.6858303546905518,"Gradients_by_loss rec_from_latent_pretrain/: mapper0":0,"r2_delta_OOD/50_all":0.4645051956176758,"Gradients_by_loss recover_latent/: mapper12":0.0015338444052456614,"Gradients_by_loss recover_latent/: mapper5":0.000871377298908416,"Gradients_by_loss rec_from_latent_pretrain/: mapper4":0,"r2_var_criterion/100_all":0.4134272038936615,"Gradients_by_loss recover_latent/: encoder1":0.0021940120291275957,"Rec/Pearson_sample_train":0.9501473307609558,"r2_delta_criterion/50_all":0.618935763835907,"Gradients_by_loss recover_latent/: mapper13":0.0015324510435810188,"Gradients_by_loss recover_latent/: encoder13":0.00123493896212447,"Gradients_by_loss rec_from_latent_pretrain/: donor_embedder":0,"Gradients_by_loss rec_from_latent_pretrain/: encoder12":0,"r2_var_OOD/20_all":0.7872941493988037,"Gradients_by_loss recover_latent/: mapper_donor_mapper":1.7746249597489608e-05,"Gradients_by_loss rec_from_latent_pretrain/: encoder0":0,"Gradients_by_loss rec_from_latent_pretrain/: encoder1":0,"Gradients_by_loss rec_from_latent_pretrain/: mapper2":0,"Gradients_by_loss recover_latent/: encoder11":0.0011975565100002133,"r2_var_criterion/20_all":0.36273019512494403,"Gradients_by_loss rec_from_latent_pretrain/: mapper14":0,"Gradients_by_loss rec_from_latent_pretrain/: mapper6":0,"Gradients_by_loss recover_latent/: mapper8":0.0011729014856572053,"_step":521,"r2_var_OOD/100_all":0.7016831636428833,"r2_delta_criterion/10_all":0.5294293363889059,"Gradients_by_loss recover_latent/: donor_embedder":7.523962267441675e-05,"r2_var_criterion/10_all":0.5401471753915151,"Gradients_by_loss rec_from_latent_pretrain/: encoder4":0,"Gradients_by_loss recover_latent/: mapper11":0.001298349707106375,"Gradients_by_loss rec_from_latent_pretrain/: mapper11":0,"MIG_BINNED/dis_latent_stack_tissue_train":0.6527473952566369,"pear_var_criterion/avg_all":NaN,"Gradients_by_loss recover_latent/: mapper4":0.0009063414359714979,"Gradients_by_loss rec_from_latent_pretrain/: encoder14":0,"r2_delta_criterion/20_all":0.5809872349103292,"Gradients_by_loss rec_from_latent_pretrain/: encoder8":0}