{"r2_var_OOD/20_all":0.24673306941986084,"r2_mean_OOD/10_all":0.8035165667533875,"Gradients_by_loss rec_from_latent_pretrain/: mapper15":0,"Gradients_by_loss rec_from_latent_pretrain/: mapper1":0,"r2_mean_OOD/100_all":0.899111807346344,"wasserstein_OOD/10_all":0.514211003396187,"Gradients_by_loss recover_latent/: mapper0":0.0006484510882146795,"Gradients_by_loss recover_latent/: encoder2":0.0016500714822859012,"Gradients_by_loss recover_latent/: mapper1":0.0006378417981300491,"r2_mean_criterion/10_all":0.5679583052794138,"Gradients_by_loss recover_latent/: encoder10":0.002031506058182712,"Gradients_by_loss rec_from_latent_pretrain/: encoder0":0,"Gradients_by_loss rec_from_latent_pretrain/: mapper4":0,"r2_mean_OOD/50_all":0.8856261372566223,"Gradients_by_loss recover_latent/: px_r":0,"Gradients_by_loss recover_latent/: mapper3":0.0007985375440697757,"r2_delta_criterion/100_all":0.6317434509595236,"r2_delta_OOD/20_all":0.34574997425079346,"Gradients_by_loss rec_from_latent_pretrain/: mapper10":0,"r2_mean_criterion/100_all":0.8327387372652689,"_timestamp":1.7677912766095076e+09,"Gradients_by_loss recover_latent/: mapper10":0.0010982236700450856,"Rec/R2_mean_train":0.9989201426506042,"important_notes":{"size":8035,"path":"media/html/important_notes_0_efaf0c7916938587e3d3.html","_type":"html-file","sha256":"efaf0c7916938587e3d38cf88375aba7b7933f7811f835c1cae1fb811d82997d"},"Gradients_by_loss recover_latent/: mapper11":0.001110442902529413,"Gradients_by_loss recover_latent/: mapper9":0.0010482746169061883,"r2_mean_criterion/20_all":0.7606310347716013,"Gradients_by_loss rec_from_latent_pretrain/: encoder15":0,"pear_var_criterion/avg_all":NaN,"r2_delta_criterion/50_all":0.6401552855968475,"Gradients_by_loss recover_latent/: encoder4":0.0028537653656737438,"MIG_BINNED/dis_latent_stack_tissue_train":0.6652684803639314,"Gradients_by_loss recover_latent/: encoder13":0.0013083503339792247,"r2_delta_OOD/100_all":0.4348805546760559,"Gradients_by_loss rec_from_latent_pretrain/: encoder7":0,"Gradients_by_loss recover_latent/: encoder6":0.0016968933973667603,"Gradients_by_loss rec_from_latent_pretrain/: encoder9":0,"Gradients_by_loss rec_from_latent_pretrain/: decoder":0.18366933733984947,"Gradients_by_loss rec_from_latent_pretrain/: donor_embedder":0,"Gradients_by_loss rec_from_latent_pretrain/: encoder13":0,"Gradients_by_loss rec_from_latent_pretrain/: tissue_embedder":0,"Gradients_by_loss rec_from_latent_pretrain/: encoder2":0,"Gradients_by_loss recover_latent/: encoder8":0.0002210172219368454,"Gradients_by_loss recover_latent/: encoder11":0.0014357483943947045,"Gradients_by_loss rec_from_latent_pretrain/: mapper0":0,"Gradients_by_loss rec_from_latent_pretrain/: mapper_donor_mapper":0,"r2_mean_criterion/50_all":0.819693515698115,"Gradients_by_loss rec_from_latent_pretrain/: mapper14":0,"_step":521,"wasserstein_criterion/10_all":0.34660827527231614,"losses/rec_from_latent_pretrain":0.6181613025109329,"Gradients_by_loss rec_from_latent_pretrain/: encoder4":0,"Gradients_by_loss rec_from_latent_pretrain/: encoder14":0,"Gradients_by_loss recover_latent/: mapper2":0.000696355351945157,"Gradients_by_loss recover_latent/: encoder7":0.0007005104954315248,"Gradients_by_loss recover_latent/: encoder12":0.0006428469183764944,"_runtime":3724.33083796,"Gradients_by_loss rec_from_latent_pretrain/: mapper5":0,"Gradients_by_loss rec_from_latent_pretrain/: mapper8":0,"Gradients_by_loss rec_from_latent_pretrain/: mapper6":0,"Gradients_by_loss recover_latent/: encoder14":0.003033366656286153,"Gradients_by_loss recover_latent/: mapper12":0.0010762272651260426,"r2_var_OOD/100_all":0.4717281460762024,"Gradients_by_loss rec_from_latent_pretrain/: mapper12":0,"Gradients_by_loss rec_from_latent_pretrain/: mapper9":0,"losses/recover_latent":4.1860194172098866e-05,"Gradients_by_loss rec_from_latent_pretrain/: px_r":8.3216538769193e-05,"Gradients_by_loss recover_latent/: encoder15":0.0006365324539566666,"Rec/Pearson_sample_train":0.9489391446113586,"Gradients_by_loss rec_from_latent_pretrain/: mapper13":0,"r2_delta_criterion/20_all":0.6031599938869476,"Gradients_by_loss recover_latent/: donor_embedder":0.00010492295405128971,"Gradients_by_loss recover_latent/: mapper6":0.0010399923295997923,"Gradients_by_loss rec_from_latent_pretrain/: encoder10":0,"Rec/R2_var_train":0.9958128333091736,"Gradients_by_loss rec_from_latent_pretrain/: encoder_pretrain":0.13385023262297072,"Gradients_by_loss recover_latent/: encoder0":0.0036640433108072862,"Gradients_by_loss recover_latent/: encoder1":0.0006991515133807688,"Gradients_by_loss recover_latent/: mapper14":0.001608284484028718,"Gradients_by_loss recover_latent/: mapper4":0.0010506353804579248,"r2_delta_criterion/10_all":0.609117716550827,"r2_var_OOD/10_all":0.3315753936767578,"Gradients_by_loss recover_latent/: mapper_tissue_mapper":1.5354528161294596e-05,"Gradients_by_loss rec_from_latent_pretrain/: encoder6":0,"Gradients_by_loss rec_from_latent_pretrain/: mapper2":0,"Gradients_by_loss recover_latent/: encoder_pretrain":0.00030900508962002874,"Gradients_by_loss rec_from_latent_pretrain/: encoder8":0,"r2_var_criterion/100_all":0.44470615188280743,"Gradients_by_loss rec_from_latent_pretrain/: mapper_tissue_mapper":0,"r2_delta_OOD/50_all":0.3863787055015564,"Gradients_by_loss recover_latent/: mapper7":0.0010245610864153276,"Gradients_by_loss recover_latent/: tissue_embedder":0.00014442125393543392,"Gradients_by_loss recover_latent/: encoder9":0.0015184989060670249,"r2_delta_OOD/10_all":0.28122478723526,"Gradients_by_loss rec_from_latent_pretrain/: mapper11":0,"Gradients_by_loss recover_latent/: mapper_donor_mapper":2.8584154066894516e-05,"Gradients_by_loss recover_latent/: encoder3":0.0017213040943482596,"Gradients_by_loss recover_latent/: mapper15":0.0014159780359596355,"r2_var_OOD/50_all":0.1805592179298401,"Gradients_by_loss recover_latent/: mapper8":0.0009342271861930514,"Gradients_by_loss recover_latent/: mapper13":0.0010690896270828558,"Gradients_by_loss rec_from_latent_pretrain/: mapper3":0,"r2_var_criterion/50_all":0.48017125328381854,"Gradients_by_loss rec_from_latent_pretrain/: encoder11":0,"Gradients_by_loss recover_latent/: encoder5":0.0017376230638536955,"r2_var_criterion/10_all":0.6307261486848196,"Rec/Pearson_gene_train":0.7002948522567749,"Gradients_by_loss recover_latent/: mapper5":0.0010153349341923592,"Gradients_by_loss rec_from_latent_pretrain/: encoder12":0,"Gradients_by_loss rec_from_latent_pretrain/: encoder1":0,"Gradients_by_loss rec_from_latent_pretrain/: mapper7":0,"Gradients_by_loss rec_from_latent_pretrain/: encoder3":0,"_wandb":{"runtime":3724},"Gradients_by_loss recover_latent/: decoder":0,"r2_var_criterion/20_all":0.536316990852356,"r2_mean_OOD/20_all":0.8460050821304321,"Gradients_by_loss rec_from_latent_pretrain/: encoder5":0}