{"Gradients_by_loss rec_from_latent_pretrain/: px_r":0.00011796688340837136,"Gradients_by_loss rec_from_latent_pretrain/: mapper12":0,"Gradients_by_loss rec_from_latent_pretrain/: mapper0":0,"Rec/Pearson_sample_train":0.9529382586479187,"Gradients_by_loss rec_from_latent_pretrain/: mapper_donor_mapper":0,"r2_var_OOD/100_all":0.2666674256324768,"Gradients_by_loss recover_latent/: mapper2":0.0010774894946994165,"r2_mean_OOD/10_all":0.765788733959198,"r2_mean_OOD/50_all":0.7666354179382324,"Gradients_by_loss recover_latent/: encoder9":0.00461927007582542,"Gradients_by_loss recover_latent/: encoder5":0.002440327623840908,"Gradients_by_loss rec_from_latent_pretrain/: mapper5":0,"Gradients_by_loss recover_latent/: encoder12":0.0006411364955460337,"r2_delta_criterion/50_all":0.40969195149161597,"r2_delta_criterion/10_all":0.3664063811302185,"Gradients_by_loss rec_from_latent_pretrain/: tissue_embedder":0,"Gradients_by_loss rec_from_latent_pretrain/: mapper9":0,"wasserstein_criterion/10_all":0.759037682894859,"important_notes":{"sha256":"210b0a52e87d57d18c97164ffc7e4c0d286422925da1007555c60822d217f789","size":7775,"path":"media/html/important_notes_0_210b0a52e87d57d18c97.html","_type":"html-file"},"Gradients_by_loss rec_from_latent_pretrain/: encoder9":0,"Gradients_by_loss recover_latent/: encoder4":0.0007589756877878626,"Gradients_by_loss recover_latent/: mapper7":0.001343738334868943,"Gradients_by_loss rec_from_latent_pretrain/: mapper6":0,"r2_delta_OOD/20_all":0.3881000280380249,"Gradients_by_loss rec_from_latent_pretrain/: mapper7":0,"Gradients_by_loss rec_from_latent_pretrain/: encoder12":0,"Gradients_by_loss recover_latent/: mapper10":0.0017771539314165,"Gradients_by_loss recover_latent/: mapper11":0.0017055955637097788,"Gradients_by_loss rec_from_latent_pretrain/: mapper8":0,"Gradients_by_loss rec_from_latent_pretrain/: encoder3":0,"Gradients_by_loss rec_from_latent_pretrain/: encoder15":0,"Gradients_by_loss recover_latent/: encoder15":0.0010342994657983279,"Gradients_by_loss recover_latent/: mapper15":0.0016516764047824265,"r2_delta_criterion/100_all":0.40923186323859473,"Gradients_by_loss recover_latent/: encoder7":0.000456500389688866,"Gradients_by_loss recover_latent/: encoder6":0.0033351115936264223,"pear_var_criterion/avg_all":NaN,"Gradients_by_loss recover_latent/: mapper12":0.001634403467818336,"Gradients_by_loss recover_latent/: mapper0":0.0008159325523531519,"Gradients_by_loss recover_latent/: encoder8":0.0034477941503962845,"r2_var_criterion/100_all":0.06131465868516402,"Gradients_by_loss recover_latent/: encoder_pretrain":0.00031124758106190157,"_wandb":{"runtime":2974},"Gradients_by_loss rec_from_latent_pretrain/: encoder14":0,"Gradients_by_loss recover_latent/: mapper6":0.0014263003862696882,"Gradients_by_loss recover_latent/: mapper1":0.0008579181704946193,"Gradients_by_loss recover_latent/: encoder2":0.002819601362798516,"Gradients_by_loss rec_from_latent_pretrain/: mapper15":0,"Gradients_by_loss rec_from_latent_pretrain/: encoder11":0,"r2_delta_OOD/100_all":0.32655400037765503,"_step":521,"Gradients_by_loss rec_from_latent_pretrain/: encoder7":0,"Gradients_by_loss rec_from_latent_pretrain/: mapper1":0,"r2_mean_OOD/100_all":0.7716755270957947,"Gradients_by_loss rec_from_latent_pretrain/: encoder2":0,"r2_mean_criterion/50_all":0.6562571200457487,"r2_var_criterion/20_all":0.11295669729059393,"Gradients_by_loss recover_latent/: mapper_tissue_mapper":1.578869620509467e-05,"r2_var_OOD/50_all":0.3048403859138489,"Gradients_by_loss rec_from_latent_pretrain/: encoder1":0,"r2_mean_criterion/20_all":0.4233399358662692,"Gradients_by_loss recover_latent/: mapper9":0.0018938379115409584,"Gradients_by_loss recover_latent/: donor_embedder":8.445795538136736e-05,"r2_var_criterion/10_all":0.21969142827120694,"Gradients_by_loss rec_from_latent_pretrain/: encoder6":0,"Gradients_by_loss rec_from_latent_pretrain/: mapper_tissue_mapper":0,"Gradients_by_loss recover_latent/: decoder":0,"Gradients_by_loss rec_from_latent_pretrain/: donor_embedder":0,"Gradients_by_loss recover_latent/: px_r":0,"Gradients_by_loss rec_from_latent_pretrain/: encoder0":0,"r2_var_OOD/10_all":0,"Gradients_by_loss rec_from_latent_pretrain/: mapper4":0,"Rec/R2_var_train":0.9937519431114197,"_runtime":2974.370944751,"r2_mean_criterion/100_all":0.7217317006804727,"Gradients_by_loss rec_from_latent_pretrain/: encoder8":0,"r2_mean_criterion/10_all":0.1697802706198259,"Gradients_by_loss rec_from_latent_pretrain/: mapper2":0,"Gradients_by_loss recover_latent/: encoder11":0.000251763849118954,"Gradients_by_loss recover_latent/: encoder3":0.0030200458795184865,"Gradients_by_loss recover_latent/: encoder13":0.000914117205911464,"Gradients_by_loss rec_from_latent_pretrain/: mapper3":0,"Gradients_by_loss recover_latent/: mapper4":0.0011343287150704867,"Rec/R2_mean_train":0.9984043836593628,"Gradients_by_loss recover_latent/: mapper14":0.0016303037086587528,"Gradients_by_loss recover_latent/: encoder0":0.004064812805375161,"Gradients_by_loss recover_latent/: mapper3":0.0011487102172579877,"r2_var_OOD/20_all":0.17265349626541138,"Gradients_by_loss recover_latent/: encoder10":0.0014126939234095888,"Gradients_by_loss recover_latent/: encoder14":0.002344005078765932,"Gradients_by_loss recover_latent/: mapper5":0.0012014361550678997,"r2_delta_OOD/10_all":0.3882262110710144,"Gradients_by_loss rec_from_latent_pretrain/: encoder13":0,"Gradients_by_loss recover_latent/: mapper13":0.0015747777996301408,"r2_delta_OOD/50_all":0.42173320055007935,"Gradients_by_loss rec_from_latent_pretrain/: encoder10":0,"_timestamp":1.7671132341103678e+09,"Gradients_by_loss rec_from_latent_pretrain/: encoder4":0,"Rec/Pearson_gene_train":0.6970527768135071,"Gradients_by_loss recover_latent/: encoder1":0.0019904489317613644,"Gradients_by_loss recover_latent/: tissue_embedder":0.00011844781693071127,"wasserstein_OOD/10_all":0.431101547534409,"losses/recover_latent":5.1887094097887556e-05,"Gradients_by_loss rec_from_latent_pretrain/: encoder5":0,"r2_mean_OOD/20_all":0.7733164429664612,"Gradients_by_loss rec_from_latent_pretrain/: mapper10":0,"Gradients_by_loss rec_from_latent_pretrain/: mapper13":0,"Gradients_by_loss recover_latent/: mapper8":0.001573290544184061,"Gradients_by_loss rec_from_latent_pretrain/: mapper14":0,"losses/rec_from_latent_pretrain":0.6688510690177425,"Gradients_by_loss rec_from_latent_pretrain/: mapper11":0,"MIG_BINNED/dis_latent_stack_tissue_train":0.6614613804769778,"Gradients_by_loss rec_from_latent_pretrain/: encoder_pretrain":0.20271967323253717,"Gradients_by_loss recover_latent/: mapper_donor_mapper":2.0725341023824467e-05,"Gradients_by_loss rec_from_latent_pretrain/: decoder":0.33641941843562595,"r2_delta_criterion/20_all":0.38093300841071387,"r2_var_criterion/50_all":0.04909916357560591}