{"Gradients_by_loss recover_latent/: mapper_cell_type_mapper":1.3242952133307865e-05,"Gradients_by_loss recover_latent/: encoder0":0.000972549819335013,"r2_mean_OOD/20_all":0.9342546463012695,"Gradients_by_loss rec_from_latent_pretrain/: encoder0":0,"Gradients_by_loss recover_latent/: encoder1":0.0004988176252531424,"r2_delta_criterion/10_all":0.7685840215001788,"Gradients_by_loss recover_latent/: mapper0":0.0001859346652414404,"Gradients_by_loss recover_latent/: mapper7":0.0004119626213351882,"Gradients_by_loss recover_latent/: encoder10":0.0002853947691463574,"Gradients_by_loss recover_latent/: mapper12":0.00045140868171737324,"Gradients_by_loss recover_latent/: mapper4":0.00036520961078262843,"important_notes":{"_type":"html-file","sha256":"0e1d4b714868487e161bc4173f2711bffb11f812a63c09095b3a206a3f43c0c9","size":7778,"path":"media/html/important_notes_0_0e1d4b714868487e161b.html"},"Gradients_by_loss rec_from_latent_pretrain/: mapper1":0,"Gradients_by_loss rec_from_latent_pretrain/: mapper2":0,"Gradients_by_loss recover_latent/: mapper2":0.000250284392076384,"Gradients_by_loss rec_from_latent_pretrain/: mapper4":0,"Gradients_by_loss rec_from_latent_pretrain/: encoder3":0,"Gradients_by_loss rec_from_latent_pretrain/: mapper15":0,"r2_delta_criterion/50_all":0.8707379613603864,"_timestamp":1.7683597119644198e+09,"Gradients_by_loss rec_from_latent_pretrain/: mapper9":0,"Gradients_by_loss rec_from_latent_pretrain/: mapper14":0,"Gradients_by_loss rec_from_latent_pretrain/: decoder":0.21587229070272487,"Gradients_by_loss rec_from_latent_pretrain/: encoder2":0,"Gradients_by_loss recover_latent/: mapper9":0.00043250979110384636,"Gradients_by_loss rec_from_latent_pretrain/: encoder11":0,"Rec/R2_var_train":0.9892821907997131,"Gradients_by_loss rec_from_latent_pretrain/: mapper5":0,"Gradients_by_loss recover_latent/: mapper10":0.0004191007893767883,"r2_delta_OOD/50_all":0.8988674283027649,"Gradients_by_loss recover_latent/: condition_embedder":1.3467235476127826e-05,"Gradients_by_loss recover_latent/: encoder6":0.0004604893897637779,"r2_mean_criterion/20_all":0.8911722813333783,"Gradients_by_loss recover_latent/: mapper3":0.00023433622380983606,"Gradients_by_loss rec_from_latent_pretrain/: mapper11":0,"Gradients_by_loss recover_latent/: mapper11":0.00042959186481363607,"Gradients_by_loss rec_from_latent_pretrain/: encoder13":0,"r2_mean_OOD/50_all":0.9655465483665466,"Rec/Pearson_gene_train":0.7104911208152771,"Gradients_by_loss recover_latent/: mapper13":0.0004917901210818444,"r2_delta_criterion/100_all":0.8985361882618496,"r2_mean_OOD/100_all":0.9595585465431213,"Gradients_by_loss rec_from_latent_pretrain/: encoder4":0,"Gradients_by_loss recover_latent/: encoder7":0.0009807025560452617,"Gradients_by_loss rec_from_latent_pretrain/: mapper10":0,"MIG_BINNED/dis_latent_stack_condition_train":0.6846302922887264,"Gradients_by_loss rec_from_latent_pretrain/: mapper8":0,"Gradients_by_loss recover_latent/: mapper14":0.00046777638789297283,"Gradients_by_loss recover_latent/: encoder15":5.132530601969981e-05,"Gradients_by_loss rec_from_latent_pretrain/: encoder6":0,"Gradients_by_loss rec_from_latent_pretrain/: encoder15":0,"Gradients_by_loss recover_latent/: encoder5":0.00040994266420926273,"r2_mean_OOD/10_all":0.8996282815933228,"Gradients_by_loss recover_latent/: encoder3":0.00034328312470111223,"r2_mean_criterion/10_all":0.8903367689677647,"Gradients_by_loss recover_latent/: mapper5":0.00035343580816884286,"Gradients_by_loss recover_latent/: encoder_pretrain":0.00010998144127918996,"Gradients_by_loss recover_latent/: encoder11":0.0002943676835911535,"Gradients_by_loss rec_from_latent_pretrain/: encoder12":0,"Rec/Pearson_sample_train":0.9579450488090515,"Gradients_by_loss rec_from_latent_pretrain/: mapper_cell_type_mapper":0,"Gradients_by_loss rec_from_latent_pretrain/: px_r":0.00010228346945950761,"Rec/R2_mean_train":0.9973849058151245,"Gradients_by_loss recover_latent/: encoder9":0.00013257028773096374,"_runtime":1805.28273855,"r2_delta_OOD/10_all":0.8098821640014648,"Gradients_by_loss rec_from_latent_pretrain/: encoder14":0,"r2_mean_criterion/50_all":0.9259023581232343,"Gradients_by_loss rec_from_latent_pretrain/: cell_type_embedder":0,"Gradients_by_loss rec_from_latent_pretrain/: encoder_pretrain":0.19439303214879372,"Gradients_by_loss rec_from_latent_pretrain/: mapper7":0,"Gradients_by_loss rec_from_latent_pretrain/: encoder1":0,"_wandb":{"runtime":1805},"pear_var_criterion/avg_all":NaN,"Gradients_by_loss recover_latent/: mapper1":0.00023502570997065476,"_step":521,"Gradients_by_loss recover_latent/: mapper_condition_mapper":1.3256004006630122e-05,"r2_delta_OOD/20_all":0.8904577493667603,"wasserstein_criterion/10_all":0.2337705997385464,"Gradients_by_loss recover_latent/: mapper8":0.00043640459784068163,"wasserstein_OOD/10_all":0.2062235004738282,"wasserstein_criterion/100_all":0.22931606980983793,"Gradients_by_loss rec_from_latent_pretrain/: mapper12":0,"Gradients_by_loss recover_latent/: cell_type_embedder":2.213442166976165e-05,"Gradients_by_loss rec_from_latent_pretrain/: encoder8":0,"Gradients_by_loss rec_from_latent_pretrain/: encoder10":0,"wasserstein_OOD/100_all":0.23238780159450836,"Gradients_by_loss rec_from_latent_pretrain/: mapper_condition_mapper":0,"Gradients_by_loss recover_latent/: px_r":0,"Gradients_by_loss rec_from_latent_pretrain/: condition_embedder":0,"Gradients_by_loss rec_from_latent_pretrain/: encoder9":0,"Gradients_by_loss recover_latent/: encoder2":0.0005313508759343493,"Gradients_by_loss recover_latent/: mapper15":0.0004630575910987956,"losses/recover_latent":6.759455929587854e-05,"r2_delta_criterion/20_all":0.7725745269230434,"r2_mean_criterion/100_all":0.9486781103270394,"Gradients_by_loss recover_latent/: mapper6":0.0003675505013131561,"Gradients_by_loss recover_latent/: encoder4":0.001199055349202831,"losses/rec_from_latent_pretrain":2.3522034549015634,"Gradients_by_loss recover_latent/: encoder8":0.0006648342639807341,"r2_delta_OOD/100_all":0.8974835276603699,"Gradients_by_loss rec_from_latent_pretrain/: encoder5":0,"Gradients_by_loss rec_from_latent_pretrain/: mapper3":0,"Gradients_by_loss recover_latent/: encoder12":0.0005254930371243863,"Gradients_by_loss recover_latent/: decoder":0,"Gradients_by_loss rec_from_latent_pretrain/: mapper13":0,"Gradients_by_loss recover_latent/: encoder13":0.0005643819565618127,"Gradients_by_loss recover_latent/: encoder14":9.74713303065974e-05,"Gradients_by_loss rec_from_latent_pretrain/: encoder7":0,"Gradients_by_loss rec_from_latent_pretrain/: mapper6":0,"Gradients_by_loss rec_from_latent_pretrain/: mapper0":0}