{"Gradients_by_loss rec_from_latent_pretrain/: encoder15":0,"Gradients_by_loss rec_from_latent_pretrain/: mapper11":0,"Gradients_by_loss rec_from_latent_pretrain/: encoder8":0,"Gradients_by_loss rec_from_latent_pretrain/: tissue_embedder":0,"Gradients_by_loss recover_latent/: mapper4":0.0011083533332919863,"r2_var_criterion/100_all":0.49567710359891254,"Gradients_by_loss recover_latent/: encoder5":0.0003628159765649262,"r2_delta_criterion/10_all":0.6544340451558431,"Gradients_by_loss rec_from_latent_pretrain/: encoder0":0,"Gradients_by_loss recover_latent/: mapper15":0.0012445228148915493,"Gradients_by_loss rec_from_latent_pretrain/: mapper7":0,"Gradients_by_loss recover_latent/: mapper2":0.0010325028101729752,"losses/recover_latent":3.4375429009587236e-05,"Gradients_by_loss recover_latent/: mapper5":0.0010705306566766409,"Gradients_by_loss recover_latent/: encoder14":0.0009589059742503199,"Gradients_by_loss recover_latent/: decoder":0,"Gradients_by_loss recover_latent/: mapper7":0.0013804934675016823,"r2_delta_OOD/10_all":0,"Gradients_by_loss recover_latent/: mapper6":0.001021170853576083,"Gradients_by_loss recover_latent/: mapper10":0.0012377308136158633,"Gradients_by_loss recover_latent/: encoder_pretrain":0.00015344452223513792,"Gradients_by_loss recover_latent/: encoder8":0.0014163141108017236,"Gradients_by_loss recover_latent/: encoder10":0.00016897780422751082,"r2_delta_criterion/20_all":0.6768848200639089,"r2_var_criterion/20_all":0.5754844943682352,"Gradients_by_loss recover_latent/: encoder4":0.0011467567680393622,"Rec/R2_var_train":0.9915808439254761,"Gradients_by_loss recover_latent/: encoder13":0.00031100748223529756,"Gradients_by_loss rec_from_latent_pretrain/: encoder13":0,"_wandb":{"runtime":3890},"wasserstein_OOD/10_all":0.6032952862965789,"Gradients_by_loss recover_latent/: mapper9":0.0012961570407089762,"Gradients_by_loss rec_from_latent_pretrain/: mapper5":0,"r2_mean_criterion/100_all":0.8435849050680796,"r2_delta_criterion/100_all":0.6492081681887308,"r2_var_criterion/10_all":0.5656444629033407,"Rec/R2_mean_train":0.9979696869850159,"r2_mean_OOD/10_all":0,"Gradients_by_loss rec_from_latent_pretrain/: mapper9":0,"_step":521,"Gradients_by_loss recover_latent/: mapper13":0.0012235960535025325,"Gradients_by_loss recover_latent/: mapper_donor_mapper":1.737428756708046e-05,"Gradients_by_loss rec_from_latent_pretrain/: px_r":6.295905041042715e-05,"Gradients_by_loss rec_from_latent_pretrain/: mapper4":0,"Gradients_by_loss recover_latent/: encoder0":0.0016710498807157572,"losses/rec_from_latent_pretrain":0.6172022856938999,"_runtime":3890.366676173,"Gradients_by_loss recover_latent/: mapper8":0.0013946140760736365,"Gradients_by_loss rec_from_latent_pretrain/: encoder12":0,"Gradients_by_loss rec_from_latent_pretrain/: mapper13":0,"r2_mean_criterion/50_all":0.831941286722819,"Gradients_by_loss rec_from_latent_pretrain/: encoder14":0,"Gradients_by_loss rec_from_latent_pretrain/: encoder10":0,"r2_var_OOD/10_all":0.5376314520835876,"Gradients_by_loss rec_from_latent_pretrain/: mapper12":0,"Gradients_by_loss rec_from_latent_pretrain/: encoder3":0,"Gradients_by_loss recover_latent/: mapper3":0.001110160219629581,"r2_mean_OOD/20_all":0.6872848868370056,"Gradients_by_loss recover_latent/: mapper0":0.0003746151820783221,"Gradients_by_loss rec_from_latent_pretrain/: encoder9":0,"Gradients_by_loss rec_from_latent_pretrain/: mapper10":0,"wasserstein_criterion/10_all":0.32224128809626645,"Gradients_by_loss recover_latent/: mapper14":0.0012700208443564506,"Gradients_by_loss recover_latent/: mapper11":0.0012854959870041305,"Gradients_by_loss rec_from_latent_pretrain/: encoder_pretrain":0.12442355627463576,"Gradients_by_loss rec_from_latent_pretrain/: mapper1":0,"Gradients_by_loss rec_from_latent_pretrain/: encoder2":0,"Gradients_by_loss recover_latent/: mapper1":0.0010630004195945767,"Gradients_by_loss recover_latent/: encoder2":0.0010546817364409384,"Gradients_by_loss rec_from_latent_pretrain/: donor_embedder":0,"Gradients_by_loss recover_latent/: encoder7":0.0034705062656738834,"pear_var_criterion/avg_all":NaN,"Gradients_by_loss rec_from_latent_pretrain/: encoder5":0,"Gradients_by_loss rec_from_latent_pretrain/: mapper14":0,"Gradients_by_loss rec_from_latent_pretrain/: mapper8":0,"r2_var_criterion/50_all":0.48767438530921936,"Rec/Pearson_sample_train":0.9489474296569824,"Gradients_by_loss rec_from_latent_pretrain/: mapper6":0,"Gradients_by_loss rec_from_latent_pretrain/: mapper_tissue_mapper":0,"r2_mean_OOD/50_all":0.8469159603118896,"Gradients_by_loss recover_latent/: mapper_tissue_mapper":1.3547406807990037e-05,"r2_delta_OOD/50_all":0.42200160026550293,"Gradients_by_loss recover_latent/: encoder15":0.0003609047482616588,"Gradients_by_loss rec_from_latent_pretrain/: encoder6":0,"r2_delta_criterion/50_all":0.6544643044471741,"r2_mean_criterion/10_all":0.6984922190507253,"Gradients_by_loss rec_from_latent_pretrain/: decoder":0.16973690223920543,"_timestamp":1.7678170959317555e+09,"Gradients_by_loss recover_latent/: encoder9":0.0011361852833623991,"r2_var_OOD/50_all":0.14941757917404175,"Gradients_by_loss rec_from_latent_pretrain/: mapper0":0,"Gradients_by_loss rec_from_latent_pretrain/: encoder11":0,"Gradients_by_loss rec_from_latent_pretrain/: encoder4":0,"Gradients_by_loss rec_from_latent_pretrain/: mapper15":0,"Gradients_by_loss rec_from_latent_pretrain/: mapper_donor_mapper":0,"Gradients_by_loss recover_latent/: encoder6":0.00034495929930436026,"Gradients_by_loss rec_from_latent_pretrain/: encoder1":0,"Gradients_by_loss recover_latent/: encoder1":0.004512907609635857,"Gradients_by_loss recover_latent/: encoder12":0.0006547929117572089,"r2_var_OOD/20_all":0.11360722780227661,"r2_delta_OOD/20_all":0.013013958930969238,"Gradients_by_loss recover_latent/: encoder11":0.0014995476358531145,"r2_var_OOD/100_all":0.31844621896743774,"r2_delta_OOD/100_all":0.4683639407157898,"Gradients_by_loss recover_latent/: mapper12":0.0012590668452676418,"r2_mean_OOD/100_all":0.8736403584480286,"Gradients_by_loss recover_latent/: px_r":0,"Gradients_by_loss recover_latent/: encoder3":0.0016193784071972055,"Gradients_by_loss rec_from_latent_pretrain/: mapper3":0,"r2_mean_criterion/20_all":0.7997387448946635,"Gradients_by_loss rec_from_latent_pretrain/: mapper2":0,"MIG_BINNED/dis_latent_stack_tissue_train":0.6554356560643656,"Gradients_by_loss recover_latent/: tissue_embedder":1.1853517207782716e-05,"Rec/Pearson_gene_train":0.6972741484642029,"important_notes":{"size":8035,"path":"media/html/important_notes_0_fcdfa566b54ce3f99e6d.html","_type":"html-file","sha256":"fcdfa566b54ce3f99e6df504350027d17691ee918a15ff93f8deb7520f099d01"},"Gradients_by_loss rec_from_latent_pretrain/: encoder7":0,"Gradients_by_loss recover_latent/: donor_embedder":7.822491170372814e-05}