{"Gradients_by_loss rec_from_latent_pretrain/: px_r":4.1218427213607356e-05,"pear_var_criterion/avg_all":NaN,"Gradients_by_loss recover_latent/: encoder2":0.000922946568271848,"r2_var_criterion/100_all":0.5316271086533865,"r2_delta_criterion/50_all":0.5929551422595978,"Gradients_by_loss recover_latent/: mapper7":0.000615984802103894,"Gradients_by_loss recover_latent/: tissue_embedder":8.580020221415907e-05,"r2_var_criterion/20_all":0.4465649724006653,"r2_delta_OOD/10_all":0.20908504724502563,"Gradients_by_loss rec_from_latent_pretrain/: mapper12":0,"r2_var_OOD/10_all":0.054383933544158936,"Gradients_by_loss rec_from_latent_pretrain/: encoder3":0,"Gradients_by_loss rec_from_latent_pretrain/: donor_embedder":0,"Gradients_by_loss rec_from_latent_pretrain/: encoder2":0,"Gradients_by_loss recover_latent/: encoder7":0.001321600829947596,"Gradients_by_loss recover_latent/: encoder8":0.0006652773149966299,"_wandb":{"runtime":3786},"Rec/Pearson_gene_train":0.6944205164909363,"Gradients_by_loss recover_latent/: mapper_donor_mapper":1.4427337399025952e-05,"wasserstein_OOD/10_all":0.6696711868976017,"r2_var_criterion/50_all":0.4459041655063629,"Gradients_by_loss rec_from_latent_pretrain/: decoder":0.10390820359860284,"Rec/R2_var_train":0.9959344863891602,"r2_mean_OOD/10_all":0,"r2_mean_criterion/20_all":0.7819365461667379,"Gradients_by_loss rec_from_latent_pretrain/: encoder7":0,"r2_var_criterion/10_all":0.6689020295937856,"Gradients_by_loss rec_from_latent_pretrain/: mapper4":0,"Gradients_by_loss recover_latent/: mapper13":0.0005872391144188974,"r2_mean_criterion/100_all":0.8337344626585642,"Gradients_by_loss recover_latent/: mapper12":0.0005952003330038661,"r2_mean_OOD/50_all":0.7495439648628235,"Gradients_by_loss recover_latent/: encoder15":0.00010455547463969534,"r2_var_OOD/20_all":0.03767228126525879,"Gradients_by_loss recover_latent/: mapper5":0.0005260432208579611,"Gradients_by_loss rec_from_latent_pretrain/: mapper_donor_mapper":0,"MIG_BINNED/dis_latent_stack_tissue_train":0.6591906697910528,"Gradients_by_loss rec_from_latent_pretrain/: mapper10":0,"wasserstein_criterion/10_all":0.3386222378639914,"Gradients_by_loss recover_latent/: mapper10":0.0006055789095936456,"Gradients_by_loss recover_latent/: encoder1":0.001265934254427966,"Gradients_by_loss rec_from_latent_pretrain/: mapper9":0,"r2_var_OOD/50_all":0,"losses/rec_from_latent_pretrain":0.6196361969971009,"_step":521,"Gradients_by_loss rec_from_latent_pretrain/: encoder11":0,"Gradients_by_loss rec_from_latent_pretrain/: mapper0":0,"Gradients_by_loss recover_latent/: encoder13":0.0002861523680608451,"Gradients_by_loss rec_from_latent_pretrain/: encoder12":0,"Gradients_by_loss recover_latent/: mapper8":0.0006111810394346488,"Gradients_by_loss recover_latent/: encoder12":0.00020844535218255737,"Gradients_by_loss recover_latent/: encoder4":0.0008476569435457928,"r2_mean_criterion/50_all":0.8227521876494089,"r2_delta_criterion/20_all":0.5519945323467255,"Gradients_by_loss recover_latent/: mapper14":0.0006487824109853374,"Gradients_by_loss recover_latent/: decoder":0,"Gradients_by_loss recover_latent/: mapper11":0.0005955600829300613,"Gradients_by_loss rec_from_latent_pretrain/: encoder13":0,"Gradients_by_loss rec_from_latent_pretrain/: encoder14":0,"Gradients_by_loss rec_from_latent_pretrain/: mapper2":0,"r2_delta_OOD/50_all":0.37284618616104126,"r2_delta_criterion/100_all":0.6023073891798655,"Gradients_by_loss rec_from_latent_pretrain/: tissue_embedder":0,"_runtime":3786.223318247,"Gradients_by_loss recover_latent/: mapper3":0.0004913035536272936,"Gradients_by_loss recover_latent/: encoder11":0.0005199450229521488,"Gradients_by_loss recover_latent/: mapper0":5.030740065642501e-05,"Gradients_by_loss recover_latent/: encoder10":0.00040050051511467637,"Gradients_by_loss recover_latent/: px_r":0,"Gradients_by_loss rec_from_latent_pretrain/: encoder15":0,"Gradients_by_loss recover_latent/: mapper2":0.0005117514117748077,"Gradients_by_loss rec_from_latent_pretrain/: encoder5":0,"Gradients_by_loss recover_latent/: mapper1":0.0005253484633660355,"Gradients_by_loss rec_from_latent_pretrain/: mapper7":0,"Gradients_by_loss rec_from_latent_pretrain/: encoder_pretrain":0.05154729298838995,"Gradients_by_loss rec_from_latent_pretrain/: mapper6":0,"r2_delta_OOD/20_all":0.25446081161499023,"r2_mean_criterion/10_all":0.7061258951822916,"r2_mean_OOD/100_all":0.7962799668312073,"Gradients_by_loss rec_from_latent_pretrain/: mapper8":0,"Rec/R2_mean_train":0.9988528490066528,"r2_delta_OOD/100_all":0.338689923286438,"r2_delta_criterion/10_all":0.5801666875680288,"_timestamp":1.7677724416940067e+09,"Gradients_by_loss rec_from_latent_pretrain/: encoder4":0,"r2_mean_OOD/20_all":0.3938094973564148,"Gradients_by_loss rec_from_latent_pretrain/: encoder1":0,"Gradients_by_loss recover_latent/: encoder6":0.00017110614615403603,"Gradients_by_loss recover_latent/: encoder14":0.000690039399414213,"Gradients_by_loss recover_latent/: mapper4":0.0005460197763759226,"Gradients_by_loss rec_from_latent_pretrain/: mapper13":0,"Gradients_by_loss recover_latent/: mapper6":0.000521690953191568,"Gradients_by_loss rec_from_latent_pretrain/: mapper1":0,"Gradients_by_loss rec_from_latent_pretrain/: mapper15":0,"Gradients_by_loss rec_from_latent_pretrain/: mapper11":0,"Gradients_by_loss rec_from_latent_pretrain/: mapper_tissue_mapper":0,"losses/recover_latent":4.775487977648033e-05,"Gradients_by_loss rec_from_latent_pretrain/: mapper14":0,"Gradients_by_loss rec_from_latent_pretrain/: encoder0":0,"Gradients_by_loss recover_latent/: encoder_pretrain":8.852757614787011e-05,"Gradients_by_loss rec_from_latent_pretrain/: mapper3":0,"Gradients_by_loss recover_latent/: donor_embedder":5.381457958719693e-05,"Gradients_by_loss recover_latent/: mapper_tissue_mapper":7.81067318513848e-06,"Gradients_by_loss recover_latent/: mapper9":0.0006116248921044108,"Gradients_by_loss recover_latent/: encoder3":0.0002680885511703134,"Gradients_by_loss rec_from_latent_pretrain/: encoder6":0,"Rec/Pearson_sample_train":0.9492202997207642,"Gradients_by_loss rec_from_latent_pretrain/: encoder8":0,"Gradients_by_loss recover_latent/: encoder0":0.0004945704962941118,"Gradients_by_loss recover_latent/: encoder5":0.00041858389506830445,"Gradients_by_loss rec_from_latent_pretrain/: encoder9":0,"Gradients_by_loss rec_from_latent_pretrain/: mapper5":0,"Gradients_by_loss recover_latent/: encoder9":0.0005706205348360353,"Gradients_by_loss rec_from_latent_pretrain/: encoder10":0,"important_notes":{"sha256":"eec395c55765428b47bd3a90733fca0d9edee6d8e27a5db9bec457d2dc8c3744","size":8035,"path":"media/html/important_notes_0_eec395c55765428b47bd.html","_type":"html-file"},"r2_var_OOD/100_all":0,"Gradients_by_loss recover_latent/: mapper15":0.0006265448752769852}