{"r2_mean/20000": 0.9641870260238647, "r2_var/20000": 0, "pear_var/20000": 0.6104244718693783, "r2_delta/20000": 0.7159302234649658, "r2_mean/200": 0.9402257204055786, "r2_var/200": 0, "pear_var/200": 0.47638000822998305, "r2_delta/200": 0.8431760668754578, "r2_mean/100": 0.9172737002372742, "r2_var/100": 0, "pear_var/100": 0.47354618962394784, "r2_delta/100": 0.7941234111785889, "wass_dist/100": 0.4270066664706293, "r2_mean/50": 0.8827407956123352, "r2_var/50": 0, "pear_var/50": 0.6369308393040073, "r2_delta/50": 0.6885710954666138, "r2_mean/20": 0.8382663726806641, "r2_var/20": 0, "pear_var/20": 0.25869269242032505, "r2_delta/20": 0.49726659059524536, "wass_dist/20": 0.5332555840026064, "r2_mean/10": 0.43199920654296875, "r2_var/10": 0, "pear_var/10": -0.25625025572212745, "r2_delta/10": 0.18959790468215942, "wass_dist/10": 0.5694945272222514, "_timestamp": 1744117666.680102, "_runtime": 1.4775311946868896, "_step": 0, "_wandb": {"runtime": 1}}