{"r2_mean/20000":0.8439053297042847,"r2_mean/100":0.8008381128311157,"_runtime":0.6067974,"r2_var/50":0,"r2_var/200":0,"r2_delta/100":0.9976393580436707,"r2_mean/20":0.826619029045105,"wass_dist/10":0.48610936838791224,"pear_var/10":0.2948884215036806,"r2_mean/200":0.8443498015403748,"wass_dist/20":0.4597520061974271,"pear_var/100":0.4631649978532698,"pear_var/20000":0.46372584691250907,"pear_var/50":0.21532664273558144,"r2_delta/200":0.9970776438713074,"r2_mean/10":0.32440686225891113,"r2_var/20":0,"r2_delta/50":0.996091365814209,"r2_mean/50":0.7625295519828796,"r2_delta/10":0,"r2_var/100":0,"_step":0,"r2_delta/20000":0.9963440895080566,"pear_var/20":-0.08539975526663046,"r2_var/20000":0,"_timestamp":1.74382546026076e+09,"r2_var/10":0,"wass_dist/100":0.40715426187427994,"pear_var/200":0.47407774276456827,"r2_delta/20":0.9980746507644653,"_wandb":{"runtime":0}}