{"r2_mean/20000": 0.8661400079727173, "r2_var/20000": 0.12890774011611938, "pear_var/20000": 0.6158843846868828, "r2_delta/20000": 0.6038942933082581, "r2_mean/200": 0.6113837957382202, "r2_var/200": 0, "pear_var/200": 0.3717308650300298, "r2_delta/200": 0.5934839844703674, "r2_mean/100": 0.46959179639816284, "r2_var/100": 0, "pear_var/100": 0.472998196259671, "r2_delta/100": 0.5373497009277344, "wass_dist/100": 0.51679339067971, "r2_mean/50": 0.04641479253768921, "r2_var/50": 0, "pear_var/50": 0.44523368136648556, "r2_delta/50": 0.11469340324401855, "r2_mean/20": 0, "r2_var/20": 0, "pear_var/20": -0.08099025546681618, "r2_delta/20": 0, "wass_dist/20": 1.0526701388921267, "r2_mean/10": 0, "r2_var/10": 0, "pear_var/10": 0.16191308454778142, "r2_delta/10": 0, "wass_dist/10": 1.1085403632781605, "_timestamp": 1744208186.2830594, "_runtime": 1.5927903652191162, "_step": 0, "_wandb": {"runtime": 1}}