{"Gradients_by_loss recover_latent/: mapper8":0.002459519411002765,"_runtime":3616.343767169,"Gradients_by_loss recover_latent/: encoder14":0.0010204713979169802,"r2_delta_OOD/10_all":0.18027549982070923,"Gradients_by_loss recover_latent/: encoder8":0.002301189747602759,"Gradients_by_loss rec_from_latent_pretrain/: encoder4":0,"r2_mean_criterion/10_all":0.5630196630954742,"Gradients_by_loss recover_latent/: encoder7":0.0017974195338006857,"Gradients_by_loss recover_latent/: mapper7":0.0024456309413762325,"Gradients_by_loss recover_latent/: mapper_donor_mapper":3.06588838506351e-05,"losses/rec_from_latent_pretrain":0.6016832238660669,"Gradients_by_loss recover_latent/: encoder15":0.004701051493942339,"Gradients_by_loss recover_latent/: mapper15":0.0030175899372345363,"Gradients_by_loss recover_latent/: encoder11":0.0022407678412331646,"Gradients_by_loss recover_latent/: mapper14":0.0021970890651650315,"Gradients_by_loss recover_latent/: encoder_pretrain":0.00047194835153616696,"Gradients_by_loss recover_latent/: decoder":0,"r2_delta_OOD/50_all":0.43371903896331787,"r2_delta_criterion/100_all":0.6298478841781616,"r2_var_criterion/10_all":0.7279877265294393,"pear_var_criterion/avg_all":NaN,"Gradients_by_loss rec_from_latent_pretrain/: mapper13":0,"Gradients_by_loss rec_from_latent_pretrain/: mapper10":0,"important_notes":{"_type":"html-file","sha256":"bb355a61273ddfe780b35f5a4a5e6e89de09033a183408994c1be978d8575b52","size":8035,"path":"media/html/important_notes_0_bb355a61273ddfe780b3.html"},"Gradients_by_loss rec_from_latent_pretrain/: encoder3":0,"r2_mean_criterion/50_all":0.8380022545655569,"Gradients_by_loss rec_from_latent_pretrain/: mapper7":0,"Gradients_by_loss rec_from_latent_pretrain/: encoder13":0,"Gradients_by_loss rec_from_latent_pretrain/: encoder11":0,"Gradients_by_loss rec_from_latent_pretrain/: mapper0":0,"Gradients_by_loss rec_from_latent_pretrain/: encoder9":0,"Gradients_by_loss recover_latent/: mapper4":0.002398462833473754,"r2_mean_OOD/10_all":0.5029991865158081,"Gradients_by_loss recover_latent/: encoder1":0.0029325235024231003,"Gradients_by_loss recover_latent/: donor_embedder":9.926386701408774e-05,"Gradients_by_loss recover_latent/: mapper11":0.0022658792909997323,"Gradients_by_loss rec_from_latent_pretrain/: mapper14":0,"Gradients_by_loss recover_latent/: mapper13":0.0022326269271246667,"r2_delta_OOD/20_all":0.32400959730148315,"Gradients_by_loss recover_latent/: encoder13":0.0010440090177123188,"losses/recover_latent":2.35448961180771e-05,"Gradients_by_loss recover_latent/: encoder2":0.0047331530836916096,"Gradients_by_loss rec_from_latent_pretrain/: encoder1":0,"Rec/R2_mean_train":0.9992862939834595,"Gradients_by_loss rec_from_latent_pretrain/: mapper_tissue_mapper":0,"Gradients_by_loss rec_from_latent_pretrain/: mapper5":0,"Gradients_by_loss rec_from_latent_pretrain/: encoder_pretrain":0.25448745082297164,"Gradients_by_loss recover_latent/: mapper6":0.002323110842656236,"Gradients_by_loss rec_from_latent_pretrain/: encoder0":0,"Gradients_by_loss recover_latent/: mapper12":0.0022258032686309002,"Gradients_by_loss recover_latent/: encoder6":0.003260385703009236,"Gradients_by_loss rec_from_latent_pretrain/: encoder5":0,"Gradients_by_loss rec_from_latent_pretrain/: encoder12":0,"Gradients_by_loss recover_latent/: mapper_tissue_mapper":2.3725940802260468e-05,"Gradients_by_loss rec_from_latent_pretrain/: encoder15":0,"Gradients_by_loss rec_from_latent_pretrain/: mapper15":0,"Rec/Pearson_gene_train":0.7006936307027936,"wasserstein_OOD/10_all":0.5856383529766178,"Gradients_by_loss rec_from_latent_pretrain/: mapper6":0,"Gradients_by_loss recover_latent/: mapper5":0.0024647029405997366,"r2_var_criterion/100_all":0.5344049036502838,"Gradients_by_loss rec_from_latent_pretrain/: donor_embedder":0,"r2_delta_OOD/100_all":0.4709557294845581,"Gradients_by_loss recover_latent/: tissue_embedder":0.00017626812041271478,"MIG_BINNED/dis_latent_stack_tissue_train":0.6576713230029387,"Gradients_by_loss recover_latent/: mapper9":0.0022833937986868236,"r2_mean_OOD/50_all":0.7112889289855957,"Gradients_by_loss recover_latent/: encoder12":0.0005119058815044815,"Gradients_by_loss rec_from_latent_pretrain/: encoder14":0,"r2_var_OOD/20_all":0.10957878828048706,"Gradients_by_loss rec_from_latent_pretrain/: mapper9":0,"Gradients_by_loss rec_from_latent_pretrain/: mapper1":0,"r2_mean_OOD/100_all":0.7278611660003662,"Gradients_by_loss recover_latent/: mapper3":0.0014745612946827644,"Gradients_by_loss rec_from_latent_pretrain/: decoder":0.2916977441611239,"Gradients_by_loss recover_latent/: encoder3":0.0010992901178569355,"r2_delta_criterion/10_all":0.5472650329271952,"Gradients_by_loss rec_from_latent_pretrain/: mapper11":0,"Rec/R2_var_train":0.9971476197242737,"Gradients_by_loss rec_from_latent_pretrain/: encoder7":0,"_step":521,"Gradients_by_loss recover_latent/: encoder9":0.0006384157856725675,"Rec/Pearson_sample_train":0.9495840072631836,"Gradients_by_loss rec_from_latent_pretrain/: mapper12":0,"r2_mean_criterion/20_all":0.7841000258922577,"r2_var_criterion/20_all":0.5380105574925741,"Gradients_by_loss recover_latent/: encoder5":0.001963089767864546,"Gradients_by_loss rec_from_latent_pretrain/: mapper3":0,"_timestamp":1.7677753812955518e+09,"Gradients_by_loss rec_from_latent_pretrain/: encoder6":0,"Gradients_by_loss recover_latent/: encoder0":0.003949081807208205,"Gradients_by_loss rec_from_latent_pretrain/: tissue_embedder":0,"Gradients_by_loss recover_latent/: mapper1":0.001119468053673133,"r2_var_criterion/50_all":0.47975611686706543,"Gradients_by_loss recover_latent/: mapper0":0.0008638085263131125,"r2_var_OOD/10_all":0,"r2_delta_criterion/50_all":0.6278060873349508,"Gradients_by_loss rec_from_latent_pretrain/: encoder8":0,"Gradients_by_loss rec_from_latent_pretrain/: mapper8":0,"Gradients_by_loss rec_from_latent_pretrain/: mapper4":0,"Gradients_by_loss recover_latent/: mapper10":0.0023053898380057127,"Gradients_by_loss recover_latent/: px_r":0,"Gradients_by_loss rec_from_latent_pretrain/: encoder2":0,"Gradients_by_loss rec_from_latent_pretrain/: encoder10":0,"Gradients_by_loss rec_from_latent_pretrain/: px_r":6.015622420818545e-05,"r2_delta_criterion/20_all":0.5864421923955282,"Gradients_by_loss rec_from_latent_pretrain/: mapper_donor_mapper":0,"r2_mean_OOD/20_all":0.590111494064331,"_wandb":{"runtime":3616},"r2_mean_criterion/100_all":0.8534298241138458,"Gradients_by_loss recover_latent/: mapper2":0.001480690184555397,"Gradients_by_loss recover_latent/: encoder4":0.008192284592121922,"Gradients_by_loss recover_latent/: encoder10":0.003108631109605528,"wasserstein_criterion/10_all":0.35774633903365033,"r2_var_OOD/50_all":0.25153183937072754,"r2_var_OOD/100_all":0.28528231382369995,"Gradients_by_loss rec_from_latent_pretrain/: mapper2":0}