{"r2_mean/20000": 0.8916820287704468, "r2_var/20000": 0, "pear_var/20000": 0.4619220125950335, "r2_delta/20000": 0.14081823825836182, "r2_mean/200": 0.8545049428939819, "r2_var/200": 0, "pear_var/200": 0.31573330140748, "r2_delta/200": 0.6182786226272583, "r2_mean/100": 0.8195516467094421, "r2_var/100": 0, "pear_var/100": 0.16537172860147173, "r2_delta/100": 0.5509276986122131, "wass_dist/100": 0.4728596408639538, "r2_mean/50": 0.7646589279174805, "r2_var/50": 0, "pear_var/50": 0.04994396416507919, "r2_delta/50": 0.37495696544647217, "r2_mean/20": 0.7545121908187866, "r2_var/20": 0, "pear_var/20": -0.36576839549082685, "r2_delta/20": 0.23692446947097778, "wass_dist/20": 0.5807295421359723, "r2_mean/10": 0.5927648544311523, "r2_var/10": 0, "pear_var/10": -0.37340203545558703, "r2_delta/10": 0.4189722537994385, "wass_dist/10": 0.5064190964966295, "_timestamp": 1743886221.2190516, "_runtime": 1.37546968460083, "_step": 0, "_wandb": {"runtime": 1}}