{"r2_mean/20000": 0.8986527919769287, "r2_var/20000": 0, "pear_var/20000": 0.5412201301041559, "r2_delta/20000": 0, "r2_mean/200": 0.7874987125396729, "r2_var/200": 0, "pear_var/200": 0.390845259633675, "r2_delta/200": 0.46335428953170776, "r2_mean/100": 0.7447013258934021, "r2_var/100": 0, "pear_var/100": 0.6552562579211447, "r2_delta/100": 0.3131439685821533, "wass_dist/100": 0.44266127177374054, "r2_mean/50": 0.7282441854476929, "r2_var/50": 0, "pear_var/50": 0.524412765560553, "r2_delta/50": 0.20868808031082153, "r2_mean/20": 0.13270241022109985, "r2_var/20": 0, "pear_var/20": 0.695530591333336, "r2_delta/20": 0, "wass_dist/20": 0.6134122104505161, "r2_mean/10": 0.08874547481536865, "r2_var/10": 0, "pear_var/10": 0.5523293391712334, "r2_delta/10": 0, "wass_dist/10": 0.6625000403104602, "_timestamp": 1743882576.4637856, "_runtime": 1.3223206996917725, "_step": 0, "_wandb": {"runtime": 1}}