{"Gradients_by_loss rec_from_latent_pretrain/: mapper_donor_mapper":0,"Gradients_by_loss rec_from_latent_pretrain/: encoder10":0,"r2_delta_criterion/50_all":0.5780539810657501,"Gradients_by_loss recover_latent/: donor_embedder":6.891400698805228e-05,"Rec/R2_mean_train":0.9988152980804443,"r2_var_criterion/50_all":0.4138479332129161,"r2_delta_criterion/100_all":0.5640322764714559,"r2_mean_criterion/10_all":0.5775983035564423,"Gradients_by_loss recover_latent/: encoder5":0.002611013066507915,"Gradients_by_loss rec_from_latent_pretrain/: encoder8":0,"Gradients_by_loss recover_latent/: mapper2":0.0011344830501628835,"Gradients_by_loss rec_from_latent_pretrain/: encoder12":0,"Gradients_by_loss rec_from_latent_pretrain/: encoder14":0,"Gradients_by_loss recover_latent/: mapper3":0.0014021152318535735,"Gradients_by_loss rec_from_latent_pretrain/: encoder1":0,"Gradients_by_loss recover_latent/: encoder_pretrain":0.000365743938190878,"Gradients_by_loss recover_latent/: encoder4":0.005595217070685883,"_step":521,"r2_mean_OOD/50_all":0.7156670093536377,"Gradients_by_loss rec_from_latent_pretrain/: mapper10":0,"wasserstein_OOD/10_all":0.2082962473083072,"losses/recover_latent":3.5831260445554876e-05,"Gradients_by_loss rec_from_latent_pretrain/: mapper15":0,"Gradients_by_loss recover_latent/: tissue_embedder":0.00011967986210947856,"Gradients_by_loss recover_latent/: mapper7":0.0020696604231822432,"important_notes":{"_type":"html-file","sha256":"d50b53b6c9e20277669ace21f446cd4fcbb29fa31766accb661b411ae24000e9","size":8030,"path":"media/html/important_notes_0_d50b53b6c9e20277669a.html"},"Gradients_by_loss recover_latent/: encoder14":0.00026898189065574746,"r2_delta_OOD/100_all":0.6347140073776245,"r2_mean_OOD/100_all":0.7177136540412903,"r2_var_OOD/10_all":0.3121154308319092,"Gradients_by_loss recover_latent/: mapper8":0.002248275355073027,"Gradients_by_loss recover_latent/: encoder7":0.004734381620075033,"Gradients_by_loss recover_latent/: px_r":0,"Gradients_by_loss recover_latent/: encoder13":0.0008770564586596585,"r2_var_criterion/20_all":0.4835413992404938,"Gradients_by_loss rec_from_latent_pretrain/: mapper_tissue_mapper":0,"Gradients_by_loss recover_latent/: encoder12":0.0021845030518029447,"r2_delta_criterion/10_all":0.535205751657486,"Gradients_by_loss rec_from_latent_pretrain/: mapper8":0,"Gradients_by_loss rec_from_latent_pretrain/: encoder7":0,"Gradients_by_loss rec_from_latent_pretrain/: encoder5":0,"Gradients_by_loss rec_from_latent_pretrain/: mapper9":0,"Gradients_by_loss recover_latent/: mapper13":0.0021564122347429763,"r2_var_criterion/100_all":0.37185855706532794,"r2_var_OOD/100_all":0.4487956762313843,"Gradients_by_loss recover_latent/: encoder15":0.0005337247197827173,"r2_var_OOD/50_all":0.4364222288131714,"r2_mean_OOD/20_all":0.7274990677833557,"r2_delta_OOD/10_all":0.4971310496330261,"Gradients_by_loss rec_from_latent_pretrain/: encoder3":0,"Gradients_by_loss rec_from_latent_pretrain/: encoder9":0,"MIG_BINNED/dis_latent_stack_tissue_train":0.6715095766709525,"Gradients_by_loss recover_latent/: encoder8":0.004511441458634812,"Gradients_by_loss rec_from_latent_pretrain/: mapper11":0,"Gradients_by_loss rec_from_latent_pretrain/: encoder4":0,"_wandb":{"runtime":3815},"Gradients_by_loss rec_from_latent_pretrain/: encoder13":0,"Gradients_by_loss rec_from_latent_pretrain/: encoder2":0,"Gradients_by_loss recover_latent/: mapper1":0.0006442925771496283,"Gradients_by_loss rec_from_latent_pretrain/: px_r":9.31404356379062e-05,"Gradients_by_loss rec_from_latent_pretrain/: decoder":0.3350922832820171,"r2_mean_criterion/20_all":0.7559870779514313,"Gradients_by_loss recover_latent/: encoder1":0.003655586815831023,"r2_var_OOD/20_all":0.39747482538223267,"Gradients_by_loss rec_from_latent_pretrain/: encoder0":0,"Gradients_by_loss recover_latent/: mapper0":0.00027446666802094554,"r2_delta_OOD/20_all":0.6113306283950806,"Gradients_by_loss rec_from_latent_pretrain/: mapper13":0,"Gradients_by_loss recover_latent/: mapper4":0.0019775084341452785,"Gradients_by_loss rec_from_latent_pretrain/: mapper7":0,"losses/rec_from_latent_pretrain":0.6175576790565868,"Gradients_by_loss rec_from_latent_pretrain/: mapper2":0,"Gradients_by_loss rec_from_latent_pretrain/: mapper12":0,"Gradients_by_loss rec_from_latent_pretrain/: mapper0":0,"Gradients_by_loss recover_latent/: encoder2":0.004554051696801122,"Gradients_by_loss rec_from_latent_pretrain/: donor_embedder":0,"Rec/Pearson_sample_train":0.9505616426467896,"r2_delta_OOD/50_all":0.6418285369873047,"r2_mean_criterion/50_all":0.8283970852692922,"Gradients_by_loss recover_latent/: mapper11":0.0022440126112439063,"Gradients_by_loss recover_latent/: encoder3":0.0038391320985778146,"wasserstein_criterion/10_all":0.3923349886774828,"r2_var_criterion/10_all":0.6132191518942515,"r2_mean_OOD/10_all":0.6023108959197998,"_timestamp":1.7678132028971806e+09,"Gradients_by_loss recover_latent/: encoder0":0.001919728100206785,"Gradients_by_loss recover_latent/: encoder10":0.0022610278506973586,"Rec/R2_var_train":0.9976825714111328,"Gradients_by_loss recover_latent/: decoder":0,"Gradients_by_loss rec_from_latent_pretrain/: mapper5":0,"Gradients_by_loss recover_latent/: mapper15":0.0019657655297219256,"Gradients_by_loss rec_from_latent_pretrain/: mapper14":0,"Gradients_by_loss rec_from_latent_pretrain/: encoder6":0,"Gradients_by_loss recover_latent/: mapper12":0.0021582560036039135,"Gradients_by_loss rec_from_latent_pretrain/: mapper6":0,"Gradients_by_loss recover_latent/: mapper10":0.0021447205030527806,"Gradients_by_loss recover_latent/: mapper_tissue_mapper":1.967717111459424e-05,"r2_delta_criterion/20_all":0.5130773782730103,"Gradients_by_loss recover_latent/: mapper14":0.002051511240342723,"pear_var_criterion/avg_all":NaN,"Gradients_by_loss recover_latent/: mapper9":0.0021713280876703156,"Gradients_by_loss recover_latent/: mapper6":0.0019503999962467954,"Gradients_by_loss rec_from_latent_pretrain/: mapper4":0,"Gradients_by_loss recover_latent/: mapper_donor_mapper":2.28046776476406e-05,"Gradients_by_loss recover_latent/: encoder11":0.0022604070037386586,"Gradients_by_loss rec_from_latent_pretrain/: tissue_embedder":0,"Rec/Pearson_gene_train":0.7014204859733582,"Gradients_by_loss recover_latent/: encoder6":0.0014473918576188467,"Gradients_by_loss recover_latent/: mapper5":0.0019006419357350238,"r2_mean_criterion/100_all":0.8384379148483276,"Gradients_by_loss recover_latent/: encoder9":0.0009641886351394118,"Gradients_by_loss rec_from_latent_pretrain/: mapper1":0,"Gradients_by_loss rec_from_latent_pretrain/: encoder11":0,"_runtime":3815.031260314,"Gradients_by_loss rec_from_latent_pretrain/: mapper3":0,"Gradients_by_loss rec_from_latent_pretrain/: encoder15":0,"Gradients_by_loss rec_from_latent_pretrain/: encoder_pretrain":0.19605770918473567}