{"r2_var_OOD/20_all":0,"_step":521,"_runtime":3775.236464634,"r2_delta_criterion/50_all":0.5319595662030306,"Gradients_by_loss recover_latent/: encoder4":0.0038409035078662743,"Gradients_by_loss rec_from_latent_pretrain/: mapper9":0,"r2_delta_criterion/100_all":0.5185603553598578,"r2_var_OOD/100_all":0.25152450799942017,"Gradients_by_loss recover_latent/: mapper0":0.0001644465179460182,"Gradients_by_loss rec_from_latent_pretrain/: encoder9":0,"MIG_BINNED/dis_latent_stack_tissue_train":0.6643067932301966,"Gradients_by_loss recover_latent/: mapper11":0.0018169034211957071,"Gradients_by_loss recover_latent/: mapper10":0.0019104591854859207,"r2_mean_OOD/100_all":0.9051340818405151,"important_notes":{"path":"media/html/important_notes_0_77288a32b701e7147e71.html","_type":"html-file","sha256":"77288a32b701e7147e71f78cb1e79a8eeccf43ffa5a757198f5ce318712e5154","size":7789},"Gradients_by_loss rec_from_latent_pretrain/: mapper13":0,"r2_mean_criterion/50_all":0.7360704432834279,"Gradients_by_loss recover_latent/: mapper2":0.0008521645269721367,"r2_delta_OOD/10_all":0.30691611766815186,"Gradients_by_loss rec_from_latent_pretrain/: mapper7":0,"Gradients_by_loss rec_from_latent_pretrain/: mapper5":0,"Gradients_by_loss rec_from_latent_pretrain/: encoder_pretrain":0.14257013541449168,"Gradients_by_loss recover_latent/: tissue_embedder":4.31914086220786e-05,"Rec/Pearson_gene_train":0.6974560618400574,"Gradients_by_loss rec_from_latent_pretrain/: encoder0":0,"r2_var_criterion/10_all":0.35280597751790826,"Gradients_by_loss recover_latent/: encoder2":0.0010230755450335476,"Gradients_by_loss recover_latent/: mapper14":0.0018689340787937244,"r2_delta_criterion/20_all":0.487166090445085,"Gradients_by_loss rec_from_latent_pretrain/: encoder4":0,"losses/recover_latent":4.2617532449490973e-05,"Rec/R2_mean_train":0.9980818629264832,"Gradients_by_loss recover_latent/: donor_embedder":4.356602221378125e-05,"Gradients_by_loss rec_from_latent_pretrain/: mapper14":0,"Gradients_by_loss recover_latent/: mapper15":0.0021469210849559724,"Gradients_by_loss recover_latent/: encoder15":0.002448594413908463,"r2_var_criterion/20_all":0.24379669536243787,"Gradients_by_loss recover_latent/: mapper6":0.0013154527062246408,"Gradients_by_loss rec_from_latent_pretrain/: tissue_embedder":0,"Rec/Pearson_sample_train":0.9493072628974915,"Gradients_by_loss rec_from_latent_pretrain/: mapper_donor_mapper":0,"r2_mean_OOD/20_all":0.8514822125434875,"Gradients_by_loss rec_from_latent_pretrain/: mapper3":0,"Gradients_by_loss recover_latent/: encoder1":0.003653439565792903,"Gradients_by_loss rec_from_latent_pretrain/: mapper12":0,"Gradients_by_loss rec_from_latent_pretrain/: encoder5":0,"r2_var_OOD/10_all":0.5427576899528503,"r2_delta_criterion/10_all":0.4775919968431646,"Gradients_by_loss recover_latent/: decoder":0,"Gradients_by_loss rec_from_latent_pretrain/: mapper15":0,"Gradients_by_loss recover_latent/: encoder10":0.005565324719168518,"Gradients_by_loss rec_from_latent_pretrain/: encoder12":0,"Rec/R2_var_train":0.9925941824913025,"Gradients_by_loss recover_latent/: mapper4":0.0012776858790171782,"r2_mean_OOD/50_all":0.891051173210144,"Gradients_by_loss recover_latent/: mapper5":0.001252357768418702,"r2_mean_OOD/10_all":0.8105395436286926,"Gradients_by_loss recover_latent/: encoder0":0.0013245719823403702,"Gradients_by_loss rec_from_latent_pretrain/: decoder":0.17037474201000632,"Gradients_by_loss rec_from_latent_pretrain/: encoder11":0,"Gradients_by_loss rec_from_latent_pretrain/: encoder10":0,"Gradients_by_loss recover_latent/: encoder3":0.002383704290859021,"Gradients_by_loss rec_from_latent_pretrain/: mapper1":0,"Gradients_by_loss recover_latent/: encoder6":0.0016878829563206155,"Gradients_by_loss rec_from_latent_pretrain/: mapper8":0,"Gradients_by_loss rec_from_latent_pretrain/: encoder1":0,"Gradients_by_loss rec_from_latent_pretrain/: mapper0":0,"Gradients_by_loss rec_from_latent_pretrain/: mapper_tissue_mapper":0,"pear_var_criterion/avg_all":NaN,"Gradients_by_loss recover_latent/: mapper_donor_mapper":2.1842637763159678e-05,"Gradients_by_loss recover_latent/: mapper3":0.000950348768037075,"Gradients_by_loss rec_from_latent_pretrain/: encoder2":0,"Gradients_by_loss rec_from_latent_pretrain/: encoder3":0,"r2_delta_OOD/20_all":0.36901944875717163,"wasserstein_OOD/10_all":0.5125833986995496,"Gradients_by_loss recover_latent/: mapper7":0.001252228177166656,"Gradients_by_loss rec_from_latent_pretrain/: mapper6":0,"Gradients_by_loss rec_from_latent_pretrain/: encoder13":0,"r2_delta_OOD/50_all":0.4154841899871826,"Gradients_by_loss recover_latent/: encoder9":0.0002677218753971649,"Gradients_by_loss rec_from_latent_pretrain/: encoder14":0,"Gradients_by_loss rec_from_latent_pretrain/: encoder7":0,"Gradients_by_loss recover_latent/: encoder11":0.0013620808081419033,"Gradients_by_loss recover_latent/: mapper13":0.0018370401755666145,"losses/rec_from_latent_pretrain":0.6191001084086072,"wasserstein_criterion/10_all":0.31312025546222916,"r2_var_criterion/50_all":0.2713258374821056,"Gradients_by_loss rec_from_latent_pretrain/: mapper11":0,"r2_delta_OOD/100_all":0.46861398220062256,"Gradients_by_loss recover_latent/: encoder13":0.0025059003566345207,"Gradients_by_loss rec_from_latent_pretrain/: mapper2":0,"Gradients_by_loss recover_latent/: encoder7":0.002265572469349966,"Gradients_by_loss rec_from_latent_pretrain/: mapper4":0,"Gradients_by_loss recover_latent/: encoder_pretrain":0.00024913569570218,"Gradients_by_loss recover_latent/: mapper_tissue_mapper":1.513605224080271e-05,"Gradients_by_loss rec_from_latent_pretrain/: px_r":8.323432120960206e-05,"r2_var_OOD/50_all":0,"_timestamp":1.767430960186833e+09,"Gradients_by_loss recover_latent/: encoder5":0.001966102890415853,"Gradients_by_loss recover_latent/: encoder14":0.001585592364741064,"r2_mean_criterion/100_all":0.7407560511068865,"Gradients_by_loss recover_latent/: encoder12":0.0009002555649182079,"Gradients_by_loss recover_latent/: px_r":0,"Gradients_by_loss rec_from_latent_pretrain/: encoder6":0,"Gradients_by_loss rec_from_latent_pretrain/: encoder8":0,"Gradients_by_loss rec_from_latent_pretrain/: encoder15":0,"Gradients_by_loss recover_latent/: encoder8":0.0001871364472724565,"Gradients_by_loss recover_latent/: mapper9":0.0011946305973831312,"r2_var_criterion/100_all":0.2690920450470664,"Gradients_by_loss recover_latent/: mapper1":0.0008385282355506348,"Gradients_by_loss rec_from_latent_pretrain/: mapper10":0,"r2_mean_criterion/20_all":0.6179120107130571,"Gradients_by_loss recover_latent/: mapper12":0.0017031058383784096,"r2_mean_criterion/10_all":0.5045038190754977,"_wandb":{"runtime":3775},"Gradients_by_loss recover_latent/: mapper8":0.0012278691680848606,"Gradients_by_loss rec_from_latent_pretrain/: donor_embedder":0}