{"r2_mean/20000": 0.901688277721405, "r2_var/20000": 0, "pear_var/20000": 0.37727902255534107, "r2_delta/20000": 0.02236729860305786, "r2_mean/200": 0.8495110869407654, "r2_var/200": 0, "pear_var/200": 0.13668614524578812, "r2_delta/200": 0.5382847785949707, "r2_mean/100": 0.7690551280975342, "r2_var/100": 0, "pear_var/100": -0.0423115760015464, "r2_delta/100": 0.3862547278404236, "wass_dist/100": 0.45197303010311346, "r2_mean/50": 0.704348087310791, "r2_var/50": 0, "pear_var/50": -0.07506625470906139, "r2_delta/50": 0.23602527379989624, "r2_mean/20": 0.6799213886260986, "r2_var/20": 0, "pear_var/20": -0.3443860853825261, "r2_delta/20": 0, "wass_dist/20": 0.62408097996281, "r2_mean/10": 0.3299066424369812, "r2_var/10": 0, "pear_var/10": -0.5215405891433814, "r2_delta/10": 0, "wass_dist/10": 0.6390925060611912, "_timestamp": 1743875356.4180017, "_runtime": 2.172165632247925, "_step": 0, "_wandb": {"runtime": 1}}