{"pear_var/50":0.05975293673873357,"r2_var/20":0,"r2_mean/200":0.531691312789917,"pear_var/20000":0.38222409190584294,"r2_mean/50":0,"wass_dist/20":0.6212243389345059,"r2_delta/20000":0.9921456575393677,"r2_var/50":0,"pear_var/10":0.2505933908815215,"r2_var/100":0,"r2_delta/50":0.9886323809623718,"pear_var/20":0.2599456308060601,"_wandb":{"runtime":0},"wass_dist/10":0.6273154434431506,"r2_delta/20":0.9964936375617981,"r2_mean/20":0.5291224718093872,"r2_var/10":0,"_timestamp":1.7438265523814378e+09,"r2_delta/10":0,"r2_delta/200":0.9911573529243469,"r2_mean/20000":0.6399933099746704,"r2_var/200":0,"_runtime":0.565751633,"r2_mean/10":0,"r2_delta/100":0.9886316061019897,"wass_dist/100":0.5163592421234522,"pear_var/100":0.18644828236183544,"r2_var/20000":0,"_step":0,"pear_var/200":0.23816201888362404,"r2_mean/100":0.33908402919769287}