{"r2_mean/20000": 0.9527699947357178, "r2_var/20000": 0, "pear_var/20000": 0.38585538513012213, "r2_delta/20000": 0.4138045310974121, "r2_mean/200": 0.9363245964050293, "r2_var/200": 0, "pear_var/200": 0.22256305253859424, "r2_delta/200": 0.7278328537940979, "r2_mean/100": 0.9047495126724243, "r2_var/100": 0, "pear_var/100": 0.11657061840212218, "r2_delta/100": 0.6755140423774719, "wass_dist/100": 0.4132850089473136, "r2_mean/50": 0.8558838963508606, "r2_var/50": 0, "pear_var/50": 0.1634006027795793, "r2_delta/50": 0.5321322679519653, "r2_mean/20": 0.8563797473907471, "r2_var/20": 0, "pear_var/20": -0.19751170386927128, "r2_delta/20": 0.4145135283470154, "wass_dist/20": 0.546078821885459, "r2_mean/10": 0.5207326412200928, "r2_var/10": 0, "pear_var/10": -0.09148031447133338, "r2_delta/10": 0.2166014313697815, "wass_dist/10": 0.5773861333643171, "_timestamp": 1743894542.0802548, "_runtime": 1.4877057075500488, "_step": 0, "_wandb": {"runtime": 1}}