{"r2_var_OOD/10_all":0,"pear_var_OOD/100_all":0.8302686715509158,"Gradients_by_loss recover_latent/: encoder3":0.0005232177926392917,"pear_var_criterion/10_all":0.932196302277677,"Gradients_by_loss recover_latent/: mapper11":0.00021862740349852343,"r2_mean_criterion/20_all":0.9938943982124329,"Rec/R2_mean_train":0.9998852014541626,"Gradients_by_loss recover_latent/: mapper2":7.592993519346783e-05,"wasserstein_OOD/100_all":0.20071655226280152,"Gradients_by_loss rec_from_latent_pretrain/: mapper_zone_mapper":0,"pear_var_criterion/100_all":0.813758903347375,"pear_var_criterion/avg_all":0.8446244454424948,"Gradients_by_loss recover_latent/: px_r":0,"Gradients_by_loss rec_from_latent_pretrain/: mapper5":0,"Gradients_by_loss rec_from_latent_pretrain/: mapper6":0,"r2_var_OOD/20_all":0,"Gradients_by_loss rec_from_latent_pretrain/: mapper12":0,"Gradients_by_loss recover_latent/: mapper4":0.00010851092525254625,"r2_var_criterion/20_all":0,"Gradients_by_loss recover_latent/: mapper0":7.678896371080544e-05,"Rec/Pearson_gene_train":0.5546059012413025,"Gradients_by_loss recover_latent/: mapper_zone_mapper":4.623298616496452e-06,"r2_mean_criterion/50_all":0.9911098480224609,"Gradients_by_loss rec_from_latent_pretrain/: encoder0":0,"r2_mean_OOD/50_all":0.9883285760879517,"Gradients_by_loss recover_latent/: encoder9":0.0009600442413105831,"pear_var_OOD/10_all":0.8994915133845022,"Gradients_by_loss recover_latent/: encoder4":0.00023510760467112396,"r2_var_criterion/10_all":0,"r2_delta_OOD/50_all":0.852925181388855,"r2_delta_criterion/50_all":0.8498932123184204,"Gradients_by_loss rec_from_latent_pretrain/: mapper0":0,"Gradients_by_loss rec_from_latent_pretrain/: px_r":5.025085556553677e-05,"Gradients_by_loss rec_from_latent_pretrain/: mapper_infected_mapper":0,"r2_delta_OOD/20_all":0.9300210475921631,"Gradients_by_loss recover_latent/: encoder5":4.426041263546579e-05,"Gradients_by_loss recover_latent/: decoder":0,"losses/rec_from_latent_pretrain":6.439670191657159,"Gradients_by_loss rec_from_latent_pretrain/: encoder8":0,"Gradients_by_loss rec_from_latent_pretrain/: encoder4":0,"Gradients_by_loss recover_latent/: encoder10":3.973017462691574e-05,"Gradients_by_loss recover_latent/: encoder8":2.776211622015753e-05,"Gradients_by_loss rec_from_latent_pretrain/: mapper13":0,"Gradients_by_loss recover_latent/: mapper1":7.47085241731631e-05,"Rec/Pearson_sample_train":0.981234073638916,"Gradients_by_loss recover_latent/: mapper10":0.0002268673651079779,"Gradients_by_loss rec_from_latent_pretrain/: encoder13":0,"Gradients_by_loss rec_from_latent_pretrain/: mapper14":0,"Gradients_by_loss rec_from_latent_pretrain/: encoder11":0,"pear_var_criterion/20_all":0.7935245217257492,"Gradients_by_loss recover_latent/: mapper13":0.0002137506393702896,"Gradients_by_loss recover_latent/: mapper7":0.000147992405406956,"Gradients_by_loss recover_latent/: encoder6":0.0001273063785374842,"Gradients_by_loss rec_from_latent_pretrain/: encoder1":0,"Gradients_by_loss rec_from_latent_pretrain/: encoder9":0,"Gradients_by_loss recover_latent/: encoder12":8.074019163965922e-05,"Rec/R2_var_train":0.9999378323554993,"Gradients_by_loss rec_from_latent_pretrain/: mapper4":0,"wasserstein_criterion/100_all":0.2123666377776043,"r2_mean_OOD/100_all":0.9846678376197815,"Gradients_by_loss rec_from_latent_pretrain/: encoder12":0,"Gradients_by_loss recover_latent/: encoder11":8.276538172790932e-05,"r2_var_criterion/50_all":0,"Gradients_by_loss rec_from_latent_pretrain/: encoder7":0,"Gradients_by_loss recover_latent/: mapper3":0.0001066652181140443,"Gradients_by_loss recover_latent/: infected_embedder":3.5170935007045045e-05,"Gradients_by_loss recover_latent/: encoder1":8.690379653517787e-05,"pear_var_criterion/50_all":0.8390180544191778,"Gradients_by_loss recover_latent/: encoder0":0.000413526820215762,"Gradients_by_loss rec_from_latent_pretrain/: encoder_pretrain":0.041044524824032015,"Gradients_by_loss rec_from_latent_pretrain/: mapper9":0,"Gradients_by_loss rec_from_latent_pretrain/: encoder3":0,"Gradients_by_loss rec_from_latent_pretrain/: encoder15":0,"r2_delta_OOD/100_all":0.6655336618423462,"r2_var_OOD/50_all":0,"r2_delta_criterion/20_all":0.9164364337921143,"r2_var_OOD/100_all":0,"r2_delta_OOD/10_all":0.9234229922294617,"Gradients_by_loss rec_from_latent_pretrain/: zone_embedder":0,"Gradients_by_loss recover_latent/: zone_embedder":1.2008101293758955e-05,"Gradients_by_loss rec_from_latent_pretrain/: encoder5":0,"r2_var_criterion/100_all":0,"Gradients_by_loss recover_latent/: mapper9":0.0002480432045450418,"r2_mean_OOD/20_all":0.9916543364524841,"wasserstein_OOD/10_all":0.1450417924643652,"_runtime":3263.783172838,"wasserstein_criterion/10_all":0.12421813780839211,"Gradients_by_loss recover_latent/: encoder_pretrain":7.374815332892215e-05,"Gradients_by_loss rec_from_latent_pretrain/: infected_embedder":0,"Gradients_by_loss recover_latent/: mapper14":0.00020987669312818243,"_wandb":{"runtime":3263},"Gradients_by_loss recover_latent/: encoder7":0.0005582404028894871,"Gradients_by_loss rec_from_latent_pretrain/: mapper3":0,"_timestamp":1.768532928136783e+09,"r2_delta_criterion/10_all":0.9362183213233948,"Gradients_by_loss rec_from_latent_pretrain/: mapper8":0,"Gradients_by_loss recover_latent/: mapper15":0.00018928844847463744,"important_notes":{"_type":"html-file","sha256":"71614296e460ba3aa983d7d17df16687db9ef95e9afeb951de18e12f6d6a6410","size":7842,"path":"media/html/important_notes_0_71614296e460ba3aa983.html"},"Gradients_by_loss rec_from_latent_pretrain/: mapper2":0,"r2_mean_OOD/10_all":0.995323121547699,"Gradients_by_loss recover_latent/: mapper5":9.908046241263774e-05,"Gradients_by_loss rec_from_latent_pretrain/: decoder":0.06055863396247503,"Gradients_by_loss recover_latent/: encoder2":0.00014105651612304748,"r2_mean_criterion/10_all":0.9930518865585327,"MIG_BINNED/dis_latent_stack_infected_train":0.6732082876336576,"Gradients_by_loss recover_latent/: encoder15":3.7407772635159014e-05,"Gradients_by_loss recover_latent/: encoder14":3.450811016743162e-05,"Gradients_by_loss rec_from_latent_pretrain/: mapper1":0,"Gradients_by_loss recover_latent/: mapper8":0.0001367093990852375,"r2_mean_criterion/100_all":0.9844440817832947,"r2_delta_criterion/100_all":0.7343567609786987,"Gradients_by_loss rec_from_latent_pretrain/: encoder2":0,"Gradients_by_loss recover_latent/: mapper_infected_mapper":2.4148167928896612e-06,"pear_var_OOD/50_all":0.7173568771871248,"Gradients_by_loss rec_from_latent_pretrain/: encoder14":0,"Gradients_by_loss rec_from_latent_pretrain/: encoder6":0,"losses/recover_latent":4.910780896330658e-05,"Gradients_by_loss rec_from_latent_pretrain/: mapper7":0,"Gradients_by_loss recover_latent/: encoder13":0.000312417885940453,"Gradients_by_loss rec_from_latent_pretrain/: mapper10":0,"Gradients_by_loss rec_from_latent_pretrain/: mapper15":0,"Gradients_by_loss recover_latent/: mapper6":9.446012013575954e-05,"_step":521,"Gradients_by_loss recover_latent/: mapper12":0.00020291983497667892,"Gradients_by_loss rec_from_latent_pretrain/: mapper11":0,"pear_var_OOD/20_all":0.816609142043622,"Gradients_by_loss rec_from_latent_pretrain/: encoder10":0}