{"wasserstein_criterion/10_all":0.6897190739365399,"Gradients_by_loss rec_from_latent_pretrain/: encoder9":0,"Gradients_by_loss recover_latent/: encoder10":0.001137805355697645,"Gradients_by_loss rec_from_latent_pretrain/: encoder0":0,"important_notes":{"sha256":"2b0a33bb23fd28b662c32c46a9cecc718a707dc4f1d22ae8838a3fd45265e069","size":7770,"path":"media/html/important_notes_0_2b0a33bb23fd28b662c3.html","_type":"html-file"},"Gradients_by_loss rec_from_latent_pretrain/: encoder1":0,"Gradients_by_loss recover_latent/: mapper1":0.0007630842600485341,"Gradients_by_loss rec_from_latent_pretrain/: mapper3":0,"Gradients_by_loss rec_from_latent_pretrain/: px_r":7.726465992163867e-05,"r2_delta_criterion/50_all":0.44705709544095124,"Gradients_by_loss recover_latent/: mapper_tissue_mapper":1.538325229308898e-05,"Rec/Pearson_sample_train":0.9545773267745972,"Gradients_by_loss recover_latent/: encoder9":0.0007074570530673964,"Gradients_by_loss rec_from_latent_pretrain/: encoder10":0,"Gradients_by_loss rec_from_latent_pretrain/: encoder2":0,"Gradients_by_loss recover_latent/: encoder11":0.001228573589726149,"Gradients_by_loss recover_latent/: encoder12":0.0009407029922901951,"Gradients_by_loss rec_from_latent_pretrain/: mapper15":0,"_runtime":2954.253183963,"_timestamp":1.7671040890676868e+09,"Gradients_by_loss recover_latent/: mapper6":0.00189863798267243,"Gradients_by_loss recover_latent/: encoder_pretrain":0.00028421500829852543,"Gradients_by_loss recover_latent/: mapper13":0.0018963764572273035,"r2_var_criterion/20_all":0.17471094564958053,"Rec/R2_mean_train":0.9984658360481262,"Gradients_by_loss rec_from_latent_pretrain/: mapper_tissue_mapper":0,"r2_mean_OOD/50_all":0.6250836253166199,"Gradients_by_loss recover_latent/: encoder0":0.002565761285561161,"r2_mean_OOD/10_all":0.08458280563354492,"Gradients_by_loss rec_from_latent_pretrain/: encoder15":0,"Gradients_by_loss rec_from_latent_pretrain/: encoder12":0,"Gradients_by_loss recover_latent/: mapper2":0.000720847270086177,"Gradients_by_loss recover_latent/: encoder8":0.003866717021761004,"Gradients_by_loss rec_from_latent_pretrain/: mapper9":0,"Rec/R2_var_train":0.9967687726020813,"Gradients_by_loss rec_from_latent_pretrain/: mapper14":0,"wasserstein_OOD/10_all":0.6374919548915379,"Gradients_by_loss recover_latent/: mapper3":0.0016023028395076517,"Gradients_by_loss recover_latent/: encoder5":0.004226385471659885,"Gradients_by_loss recover_latent/: mapper12":0.001956843413104218,"Gradients_by_loss recover_latent/: decoder":0,"Gradients_by_loss rec_from_latent_pretrain/: encoder11":0,"Gradients_by_loss rec_from_latent_pretrain/: mapper4":0,"Gradients_by_loss rec_from_latent_pretrain/: mapper12":0,"Gradients_by_loss rec_from_latent_pretrain/: encoder14":0,"Gradients_by_loss recover_latent/: encoder14":0.0008405783113631538,"r2_mean_OOD/20_all":0.33668601512908936,"Gradients_by_loss rec_from_latent_pretrain/: mapper_donor_mapper":0,"Gradients_by_loss rec_from_latent_pretrain/: mapper0":0,"r2_delta_OOD/100_all":0.3925076127052307,"pear_var_criterion/avg_all":NaN,"r2_mean_criterion/50_all":0.6816094409335743,"r2_var_criterion/100_all":0.09496892582286488,"MIG_BINNED/dis_latent_stack_tissue_train":0.6652403873071612,"r2_delta_OOD/20_all":0.5135631561279297,"Gradients_by_loss recover_latent/: mapper10":0.0020019492973220535,"Gradients_by_loss rec_from_latent_pretrain/: decoder":0.24322365150005468,"Gradients_by_loss recover_latent/: tissue_embedder":5.091355706099421e-05,"Gradients_by_loss rec_from_latent_pretrain/: mapper6":0,"Gradients_by_loss recover_latent/: mapper5":0.0018614713880818336,"Gradients_by_loss rec_from_latent_pretrain/: mapper1":0,"Gradients_by_loss recover_latent/: encoder6":0.0024280765232201178,"Gradients_by_loss recover_latent/: mapper9":0.0021331527637123105,"Rec/Pearson_gene_train":0.6811134219169617,"Gradients_by_loss rec_from_latent_pretrain/: mapper11":0,"Gradients_by_loss rec_from_latent_pretrain/: mapper10":0,"Gradients_by_loss rec_from_latent_pretrain/: mapper5":0,"Gradients_by_loss rec_from_latent_pretrain/: mapper13":0,"r2_var_OOD/20_all":0,"Gradients_by_loss recover_latent/: px_r":0,"r2_mean_criterion/10_all":0.28069907426834106,"losses/recover_latent":4.4834051683271735e-05,"Gradients_by_loss recover_latent/: encoder4":0.0034945887679429825,"Gradients_by_loss recover_latent/: mapper7":0.0018347176388649508,"Gradients_by_loss rec_from_latent_pretrain/: mapper2":0,"Gradients_by_loss recover_latent/: encoder3":0.0060992768611964725,"r2_delta_OOD/50_all":0.4314705729484558,"_step":521,"r2_var_OOD/10_all":0,"Gradients_by_loss rec_from_latent_pretrain/: donor_embedder":0,"r2_var_OOD/100_all":0,"Gradients_by_loss rec_from_latent_pretrain/: mapper8":0,"Gradients_by_loss rec_from_latent_pretrain/: encoder4":0,"Gradients_by_loss recover_latent/: encoder7":0.0014926113009742462,"Gradients_by_loss recover_latent/: mapper14":0.0019056616848843685,"Gradients_by_loss recover_latent/: mapper_donor_mapper":1.9810657104627318e-05,"Gradients_by_loss rec_from_latent_pretrain/: tissue_embedder":0,"Gradients_by_loss rec_from_latent_pretrain/: encoder7":0,"r2_mean_criterion/20_all":0.5018812851472334,"Gradients_by_loss recover_latent/: mapper15":0.001866513085158066,"Gradients_by_loss rec_from_latent_pretrain/: encoder5":0,"Gradients_by_loss recover_latent/: mapper8":0.0023766323205169646,"r2_delta_criterion/100_all":0.42552347616715863,"r2_delta_OOD/10_all":0.5297591686248779,"Gradients_by_loss rec_from_latent_pretrain/: encoder8":0,"Gradients_by_loss recover_latent/: encoder13":0.0008261431675528605,"Gradients_by_loss recover_latent/: donor_embedder":7.454730803146958e-05,"Gradients_by_loss recover_latent/: mapper11":0.0019406090352421883,"Gradients_by_loss rec_from_latent_pretrain/: encoder3":0,"r2_delta_criterion/20_all":0.41672528873790393,"Gradients_by_loss rec_from_latent_pretrain/: mapper7":0,"r2_delta_criterion/10_all":0.4106708277355541,"Gradients_by_loss recover_latent/: mapper0":0.0005973366333795649,"_wandb":{"runtime":2954},"Gradients_by_loss recover_latent/: encoder1":0.0014134524244783962,"r2_mean_OOD/100_all":0.7087870240211487,"r2_var_OOD/50_all":0,"Gradients_by_loss rec_from_latent_pretrain/: encoder6":0,"Gradients_by_loss rec_from_latent_pretrain/: encoder_pretrain":0.16287580013501632,"r2_mean_criterion/100_all":0.7336416461250999,"losses/rec_from_latent_pretrain":0.6768448513545348,"r2_var_criterion/10_all":0.27470978823575104,"Gradients_by_loss rec_from_latent_pretrain/: encoder13":0,"Gradients_by_loss recover_latent/: encoder2":0.001506944049574735,"r2_var_criterion/50_all":0.07984088225798174,"Gradients_by_loss recover_latent/: encoder15":0.00045142605501599664,"Gradients_by_loss recover_latent/: mapper4":0.0016586578450013601}