{"Gradients_by_loss recover_latent/: encoder15":0.00034347108389760396,"Gradients_by_loss recover_latent/: mapper6":0.0009305679025829107,"pear_var_criterion/avg_all":NaN,"r2_delta_criterion/100_all":0.9201499990054539,"Gradients_by_loss rec_from_latent_pretrain/: encoder14":0,"Gradients_by_loss recover_latent/: mapper1":0.0002787058283733997,"Gradients_by_loss rec_from_latent_pretrain/: encoder3":0,"Gradients_by_loss recover_latent/: px_r":0,"r2_delta_criterion/50_all":0.8897420253072467,"Gradients_by_loss rec_from_latent_pretrain/: decoder":0.30743470946432916,"Gradients_by_loss rec_from_latent_pretrain/: mapper7":0,"Gradients_by_loss rec_from_latent_pretrain/: condition_embedder":0,"Gradients_by_loss rec_from_latent_pretrain/: mapper1":0,"Gradients_by_loss recover_latent/: encoder7":0.0006467598017797617,"r2_mean_OOD/100_all":0.9219763875007629,"Gradients_by_loss recover_latent/: condition_embedder":3.446366099524312e-05,"MIG_BINNED/dis_latent_stack_condition_train":0.6842569317802563,"Gradients_by_loss recover_latent/: encoder5":0.0004038629664518337,"Gradients_by_loss recover_latent/: mapper10":0.0008342522425390416,"Gradients_by_loss rec_from_latent_pretrain/: encoder6":0,"Gradients_by_loss rec_from_latent_pretrain/: encoder2":0,"Gradients_by_loss recover_latent/: mapper11":0.0008317310229947325,"Gradients_by_loss recover_latent/: mapper3":0.0005643604783339901,"r2_mean_OOD/20_all":0.8954036831855774,"important_notes":{"path":"media/html/important_notes_0_4e8b49ad889a43c9d9d2.html","_type":"html-file","sha256":"4e8b49ad889a43c9d9d2a96462c1819498ded6d928176d4d235a4dd8af04036c","size":7798},"r2_mean_criterion/10_all":0.8680736422538757,"_timestamp":1.7683660914664896e+09,"Gradients_by_loss rec_from_latent_pretrain/: mapper2":0,"Gradients_by_loss rec_from_latent_pretrain/: px_r":0.0001465094683226198,"Gradients_by_loss recover_latent/: mapper14":0.0008855583906780384,"Gradients_by_loss recover_latent/: encoder13":0.00018932337798901292,"Gradients_by_loss recover_latent/: mapper7":0.0008713655518219611,"Gradients_by_loss rec_from_latent_pretrain/: encoder1":0,"Gradients_by_loss rec_from_latent_pretrain/: encoder8":0,"Gradients_by_loss recover_latent/: mapper_cell_type_mapper":1.1464886972952554e-05,"wasserstein_criterion/10_all":0.22987000822321635,"Gradients_by_loss recover_latent/: encoder12":0.0012098622906266956,"Rec/Pearson_sample_train":0.9579688310623169,"Gradients_by_loss recover_latent/: mapper0":0.000267608942255989,"Gradients_by_loss rec_from_latent_pretrain/: mapper13":0,"Gradients_by_loss rec_from_latent_pretrain/: mapper15":0,"r2_delta_OOD/20_all":0.5757603645324707,"wasserstein_OOD/10_all":0.27481183746085147,"Gradients_by_loss rec_from_latent_pretrain/: mapper14":0,"Gradients_by_loss rec_from_latent_pretrain/: encoder15":0,"Gradients_by_loss rec_from_latent_pretrain/: encoder13":0,"Gradients_by_loss rec_from_latent_pretrain/: mapper10":0,"Gradients_by_loss recover_latent/: mapper_condition_mapper":8.994495133448302e-06,"Gradients_by_loss rec_from_latent_pretrain/: cell_type_embedder":0,"Gradients_by_loss rec_from_latent_pretrain/: encoder10":0,"r2_delta_criterion/20_all":0.8030194469860622,"Gradients_by_loss rec_from_latent_pretrain/: encoder12":0,"r2_mean_criterion/20_all":0.8775159461157662,"Gradients_by_loss recover_latent/: encoder9":0.000265419444587082,"Gradients_by_loss rec_from_latent_pretrain/: encoder_pretrain":0.24279294741982754,"Gradients_by_loss recover_latent/: cell_type_embedder":3.2380365155404434e-05,"Gradients_by_loss recover_latent/: mapper2":0.0006297408901582548,"Gradients_by_loss recover_latent/: encoder2":0.0021787745802482423,"_wandb":{"runtime":2123},"Gradients_by_loss rec_from_latent_pretrain/: mapper0":0,"Gradients_by_loss rec_from_latent_pretrain/: mapper5":0,"Gradients_by_loss recover_latent/: mapper12":0.0009327726237401604,"Gradients_by_loss recover_latent/: mapper4":0.000548455898434492,"Gradients_by_loss rec_from_latent_pretrain/: encoder11":0,"r2_delta_OOD/100_all":0.7480074167251587,"Gradients_by_loss rec_from_latent_pretrain/: encoder0":0,"Gradients_by_loss rec_from_latent_pretrain/: mapper_condition_mapper":0,"Rec/R2_mean_train":0.9976725578308105,"Gradients_by_loss recover_latent/: encoder1":0.00035905423381524465,"Rec/R2_var_train":0.9753226637840271,"_step":521,"Gradients_by_loss rec_from_latent_pretrain/: encoder9":0,"Gradients_by_loss recover_latent/: encoder8":0.0001521086843561448,"Gradients_by_loss recover_latent/: mapper13":0.0009101868189435548,"Gradients_by_loss recover_latent/: mapper15":0.0008571756163235387,"Gradients_by_loss rec_from_latent_pretrain/: encoder5":0,"Gradients_by_loss recover_latent/: encoder11":0.0009267532500881468,"losses/rec_from_latent_pretrain":2.352250958963107,"Gradients_by_loss recover_latent/: encoder14":0.0003087651387610177,"Gradients_by_loss rec_from_latent_pretrain/: mapper9":0,"Gradients_by_loss recover_latent/: encoder10":0.0014001392027017286,"Gradients_by_loss recover_latent/: mapper5":0.0005021394563601687,"Gradients_by_loss recover_latent/: mapper9":0.0007658106721226734,"_runtime":2123.306008822,"r2_mean_criterion/50_all":0.932917663029262,"Gradients_by_loss rec_from_latent_pretrain/: mapper11":0,"wasserstein_criterion/100_all":0.2202398915306379,"Gradients_by_loss recover_latent/: encoder6":0.0030677649113790995,"r2_mean_OOD/50_all":0.9122202396392822,"Rec/Pearson_gene_train":0.7199777960777283,"Gradients_by_loss rec_from_latent_pretrain/: mapper6":0,"Gradients_by_loss rec_from_latent_pretrain/: mapper4":0,"Gradients_by_loss rec_from_latent_pretrain/: encoder7":0,"Gradients_by_loss recover_latent/: encoder3":0.0005332097985896062,"r2_delta_OOD/50_all":0.7390576601028442,"Gradients_by_loss rec_from_latent_pretrain/: mapper8":0,"Gradients_by_loss rec_from_latent_pretrain/: mapper3":0,"r2_mean_OOD/10_all":0.9309148192405701,"wasserstein_OOD/100_all":0.2866918025394962,"r2_mean_criterion/100_all":0.9547843251909528,"losses/recover_latent":5.496117399317921e-05,"Gradients_by_loss recover_latent/: encoder_pretrain":0.00017751240746734622,"r2_delta_OOD/10_all":0.6528210043907166,"Gradients_by_loss rec_from_latent_pretrain/: encoder4":0,"r2_delta_criterion/10_all":0.7858879310744149,"Gradients_by_loss recover_latent/: decoder":0,"Gradients_by_loss recover_latent/: mapper8":0.0007956060127077262,"Gradients_by_loss recover_latent/: encoder4":0.0005267863711486306,"Gradients_by_loss rec_from_latent_pretrain/: mapper12":0,"Gradients_by_loss rec_from_latent_pretrain/: mapper_cell_type_mapper":0,"Gradients_by_loss recover_latent/: encoder0":0.0018563969452872818}