{"r2_var/200":0,"pear_var/200":0.4296401362258958,"r2_delta/200":0.9983947277069092,"r2_delta/20000":0.998206615447998,"wass_dist/100":0.3627494612042994,"r2_var/20":0,"r2_var/100":0,"wass_dist/10":0.43001148614284956,"_wandb":{"runtime":0},"r2_var/10":0,"pear_var/20":0.00932657506458661,"_step":0,"r2_mean/50":0.8887379169464111,"r2_mean/100":0.9153887033462524,"pear_var/20000":0.45473550469403445,"r2_mean/20":0.9311830997467041,"r2_var/20000":0,"pear_var/100":0.4298230393010563,"r2_mean/200":0.9144991040229797,"r2_mean/20000":0.9234301447868347,"r2_delta/20":0.9992358088493347,"wass_dist/20":0.4134204123461328,"pear_var/50":0.27253340282025806,"_timestamp":1.7438255619062643e+09,"pear_var/10":0.2623527149473859,"r2_delta/100":0.9989970922470093,"r2_delta/50":0.9981687068939209,"_runtime":0.577412966,"r2_var/50":0,"r2_mean/10":0.7136454582214355,"r2_delta/10":0.5035325288772583}