{"Gradients_by_loss rec_from_latent_pretrain/: mapper13":0,"r2_mean_criterion/10_all":0.2553437731482766,"r2_var_criterion/100_all":0.13306701725179498,"Gradients_by_loss recover_latent/: mapper9":0.01804628708654747,"r2_var_OOD/100_all":0,"Gradients_by_loss recover_latent/: encoder6":0.009368560039234052,"Gradients_by_loss rec_from_latent_pretrain/: encoder2":0,"Gradients_by_loss recover_latent/: px_r":0,"wasserstein_OOD/10_all":0.887502693362807,"Gradients_by_loss rec_from_latent_pretrain/: encoder11":0,"Rec/R2_mean_train":0.9809865951538086,"Gradients_by_loss rec_from_latent_pretrain/: encoder13":0,"Gradients_by_loss rec_from_latent_pretrain/: mapper_donor_mapper":0,"Gradients_by_loss recover_latent/: encoder7":0.011124119858558424,"Gradients_by_loss rec_from_latent_pretrain/: tissue_embedder":0,"r2_mean_OOD/100_all":0.5196912884712219,"Gradients_by_loss recover_latent/: mapper14":0.019368399172364905,"Rec/Pearson_gene_train":0.8776275515556335,"r2_delta_OOD/20_all":0.34198665618896484,"r2_delta_OOD/50_all":0.08212745189666748,"Gradients_by_loss recover_latent/: mapper5":0.014089487850019037,"Gradients_by_loss recover_latent/: encoder4":0.013650375537193,"Gradients_by_loss recover_latent/: encoder5":0.007960035893169582,"Gradients_by_loss recover_latent/: encoder13":0.005175878616516238,"Gradients_by_loss recover_latent/: decoder":0,"Gradients_by_loss rec_from_latent_pretrain/: mapper5":0,"Gradients_by_loss recover_latent/: encoder0":0.014085439343054193,"Gradients_by_loss rec_from_latent_pretrain/: encoder_pretrain":0.6433358999635913,"MIG_BINNED/dis_latent_stack_tissue_train":0.6367481568088965,"r2_delta_criterion/50_all":0.3576479120688005,"Gradients_by_loss recover_latent/: encoder_pretrain":0.006386047139657994,"important_notes":{"path":"media/html/important_notes_0_73173cc8c94b5518d24e.html","_type":"html-file","sha256":"73173cc8c94b5518d24ef6c1f2141e7017e2b222ab75b961937ec5f8d08bb022","size":7816},"Gradients_by_loss recover_latent/: mapper10":0.017910861204649776,"Gradients_by_loss recover_latent/: mapper7":0.016049959756098357,"Gradients_by_loss recover_latent/: tissue_embedder":0.0006514008855447173,"r2_delta_criterion/20_all":0.34251669320193207,"r2_mean_criterion/50_all":0.511421030217951,"wasserstein_criterion/10_all":0.7760417788619379,"Gradients_by_loss recover_latent/: donor_embedder":0.0001388073287671432,"Gradients_by_loss rec_from_latent_pretrain/: encoder1":0,"Gradients_by_loss recover_latent/: mapper_tissue_mapper":0.00047982827074097376,"Gradients_by_loss rec_from_latent_pretrain/: mapper7":0,"Gradients_by_loss recover_latent/: mapper13":0.0185312137912873,"Gradients_by_loss rec_from_latent_pretrain/: encoder15":0,"Gradients_by_loss rec_from_latent_pretrain/: mapper0":0,"r2_mean_OOD/10_all":0,"Gradients_by_loss rec_from_latent_pretrain/: mapper11":0,"Gradients_by_loss recover_latent/: encoder10":0.004776078603669007,"Gradients_by_loss recover_latent/: encoder3":0.0074446946856090495,"r2_var_criterion/10_all":0.15471733158284967,"Gradients_by_loss rec_from_latent_pretrain/: px_r":0.0005977717228233814,"Gradients_by_loss rec_from_latent_pretrain/: encoder14":0,"Gradients_by_loss recover_latent/: mapper2":0.010719727615094304,"Gradients_by_loss recover_latent/: encoder11":0.003581743808869447,"Gradients_by_loss recover_latent/: mapper4":0.01363819856579824,"Gradients_by_loss rec_from_latent_pretrain/: mapper14":0,"Gradients_by_loss rec_from_latent_pretrain/: encoder6":0,"Gradients_by_loss rec_from_latent_pretrain/: encoder9":0,"_runtime":160.502477116,"r2_var_OOD/10_all":0.060887694358825684,"r2_var_OOD/50_all":0,"Gradients_by_loss recover_latent/: mapper6":0.016003814033201086,"Gradients_by_loss recover_latent/: mapper1":0.00798736759619319,"Gradients_by_loss rec_from_latent_pretrain/: encoder4":0,"_step":521,"r2_var_OOD/20_all":0,"r2_var_criterion/20_all":0.14681063998829236,"pear_var_criterion/avg_all":NaN,"Gradients_by_loss recover_latent/: encoder8":0.00457132775711654,"Gradients_by_loss rec_from_latent_pretrain/: mapper8":0,"Gradients_by_loss recover_latent/: encoder1":0.004488607237180645,"r2_mean_criterion/20_all":0.26708684726194903,"Gradients_by_loss recover_latent/: encoder9":0.017672890997763837,"r2_delta_criterion/100_all":0.2963082031770186,"Gradients_by_loss rec_from_latent_pretrain/: mapper2":0,"Gradients_by_loss recover_latent/: mapper11":0.01912623935219746,"Gradients_by_loss rec_from_latent_pretrain/: mapper6":0,"Gradients_by_loss rec_from_latent_pretrain/: mapper15":0,"Gradients_by_loss recover_latent/: mapper0":0.007125208789799482,"Gradients_by_loss recover_latent/: encoder12":0.003102375930780183,"losses/rec_from_latent_pretrain":0.7946147355768416,"Gradients_by_loss recover_latent/: mapper15":0.019083271872969976,"_timestamp":1.7677543553092957e+09,"Gradients_by_loss rec_from_latent_pretrain/: mapper1":0,"r2_mean_criterion/100_all":0.5769982988184149,"Gradients_by_loss rec_from_latent_pretrain/: encoder0":0,"Gradients_by_loss rec_from_latent_pretrain/: encoder5":0,"r2_var_criterion/50_all":0.1227986216545105,"Gradients_by_loss recover_latent/: encoder2":0.0116224313509299,"_wandb":{"runtime":160},"Gradients_by_loss rec_from_latent_pretrain/: mapper12":0,"losses/recover_latent":0.0017899239578077362,"r2_mean_OOD/20_all":0,"Gradients_by_loss rec_from_latent_pretrain/: encoder7":0,"r2_delta_OOD/100_all":0.09526944160461426,"Gradients_by_loss rec_from_latent_pretrain/: encoder10":0,"Gradients_by_loss rec_from_latent_pretrain/: encoder3":0,"r2_delta_OOD/10_all":0.550958514213562,"Gradients_by_loss rec_from_latent_pretrain/: mapper3":0,"Gradients_by_loss recover_latent/: mapper3":0.011826153967965271,"Gradients_by_loss recover_latent/: encoder14":0.0026678044022521905,"Gradients_by_loss recover_latent/: encoder15":0.003561875041503712,"Rec/R2_var_train":0.8446034789085388,"Rec/Pearson_sample_train":0.9083072543144226,"Gradients_by_loss rec_from_latent_pretrain/: mapper10":0,"Gradients_by_loss recover_latent/: mapper12":0.018763782793826338,"r2_mean_OOD/50_all":0.2101019024848938,"Gradients_by_loss rec_from_latent_pretrain/: mapper9":0,"Gradients_by_loss rec_from_latent_pretrain/: mapper_tissue_mapper":0,"Gradients_by_loss rec_from_latent_pretrain/: encoder12":0,"r2_delta_criterion/10_all":0.3523535024036061,"Gradients_by_loss rec_from_latent_pretrain/: decoder":0.6020813365617635,"Gradients_by_loss recover_latent/: mapper8":0.016145623641079302,"Gradients_by_loss recover_latent/: mapper_donor_mapper":0.0006924761693007905,"Gradients_by_loss rec_from_latent_pretrain/: donor_embedder":0,"Gradients_by_loss rec_from_latent_pretrain/: encoder8":0,"Gradients_by_loss rec_from_latent_pretrain/: mapper4":0}