{"r2_mean/20000": 0.8422484397888184, "r2_var/20000": 0, "pear_var/20000": 0.4998524961272812, "r2_delta/20000": 0.5331965684890747, "r2_mean/200": 0.6464202404022217, "r2_var/200": 0, "pear_var/200": 0.20809345131407717, "r2_delta/200": 0.6301341652870178, "r2_mean/100": 0.5485939979553223, "r2_var/100": 0, "pear_var/100": 0.245484563972227, "r2_delta/100": 0.6062595844268799, "wass_dist/100": 0.4853572227056807, "r2_mean/50": 0.16479837894439697, "r2_var/50": 0, "pear_var/50": 0.17947624712865765, "r2_delta/50": 0.2246004343032837, "r2_mean/20": 0, "r2_var/20": 0, "pear_var/20": 0.04258919956656633, "r2_delta/20": 0, "wass_dist/20": 0.8727312524197164, "r2_mean/10": 0, "r2_var/10": 0, "pear_var/10": 0.5130652295615031, "r2_delta/10": 0, "wass_dist/10": 0.7773523332569896, "_timestamp": 1743904192.2231069, "_runtime": 1.853860855102539, "_step": 0, "_wandb": {"runtime": 1}}