{"r2_mean/20000": 0.9206938147544861, "r2_var/20000": 0, "pear_var/20000": 0.5740384129491862, "r2_delta/20000": 0.1429181694984436, "r2_mean/200": 0.8254369497299194, "r2_var/200": 0, "pear_var/200": 0.45338147800666256, "r2_delta/200": 0.5591626167297363, "r2_mean/100": 0.7932341694831848, "r2_var/100": 0, "pear_var/100": 0.6347314125053833, "r2_delta/100": 0.44371676445007324, "wass_dist/100": 0.4218063297054052, "r2_mean/50": 0.752387285232544, "r2_var/50": 0, "pear_var/50": 0.5137644359799138, "r2_delta/50": 0.2789890766143799, "r2_mean/20": 0.21674108505249023, "r2_var/20": 0, "pear_var/20": 0.7727115013513832, "r2_delta/20": 0, "wass_dist/20": 0.5904308019268912, "r2_mean/10": 0.37367308139801025, "r2_var/10": 0, "pear_var/10": 0.6213973721669703, "r2_delta/10": 0.0734294056892395, "wass_dist/10": 0.6111932776836796, "_timestamp": 1743878759.4087942, "_runtime": 1.578526258468628, "_step": 0, "_wandb": {"runtime": 1}}