{"CNN1+MAPK1/Wass_combo_specific_10_all":0.4435047019687139,"CNN1+UBASH3A/Pearson Delta_combo_specific_10_all":0.8923905645202603,"Gradients_by_loss rec_from_latent_pretrain/: mapper10":0,"ETS2+CNN1/R2_combo_specific_100_all":0.9829275012016296,"Gradients_by_loss recover_latent/: mapper8":0.0014086684992067483,"CBL+PTPN12/Wass_combo_specific_10_all":0.3773364004296145,"UBASH3B+CNN1/Pearson Delta_combo_specific_50_all":0.939814200027274,"CBL+TGFBR2/R2_20_all":0.9784407615661621,"CEBPE+CNN1/R2_combo_specific_10_all":0.7406940460205078,"ETS2+CNN1/Pearson Delta_combo_specific_20_all":0.6812006602401869,"CBL+UBASH3B/R2_20_all":0.910140335559845,"Gradients_by_loss recover_latent/: encoder10":0.0004059686763524851,"CBL+PTPN9/Pearson Delta_combo_specific_20_all":0.9386190781023906,"Gradients_by_loss recover_latent/: encoder13":0.0009801464716321315,"Gradients_by_loss recover_latent/: condition_embedder":9.243865497410297e-05,"Gradients_by_loss rec_from_latent_pretrain/: mapper9":0,"CEBPE+CNN1/Pearson Delta_combo_specific_20_all":0.49382137017862865,"ETS2+CNN1/R2_combo_specific_20_all":0.961081326007843,"CBL+UBASH3A/Pearson Delta_combo_specific_100_all":0.8250363082255966,"Gradients_by_loss rec_from_latent_pretrain/: mapper14":0,"UBASH3B+CNN1/Wass_combo_specific_10_all":0.5822762949657809,"Gradients_by_loss recover_latent/: mapper7":0.0008790783166282968,"UBASH3B+CNN1/Pearson Delta_combo_specific_100_all":0.9308351482699938,"Gradients_by_loss rec_from_latent_pretrain/: mapper5":0,"UBASH3B+CNN1/R2_50_all":0.8837981224060059,"Gradients_by_loss rec_from_latent_pretrain/: encoder_pretrain":0.36003618894314293,"CBL+UBASH3A/Pearson Delta_combo_specific_10_all":0.9295897634908885,"CBL+PTPN9/R2_combo_specific_50_all":0.9823799133300781,"CBL+TGFBR2/Pearson Delta_combo_specific_100_all":0.9299092039587253,"CBL+PTPN12/Pearson Delta_combo_specific_20_all":0.9751576283482458,"CBL+UBASH3B/Pearson Delta_50_all":0.9637373259391493,"CNN1+UBASH3A/Pearson Delta_10_all":0.884788278165313,"CBL+PTPN12/R2_combo_specific_50_all":0.9740949273109436,"CBL+PTPN12/R2_100_all":0.9796241521835327,"CNN1+UBASH3A/R2_100_all":0.8823265433311462,"Gradients_by_loss recover_latent/: encoder15":0.0016470817707758907,"CBL+TGFBR2/R2_100_all":0.9884841442108154,"CBL+TGFBR2/R2_combo_specific_20_all":0.9656686782836914,"UBASH3B+CNN1/Pearson Delta_combo_specific_20_all":0.9295313299720351,"CNN1+MAPK1/Pearson Delta_20_all":0.3119280867761397,"_wandb":{"runtime":42406},"CNN1+MAPK1/R2_combo_specific_10_all":0.8644869327545166,"Gradients_by_loss recover_latent/: encoder11":0.0003019869573674286,"CEBPE+CNN1/R2_100_all":0.9614378809928894,"CNN1+MAPK1/R2_100_all":0.9513587355613708,"Gradients_by_loss recover_latent/: encoder12":0.0018550174389261656,"CNN1+MAPK1/Pearson Delta_100_all":0.565193994189308,"Gradients_by_loss recover_latent/: mapper5":0.0008846659974869782,"CBL+UBASH3A/Pearson Delta_20_all":0.9374331203002758,"ETS2+CNN1/Wass_10_all":0.4047608543764099,"Gradients_by_loss rec_from_latent_pretrain/: encoder2":0,"Gradients_by_loss recover_latent/: mapper9":0.0013856305398397177,"UBASH3B+CNN1/Pearson Delta_50_all":0.9437812288232528,"Gradients_by_loss recover_latent/: encoder14":0.0010098620429659637,"ETS2+CNN1/Pearson Delta_combo_specific_50_all":0.6823159404144999,"CBL+UBASH3A/R2_20_all":0.9357576370239258,"CBL+CNN1/Pearson Delta_10_all":0.9118281892190634,"CBL+PTPN9/Pearson Delta_combo_specific_50_all":0.9258811870602774,"Gradients_by_loss recover_latent/: encoder8":0.0042759627914240265,"Gradients_by_loss recover_latent/: mapper10":0.0013204846618006239,"CBL+CNN1/Wass_10_all":0.5847637824565209,"UBASH3B+CNN1/R2_20_all":0.8825488090515137,"CBL+PTPN12/R2_20_all":0.9789369106292725,"CBL+UBASH3A/Pearson Delta_combo_specific_50_all":0.8943936131222606,"CBL+PTPN9/Pearson Delta_10_all":0.960037498930673,"CBL+PTPN9/R2_10_all":0.9836469888687134,"CBL+PTPN9/Wass_combo_specific_10_all":0.2664871039610418,"CBL+UBASH3B/R2_combo_specific_10_all":0.8600805997848511,"CBL+CNN1/R2_combo_specific_100_all":0.920617401599884,"CEBPE+CNN1/Pearson Delta_10_all":0.8187803187233793,"UBASH3B+CNN1/R2_combo_specific_20_all":0.8328366279602051,"Gradients_by_loss recover_latent/: mapper14":0.0013386404467203802,"CBL+PTPN12/Pearson Delta_100_all":0.9638739496053249,"CBL+UBASH3B/R2_combo_specific_50_all":0.8896287679672241,"CNN1+UBASH3A/R2_50_all":0.8480983972549438,"CEBPE+CNN1/Wass_10_all":0.43845454309547965,"CEBPE+CNN1/Pearson Delta_combo_specific_100_all":0.5625377281744757,"ETS2+CNN1/R2_combo_specific_10_all":0.9198393225669861,"Rec/Pearson_sample_train":0.989287257194519,"Gradients_by_loss recover_latent/: mapper13":0.0013257604648854178,"CBL+TGFBR2/Pearson Delta_combo_specific_50_all":0.937622657991669,"CNN1+UBASH3A/Pearson Delta_50_all":0.9108781244168194,"CBL+TGFBR2/Wass_combo_specific_10_all":0.35324105239247067,"Gradients_by_loss rec_from_latent_pretrain/: condition_embedder":0,"Gradients_by_loss rec_from_latent_pretrain/: mapper1":0,"Gradients_by_loss recover_latent/: encoder2":0.0018163099273189529,"CBL+TGFBR2/Pearson Delta_10_all":0.90566019715406,"Gradients_by_loss recover_latent/: encoder0":0.0024785599634214403,"Gradients_by_loss rec_from_latent_pretrain/: encoder6":0,"Gradients_by_loss rec_from_latent_pretrain/: encoder8":0,"CBL+UBASH3B/Pearson Delta_10_all":0.9561400239234794,"CBL+CNN1/R2_100_all":0.9243510365486145,"Gradients_by_loss rec_from_latent_pretrain/: encoder0":0,"Gradients_by_loss recover_latent/: decoder":0,"CBL+TGFBR2/R2_combo_specific_50_all":0.9848796129226685,"CBL+CNN1/Pearson Delta_combo_specific_50_all":0.914898556922444,"Gradients_by_loss recover_latent/: encoder1":0.0006544300268689051,"CBL+PTPN9/Pearson Delta_50_all":0.9360849965564374,"CBL+PTPN12/R2_combo_specific_20_all":0.9452921152114868,"CBL+PTPN12/R2_combo_specific_100_all":0.97457355260849,"CBL+UBASH3A/R2_10_all":0.9495891332626343,"ETS2+CNN1/Pearson Delta_20_all":0.765229204482083,"CNN1+MAPK1/R2_20_all":0.7796289920806885,"CNN1+UBASH3A/Pearson Delta_combo_specific_20_all":0.8829762198547327,"Gradients_by_loss recover_latent/: mapper11":0.0012108108333079006,"Gradients_by_loss rec_from_latent_pretrain/: mapper7":0,"UBASH3B+CNN1/R2_combo_specific_50_all":0.8971917033195496,"Gradients_by_loss recover_latent/: encoder9":0.0013019373995273018,"CBL+CNN1/Pearson Delta_20_all":0.9234567474927631,"Gradients_by_loss rec_from_latent_pretrain/: mapper13":0,"Gradients_by_loss rec_from_latent_pretrain/: encoder12":0,"CBL+PTPN12/Pearson Delta_10_all":0.9824677376872933,"CBL+UBASH3B/Pearson Delta_combo_specific_20_all":0.9664524405584862,"Gradients_by_loss recover_latent/: mapper12":0.0013637522513321868,"Rec/R2_mean_train":0.9996564388275146,"CBL+TGFBR2/Wass_10_all":0.41885271131349827,"ETS2+CNN1/Wass_combo_specific_10_all":0.3995299522744716,"Gradients_by_loss rec_from_latent_pretrain/: encoder9":0,"Gradients_by_loss rec_from_latent_pretrain/: mapper4":0,"UBASH3B+CNN1/R2_combo_specific_10_all":0.7089418768882751,"CNN1+UBASH3A/Pearson Delta_combo_specific_100_all":0.8842779418282254,"CNN1+UBASH3A/R2_combo_specific_100_all":0.8708066344261169,"Gradients_by_loss rec_from_latent_pretrain/: encoder15":0,"r2_mean_criterion/avg_all":0.9090779572725296,"MIG_BINNED/dis_latent_stack_condition_train":0.6495703638688507,"Gradients_by_loss rec_from_latent_pretrain/: mapper12":0,"CNN1+MAPK1/R2_combo_specific_100_all":0.9609572887420654,"Gradients_by_loss recover_latent/: mapper2":0.0007472544589580876,"CNN1+MAPK1/Wass_10_all":0.4408597910191633,"CNN1+MAPK1/Pearson Delta_50_all":0.5224939874702828,"CNN1+MAPK1/Pearson Delta_combo_specific_20_all":0.25611902582852936,"CBL+UBASH3A/R2_combo_specific_100_all":0.9494951367378235,"_runtime":42406.114980519,"CBL+UBASH3A/Wass_10_all":0.46581957302075494,"CBL+PTPN9/R2_50_all":0.9836218357086182,"r2_mean_criterion/100_all":0.948376243764704,"Gradients_by_loss recover_latent/: encoder3":0.0018591330455751851,"Gradients_by_loss recover_latent/: encoder5":0.0015281359985594362,