{"r2_mean/20000": 0.9801284670829773, "r2_var/20000": 0, "pear_var/20000": 0.5787589167478031, "r2_delta/20000": 0.6931658387184143, "r2_mean/200": 0.9691852331161499, "r2_var/200": 0, "pear_var/200": 0.6667380519176064, "r2_delta/200": 0.8739694356918335, "r2_mean/100": 0.9596332311630249, "r2_var/100": 0, "pear_var/100": 0.779125134803074, "r2_delta/100": 0.8715689182281494, "wass_dist/100": 0.38663662280755234, "r2_mean/50": 0.9526025056838989, "r2_var/50": 0, "pear_var/50": 0.46949940172112864, "r2_delta/50": 0.850050687789917, "r2_mean/20": 0.9539550542831421, "r2_var/20": 0, "pear_var/20": 0.09949756554523179, "r2_delta/20": 0.8209357857704163, "wass_dist/20": 0.4525553425846381, "r2_mean/10": 0.863174319267273, "r2_var/10": 0, "pear_var/10": -0.2851362585596401, "r2_delta/10": 0.8087960481643677, "wass_dist/10": 0.44003618214649476, "_timestamp": 1744123301.117998, "_runtime": 1.411085844039917, "_step": 0, "_wandb": {"runtime": 1}}