{"r2_delta_OOD/20_all":0.70380699634552,"Gradients_by_loss rec_from_latent_pretrain/: decoder":0.44904514188652744,"pear_var_criterion/avg_all":0.8240742734036366,"Gradients_by_loss rec_from_latent_pretrain/: encoder3":0,"Gradients_by_loss rec_from_latent_pretrain/: mapper8":0,"Gradients_by_loss recover_latent/: encoder4":0.005044933363921382,"r2_var_criterion/50_all":0,"pear_var_OOD/100_all":0.7518618564893224,"Gradients_by_loss recover_latent/: mapper0":0.0003362313983325246,"Rec/R2_mean_train":0.9998449683189392,"Gradients_by_loss recover_latent/: mapper15":0.004676819992378727,"r2_mean_OOD/50_all":0.9760008454322815,"Gradients_by_loss rec_from_latent_pretrain/: encoder9":0,"Gradients_by_loss recover_latent/: mapper5":0.002531716050047433,"r2_mean_criterion/20_all":0.9886432886123657,"pear_var_criterion/10_all":0.8720980247642506,"Gradients_by_loss rec_from_latent_pretrain/: mapper6":0,"Gradients_by_loss recover_latent/: mapper10":0.003500424310368369,"wasserstein_OOD/100_all":0.2531849279374564,"Gradients_by_loss recover_latent/: px_r":0,"r2_var_criterion/100_all":0,"Gradients_by_loss recover_latent/: mapper2":0.0030048734099901663,"Gradients_by_loss recover_latent/: mapper7":0.0028319380945045105,"Gradients_by_loss rec_from_latent_pretrain/: mapper2":0,"Gradients_by_loss rec_from_latent_pretrain/: mapper15":0,"Gradients_by_loss recover_latent/: mapper8":0.0026924182974571225,"Gradients_by_loss recover_latent/: encoder5":0.0031139145540511138,"r2_mean_criterion/100_all":0.9836444854736328,"Gradients_by_loss rec_from_latent_pretrain/: encoder14":0,"Gradients_by_loss recover_latent/: mapper6":0.002881430579872256,"Gradients_by_loss rec_from_latent_pretrain/: mapper14":0,"r2_delta_criterion/20_all":0.9045549631118774,"r2_var_OOD/100_all":0,"r2_delta_OOD/10_all":0.7389744520187378,"losses/recover_latent":6.0949771382027015e-05,"Rec/Pearson_gene_train":0.5503739714622498,"wasserstein_criterion/10_all":0.18554435211551246,"pear_var_OOD/10_all":0.8351629816136169,"r2_var_criterion/20_all":0,"Gradients_by_loss rec_from_latent_pretrain/: encoder10":0,"r2_delta_OOD/50_all":0.5933851599693298,"pear_var_criterion/50_all":0.7556180734657135,"Gradients_by_loss recover_latent/: encoder13":0.009943416696606245,"Gradients_by_loss recover_latent/: zone_embedder":0.0003182044893037528,"Gradients_by_loss recover_latent/: encoder9":0.0018849549809228296,"Gradients_by_loss recover_latent/: mapper11":0.003955512880944545,"Gradients_by_loss rec_from_latent_pretrain/: mapper_infected_mapper":0,"Gradients_by_loss rec_from_latent_pretrain/: mapper5":0,"Gradients_by_loss recover_latent/: mapper13":0.004677596301104152,"_runtime":1931.804715128,"wasserstein_OOD/10_all":0.2472909412749052,"pear_var_OOD/50_all":0.7628028513565126,"Gradients_by_loss rec_from_latent_pretrain/: encoder1":0,"important_notes":{"size":7861,"path":"media/html/important_notes_0_b776526a6987fc56fa1b.html","_type":"html-file","sha256":"b776526a6987fc56fa1bd5c56041ce76b02359fa588516f074c1b2838ad44d25"},"Gradients_by_loss rec_from_latent_pretrain/: mapper9":0,"Gradients_by_loss rec_from_latent_pretrain/: encoder15":0,"Gradients_by_loss recover_latent/: encoder10":0.0061350978528264604,"Gradients_by_loss recover_latent/: encoder3":0.0020772213205784477,"wasserstein_criterion/100_all":0.20576042596382485,"Gradients_by_loss rec_from_latent_pretrain/: encoder13":0,"r2_var_OOD/20_all":0,"Gradients_by_loss rec_from_latent_pretrain/: encoder4":0,"Gradients_by_loss rec_from_latent_pretrain/: encoder12":0,"Gradients_by_loss recover_latent/: encoder2":0.003044337453670537,"r2_mean_OOD/10_all":0.9715924263000488,"Gradients_by_loss recover_latent/: mapper1":0.003824184374902156,"Gradients_by_loss recover_latent/: encoder15":0.010671106566478471,"Gradients_by_loss rec_from_latent_pretrain/: infected_embedder":0,"Gradients_by_loss recover_latent/: mapper_zone_mapper":7.958772387982267e-05,"Gradients_by_loss rec_from_latent_pretrain/: mapper7":0,"pear_var_criterion/100_all":0.8503177252863046,"Gradients_by_loss recover_latent/: encoder8":0.002406034395259961,"Gradients_by_loss rec_from_latent_pretrain/: mapper13":0,"Gradients_by_loss recover_latent/: encoder14":0.0010859625699121726,"Gradients_by_loss rec_from_latent_pretrain/: mapper1":0,"Gradients_by_loss rec_from_latent_pretrain/: encoder5":0,"Gradients_by_loss rec_from_latent_pretrain/: encoder0":0,"Gradients_by_loss recover_latent/: mapper14":0.003842328420270608,"Gradients_by_loss recover_latent/: encoder7":0.001242013274313594,"r2_mean_OOD/100_all":0.9701547622680664,"Gradients_by_loss recover_latent/: mapper4":0.002785691489109252,"Gradients_by_loss recover_latent/: encoder11":0.004948403331598139,"r2_delta_criterion/50_all":0.8073756098747253,"Gradients_by_loss rec_from_latent_pretrain/: mapper0":0,"Gradients_by_loss recover_latent/: encoder_pretrain":0.0032623421712330712,"MIG_BINNED/dis_latent_stack_infected_train":0.6705699136623305,"Gradients_by_loss rec_from_latent_pretrain/: encoder11":0,"r2_mean_criterion/50_all":0.9847385287284851,"Gradients_by_loss recover_latent/: encoder0":0.007164547853049192,"Gradients_by_loss rec_from_latent_pretrain/: encoder7":0,"r2_var_criterion/10_all":0,"Gradients_by_loss recover_latent/: infected_embedder":0.00017903705884236842,"Gradients_by_loss recover_latent/: mapper3":0.002457717148224439,"Gradients_by_loss rec_from_latent_pretrain/: mapper11":0,"Gradients_by_loss recover_latent/: mapper9":0.0027555762069955,"Gradients_by_loss rec_from_latent_pretrain/: encoder8":0,"r2_delta_OOD/100_all":0.48843681812286377,"r2_mean_criterion/10_all":0.9925899505615234,"Gradients_by_loss recover_latent/: decoder":0,"Gradients_by_loss rec_from_latent_pretrain/: mapper12":0,"Gradients_by_loss recover_latent/: mapper_infected_mapper":8.545326727868276e-05,"Gradients_by_loss rec_from_latent_pretrain/: encoder2":0,"Gradients_by_loss recover_latent/: encoder1":0.012396857210260065,"r2_var_OOD/50_all":0,"Gradients_by_loss rec_from_latent_pretrain/: zone_embedder":0,"losses/rec_from_latent_pretrain":6.445286590477516,"r2_mean_OOD/20_all":0.9783870577812195,"Gradients_by_loss rec_from_latent_pretrain/: mapper10":0,"Rec/R2_var_train":0.9982776641845703,"pear_var_criterion/20_all":0.8182632700982777,"r2_var_OOD/10_all":0,"_step":521,"Gradients_by_loss rec_from_latent_pretrain/: encoder6":0,"_timestamp":1.7683996617147207e+09,"Gradients_by_loss rec_from_latent_pretrain/: px_r":0.0003258280048612505,"Gradients_by_loss recover_latent/: encoder6":0.008009489812646561,"pear_var_OOD/20_all":0.7048015122921113,"r2_delta_criterion/100_all":0.6422449350357056,"Gradients_by_loss recover_latent/: mapper12":0.0036356002354427943,"Rec/Pearson_sample_train":0.9804793000221252,"r2_delta_criterion/10_all":0.878486156463623,"_wandb":{"runtime":1931},"Gradients_by_loss rec_from_latent_pretrain/: mapper_zone_mapper":0,"Gradients_by_loss rec_from_latent_pretrain/: encoder_pretrain":0.8940258703151392,"Gradients_by_loss rec_from_latent_pretrain/: mapper4":0,"Gradients_by_loss recover_latent/: encoder12":0.0031516614234654867,"Gradients_by_loss rec_from_latent_pretrain/: mapper3":0}