{"Gradients_by_loss rec_from_latent_pretrain/: donor_embedder":0,"Gradients_by_loss rec_from_latent_pretrain/: encoder0":0,"r2_delta_criterion/100_all":0.5111894390799783,"Gradients_by_loss rec_from_latent_pretrain/: encoder7":0,"Gradients_by_loss rec_from_latent_pretrain/: encoder12":0,"Gradients_by_loss rec_from_latent_pretrain/: mapper10":0,"Gradients_by_loss rec_from_latent_pretrain/: decoder":0.14975461482277166,"Gradients_by_loss rec_from_latent_pretrain/: mapper12":0,"r2_delta_OOD/20_all":0.6268007755279541,"r2_mean_OOD/100_all":0.5921458005905151,"Gradients_by_loss rec_from_latent_pretrain/: mapper3":0,"r2_var_criterion/20_all":0.3261257139119235,"Gradients_by_loss recover_latent/: mapper10":0.0010808564178651269,"Gradients_by_loss recover_latent/: encoder13":0.0004052249799622976,"Gradients_by_loss rec_from_latent_pretrain/: encoder1":0,"Rec/R2_mean_train":0.9984797835350037,"r2_mean_criterion/10_all":0.5166935324668884,"Gradients_by_loss recover_latent/: mapper2":0.0002784566732377328,"Gradients_by_loss rec_from_latent_pretrain/: mapper11":0,"Gradients_by_loss recover_latent/: encoder7":0.000338175552199682,"r2_mean_OOD/10_all":0.7473540306091309,"r2_var_criterion/100_all":0.24180637706409802,"Gradients_by_loss rec_from_latent_pretrain/: encoder11":0,"Gradients_by_loss recover_latent/: mapper0":7.517709280243964e-05,"Gradients_by_loss recover_latent/: encoder12":0.002151323590269256,"Gradients_by_loss recover_latent/: mapper13":0.0011970329916598473,"r2_var_OOD/10_all":0.7278621196746826,"r2_mean_criterion/50_all":0.7687379067594354,"Gradients_by_loss rec_from_latent_pretrain/: mapper_donor_mapper":0,"Gradients_by_loss rec_from_latent_pretrain/: mapper_tissue_mapper":0,"r2_delta_criterion/10_all":0.46784015135331586,"Gradients_by_loss recover_latent/: encoder5":0.0020131337273703786,"wasserstein_criterion/10_all":0.3350665040979405,"Gradients_by_loss recover_latent/: encoder8":0.0018781613303422526,"Gradients_by_loss rec_from_latent_pretrain/: mapper4":0,"_timestamp":1.7674378568831477e+09,"r2_var_criterion/50_all":0.2741351940415122,"Gradients_by_loss recover_latent/: encoder4":0.0014296591795481127,"Gradients_by_loss rec_from_latent_pretrain/: encoder10":0,"Gradients_by_loss recover_latent/: mapper_tissue_mapper":2.563742971051087e-05,"_step":521,"Gradients_by_loss recover_latent/: mapper9":0.0012326871766687782,"r2_mean_criterion/100_all":0.7665249326012351,"Gradients_by_loss recover_latent/: mapper4":0.0005275999747788004,"Gradients_by_loss rec_from_latent_pretrain/: encoder4":0,"Gradients_by_loss recover_latent/: encoder2":0.0006174382164112256,"Gradients_by_loss recover_latent/: mapper6":0.0011282458097439593,"Gradients_by_loss recover_latent/: mapper3":0.00031036126208572486,"Gradients_by_loss recover_latent/: mapper12":0.0013001907255148415,"r2_delta_criterion/20_all":0.475888420235027,"r2_delta_criterion/50_all":0.5263465534556996,"_runtime":3741.157886272,"wasserstein_OOD/10_all":0.3910819627170604,"Gradients_by_loss recover_latent/: mapper8":0.0012640700021185672,"pear_var_criterion/avg_all":NaN,"Gradients_by_loss rec_from_latent_pretrain/: mapper0":0,"Gradients_by_loss rec_from_latent_pretrain/: encoder9":0,"Gradients_by_loss rec_from_latent_pretrain/: encoder2":0,"Gradients_by_loss recover_latent/: mapper_donor_mapper":3.403144646201966e-05,"losses/rec_from_latent_pretrain":0.6222215304192941,"Gradients_by_loss recover_latent/: encoder1":0.0008778936360298726,"Gradients_by_loss recover_latent/: mapper14":0.0014005824461168102,"Gradients_by_loss rec_from_latent_pretrain/: encoder6":0,"Gradients_by_loss rec_from_latent_pretrain/: encoder_pretrain":0.09608141340271133,"Gradients_by_loss rec_from_latent_pretrain/: encoder13":0,"Gradients_by_loss rec_from_latent_pretrain/: mapper13":0,"Gradients_by_loss recover_latent/: encoder0":0.0007300013328606622,"Gradients_by_loss rec_from_latent_pretrain/: encoder15":0,"important_notes":{"size":7789,"path":"media/html/important_notes_0_9fca7567d556fda2a7bc.html","_type":"html-file","sha256":"9fca7567d556fda2a7bcec230f91e00ffef1e99810781c30358b6350425cc382"},"Gradients_by_loss recover_latent/: encoder9":0.00047130244724770957,"Gradients_by_loss recover_latent/: mapper11":0.0010786609309931558,"Rec/R2_var_train":0.9967171549797058,"Gradients_by_loss recover_latent/: encoder10":0.0006169700635045832,"r2_var_OOD/20_all":0.7034566402435303,"r2_delta_OOD/10_all":0.6859224438667297,"Gradients_by_loss rec_from_latent_pretrain/: encoder5":0,"Gradients_by_loss recover_latent/: encoder14":0.0014908308612212515,"Gradients_by_loss recover_latent/: encoder11":0.0004626622462454605,"Gradients_by_loss rec_from_latent_pretrain/: encoder3":0,"Gradients_by_loss recover_latent/: mapper15":0.0013070931552648325,"Gradients_by_loss recover_latent/: mapper1":0.00028899214375676497,"Gradients_by_loss recover_latent/: encoder3":0.000665635708419557,"Gradients_by_loss recover_latent/: mapper5":0.0009288507444540897,"r2_mean_OOD/50_all":0.5394637584686279,"r2_var_OOD/100_all":0.6526680588722229,"Gradients_by_loss recover_latent/: decoder":0,"Gradients_by_loss rec_from_latent_pretrain/: mapper1":0,"Gradients_by_loss rec_from_latent_pretrain/: encoder8":0,"Gradients_by_loss recover_latent/: tissue_embedder":9.944857083610259e-06,"Gradients_by_loss recover_latent/: encoder15":0.00023506455987770423,"Gradients_by_loss rec_from_latent_pretrain/: mapper7":0,"Gradients_by_loss rec_from_latent_pretrain/: px_r":4.346397690824233e-05,"Gradients_by_loss recover_latent/: encoder6":0.002806756614683143,"Gradients_by_loss rec_from_latent_pretrain/: mapper6":0,"Gradients_by_loss rec_from_latent_pretrain/: mapper15":0,"Rec/Pearson_sample_train":0.9490223526954651,"Gradients_by_loss recover_latent/: px_r":0,"losses/recover_latent":5.577285951546356e-05,"Gradients_by_loss rec_from_latent_pretrain/: mapper5":0,"Gradients_by_loss rec_from_latent_pretrain/: mapper9":0,"r2_var_OOD/50_all":0.6242481470108032,"Gradients_by_loss rec_from_latent_pretrain/: mapper14":0,"Rec/Pearson_gene_train":0.6906311511993408,"_wandb":{"runtime":3741},"r2_delta_OOD/50_all":0.5025665760040283,"Gradients_by_loss recover_latent/: encoder_pretrain":0.00046183332006724266,"Gradients_by_loss recover_latent/: mapper7":0.0011114838193069018,"r2_mean_criterion/20_all":0.6416152498938821,"Gradients_by_loss rec_from_latent_pretrain/: mapper8":0,"MIG_BINNED/dis_latent_stack_tissue_train":0.645870867268568,"r2_mean_OOD/20_all":0.5902059078216553,"Gradients_by_loss rec_from_latent_pretrain/: mapper2":0,"Gradients_by_loss rec_from_latent_pretrain/: encoder14":0,"Gradients_by_loss rec_from_latent_pretrain/: tissue_embedder":0,"r2_delta_OOD/100_all":0.5009056329727173,"Gradients_by_loss recover_latent/: donor_embedder":7.617774099344388e-05,"r2_var_criterion/10_all":0.42779721455140546}