{"r2_mean/20000": 0.9451163411140442, "r2_var/20000": 0, "pear_var/20000": 0.6317701940608521, "r2_delta/20000": 0.45422524213790894, "r2_mean/200": 0.9257656931877136, "r2_var/200": 0, "pear_var/200": 0.5306804069360883, "r2_delta/200": 0.7722416520118713, "r2_mean/100": 0.9189337491989136, "r2_var/100": 0, "pear_var/100": 0.6077123698145349, "r2_delta/100": 0.7845631837844849, "wass_dist/100": 0.4136860591134712, "r2_mean/50": 0.9154996275901794, "r2_var/50": 0, "pear_var/50": 0.8525160918048933, "r2_delta/50": 0.7816482186317444, "r2_mean/20": 0.9285777807235718, "r2_var/20": 0, "pear_var/20": 0.8684468664348521, "r2_delta/20": 0.7667874097824097, "wass_dist/20": 0.48087741554918245, "r2_mean/10": 0.8092129826545715, "r2_var/10": 0, "pear_var/10": -0.11760762515819773, "r2_delta/10": 0.6880810260772705, "wass_dist/10": 0.47011709391570733, "_timestamp": 1744065773.8542626, "_runtime": 2.0380146503448486, "_step": 0, "_wandb": {"runtime": 1}}