{"Gradients_by_loss recover_latent/: mapper_zone_mapper":3.0308311610931203e-05,"Gradients_by_loss rec_from_latent_pretrain/: decoder":0.4329431137696457,"r2_mean_criterion/50_all":0.9878811836242676,"Gradients_by_loss rec_from_latent_pretrain/: encoder3":0,"r2_delta_criterion/20_all":0.9198431372642517,"Gradients_by_loss rec_from_latent_pretrain/: infected_embedder":0,"Gradients_by_loss recover_latent/: encoder3":0.005551587659453331,"Gradients_by_loss rec_from_latent_pretrain/: encoder10":0,"Gradients_by_loss recover_latent/: encoder8":0.0016521930516835682,"Gradients_by_loss recover_latent/: encoder15":0.0008606245065952971,"pear_var_OOD/10_all":0.9573981990870157,"Gradients_by_loss recover_latent/: encoder4":0.012500223493522014,"wasserstein_criterion/10_all":0.14560206153182723,"Gradients_by_loss recover_latent/: mapper11":0.003549456904121865,"Gradients_by_loss rec_from_latent_pretrain/: mapper9":0,"r2_mean_criterion/100_all":0.9872602224349976,"Gradients_by_loss rec_from_latent_pretrain/: encoder4":0,"Gradients_by_loss recover_latent/: mapper8":0.0021231001574855165,"Rec/Pearson_gene_train":0.5539794564247131,"Gradients_by_loss rec_from_latent_pretrain/: mapper10":0,"Gradients_by_loss rec_from_latent_pretrain/: encoder8":0,"r2_var_OOD/50_all":0,"Gradients_by_loss rec_from_latent_pretrain/: mapper1":0,"Gradients_by_loss recover_latent/: encoder_pretrain":0.0010438967778470451,"wasserstein_criterion/100_all":0.19915486699910265,"r2_delta_OOD/10_all":0.8890001773834229,"Gradients_by_loss recover_latent/: encoder11":0.006877151325814034,"r2_delta_criterion/100_all":0.7213345766067505,"r2_var_criterion/10_all":0,"Gradients_by_loss recover_latent/: zone_embedder":0.00024457715335302055,"Gradients_by_loss recover_latent/: encoder1":0.0043058003105578575,"Gradients_by_loss recover_latent/: mapper7":0.0022311913128961487,"Gradients_by_loss rec_from_latent_pretrain/: mapper6":0,"Gradients_by_loss recover_latent/: mapper4":0.0027393259087309177,"Gradients_by_loss recover_latent/: encoder13":0.0011331234443880244,"Rec/Pearson_sample_train":0.9804505705833435,"r2_var_OOD/100_all":0,"Gradients_by_loss rec_from_latent_pretrain/: mapper3":0,"r2_delta_OOD/50_all":0.6673578023910522,"r2_mean_criterion/10_all":0.9977137446403503,"Rec/R2_mean_train":0.9995861053466797,"Gradients_by_loss rec_from_latent_pretrain/: mapper13":0,"Gradients_by_loss rec_from_latent_pretrain/: encoder11":0,"Rec/R2_var_train":0.9963300824165344,"r2_var_criterion/20_all":0,"Gradients_by_loss recover_latent/: encoder9":0.0024198159087926306,"pear_var_criterion/100_all":0.8390516119381655,"pear_var_OOD/50_all":0.8097658337278862,"pear_var_OOD/100_all":0.792806552928385,"Gradients_by_loss recover_latent/: encoder14":0.007803652130212047,"Gradients_by_loss rec_from_latent_pretrain/: encoder14":0,"r2_delta_OOD/20_all":0.7755579948425293,"Gradients_by_loss rec_from_latent_pretrain/: mapper_infected_mapper":0,"Gradients_by_loss rec_from_latent_pretrain/: encoder9":0,"Gradients_by_loss recover_latent/: mapper_infected_mapper":2.721597354300337e-05,"r2_mean_OOD/20_all":0.983622670173645,"Gradients_by_loss rec_from_latent_pretrain/: mapper2":0,"Gradients_by_loss recover_latent/: encoder2":0.007715140825595783,"Gradients_by_loss recover_latent/: mapper3":0.001389630728943886,"pear_var_OOD/20_all":0.8077599135177884,"Gradients_by_loss recover_latent/: encoder0":0.0011723609964278865,"_step":521,"Gradients_by_loss rec_from_latent_pretrain/: mapper14":0,"r2_mean_OOD/10_all":0.987919807434082,"Gradients_by_loss rec_from_latent_pretrain/: zone_embedder":0,"r2_var_OOD/10_all":0,"Gradients_by_loss rec_from_latent_pretrain/: mapper11":0,"pear_var_criterion/10_all":0.8890471018111444,"_runtime":3092.978463165,"_wandb":{"runtime":3092},"r2_var_OOD/20_all":0,"_timestamp":1.7685265730457468e+09,"Gradients_by_loss rec_from_latent_pretrain/: encoder13":0,"Gradients_by_loss recover_latent/: mapper14":0.004028059177387022,"MIG_BINNED/dis_latent_stack_infected_train":0.6764664896154922,"Gradients_by_loss rec_from_latent_pretrain/: encoder0":0,"Gradients_by_loss recover_latent/: mapper5":0.0023025597973973092,"Gradients_by_loss recover_latent/: decoder":0,"r2_var_criterion/50_all":0,"r2_mean_OOD/50_all":0.9803668260574341,"Gradients_by_loss recover_latent/: px_r":0,"r2_mean_criterion/20_all":0.9904624223709106,"Gradients_by_loss recover_latent/: encoder7":0.0035418141014973794,"important_notes":{"size":7837,"path":"media/html/important_notes_0_0a9cc581538f42f6b3d2.html","_type":"html-file","sha256":"0a9cc581538f42f6b3d27a3b5d5b5a929bbb946cc36d49b5a99ebb10bd6db844"},"Gradients_by_loss recover_latent/: encoder5":0.0018722415968747898,"r2_var_criterion/100_all":0,"r2_mean_OOD/100_all":0.9700011610984802,"Gradients_by_loss rec_from_latent_pretrain/: mapper7":0,"Gradients_by_loss rec_from_latent_pretrain/: mapper5":0,"r2_delta_criterion/10_all":0.9625089168548584,"Gradients_by_loss rec_from_latent_pretrain/: encoder6":0,"Gradients_by_loss recover_latent/: infected_embedder":0.00021620576444547623,"Gradients_by_loss rec_from_latent_pretrain/: mapper_zone_mapper":0,"Gradients_by_loss rec_from_latent_pretrain/: mapper0":0,"Gradients_by_loss rec_from_latent_pretrain/: encoder7":0,"Gradients_by_loss recover_latent/: mapper13":0.003066112703515507,"wasserstein_OOD/10_all":0.17702450977346454,"Gradients_by_loss recover_latent/: encoder10":0.01001214568550551,"Gradients_by_loss recover_latent/: mapper9":0.0019978729640606455,"wasserstein_OOD/100_all":0.24591460458622127,"losses/recover_latent":6.627504146684981e-05,"losses/rec_from_latent_pretrain":6.4334706931278625,"pear_var_criterion/20_all":0.8185054315218028,"Gradients_by_loss rec_from_latent_pretrain/: mapper8":0,"Gradients_by_loss rec_from_latent_pretrain/: px_r":0.0002614894474390894,"Gradients_by_loss rec_from_latent_pretrain/: encoder12":0,"Gradients_by_loss recover_latent/: mapper1":0.0003526534957749856,"Gradients_by_loss recover_latent/: mapper6":0.002016715850872403,"Gradients_by_loss recover_latent/: mapper0":0.00027597787024756813,"Gradients_by_loss rec_from_latent_pretrain/: mapper12":0,"Gradients_by_loss recover_latent/: encoder12":0.00587782004142591,"Gradients_by_loss recover_latent/: mapper15":0.0032135451507969274,"Gradients_by_loss recover_latent/: mapper10":0.002865023026480264,"pear_var_criterion/avg_all":0.8241848862875768,"Gradients_by_loss rec_from_latent_pretrain/: encoder2":0,"Gradients_by_loss rec_from_latent_pretrain/: encoder5":0,"Gradients_by_loss rec_from_latent_pretrain/: mapper15":0,"pear_var_criterion/50_all":0.7501353998791945,"Gradients_by_loss rec_from_latent_pretrain/: encoder1":0,"Gradients_by_loss rec_from_latent_pretrain/: mapper4":0,"Gradients_by_loss recover_latent/: mapper2":0.001199323259458128,"Gradients_by_loss recover_latent/: encoder6":0.0014981397585681485,"Gradients_by_loss recover_latent/: mapper12":0.003357225837207583,"Gradients_by_loss rec_from_latent_pretrain/: encoder_pretrain":0.6110814287304397,"r2_delta_criterion/50_all":0.8470412492752075,"r2_delta_OOD/100_all":0.48580485582351685,"Gradients_by_loss rec_from_latent_pretrain/: encoder15":0}