{"r2_mean/20000": 0.7643095254898071, "r2_var/20000": 0, "pear_var/20000": 0.5169771276513521, "r2_delta/20000": 0.08543825149536133, "r2_mean/200": 0.4881541132926941, "r2_var/200": 0, "pear_var/200": 0.28305006517847303, "r2_delta/200": 0.4040266275405884, "r2_mean/100": 0.3334699869155884, "r2_var/100": 0, "pear_var/100": 0.26490621456416635, "r2_delta/100": 0.3759945034980774, "wass_dist/100": 0.5611179324957621, "r2_mean/50": 0, "r2_var/50": 0, "pear_var/50": 0.4228316736768213, "r2_delta/50": 0, "r2_mean/20": 0, "r2_var/20": 0, "pear_var/20": 0.3071326188126013, "r2_delta/20": 0, "wass_dist/20": 0.9415397212859575, "r2_mean/10": 0, "r2_var/10": 0, "pear_var/10": -0.19876447541492354, "r2_delta/10": 0, "wass_dist/10": 0.972350319515149, "_timestamp": 1743897993.9535835, "_runtime": 1.4615535736083984, "_step": 0, "_wandb": {"runtime": 1}}