{"r2_mean/20000": 0.8056407570838928, "r2_var/20000": 0.13993102312088013, "pear_var/20000": 0.5481896900022254, "r2_delta/20000": 0.4248706102371216, "r2_mean/200": 0.38172048330307007, "r2_var/200": 0, "pear_var/200": 0.27862839572514925, "r2_delta/200": 0.35324233770370483, "r2_mean/100": 0.13453662395477295, "r2_var/100": 0, "pear_var/100": 0.37153915475850313, "r2_delta/100": 0.24509674310684204, "wass_dist/100": 0.6360187642357437, "r2_mean/50": 0, "r2_var/50": 0, "pear_var/50": 0.31145278316593616, "r2_delta/50": 0, "r2_mean/20": 0, "r2_var/20": 0, "pear_var/20": -0.23214023449717064, "r2_delta/20": 0, "wass_dist/20": 1.40937510684879, "r2_mean/10": 0, "r2_var/10": 0, "pear_var/10": -0.12718053825835873, "r2_delta/10": 0, "wass_dist/10": 1.591651660567268, "_timestamp": 1744207503.8021662, "_runtime": 1.5764453411102295, "_step": 0, "_wandb": {"runtime": 1}}