{"CNN1+MAPK1/R2_100_all":0.9862955212593079,"IGDCC3+MAPK1/Pearson Delta_combo_specific_50_all":0.5479443753006679,"Gradients_by_loss rec_from_latent_pretrain/: encoder14":0,"DUSP9+SNAI1/R2_50_all":0.859261155128479,"DUSP9+PRTG/R2_10_all":0.9664870500564575,"MIG_BINNED/dis_latent_stack_condition_train":0.6539957189509327,"Gradients_by_loss rec_from_latent_pretrain/: encoder11":0,"DUSP9+KLF1/Pearson Delta_50_all":0.9103982342195691,"ETS2+MAPK1/Pearson Delta_100_all":0.9696505011046446,"MAPK1+PRTG/Pearson Delta_combo_specific_20_all":0.33999410331423363,"DUSP9+ETS2/Pearson Delta_50_all":0.8566061290579136,"Gradients_by_loss rec_from_latent_pretrain/: mapper_perturbation1_mapper":0,"Rec/R2_var_train":0.9964357018470764,"Gradients_by_loss rec_from_latent_pretrain/: encoder6":0,"ETS2+MAPK1/R2_combo_specific_100_all":0.9726709127426147,"_runtime":42131.113484405,"DUSP9+IGDCC3/R2_20_all":0.9615559577941895,"MAPK1+PRTG/R2_10_all":0.9301491379737854,"MAPK1+PRTG/R2_combo_specific_100_all":0.9789955615997314,"Gradients_by_loss recover_latent/: encoder9":0.00021086744654538652,"DUSP9+KLF1/Pearson Delta_combo_specific_10_all":0.8644498975913728,"Gradients_by_loss rec_from_latent_pretrain/: mapper10":0,"DUSP9+SNAI1/R2_combo_specific_100_all":0.855789303779602,"DUSP9+ETS2/R2_50_all":0.9620899558067322,"CNN1+MAPK1/Pearson Delta_combo_specific_100_all":0.8366833460031691,"Rec/R2_mean_train":0.9997774362564087,"Gradients_by_loss recover_latent/: mapper1":0.00029156065720003415,"DUSP9+ETS2/R2_combo_specific_100_all":0.9821326732635498,"ETS2+MAPK1/Wass_combo_specific_10_all":0.38635953248200405,"DUSP9+KLF1/R2_100_all":0.9661074876785278,"MAPK1+PRTG/R2_combo_specific_20_all":0.8690999746322632,"CEBPB+MAPK1/R2_combo_specific_10_all":0.9387298226356506,"MAPK1+IKZF3/Pearson Delta_combo_specific_20_all":0.9467078140801689,"MAPK1+IKZF3/Pearson Delta_10_all":0.9536646810569237,"ETS2+MAPK1/R2_20_all":0.9268600344657898,"Gradients_by_loss recover_latent/: mapper_perturbation2_mapper":3.597029950042898e-05,"DUSP9+SNAI1/Pearson Delta_combo_specific_50_all":0.8636190088481223,"Gradients_by_loss recover_latent/: encoder15":0.0002215674317504567,"MAPK1+PRTG/Pearson Delta_100_all":0.8242196019078251,"Gradients_by_loss recover_latent/: mapper_perturbation1_mapper":1.7494750482101318e-05,"Gradients_by_loss recover_latent/: encoder10":0.0007657258626363003,"DUSP9+KLF1/Pearson Delta_combo_specific_100_all":0.9363175088042802,"Gradients_by_loss recover_latent/: mapper0":0.0002742389320027111,"DUSP9+ETS2/R2_20_all":0.9191821217536926,"MAPK1+IKZF3/R2_combo_specific_100_all":0.9822942614555359,"Gradients_by_loss recover_latent/: encoder1":0.0008374147630492219,"CEBPB+MAPK1/Pearson Delta_100_all":0.9718360432996564,"DUSP9+SNAI1/R2_combo_specific_20_all":0.8853087425231934,"IGDCC3+MAPK1/R2_20_all":0.9361284971237183,"DUSP9+MAPK1/R2_combo_specific_100_all":0.9729782938957214,"Gradients_by_loss rec_from_latent_pretrain/: encoder4":0,"MAPK1+IKZF3/Pearson Delta_100_all":0.9591400078740699,"DUSP9+MAPK1/R2_combo_specific_20_all":0.9131184816360474,"Gradients_by_loss rec_from_latent_pretrain/: mapper15":0,"Gradients_by_loss recover_latent/: mapper10":0.0004344739979255434,"MAPK1+PRTG/R2_50_all":0.9757084846496582,"DUSP9+KLF1/R2_10_all":0.7970618605613708,"Gradients_by_loss rec_from_latent_pretrain/: encoder10":0,"DUSP9+KLF1/R2_50_all":0.9421899914741516,"MAPK1+TGFBR2/R2_combo_specific_100_all":0.9659218788146973,"DUSP9+KLF1/R2_20_all":0.8204971551895142,"DUSP9+IGDCC3/Wass_combo_specific_10_all":0.28430029743956897,"CEBPB+MAPK1/Pearson Delta_combo_specific_20_all":0.9440620364829265,"DUSP9+KLF1/Pearson Delta_combo_specific_50_all":0.9387591266803595,"DUSP9+PRTG/Pearson Delta_combo_specific_100_all":0.9730000658321689,"MAPK1+IKZF3/R2_combo_specific_50_all":0.9792332053184509,"ETS2+MAPK1/Wass_10_all":0.3679478111895539,"DUSP9+ETS2/Pearson Delta_20_all":0.7955976826584824,"DUSP9+KLF1/Pearson Delta_20_all":0.8713922016875468,"MAPK1+PRTG/R2_100_all":0.9819390773773193,"IGDCC3+MAPK1/R2_combo_specific_50_all":0.9752209186553955,"important_notes":{"size":7392,"path":"media/html/important_notes_0_c9c989486a95e142f7dc.html","_type":"html-file","sha256":"c9c989486a95e142f7dc444586101d41ba3954cfb028072d88d7872597889bc9"},"CNN1+MAPK1/R2_combo_specific_100_all":0.9852780699729919,"DUSP9+PRTG/Pearson Delta_combo_specific_10_all":0.9924226199658785,"CEBPB+MAPK1/Wass_10_all":0.31099406381403727,"Gradients_by_loss rec_from_latent_pretrain/: mapper6":0,"DUSP9+SNAI1/Wass_10_all":0.5698468140226847,"r2_mean_criterion/20_all":0.8979348973794417,"Gradients_by_loss rec_from_latent_pretrain/: encoder13":0,"r2_mean_criterion/100_all":0.9537592855366793,"Gradients_by_loss rec_from_latent_pretrain/: mapper13":0,"Gradients_by_loss rec_from_latent_pretrain/: px_r":0.00020464291446842253,"Gradients_by_loss recover_latent/: mapper14":0.0007114420698223051,"MAPK1+IKZF3/Pearson Delta_combo_specific_100_all":0.9158747419001101,"losses/rec_from_latent_pretrain":2.8135378044744206,"IGDCC3+MAPK1/R2_10_all":0.884782075881958,"MAPK1+TGFBR2/Wass_10_all":0.28158927328840677,"MAPK1+IKZF3/R2_10_all":0.9680927991867065,"Gradients_by_loss rec_from_latent_pretrain/: mapper11":0,"MAPK1+TGFBR2/Pearson Delta_10_all":0.9066594084183875,"Gradients_by_loss rec_from_latent_pretrain/: encoder9":0,"Gradients_by_loss recover_latent/: mapper2":0.0003451410131554829,"DUSP9+PRTG/R2_100_all":0.9754377007484436,"CEBPB+MAPK1/R2_20_all":0.9491435289382935,"Gradients_by_loss rec_from_latent_pretrain/: mapper8":0,"DUSP9+SNAI1/Pearson Delta_20_all":0.9651284557013907,"ETS2+MAPK1/Pearson Delta_combo_specific_10_all":0.9726699158185362,"Gradients_by_loss recover_latent/: encoder2":0.0008824214763205936,"DUSP9+SNAI1/Pearson Delta_50_all":0.9453907040345891,"DUSP9+MAPK1/Pearson Delta_combo_specific_10_all":0.36402418246252877,"CNN1+MAPK1/Pearson Delta_combo_specific_10_all":0.9232096071203341,"DUSP9+KLF1/R2_combo_specific_50_all":0.958877682685852,"Gradients_by_loss recover_latent/: encoder11":0.0008160341994784788,"DUSP9+PRTG/R2_20_all":0.9753824472427368,"Gradients_by_loss rec_from_latent_pretrain/: encoder15":0,"DUSP9+SNAI1/R2_10_all":0.5072247982025146,"Gradients_by_loss recover_latent/: encoder_pretrain":0.0007401947255238645,"MAPK1+PRTG/Wass_combo_specific_10_all":0.4258519278027718,"MAPK1+PRTG/R2_combo_specific_10_all":0.23925310373306274,"DUSP9+PRTG/Pearson Delta_100_all":0.9783572126532898,"DUSP9+MAPK1/Pearson Delta_100_all":0.6519751126031769,"MAPK1+TGFBR2/Pearson Delta_combo_specific_100_all":0.9096858203913549,"IGDCC3+MAPK1/Pearson Delta_20_all":0.6630772810658908,"CNN1+MAPK1/R2_combo_specific_50_all":0.9731892347335815,"IGDCC3+MAPK1/R2_100_all":0.9831762313842773,"ETS2+MAPK1/Pearson Delta_combo_specific_50_all":0.9605352959993907,"CNN1+MAPK1/R2_10_all":0.9742552638053894,"Gradients_by_loss recover_latent/: mapper5":0.000459296955162204,"_wandb":{"runtime":42131},"IGDCC3+MAPK1/Wass_combo_specific_10_all":0.42796750502108266,"DUSP9+SNAI1/Pearson Delta_combo_specific_100_all":0.8795515198121091,"DUSP9+KLF1/Pearson Delta_10_all":0.8522574544090291,"Gradients_by_loss recover_latent/: encoder6":0.00025320836087430195,"CNN1+MAPK1/R2_20_all":0.930982768535614,"DUSP9+MAPK1/Pearson Delta_combo_specific_100_all":0.4501126739996177,"DUSP9+ETS2/Pearson Delta_10_all":0.33635198439296315,"DUSP9+SNAI1/R2_combo_specific_50_all":0.8134266138076782,"DUSP9+PRTG/Pearson Delta_combo_specific_50_all":0.9832125645086978,"CEBPB+MAPK1/Pearson Delta_combo_specific_10_all":0.947574008029186,"Gradients_by_loss rec_from_latent_pretrain/: mapper5":0,"DUSP9+IGDCC3/R2_combo_specific_50_all":0.9638022184371948,"DUSP9+ETS2/R2_combo_specific_50_all":0.963765561580658,"IGDCC3+MAPK1/Pearson Delta_50_all":0.7923288388647506,"MAPK1+IKZF3/R2_100_all":0.9811487793922424,"ETS2+MAPK1/R2_10_all":0.9275329113006592,"Gradients_by_loss recover_latent/: condition_embedder":0.00018052075756713748,"r2_mean_criterion/50_all":0.9372365474700928,"DUSP9+IGDCC3/Pearson Delta_10_all":0.9301374797230716,