{"r2_mean/20000": 0.9643714427947998, "r2_var/20000": 0.12772005796432495, "pear_var/20000": 0.6908862862978518, "r2_delta/20000": 0.6149531006813049, "r2_mean/200": 0.9306150674819946, "r2_var/200": 0, "pear_var/200": 0.6174196663682064, "r2_delta/200": 0.8247770071029663, "r2_mean/100": 0.9348360300064087, "r2_var/100": 0, "pear_var/100": 0.8179212435058411, "r2_delta/100": 0.8246828317642212, "wass_dist/100": 0.3680369675144402, "r2_mean/50": 0.9246388673782349, "r2_var/50": 0, "pear_var/50": 0.8076953281547737, "r2_delta/50": 0.7805597186088562, "r2_mean/20": 0.8605275750160217, "r2_var/20": 0, "pear_var/20": 0.7762460220698633, "r2_delta/20": 0.8106480240821838, "wass_dist/20": 0.44910559942228756, "r2_mean/10": 0.9329227805137634, "r2_var/10": 0, "pear_var/10": 0.6484572657575444, "r2_delta/10": 0.9007678031921387, "wass_dist/10": 0.43464288736723206, "_timestamp": 1744111842.0971777, "_runtime": 1.4029366970062256, "_step": 0, "_wandb": {"runtime": 1}}