{"Gradients_by_loss rec_from_latent_pretrain/: encoder14":0,"Gradients_by_loss recover_latent/: encoder4":0.0009517738965039965,"r2_delta_OOD/100_all":0.21160346269607544,"pear_var_criterion/avg_all":NaN,"Gradients_by_loss recover_latent/: encoder0":0.007034541838160539,"Gradients_by_loss rec_from_latent_pretrain/: mapper2":0,"Gradients_by_loss recover_latent/: encoder3":0.001281324309015398,"r2_mean_criterion/10_all":0.28810398145155475,"Gradients_by_loss rec_from_latent_pretrain/: mapper11":0,"Gradients_by_loss recover_latent/: encoder10":0.0015746411596737494,"Gradients_by_loss rec_from_latent_pretrain/: encoder12":0,"r2_mean_OOD/50_all":0.5453263521194458,"Gradients_by_loss recover_latent/: mapper6":0.003443896090740182,"Gradients_by_loss rec_from_latent_pretrain/: encoder13":0,"r2_delta_criterion/50_all":0.4337528077038852,"Gradients_by_loss recover_latent/: mapper11":0.0034660650960792226,"Gradients_by_loss rec_from_latent_pretrain/: mapper4":0,"Gradients_by_loss recover_latent/: encoder7":0.0031140068272853616,"Gradients_by_loss rec_from_latent_pretrain/: encoder2":0,"Gradients_by_loss recover_latent/: encoder2":0.003925132194519535,"r2_mean_OOD/10_all":0.09810149669647217,"_runtime":175.950725113,"Gradients_by_loss rec_from_latent_pretrain/: mapper12":0,"Gradients_by_loss recover_latent/: encoder13":0.001993709709476084,"r2_var_criterion/20_all":0.06152850389480591,"r2_delta_OOD/20_all":0.3650091886520386,"Gradients_by_loss recover_latent/: encoder15":0.0005790254510520214,"r2_mean_criterion/50_all":0.5891868526285345,"Gradients_by_loss recover_latent/: mapper15":0.0038461903971944832,"r2_mean_criterion/100_all":0.6504251469265331,"r2_mean_criterion/20_all":0.3129085519097068,"Gradients_by_loss recover_latent/: mapper_tissue_mapper":0.0002704914031985633,"Gradients_by_loss recover_latent/: tissue_embedder":0.000958395132329315,"Gradients_by_loss rec_from_latent_pretrain/: encoder3":0,"Gradients_by_loss rec_from_latent_pretrain/: mapper1":0,"_wandb":{"runtime":175},"r2_var_OOD/50_all":0,"r2_delta_OOD/50_all":0.34466373920440674,"r2_mean_OOD/100_all":0.6712790131568909,"Gradients_by_loss recover_latent/: encoder12":0.002411540809105516,"Gradients_by_loss rec_from_latent_pretrain/: mapper13":0,"_step":521,"Gradients_by_loss rec_from_latent_pretrain/: encoder10":0,"losses/rec_from_latent_pretrain":0.7429420709609985,"Gradients_by_loss recover_latent/: mapper4":0.003235998774572209,"Gradients_by_loss recover_latent/: encoder1":0.005221773257472583,"Gradients_by_loss recover_latent/: mapper1":0.003079602054501059,"Gradients_by_loss recover_latent/: mapper_donor_mapper":0.00035879075261934147,"Gradients_by_loss rec_from_latent_pretrain/: mapper_donor_mapper":0,"r2_var_OOD/100_all":0.08466207981109619,"Rec/R2_mean_train":0.960469126701355,"r2_delta_criterion/10_all":0.4389415816827254,"r2_var_criterion/50_all":0.047062998468225654,"Gradients_by_loss recover_latent/: decoder":0,"Gradients_by_loss rec_from_latent_pretrain/: donor_embedder":0,"Gradients_by_loss rec_from_latent_pretrain/: encoder9":0,"Gradients_by_loss rec_from_latent_pretrain/: mapper_tissue_mapper":0,"Gradients_by_loss recover_latent/: mapper13":0.0037155120026901847,"Gradients_by_loss rec_from_latent_pretrain/: mapper14":0,"Rec/Pearson_gene_train":0.8879162411093712,"Gradients_by_loss rec_from_latent_pretrain/: encoder11":0,"Gradients_by_loss rec_from_latent_pretrain/: mapper15":0,"Gradients_by_loss rec_from_latent_pretrain/: encoder5":0,"Gradients_by_loss rec_from_latent_pretrain/: mapper8":0,"Gradients_by_loss rec_from_latent_pretrain/: encoder1":0,"Gradients_by_loss recover_latent/: mapper7":0.003639580318157367,"Gradients_by_loss recover_latent/: encoder11":0.0018492696602958438,"Gradients_by_loss rec_from_latent_pretrain/: encoder0":0,"Gradients_by_loss rec_from_latent_pretrain/: encoder15":0,"Gradients_by_loss recover_latent/: mapper2":0.003309302625731915,"r2_var_OOD/20_all":0,"MIG_BINNED/dis_latent_stack_tissue_train":0.6219767766096583,"Gradients_by_loss rec_from_latent_pretrain/: mapper5":0,"r2_delta_OOD/10_all":0.48972731828689575,"Gradients_by_loss recover_latent/: mapper8":0.0035773505961908055,"Gradients_by_loss rec_from_latent_pretrain/: decoder":0.2644000431177433,"Gradients_by_loss recover_latent/: px_r":0,"Gradients_by_loss recover_latent/: mapper0":0.002478537876769682,"Gradients_by_loss recover_latent/: encoder_pretrain":0.0036300846453335435,"Gradients_by_loss rec_from_latent_pretrain/: tissue_embedder":0,"Gradients_by_loss recover_latent/: mapper10":0.003816700353890264,"Gradients_by_loss rec_from_latent_pretrain/: mapper10":0,"r2_var_criterion/10_all":0.14441827752373435,"Gradients_by_loss recover_latent/: donor_embedder":7.132032624213025e-05,"Gradients_by_loss recover_latent/: encoder5":0.00265447006439489,"Gradients_by_loss rec_from_latent_pretrain/: encoder7":0,"Gradients_by_loss recover_latent/: encoder14":0.00042018082367464724,"Gradients_by_loss recover_latent/: mapper9":0.0037464064055721304,"Gradients_by_loss recover_latent/: encoder9":0.003571417920359182,"Gradients_by_loss rec_from_latent_pretrain/: encoder6":0,"r2_delta_criterion/20_all":0.41118220307610254,"Gradients_by_loss rec_from_latent_pretrain/: mapper0":0,"r2_var_criterion/100_all":0.06865564259615811,"Gradients_by_loss rec_from_latent_pretrain/: encoder_pretrain":0.12769934565937904,"Gradients_by_loss recover_latent/: mapper3":0.003284908098302371,"r2_var_OOD/10_all":0,"Gradients_by_loss rec_from_latent_pretrain/: mapper9":0,"Gradients_by_loss recover_latent/: mapper12":0.003793259240566265,"wasserstein_criterion/10_all":0.705529457186233,"Rec/R2_var_train":0.7883603572845459,"Gradients_by_loss rec_from_latent_pretrain/: mapper7":0,"Gradients_by_loss rec_from_latent_pretrain/: px_r":0.0001510336878709495,"Gradients_by_loss rec_from_latent_pretrain/: mapper3":0,"Rec/Pearson_sample_train":0.9104122519493103,"Gradients_by_loss rec_from_latent_pretrain/: encoder4":0,"r2_mean_OOD/20_all":0.14309608936309814,"Gradients_by_loss recover_latent/: mapper5":0.003401439056551175,"Gradients_by_loss recover_latent/: encoder8":0.0020997337299411088,"wasserstein_OOD/10_all":0.9455211533499615,"Gradients_by_loss recover_latent/: mapper14":0.003912893601314363,"important_notes":{"path":"media/html/important_notes_0_30c2cb58056233cd50ae.html","_type":"html-file","sha256":"30c2cb58056233cd50ae277bb372254f075e83a2ec6c303da9180c3baebe804c","size":7816},"Gradients_by_loss rec_from_latent_pretrain/: encoder8":0,"r2_delta_criterion/100_all":0.3997977321798151,"Gradients_by_loss rec_from_latent_pretrain/: mapper6":0,"Gradients_by_loss recover_latent/: encoder6":0.0022431011975709114,"_timestamp":1.7677538335752823e+09,"losses/recover_latent":0.00079038571275305}