{"Gradients_by_loss rec_from_latent_pretrain/: coarse_time_embedder":0,"Gradients_by_loss rec_from_latent_pretrain/: encoder0":0,"Gradients_by_loss rec_from_latent_pretrain/: encoder5":0,"Gradients_by_loss recover_latent/: mapper8":0.005250809652117708,"Gradients_by_loss rec_from_latent_pretrain/: mapper7":0,"Gradients_by_loss rec_from_latent_pretrain/: mapper4":0,"MIG_BINNED/dis_latent_stack_status_control_train":0.6789359535379862,"r2_var_OOD/20_all":0,"Gradients_by_loss recover_latent/: encoder13":0.005978112044670787,"Gradients_by_loss rec_from_latent_pretrain/: mapper15":0,"r2_delta_criterion/100_all":0.8773497343063354,"Gradients_by_loss recover_latent/: encoder1":0.00814265592560193,"Gradients_by_loss recover_latent/: decoder":0,"r2_mean_criterion/20_all":0.9570723176002502,"r2_var_criterion/10_all":0.1396217942237854,"Rec/R2_mean_train":0.9998931884765625,"r2_delta_OOD/10_all":0.9520934224128723,"wasserstein_criterion/100_all":0.25661533888396676,"r2_mean_OOD/50_all":0.953419029712677,"Gradients_by_loss rec_from_latent_pretrain/: encoder12":0,"Gradients_by_loss rec_from_latent_pretrain/: px_r":0.0002835507912095636,"_runtime":2311.501866743,"Gradients_by_loss recover_latent/: status_control_embedder":0.0008989439229480922,"Gradients_by_loss rec_from_latent_pretrain/: mapper10":0,"r2_delta_criterion/50_all":0.9022265076637268,"_timestamp":1.7684628735280187e+09,"r2_mean_criterion/50_all":0.962920606136322,"Gradients_by_loss recover_latent/: mapper4":0.003912082221701606,"Gradients_by_loss recover_latent/: encoder10":0.011906184553807875,"Gradients_by_loss rec_from_latent_pretrain/: mapper_status_control_mapper":0,"Gradients_by_loss recover_latent/: mapper0":0.000582763308718075,"Gradients_by_loss recover_latent/: encoder15":0.0034523197692454513,"r2_delta_OOD/20_all":0.9233766794204712,"Gradients_by_loss recover_latent/: mapper1":0.0017854857304917086,"_wandb":{"runtime":2311},"r2_delta_OOD/50_all":0.8576769232749939,"r2_mean_OOD/20_all":0.966204047203064,"Gradients_by_loss recover_latent/: mapper3":0.0017181837074205166,"losses/rec_from_latent_pretrain":6.471404086711795,"Gradients_by_loss recover_latent/: zone_embedder":0.00015766036813147366,"Gradients_by_loss recover_latent/: encoder_pretrain":0.0035394404626207013,"Gradients_by_loss recover_latent/: encoder9":0.0037272418622283374,"r2_mean_criterion/10_all":0.948596179485321,"Gradients_by_loss recover_latent/: encoder4":0.015421005210066601,"Rec/Pearson_sample_train":0.9804763793945312,"Gradients_by_loss rec_from_latent_pretrain/: mapper_coarse_time_mapper":0,"Gradients_by_loss rec_from_latent_pretrain/: encoder13":0,"pear_var_criterion/avg_all":0.8529998917652262,"Gradients_by_loss rec_from_latent_pretrain/: mapper5":0,"pear_var_criterion/50_all":0.8058889911794331,"Gradients_by_loss recover_latent/: encoder2":0.003372042860395928,"Gradients_by_loss rec_from_latent_pretrain/: mapper_zone_mapper":0,"Gradients_by_loss recover_latent/: encoder6":0.0026725901160613236,"Gradients_by_loss recover_latent/: encoder12":0.0023572123526226165,"pear_var_OOD/10_all":0.9563350378424871,"Gradients_by_loss recover_latent/: encoder11":0.0016782573511422713,"Gradients_by_loss rec_from_latent_pretrain/: encoder11":0,"Rec/Pearson_gene_train":0.5463918447494507,"Gradients_by_loss recover_latent/: mapper10":0.005214528158222008,"Gradients_by_loss rec_from_latent_pretrain/: mapper9":0,"Gradients_by_loss recover_latent/: mapper_status_control_mapper":0.00010594457038383344,"r2_var_criterion/50_all":0,"Gradients_by_loss recover_latent/: mapper5":0.0034844034834798,"r2_var_OOD/50_all":0,"Gradients_by_loss rec_from_latent_pretrain/: mapper1":0,"Gradients_by_loss rec_from_latent_pretrain/: mapper0":0,"Gradients_by_loss rec_from_latent_pretrain/: mapper3":0,"r2_var_OOD/10_all":0.2337450385093689,"pear_var_criterion/10_all":0.9098092013231515,"Gradients_by_loss rec_from_latent_pretrain/: mapper11":0,"Gradients_by_loss recover_latent/: encoder5":0.004015731192290672,"wasserstein_criterion/10_all":0.1982051227712533,"pear_var_criterion/100_all":0.7862698954516537,"r2_var_criterion/20_all":0,"Gradients_by_loss rec_from_latent_pretrain/: encoder_pretrain":0.8104522541098335,"Gradients_by_loss rec_from_latent_pretrain/: mapper12":0,"Gradients_by_loss rec_from_latent_pretrain/: encoder9":0,"Rec/R2_var_train":0.9997192621231079,"Gradients_by_loss recover_latent/: encoder3":0.0036067294668352214,"losses/recover_latent":9.55093527472643e-05,"Gradients_by_loss rec_from_latent_pretrain/: encoder8":0,"_step":521,"important_notes":{"path":"media/html/important_notes_0_2d5dc95ff47c56b8c3c9.html","_type":"html-file","sha256":"2d5dc95ff47c56b8c3c9922ea1c79252f17fd4cad11da9def149696bee12c7a8","size":8423},"r2_delta_criterion/10_all":0.8714407682418823,"Gradients_by_loss recover_latent/: mapper2":0.0018285400858573202,"Gradients_by_loss rec_from_latent_pretrain/: encoder10":0,"Gradients_by_loss recover_latent/: encoder0":0.007928349091235356,"Gradients_by_loss rec_from_latent_pretrain/: encoder4":0,"Gradients_by_loss recover_latent/: encoder8":0.019468264131882993,"Gradients_by_loss rec_from_latent_pretrain/: encoder15":0,"pear_var_OOD/20_all":0.9199348243026816,"Gradients_by_loss rec_from_latent_pretrain/: encoder14":0,"wasserstein_OOD/10_all":0.18668847959276125,"Gradients_by_loss rec_from_latent_pretrain/: status_control_embedder":0,"Gradients_by_loss recover_latent/: mapper12":0.004881967328213861,"Gradients_by_loss recover_latent/: mapper13":0.005172407670385162,"Gradients_by_loss recover_latent/: mapper_coarse_time_mapper":0.00012740324220957927,"r2_delta_criterion/20_all":0.9226470589637756,"Gradients_by_loss rec_from_latent_pretrain/: encoder7":0,"Gradients_by_loss rec_from_latent_pretrain/: mapper14":0,"Gradients_by_loss recover_latent/: mapper7":0.0031551967135147203,"Gradients_by_loss recover_latent/: px_r":0,"Gradients_by_loss rec_from_latent_pretrain/: encoder3":0,"r2_var_OOD/100_all":0,"wasserstein_OOD/100_all":0.28006871218566975,"Gradients_by_loss recover_latent/: mapper6":0.003246499179944573,"r2_mean_OOD/100_all":0.9634815454483032,"Gradients_by_loss rec_from_latent_pretrain/: encoder6":0,"Gradients_by_loss recover_latent/: mapper11":0.005120221401636017,"Gradients_by_loss recover_latent/: encoder7":0.0052649386867622255,"r2_delta_OOD/100_all":0.8440694808959961,"Gradients_by_loss recover_latent/: coarse_time_embedder":0.0003377438697498292,"Gradients_by_loss recover_latent/: encoder14":0.0012306997075130918,"Gradients_by_loss rec_from_latent_pretrain/: mapper2":0,"Gradients_by_loss rec_from_latent_pretrain/: decoder":0.4227412322704264,"r2_mean_criterion/100_all":0.9641563892364502,"Gradients_by_loss rec_from_latent_pretrain/: zone_embedder":0,"pear_var_criterion/20_all":0.9100314791066664,"Gradients_by_loss rec_from_latent_pretrain/: mapper6":0,"Gradients_by_loss rec_from_latent_pretrain/: mapper8":0,"Gradients_by_loss recover_latent/: mapper_zone_mapper":0.0001453437806172307,"r2_var_criterion/100_all":0,"pear_var_OOD/50_all":0.7716238586459511,"Gradients_by_loss rec_from_latent_pretrain/: encoder2":0,"r2_mean_OOD/10_all":0.969088077545166,"Gradients_by_loss recover_latent/: mapper14":0.005044784845789046,"pear_var_OOD/100_all":0.694513829880122,"Gradients_by_loss recover_latent/: mapper15":0.004845374940982219,"Gradients_by_loss rec_from_latent_pretrain/: encoder1":0,"Gradients_by_loss rec_from_latent_pretrain/: mapper13":0,"Gradients_by_loss recover_latent/: mapper9":0.004874901643038275}