{"r2_var/200":0,"r2_delta/20":0.998058557510376,"r2_var/20000":0,"pear_var/200":0.6528573561497056,"r2_var/100":0,"r2_var/10":0,"r2_mean/200":0.6969271898269653,"wass_dist/10":0.50666034844127,"_wandb":{"runtime":0},"_runtime":0.716577338,"r2_delta/200":0.9938879013061523,"r2_var/20":0,"r2_mean/20000":0.665387749671936,"_step":0,"r2_delta/10":0,"r2_mean/10":0.30773013830184937,"pear_var/20000":0.5319084477436634,"pear_var/100":0.7400605014245651,"_timestamp":1.7438216901795433e+09,"r2_delta/100":0.9940115213394165,"r2_mean/100":0.6485220193862915,"r2_delta/50":0.9948418140411377,"pear_var/20":0.797793286150738,"r2_mean/50":0.5889599919319153,"wass_dist/100":0.45638305544290103,"pear_var/10":-0.11202745406285229,"wass_dist/20":0.4783475302870035,"r2_delta/20000":0.9918368458747864,"r2_mean/20":0.76287442445755,"pear_var/50":0.7993647688997176,"r2_var/50":0}