{"r2_mean/200":0.850933849811554,"r2_var/100":0,"pear_var/20":0.10262179747295419,"r2_mean/20000":0.8254347443580627,"r2_var/20":0,"r2_var/50":0,"_wandb":{"runtime":0},"r2_var/200":0,"r2_var/10":0,"r2_delta/100":0.9972524046897888,"r2_mean/50":0.8561192750930786,"r2_mean/100":0.842879056930542,"wass_dist/10":0.42948982620049403,"pear_var/20000":0.510129389737735,"r2_mean/10":0.8238519430160522,"r2_var/20000":0,"wass_dist/100":0.40236437816892134,"r2_delta/50":0.9984480142593384,"pear_var/200":0.3748447637392818,"wass_dist/20":0.45424347285278416,"_timestamp":1.743824805581341e+09,"r2_delta/200":0.996204137802124,"_runtime":0.628880767,"pear_var/100":0.22675354479538248,"r2_mean/20":0.8851877450942993,"r2_delta/20000":0.9955917000770569,"r2_delta/10":0.668724775314331,"pear_var/50":0.33842914591990225,"_step":0,"r2_delta/20":0.9992050528526306,"pear_var/10":0.1774165484742149}