{"r2_mean/20000": 0.9160957932472229, "r2_var/20000": 0, "pear_var/20000": 0.46996823263196846, "r2_delta/20000": 0.3344687223434448, "r2_mean/200": 0.8877703547477722, "r2_var/200": 0, "pear_var/200": 0.274015718362214, "r2_delta/200": 0.7055540084838867, "r2_mean/100": 0.8510831594467163, "r2_var/100": 0, "pear_var/100": 0.049339827493392475, "r2_delta/100": 0.6293985247612, "wass_dist/100": 0.4689236415443554, "r2_mean/50": 0.7846063375473022, "r2_var/50": 0, "pear_var/50": -0.151343269112876, "r2_delta/50": 0.42793548107147217, "r2_mean/20": 0.7439048290252686, "r2_var/20": 0, "pear_var/20": -0.5981276887107003, "r2_delta/20": 0.2039526104927063, "wass_dist/20": 0.618118508744677, "r2_mean/10": 0.3550701141357422, "r2_var/10": 0, "pear_var/10": -0.4107418309312591, "r2_delta/10": 0.0798383355140686, "wass_dist/10": 0.6227651713160391, "_timestamp": 1743883353.785605, "_runtime": 1.5250890254974365, "_step": 0, "_wandb": {"runtime": 1}}