{"r2_mean/20000": 0.8129400014877319, "r2_var/20000": 0.1370704174041748, "pear_var/20000": 0.555293083014906, "r2_delta/20000": 0.44646990299224854, "r2_mean/200": 0.4055142402648926, "r2_var/200": 0, "pear_var/200": 0.28185090097872273, "r2_delta/200": 0.3781319260597229, "r2_mean/100": 0.1732649803161621, "r2_var/100": 0, "pear_var/100": 0.36153813450383904, "r2_delta/100": 0.2788776159286499, "wass_dist/100": 0.6266534296481421, "r2_mean/50": 0, "r2_var/50": 0, "pear_var/50": 0.3031230503919975, "r2_delta/50": 0, "r2_mean/20": 0, "r2_var/20": 0, "pear_var/20": -0.17772943212281914, "r2_delta/20": 0, "wass_dist/20": 1.3691307269480746, "r2_mean/10": 0, "r2_var/10": 0, "pear_var/10": -3.076924459654781e-05, "r2_delta/10": 0, "wass_dist/10": 1.5409335724366995, "_timestamp": 1744207621.719316, "_runtime": 1.6301920413970947, "_step": 0, "_wandb": {"runtime": 1}}