{"Gradients_by_loss recover_latent/: mapper15":0.004162191516862978,"_timestamp":1.7677541906108863e+09,"Gradients_by_loss recover_latent/: mapper2":0.001633127621620041,"Gradients_by_loss recover_latent/: encoder5":0.006853943215891992,"wasserstein_OOD/10_all":1.0001404575604416,"Gradients_by_loss recover_latent/: encoder_pretrain":0.0019934393988915123,"losses/rec_from_latent_pretrain":0.7623439475893974,"Gradients_by_loss recover_latent/: encoder13":0.0010321747556409472,"Gradients_by_loss recover_latent/: mapper6":0.0039020869532323133,"r2_var_OOD/50_all":0.05540508031845093,"Gradients_by_loss rec_from_latent_pretrain/: mapper2":0,"Gradients_by_loss recover_latent/: donor_embedder":2.668798333615996e-05,"Gradients_by_loss rec_from_latent_pretrain/: mapper15":0,"Gradients_by_loss recover_latent/: mapper14":0.0042017612103280285,"Gradients_by_loss rec_from_latent_pretrain/: mapper4":0,"Gradients_by_loss recover_latent/: encoder14":0.0004630409482290449,"Gradients_by_loss recover_latent/: encoder3":0.003753227200664584,"Gradients_by_loss recover_latent/: encoder1":0.0036232733234230013,"Gradients_by_loss recover_latent/: encoder7":0.0022291080494345576,"Gradients_by_loss rec_from_latent_pretrain/: mapper7":0,"r2_var_OOD/20_all":0,"Gradients_by_loss rec_from_latent_pretrain/: encoder_pretrain":0.13921473836911702,"r2_delta_criterion/100_all":0.4628594300963662,"Gradients_by_loss rec_from_latent_pretrain/: tissue_embedder":0,"r2_delta_criterion/10_all":0.4452634778889743,"Gradients_by_loss recover_latent/: tissue_embedder":0.0001391163532389328,"Gradients_by_loss recover_latent/: mapper_tissue_mapper":0.0010513775170586457,"r2_mean_OOD/20_all":0.14042872190475464,"Rec/Pearson_sample_train":0.9122626781463623,"Gradients_by_loss rec_from_latent_pretrain/: decoder":0.27606883041297564,"Gradients_by_loss rec_from_latent_pretrain/: encoder9":0,"Gradients_by_loss rec_from_latent_pretrain/: encoder14":0,"Gradients_by_loss recover_latent/: encoder12":0.0012926448984292023,"Gradients_by_loss rec_from_latent_pretrain/: mapper13":0,"Gradients_by_loss rec_from_latent_pretrain/: mapper12":0,"Gradients_by_loss rec_from_latent_pretrain/: encoder11":0,"Gradients_by_loss recover_latent/: encoder9":0.0020922336818692895,"Gradients_by_loss rec_from_latent_pretrain/: encoder7":0,"r2_delta_OOD/100_all":0.15453344583511353,"Gradients_by_loss recover_latent/: encoder8":0.0038320529749193703,"r2_var_criterion/100_all":0.036289334297180176,"Gradients_by_loss recover_latent/: encoder15":0.0008482105050132254,"important_notes":{"sha256":"1b5e4589f474938a2960f757d53bbe945e33ef790d78c217b0fd28e8dbc006ac","size":7816,"path":"media/html/important_notes_0_1b5e4589f474938a2960.html","_type":"html-file"},"r2_var_criterion/50_all":0.032465571706945244,"Gradients_by_loss rec_from_latent_pretrain/: mapper0":0,"Gradients_by_loss rec_from_latent_pretrain/: mapper11":0,"Gradients_by_loss rec_from_latent_pretrain/: mapper_tissue_mapper":0,"Gradients_by_loss rec_from_latent_pretrain/: mapper3":0,"Gradients_by_loss rec_from_latent_pretrain/: encoder15":0,"_step":521,"Gradients_by_loss recover_latent/: mapper3":0.002221136191515738,"Gradients_by_loss recover_latent/: mapper12":0.0040628879550040735,"Gradients_by_loss rec_from_latent_pretrain/: encoder10":0,"losses/recover_latent":0.0005079602378827985,"MIG_BINNED/dis_latent_stack_tissue_train":0.6376309939992046,"Gradients_by_loss rec_from_latent_pretrain/: encoder0":0,"Rec/Pearson_gene_train":0.8646138707876205,"Gradients_by_loss rec_from_latent_pretrain/: encoder1":0,"Gradients_by_loss rec_from_latent_pretrain/: mapper10":0,"Gradients_by_loss recover_latent/: encoder6":0.002500205641583201,"r2_mean_criterion/20_all":0.3293903849341653,"r2_mean_criterion/10_all":0.31042448498985986,"Gradients_by_loss recover_latent/: mapper10":0.004177832944185447,"r2_delta_OOD/50_all":0.30325406789779663,"Gradients_by_loss recover_latent/: encoder2":0.0020972897703781003,"Gradients_by_loss recover_latent/: encoder4":0.003837771781780729,"Gradients_by_loss recover_latent/: mapper_donor_mapper":0.0011241885535420429,"Gradients_by_loss rec_from_latent_pretrain/: encoder5":0,"Gradients_by_loss rec_from_latent_pretrain/: encoder12":0,"Gradients_by_loss recover_latent/: mapper11":0.00405009727700266,"Gradients_by_loss rec_from_latent_pretrain/: encoder2":0,"r2_delta_criterion/20_all":0.43011648004705255,"r2_delta_OOD/10_all":0.4256443381309509,"r2_delta_criterion/50_all":0.4817726557905024,"Gradients_by_loss rec_from_latent_pretrain/: encoder13":0,"Gradients_by_loss recover_latent/: encoder0":0.00465861800113237,"Gradients_by_loss rec_from_latent_pretrain/: encoder6":0,"Gradients_by_loss rec_from_latent_pretrain/: mapper14":0,"Gradients_by_loss recover_latent/: mapper0":0.0012202795209435122,"Rec/R2_mean_train":0.9836888313293457,"Gradients_by_loss recover_latent/: mapper4":0.002571684859131053,"r2_mean_criterion/50_all":0.5951194817369635,"Gradients_by_loss rec_from_latent_pretrain/: mapper_donor_mapper":0,"r2_mean_OOD/10_all":0,"r2_mean_OOD/100_all":0.6474837064743042,"r2_var_OOD/100_all":0.10425812005996704,"Gradients_by_loss recover_latent/: mapper1":0.0014939747805488123,"r2_var_OOD/10_all":0,"Gradients_by_loss rec_from_latent_pretrain/: encoder8":0,"r2_var_criterion/10_all":0.14863601597872647,"Gradients_by_loss rec_from_latent_pretrain/: mapper5":0,"Gradients_by_loss recover_latent/: mapper8":0.0038624184175408594,"Gradients_by_loss rec_from_latent_pretrain/: encoder3":0,"Gradients_by_loss rec_from_latent_pretrain/: encoder4":0,"Gradients_by_loss rec_from_latent_pretrain/: mapper1":0,"Gradients_by_loss recover_latent/: encoder10":0.003634715047016639,"r2_var_criterion/20_all":0.0848955512046814,"r2_mean_OOD/50_all":0.516596257686615,"Gradients_by_loss recover_latent/: mapper7":0.003741586799290878,"Rec/R2_var_train":0.923677921295166,"_runtime":175.477637149,"Gradients_by_loss rec_from_latent_pretrain/: mapper9":0,"Gradients_by_loss recover_latent/: px_r":0,"Gradients_by_loss recover_latent/: mapper5":0.0036829013227496336,"Gradients_by_loss rec_from_latent_pretrain/: donor_embedder":0,"Gradients_by_loss recover_latent/: encoder11":0.002961771103092762,"_wandb":{"runtime":175},"Gradients_by_loss rec_from_latent_pretrain/: mapper6":0,"Gradients_by_loss recover_latent/: decoder":0,"r2_delta_OOD/20_all":0.3630325198173523,"wasserstein_criterion/10_all":0.6824703021091421,"Gradients_by_loss rec_from_latent_pretrain/: px_r":0.00015895663818810135,"Gradients_by_loss recover_latent/: mapper13":0.004403130208879775,"pear_var_criterion/avg_all":NaN,"r2_mean_criterion/100_all":0.6778524030338634,"Gradients_by_loss recover_latent/: mapper9":0.004210407835343328,"Gradients_by_loss rec_from_latent_pretrain/: mapper8":0}