{"r2_delta_criterion/20_all":0.5240783294041952,"Gradients_by_loss rec_from_latent_pretrain/: mapper9":0,"r2_mean_criterion/100_all":0.8366206089655558,"Gradients_by_loss recover_latent/: decoder":0,"r2_mean_OOD/100_all":0.8093895316123962,"r2_delta_criterion/100_all":0.6209828853607178,"Gradients_by_loss rec_from_latent_pretrain/: mapper11":0,"Gradients_by_loss recover_latent/: encoder3":0.0012902657146204141,"Gradients_by_loss recover_latent/: encoder15":0.0015063442909947833,"_wandb":{"runtime":3816},"Gradients_by_loss recover_latent/: encoder8":0.0015946202470653644,"Gradients_by_loss recover_latent/: mapper12":0.0015439128425244505,"r2_var_criterion/10_all":0.607300599416097,"Gradients_by_loss rec_from_latent_pretrain/: encoder15":0,"r2_delta_OOD/50_all":0.5010089874267578,"Rec/Pearson_sample_train":0.9498914480209351,"Gradients_by_loss recover_latent/: encoder5":0.0013643340964176478,"Gradients_by_loss recover_latent/: encoder12":0.0017571059247971168,"Gradients_by_loss recover_latent/: donor_embedder":8.104735752567649e-05,"Gradients_by_loss rec_from_latent_pretrain/: mapper5":0,"r2_mean_OOD/50_all":0.8312950134277344,"Gradients_by_loss recover_latent/: mapper0":0.0006761989339910257,"Gradients_by_loss recover_latent/: mapper_tissue_mapper":1.411279104118136e-05,"Gradients_by_loss rec_from_latent_pretrain/: encoder0":0,"Gradients_by_loss recover_latent/: mapper10":0.001344294464622453,"Gradients_by_loss rec_from_latent_pretrain/: mapper3":0,"Gradients_by_loss recover_latent/: mapper9":0.0013488176561971656,"Gradients_by_loss recover_latent/: mapper4":0.0008726631589393092,"_runtime":3816.325596186,"Gradients_by_loss rec_from_latent_pretrain/: encoder4":0,"Gradients_by_loss recover_latent/: mapper3":0.0007813106795334317,"Gradients_by_loss recover_latent/: encoder14":0.001911673824120331,"r2_mean_OOD/10_all":0.9339112639427185,"MIG_BINNED/dis_latent_stack_tissue_train":0.6604428778265434,"Gradients_by_loss recover_latent/: mapper14":0.001584858414832181,"Gradients_by_loss rec_from_latent_pretrain/: decoder":0.23581986710632039,"r2_delta_criterion/50_all":0.6029798686504364,"Gradients_by_loss recover_latent/: mapper7":0.001423953648234747,"Gradients_by_loss rec_from_latent_pretrain/: mapper0":0,"r2_var_OOD/100_all":0.7265797257423401,"Gradients_by_loss rec_from_latent_pretrain/: mapper_tissue_mapper":0,"Gradients_by_loss rec_from_latent_pretrain/: encoder13":0,"Gradients_by_loss rec_from_latent_pretrain/: encoder5":0,"Gradients_by_loss recover_latent/: encoder7":0.00355782103699201,"Gradients_by_loss rec_from_latent_pretrain/: encoder_pretrain":0.1472722774984384,"r2_mean_criterion/50_all":0.8166977961858114,"Gradients_by_loss rec_from_latent_pretrain/: encoder14":0,"r2_var_OOD/10_all":0.7538595199584961,"Gradients_by_loss recover_latent/: mapper1":0.0008671476993741014,"Gradients_by_loss recover_latent/: mapper_donor_mapper":1.8498249805478618e-05,"Gradients_by_loss rec_from_latent_pretrain/: mapper10":0,"Gradients_by_loss recover_latent/: encoder13":0.0011216244244557445,"Gradients_by_loss recover_latent/: mapper13":0.0015222165565700273,"r2_var_criterion/20_all":0.4517926077047984,"pear_var_criterion/avg_all":NaN,"r2_var_OOD/50_all":0.7679530382156372,"Gradients_by_loss recover_latent/: mapper5":0.0008723630941481969,"Gradients_by_loss rec_from_latent_pretrain/: mapper13":0,"Gradients_by_loss recover_latent/: mapper6":0.0011716933172900513,"Gradients_by_loss recover_latent/: encoder0":0.0026372799039944654,"Rec/Pearson_gene_train":0.6943977612823248,"Gradients_by_loss rec_from_latent_pretrain/: mapper2":0,"_timestamp":1.7678068230775387e+09,"losses/rec_from_latent_pretrain":0.6214363190090709,"Gradients_by_loss recover_latent/: encoder6":0.0031242951579292405,"losses/recover_latent":3.928896513477285e-05,"Gradients_by_loss rec_from_latent_pretrain/: encoder7":0,"Gradients_by_loss rec_from_latent_pretrain/: encoder3":0,"r2_mean_criterion/10_all":0.5473925272623698,"Gradients_by_loss rec_from_latent_pretrain/: encoder6":0,"Gradients_by_loss recover_latent/: encoder11":0.0027357268598226787,"Gradients_by_loss recover_latent/: mapper8":0.0013732491223490627,"Gradients_by_loss rec_from_latent_pretrain/: encoder8":0,"r2_var_criterion/100_all":0.48441412051518756,"r2_var_criterion/50_all":0.42555926243464154,"Gradients_by_loss rec_from_latent_pretrain/: encoder9":0,"r2_mean_OOD/20_all":0.8867111802101135,"Gradients_by_loss rec_from_latent_pretrain/: px_r":8.039272506721318e-05,"Gradients_by_loss recover_latent/: mapper2":0.0008229260986999458,"wasserstein_criterion/10_all":0.40735960545138833,"Gradients_by_loss recover_latent/: mapper11":0.0015573026000557989,"Gradients_by_loss recover_latent/: mapper15":0.0016265853176676704,"r2_mean_criterion/20_all":0.7470862368742625,"Gradients_by_loss recover_latent/: encoder9":0.0013994993419224686,"r2_delta_OOD/100_all":0.43256908655166626,"Gradients_by_loss rec_from_latent_pretrain/: mapper12":0,"Gradients_by_loss rec_from_latent_pretrain/: encoder2":0,"Gradients_by_loss rec_from_latent_pretrain/: mapper7":0,"r2_var_OOD/20_all":0.8847358226776123,"wasserstein_OOD/10_all":0.08324240948867276,"Rec/R2_mean_train":0.9992917776107788,"Gradients_by_loss rec_from_latent_pretrain/: mapper6":0,"Gradients_by_loss rec_from_latent_pretrain/: encoder10":0,"Gradients_by_loss recover_latent/: encoder2":0.0006201514842745533,"Gradients_by_loss recover_latent/: encoder1":0.0020474525626736377,"Gradients_by_loss recover_latent/: tissue_embedder":2.5334840756841004e-05,"Gradients_by_loss rec_from_latent_pretrain/: mapper14":0,"Gradients_by_loss rec_from_latent_pretrain/: encoder12":0,"Gradients_by_loss rec_from_latent_pretrain/: tissue_embedder":0,"Gradients_by_loss recover_latent/: px_r":0,"r2_delta_OOD/10_all":0.8404364585876465,"Gradients_by_loss rec_from_latent_pretrain/: encoder1":0,"r2_delta_OOD/20_all":0.8079664707183838,"r2_delta_criterion/10_all":0.5226083894570669,"Rec/R2_var_train":0.9922541975975037,"Gradients_by_loss rec_from_latent_pretrain/: mapper15":0,"Gradients_by_loss rec_from_latent_pretrain/: mapper4":0,"_step":521,"Gradients_by_loss recover_latent/: encoder10":0.0014576807915281785,"Gradients_by_loss rec_from_latent_pretrain/: mapper8":0,"Gradients_by_loss rec_from_latent_pretrain/: encoder11":0,"Gradients_by_loss rec_from_latent_pretrain/: mapper1":0,"Gradients_by_loss rec_from_latent_pretrain/: mapper_donor_mapper":0,"important_notes":{"path":"media/html/important_notes_0_37e8ffd3c333c61f27df.html","_type":"html-file","sha256":"37e8ffd3c333c61f27df93f084bfe1df6061f5843e7ab715be323a5f50e40afc","size":8035},"Gradients_by_loss recover_latent/: encoder4":0.002056360212918087,"Gradients_by_loss rec_from_latent_pretrain/: donor_embedder":0,"Gradients_by_loss recover_latent/: encoder_pretrain":0.0002662380634484535}