{"r2_mean/20000": 0.8907585740089417, "r2_var/20000": 0, "pear_var/20000": 0.40634020889893524, "r2_delta/20000": 0, "r2_mean/200": 0.8777682781219482, "r2_var/200": 0, "pear_var/200": 0.2363908333777017, "r2_delta/200": 0.47754597663879395, "r2_mean/100": 0.8774628043174744, "r2_var/100": 0, "pear_var/100": 0.12302407641754243, "r2_delta/100": 0.5825574994087219, "wass_dist/100": 0.43407253031897197, "r2_mean/50": 0.8555669784545898, "r2_var/50": 0, "pear_var/50": 0.06518563631752865, "r2_delta/50": 0.5311034321784973, "r2_mean/20": 0.8899639844894409, "r2_var/20": 0, "pear_var/20": -0.053669514686678105, "r2_delta/20": 0.5514240860939026, "wass_dist/20": 0.5188052575236293, "r2_mean/10": 0.7697551250457764, "r2_var/10": 0, "pear_var/10": -0.004910498933643563, "r2_delta/10": 0.6236473321914673, "wass_dist/10": 0.4934895418874629, "_timestamp": 1743892486.9562771, "_runtime": 1.7505202293395996, "_step": 0, "_wandb": {"runtime": 1}}