{"r2_mean/20000": 0.9481219053268433, "r2_var/20000": 0.23541921377182007, "pear_var/20000": 0.7292818920037268, "r2_delta/20000": 0.7986948490142822, "r2_mean/200": 0.8508172631263733, "r2_var/200": 0, "pear_var/200": 0.6988148669617422, "r2_delta/200": 0.8262974619865417, "r2_mean/100": 0.7971710562705994, "r2_var/100": 0, "pear_var/100": 0.75472682259345, "r2_delta/100": 0.8101115226745605, "wass_dist/100": 0.35586391557182234, "r2_mean/50": 0.6066896319389343, "r2_var/50": 0, "pear_var/50": 0.8201713467845089, "r2_delta/50": 0.560482382774353, "r2_mean/20": 0.4082149267196655, "r2_var/20": 0, "pear_var/20": 0.8375552138393167, "r2_delta/20": 0.339913010597229, "wass_dist/20": 0.540437880620395, "r2_mean/10": 0.4011306166648865, "r2_var/10": 0, "pear_var/10": 0.24831314141385116, "r2_delta/10": 0.2832033634185791, "wass_dist/10": 0.5498127406994036, "_timestamp": 1744127802.8453603, "_runtime": 1.868495225906372, "_step": 0, "_wandb": {"runtime": 1}}