{"r2_mean/20000": 0.905461311340332, "r2_var/20000": 0, "pear_var/20000": 0.41071459512966296, "r2_delta/20000": 0, "r2_mean/200": 0.9003043174743652, "r2_var/200": 0, "pear_var/200": 0.2858295023208898, "r2_delta/200": 0.5738714933395386, "r2_mean/100": 0.8762059211730957, "r2_var/100": 0, "pear_var/100": 0.1841686557322945, "r2_delta/100": 0.5782757997512817, "wass_dist/100": 0.43567069119741864, "r2_mean/50": 0.8417320251464844, "r2_var/50": 0, "pear_var/50": 0.16278405485141717, "r2_delta/50": 0.4861885905265808, "r2_mean/20": 0.8805382251739502, "r2_var/20": 0, "pear_var/20": 0.024889025296382775, "r2_delta/20": 0.5129988193511963, "wass_dist/20": 0.51565350845506, "r2_mean/10": 0.8896057605743408, "r2_var/10": 0, "pear_var/10": 0.013512394717387724, "r2_delta/10": 0.8195522427558899, "wass_dist/10": 0.4618217164924715, "_timestamp": 1743894164.434996, "_runtime": 1.3822507858276367, "_step": 0, "_wandb": {"runtime": 1}}