{"Gradients_by_loss rec_from_latent_pretrain/: px_r":4.937779522151686e-05,"Gradients_by_loss recover_latent/: encoder1":0.00018663719710157364,"r2_delta_criterion/10_all":0.44644068587910046,"MIG_BINNED/dis_latent_stack_tissue_train":0.6621357600331067,"Gradients_by_loss recover_latent/: mapper0":5.472463163269673e-05,"Gradients_by_loss rec_from_latent_pretrain/: encoder15":0,"_wandb":{"runtime":3743},"Gradients_by_loss recover_latent/: mapper12":0.0013848976122957965,"Gradients_by_loss rec_from_latent_pretrain/: encoder5":0,"Gradients_by_loss rec_from_latent_pretrain/: donor_embedder":0,"Gradients_by_loss recover_latent/: tissue_embedder":5.326685277395882e-05,"Gradients_by_loss recover_latent/: mapper4":0.0005003831837306082,"r2_var_criterion/20_all":0.2502374053001404,"Rec/R2_var_train":0.9925087094306946,"Gradients_by_loss rec_from_latent_pretrain/: mapper13":0,"Gradients_by_loss recover_latent/: donor_embedder":7.447142706951126e-05,"Gradients_by_loss recover_latent/: mapper_tissue_mapper":1.566030870863516e-05,"Gradients_by_loss rec_from_latent_pretrain/: mapper6":0,"r2_var_OOD/100_all":0.7532734274864197,"Gradients_by_loss rec_from_latent_pretrain/: encoder1":0,"Gradients_by_loss rec_from_latent_pretrain/: mapper4":0,"Gradients_by_loss recover_latent/: mapper3":0.0004110325523010459,"Gradients_by_loss recover_latent/: mapper15":0.001298863704631636,"r2_var_criterion/50_all":0.28539875420657074,"Gradients_by_loss recover_latent/: encoder10":0.0007484953643303746,"Gradients_by_loss rec_from_latent_pretrain/: mapper2":0,"r2_delta_OOD/50_all":0.5783758163452148,"Gradients_by_loss recover_latent/: encoder13":0.0003794348864662079,"r2_delta_OOD/100_all":0.5745158195495605,"Gradients_by_loss rec_from_latent_pretrain/: encoder_pretrain":0.0856309008008828,"Gradients_by_loss recover_latent/: encoder5":0.00037728694593669253,"Gradients_by_loss recover_latent/: mapper11":0.0012499348253926525,"losses/recover_latent":2.0484076404120934e-05,"important_notes":{"sha256":"67d32b0b8878790156aa0fc320702b76c39d3bb663becbb358a995f2ed66683a","size":7789,"path":"media/html/important_notes_0_67d32b0b8878790156aa.html","_type":"html-file"},"Gradients_by_loss recover_latent/: mapper5":0.00047318424627545584,"r2_mean_criterion/10_all":0.5257648554715243,"Gradients_by_loss recover_latent/: mapper14":0.0014643857143635227,"Gradients_by_loss rec_from_latent_pretrain/: mapper1":0,"Gradients_by_loss recover_latent/: mapper9":0.0010231743269466633,"Gradients_by_loss recover_latent/: encoder8":0.0035477165763960097,"Gradients_by_loss recover_latent/: encoder4":0.00136661869852973,"Gradients_by_loss recover_latent/: encoder_pretrain":0.00030722577091489664,"Gradients_by_loss recover_latent/: px_r":0,"wasserstein_OOD/10_all":0.32470711650520645,"Gradients_by_loss recover_latent/: encoder3":0.0007899342020241098,"Gradients_by_loss recover_latent/: encoder7":0.0005029576775955448,"Gradients_by_loss recover_latent/: mapper10":0.0010009292157149264,"_timestamp":1.7674338692182503e+09,"Gradients_by_loss recover_latent/: mapper13":0.001189532868692428,"Gradients_by_loss recover_latent/: mapper6":0.000617380164679671,"Rec/R2_mean_train":0.9982913732528687,"Gradients_by_loss rec_from_latent_pretrain/: mapper7":0,"Gradients_by_loss recover_latent/: encoder9":0.00011669154244426636,"Gradients_by_loss recover_latent/: encoder14":0.002158369926740207,"Gradients_by_loss rec_from_latent_pretrain/: encoder8":0,"Gradients_by_loss rec_from_latent_pretrain/: mapper0":0,"Gradients_by_loss recover_latent/: encoder2":0.0017085923577739902,"Gradients_by_loss rec_from_latent_pretrain/: mapper12":0,"wasserstein_criterion/10_all":0.34131837391441566,"Rec/Pearson_gene_train":0.6971203088760376,"Gradients_by_loss recover_latent/: mapper8":0.001114466500999793,"Gradients_by_loss recover_latent/: decoder":0,"Gradients_by_loss rec_from_latent_pretrain/: encoder6":0,"Gradients_by_loss recover_latent/: mapper7":0.0006158509858701374,"_runtime":3743.449944449,"r2_var_OOD/10_all":0.9346439242362976,"Gradients_by_loss rec_from_latent_pretrain/: mapper10":0,"Gradients_by_loss rec_from_latent_pretrain/: encoder3":0,"Gradients_by_loss rec_from_latent_pretrain/: encoder14":0,"Gradients_by_loss rec_from_latent_pretrain/: mapper_tissue_mapper":0,"Gradients_by_loss recover_latent/: encoder12":0.002212490924667262,"Gradients_by_loss rec_from_latent_pretrain/: encoder0":0,"r2_mean_OOD/20_all":0.6764013171195984,"r2_mean_criterion/20_all":0.6349178064953197,"Gradients_by_loss rec_from_latent_pretrain/: encoder10":0,"Gradients_by_loss recover_latent/: mapper1":6.432074219989342e-05,"r2_mean_OOD/100_all":0.6522992253303528,"r2_delta_OOD/20_all":0.705298900604248,"Gradients_by_loss recover_latent/: encoder0":0.00047630806390107664,"Gradients_by_loss rec_from_latent_pretrain/: mapper15":0,"Gradients_by_loss rec_from_latent_pretrain/: encoder2":0,"r2_var_criterion/10_all":0.36025637930089777,"_step":521,"r2_var_OOD/50_all":0.7439467906951904,"pear_var_criterion/avg_all":NaN,"r2_var_criterion/100_all":0.2520286657593467,"Gradients_by_loss recover_latent/: encoder6":0.0015749985180250356,"r2_mean_criterion/100_all":0.759349985556169,"r2_delta_criterion/20_all":0.44503107396039093,"r2_delta_criterion/100_all":0.48118713227185334,"Gradients_by_loss rec_from_latent_pretrain/: encoder4":0,"Gradients_by_loss rec_from_latent_pretrain/: mapper14":0,"Gradients_by_loss rec_from_latent_pretrain/: encoder12":0,"r2_delta_criterion/50_all":0.5107123093171553,"r2_mean_criterion/50_all":0.7655840516090393,"r2_var_OOD/20_all":0.8702402710914612,"Gradients_by_loss recover_latent/: encoder11":0.0026241307301737623,"Gradients_by_loss recover_latent/: mapper_donor_mapper":2.43895655443689e-05,"Gradients_by_loss rec_from_latent_pretrain/: mapper3":0,"Gradients_by_loss rec_from_latent_pretrain/: tissue_embedder":0,"Gradients_by_loss recover_latent/: mapper2":0.00038506321572512965,"r2_mean_OOD/50_all":0.6096498370170593,"Gradients_by_loss rec_from_latent_pretrain/: encoder9":0,"Gradients_by_loss rec_from_latent_pretrain/: encoder7":0,"losses/rec_from_latent_pretrain":0.6190989990405438,"Gradients_by_loss rec_from_latent_pretrain/: mapper5":0,"Gradients_by_loss rec_from_latent_pretrain/: mapper11":0,"Gradients_by_loss rec_from_latent_pretrain/: decoder":0.13663936940717797,"Rec/Pearson_sample_train":0.9499963521957397,"Gradients_by_loss rec_from_latent_pretrain/: mapper_donor_mapper":0,"Gradients_by_loss rec_from_latent_pretrain/: encoder11":0,"Gradients_by_loss rec_from_latent_pretrain/: mapper8":0,"r2_mean_OOD/10_all":0.8012963533401489,"Gradients_by_loss rec_from_latent_pretrain/: mapper9":0,"Gradients_by_loss recover_latent/: encoder15":0.0007823055185452628,"r2_delta_OOD/10_all":0.7529810667037964,"Gradients_by_loss rec_from_latent_pretrain/: encoder13":0}