{"r2_mean/20000": 0.8789082765579224, "r2_var/20000": 0, "pear_var/20000": 0.501403523212349, "r2_delta/20000": 0.6416769623756409, "r2_mean/200": 0.7536938786506653, "r2_var/200": 0, "pear_var/200": 0.22773354690743575, "r2_delta/200": 0.7423489093780518, "r2_mean/100": 0.7246055006980896, "r2_var/100": 0, "pear_var/100": 0.30301352652017666, "r2_delta/100": 0.7597862482070923, "wass_dist/100": 0.432810565278187, "r2_mean/50": 0.6176474094390869, "r2_var/50": 0, "pear_var/50": 0.2416394454997391, "r2_delta/50": 0.6450245976448059, "r2_mean/20": 0.15145021677017212, "r2_var/20": 0, "pear_var/20": 0.05585549451984851, "r2_delta/20": 0.06275904178619385, "wass_dist/20": 0.5825032493084815, "r2_mean/10": 0.6794501543045044, "r2_var/10": 0, "pear_var/10": 0.5527967592105782, "r2_delta/10": 0.6250832080841064, "wass_dist/10": 0.47914884488101495, "_timestamp": 1743903880.4040697, "_runtime": 1.5329537391662598, "_step": 0, "_wandb": {"runtime": 1}}