{"r2_mean/20000": 0.954418420791626, "r2_var/20000": 0, "pear_var/20000": 0.6309351499208071, "r2_delta/20000": 0.6384453773498535, "r2_mean/200": 0.937218964099884, "r2_var/200": 0, "pear_var/200": 0.4831386946863369, "r2_delta/200": 0.8352874517440796, "r2_mean/100": 0.9287217855453491, "r2_var/100": 0, "pear_var/100": 0.4339425507197556, "r2_delta/100": 0.8226136565208435, "wass_dist/100": 0.42783405924549234, "r2_mean/50": 0.9206205606460571, "r2_var/50": 0, "pear_var/50": 0.5578673673714638, "r2_delta/50": 0.7891759872436523, "r2_mean/20": 0.8987661004066467, "r2_var/20": 0, "pear_var/20": 0.109482495076982, "r2_delta/20": 0.6853241920471191, "wass_dist/20": 0.49424476417920216, "r2_mean/10": 0.7489533424377441, "r2_var/10": 0, "pear_var/10": -0.1725336875566762, "r2_delta/10": 0.6418161392211914, "wass_dist/10": 0.495023632062708, "_timestamp": 1744117236.7470891, "_runtime": 1.8815910816192627, "_step": 0, "_wandb": {"runtime": 1}}