{"Gradients_by_loss rec_from_latent_pretrain/: encoder3":0,"Gradients_by_loss recover_latent/: decoder":0,"Gradients_by_loss recover_latent/: mapper4":0.003794104353109936,"Gradients_by_loss recover_latent/: encoder7":0.0024244782153297574,"r2_var_criterion/20_all":0,"r2_mean_OOD/100_all":0.9791313409805298,"Gradients_by_loss rec_from_latent_pretrain/: mapper9":0,"pear_var_OOD/100_all":0.8073320220292839,"Gradients_by_loss recover_latent/: encoder12":0.004119759958497644,"Gradients_by_loss recover_latent/: encoder0":0.025194226985966867,"pear_var_criterion/avg_all":0.8865986455775507,"Gradients_by_loss recover_latent/: status_control_embedder":8.680754399392754e-05,"pear_var_OOD/10_all":0.94437244486156,"Gradients_by_loss rec_from_latent_pretrain/: mapper12":0,"Gradients_by_loss recover_latent/: encoder4":0.004946586644487983,"r2_delta_OOD/10_all":0.9770312905311584,"Gradients_by_loss rec_from_latent_pretrain/: encoder7":0,"r2_var_criterion/100_all":0,"Rec/R2_mean_train":0.9996199607849121,"Gradients_by_loss recover_latent/: mapper13":0.005272381959165652,"Gradients_by_loss recover_latent/: encoder1":0.01632900923522914,"r2_mean_criterion/10_all":0.9718552827835083,"Gradients_by_loss recover_latent/: mapper10":0.004364604775199532,"pear_var_criterion/10_all":0.9654799356266421,"Gradients_by_loss recover_latent/: px_r":0,"wasserstein_OOD/100_all":0.23612620215535224,"losses/recover_latent":0.00012904433571787918,"_step":521,"Gradients_by_loss recover_latent/: encoder5":0.0016334872902151855,"Gradients_by_loss rec_from_latent_pretrain/: mapper14":0,"r2_mean_criterion/50_all":0.9765413999557495,"Gradients_by_loss rec_from_latent_pretrain/: mapper15":0,"_runtime":2541.28034333,"Gradients_by_loss rec_from_latent_pretrain/: mapper4":0,"Gradients_by_loss recover_latent/: mapper5":0.0037821360511798518,"wasserstein_criterion/100_all":0.2577205557174127,"Gradients_by_loss rec_from_latent_pretrain/: status_control_embedder":0,"Gradients_by_loss recover_latent/: encoder13":0.002395672680854777,"wasserstein_criterion/10_all":0.20838944572610768,"pear_var_criterion/50_all":0.8504604758784978,"Gradients_by_loss recover_latent/: encoder_pretrain":0.003158203431361957,"Gradients_by_loss rec_from_latent_pretrain/: encoder11":0,"Gradients_by_loss recover_latent/: encoder8":0.004062065152825493,"r2_var_OOD/50_all":0,"r2_delta_OOD/20_all":0.9700313806533813,"r2_delta_criterion/50_all":0.9285618662834167,"Gradients_by_loss rec_from_latent_pretrain/: mapper10":0,"r2_var_OOD/10_all":0.10816359519958496,"r2_var_OOD/100_all":0,"Gradients_by_loss recover_latent/: encoder11":0.012679036244737985,"Gradients_by_loss rec_from_latent_pretrain/: mapper7":0,"pear_var_OOD/50_all":0.8538187915227476,"r2_mean_OOD/10_all":0.9907450675964355,"Gradients_by_loss recover_latent/: encoder10":0.0015354539926704031,"wasserstein_OOD/10_all":0.15450112344458317,"Gradients_by_loss recover_latent/: mapper11":0.005650561875230305,"Gradients_by_loss rec_from_latent_pretrain/: zone_embedder":0,"Gradients_by_loss rec_from_latent_pretrain/: encoder9":0,"Gradients_by_loss rec_from_latent_pretrain/: encoder15":0,"r2_delta_criterion/10_all":0.9566272497177124,"Gradients_by_loss recover_latent/: mapper_coarse_time_mapper":6.411216094718678e-05,"Rec/Pearson_sample_train":0.9813898801803589,"r2_delta_criterion/20_all":0.9554076194763184,"pear_var_criterion/100_all":0.8146559115467615,"Gradients_by_loss recover_latent/: encoder15":0.009637043456594552,"Rec/Pearson_gene_train":0.5499780178070068,"r2_delta_criterion/100_all":0.9176812171936035,"Gradients_by_loss rec_from_latent_pretrain/: px_r":0.00023919498198665679,"Gradients_by_loss rec_from_latent_pretrain/: mapper5":0,"important_notes":{"size":8425,"path":"media/html/important_notes_0_a7661fd9f4defff69f90.html","_type":"html-file","sha256":"a7661fd9f4defff69f909c7eee6958badc8245fe13e8f7ebc53e63ff98294116"},"Gradients_by_loss recover_latent/: mapper9":0.004550777090145524,"Gradients_by_loss recover_latent/: mapper2":0.0041872228863308785,"Gradients_by_loss rec_from_latent_pretrain/: encoder1":0,"Gradients_by_loss rec_from_latent_pretrain/: encoder0":0,"Gradients_by_loss rec_from_latent_pretrain/: encoder8":0,"Gradients_by_loss rec_from_latent_pretrain/: encoder14":0,"Gradients_by_loss recover_latent/: encoder9":0.008327974315912808,"MIG_BINNED/dis_latent_stack_status_control_train":0.6764499987608805,"Gradients_by_loss recover_latent/: encoder6":0.010072033715134793,"r2_delta_OOD/100_all":0.9287912845611572,"r2_mean_criterion/20_all":0.9802358150482178,"Gradients_by_loss rec_from_latent_pretrain/: encoder13":0,"r2_delta_OOD/50_all":0.9519538283348083,"Gradients_by_loss recover_latent/: encoder3":0.00291081400557539,"Gradients_by_loss rec_from_latent_pretrain/: mapper2":0,"Gradients_by_loss recover_latent/: mapper14":0.0054021363471940835,"Gradients_by_loss recover_latent/: mapper15":0.006818204498488021,"Gradients_by_loss rec_from_latent_pretrain/: mapper_zone_mapper":0,"Gradients_by_loss rec_from_latent_pretrain/: mapper0":0,"pear_var_criterion/20_all":0.9157982592583018,"Gradients_by_loss rec_from_latent_pretrain/: encoder6":0,"r2_mean_criterion/100_all":0.9806469678878784,"Gradients_by_loss rec_from_latent_pretrain/: mapper13":0,"Gradients_by_loss recover_latent/: mapper12":0.00525570249589936,"Gradients_by_loss rec_from_latent_pretrain/: encoder2":0,"Gradients_by_loss rec_from_latent_pretrain/: mapper1":0,"Gradients_by_loss rec_from_latent_pretrain/: encoder4":0,"Gradients_by_loss recover_latent/: zone_embedder":0.0002833089092746377,"_wandb":{"runtime":2541},"r2_var_criterion/50_all":0,"Gradients_by_loss rec_from_latent_pretrain/: mapper_coarse_time_mapper":0,"Gradients_by_loss recover_latent/: mapper1":0.003483352638946658,"Gradients_by_loss recover_latent/: encoder2":0.0027901152607842225,"Gradients_by_loss rec_from_latent_pretrain/: mapper3":0,"Gradients_by_loss recover_latent/: mapper6":0.004457726944220399,"Gradients_by_loss rec_from_latent_pretrain/: mapper_status_control_mapper":0,"_timestamp":1.7684701211287158e+09,"Gradients_by_loss rec_from_latent_pretrain/: mapper6":0,"Gradients_by_loss rec_from_latent_pretrain/: coarse_time_embedder":0,"Rec/R2_var_train":0.9993599653244019,"Gradients_by_loss recover_latent/: encoder14":0.0055459855546834275,"Gradients_by_loss rec_from_latent_pretrain/: decoder":0.32743786784208523,"Gradients_by_loss recover_latent/: mapper8":0.004131465102570764,"Gradients_by_loss rec_from_latent_pretrain/: encoder12":0,"losses/rec_from_latent_pretrain":6.513182326824996,"Gradients_by_loss recover_latent/: mapper_status_control_mapper":5.934890105859536e-05,"Gradients_by_loss recover_latent/: mapper0":0.0032799820882821545,"Gradients_by_loss rec_from_latent_pretrain/: encoder_pretrain":0.39083020019988907,"Gradients_by_loss recover_latent/: mapper3":0.004006609286158007,"Gradients_by_loss rec_from_latent_pretrain/: encoder10":0,"Gradients_by_loss rec_from_latent_pretrain/: mapper8":0,"r2_mean_OOD/20_all":0.983291745185852,"Gradients_by_loss recover_latent/: mapper7":0.004245244970565173,"pear_var_OOD/20_all":0.9300495771702136,"r2_mean_OOD/50_all":0.9817107915878296,"Gradients_by_loss recover_latent/: coarse_time_embedder":0.0002800210495479405,"Gradients_by_loss rec_from_latent_pretrain/: mapper11":0,"Gradients_by_loss recover_latent/: mapper_zone_mapper":7.575174169905459e-05,"r2_var_OOD/20_all":0,"r2_var_criterion/10_all":0,"Gradients_by_loss rec_from_latent_pretrain/: encoder5":0}