{"r2_mean/20000": 0.9045968651771545, "r2_var/20000": 0, "pear_var/20000": 0.4502129446672929, "r2_delta/20000": 0.05129140615463257, "r2_mean/200": 0.8818771243095398, "r2_var/200": 0, "pear_var/200": 0.30397112899638207, "r2_delta/200": 0.6375870704650879, "r2_mean/100": 0.8540213704109192, "r2_var/100": 0, "pear_var/100": 0.22259722015442748, "r2_delta/100": 0.6120560765266418, "wass_dist/100": 0.4368182451724193, "r2_mean/50": 0.8152923583984375, "r2_var/50": 0, "pear_var/50": 0.24358981486778086, "r2_delta/50": 0.5227091312408447, "r2_mean/20": 0.8343794941902161, "r2_var/20": 0, "pear_var/20": 0.012235224937134068, "r2_delta/20": 0.45920485258102417, "wass_dist/20": 0.4908490385932791, "r2_mean/10": 0.5366603136062622, "r2_var/10": 0, "pear_var/10": -0.47580077356893824, "r2_delta/10": 0.24248266220092773, "wass_dist/10": 0.48871217136013023, "_timestamp": 1743874948.1361814, "_runtime": 1.451883316040039, "_step": 0, "_wandb": {"runtime": 1}}