{"Gradients_by_loss rec_from_latent_pretrain/: encoder_pretrain":0.445164380346268,"r2_mean_criterion/10_all":0.7928271293640137,"Gradients_by_loss recover_latent/: mapper13":0.0028012711992669273,"Gradients_by_loss recover_latent/: encoder0":0.008697754954482799,"r2_var_OOD/50_all":0,"Gradients_by_loss rec_from_latent_pretrain/: mapper8":0,"Rec/Pearson_gene_train":0.5467063784599304,"Gradients_by_loss rec_from_latent_pretrain/: encoder6":0,"Gradients_by_loss recover_latent/: encoder2":0.007226147941485503,"Gradients_by_loss recover_latent/: mapper_zone_mapper":8.227046307191326e-05,"Gradients_by_loss recover_latent/: encoder1":0.003827589871045399,"Gradients_by_loss rec_from_latent_pretrain/: decoder":0.4071402427878619,"r2_mean_OOD/50_all":0.9302645921707153,"r2_var_OOD/10_all":0,"pear_var_OOD/10_all":0.9580065443691865,"r2_mean_criterion/100_all":0.9421287775039673,"r2_mean_criterion/50_all":0.9280438423156738,"Rec/R2_var_train":0.9966621398925781,"r2_var_criterion/50_all":0,"Gradients_by_loss recover_latent/: mapper10":0.002815458025495156,"Gradients_by_loss rec_from_latent_pretrain/: encoder3":0,"wasserstein_OOD/10_all":0.2851544956158617,"pear_var_criterion/avg_all":0.8524289521591417,"Gradients_by_loss recover_latent/: encoder9":0.00799351734196383,"Gradients_by_loss recover_latent/: encoder6":0.0009187662934051495,"Gradients_by_loss rec_from_latent_pretrain/: encoder12":0,"r2_delta_OOD/50_all":0.7869311571121216,"Gradients_by_loss rec_from_latent_pretrain/: mapper2":0,"pear_var_OOD/20_all":0.9032762384805259,"Gradients_by_loss rec_from_latent_pretrain/: coarse_time_embedder":0,"_runtime":2216.583862569,"Gradients_by_loss rec_from_latent_pretrain/: mapper7":0,"Gradients_by_loss recover_latent/: mapper9":0.0029815404232045027,"Gradients_by_loss recover_latent/: zone_embedder":0.0002099384437315166,"_timestamp":1.768460558786659e+09,"Gradients_by_loss rec_from_latent_pretrain/: zone_embedder":0,"Rec/Pearson_sample_train":0.9804807901382446,"Gradients_by_loss recover_latent/: encoder7":0.0044084735020793785,"r2_delta_criterion/10_all":0.48186784982681274,"r2_var_criterion/10_all":0,"Gradients_by_loss rec_from_latent_pretrain/: encoder1":0,"Gradients_by_loss rec_from_latent_pretrain/: mapper0":0,"Gradients_by_loss recover_latent/: decoder":0,"pear_var_criterion/20_all":0.9246821408724631,"Gradients_by_loss rec_from_latent_pretrain/: encoder8":0,"r2_mean_OOD/20_all":0.9173087477684021,"r2_delta_criterion/20_all":0.7833698391914368,"Gradients_by_loss recover_latent/: encoder15":0.001894296478011048,"Gradients_by_loss rec_from_latent_pretrain/: mapper4":0,"Gradients_by_loss rec_from_latent_pretrain/: mapper11":0,"Gradients_by_loss recover_latent/: mapper1":0.0009236819670515522,"Gradients_by_loss recover_latent/: encoder14":0.0032157466090821174,"Gradients_by_loss recover_latent/: encoder12":0.0006752974901697698,"pear_var_criterion/10_all":0.9467454417351162,"Gradients_by_loss rec_from_latent_pretrain/: mapper13":0,"Gradients_by_loss rec_from_latent_pretrain/: mapper5":0,"pear_var_criterion/100_all":0.7566639313706597,"pear_var_OOD/50_all":0.7593711694037486,"Gradients_by_loss recover_latent/: encoder11":0.002192348276447137,"Gradients_by_loss recover_latent/: mapper8":0.0024188861311238118,"r2_var_OOD/20_all":0,"Gradients_by_loss recover_latent/: mapper2":0.00179088610245007,"Gradients_by_loss recover_latent/: mapper11":0.002846476881145564,"Gradients_by_loss rec_from_latent_pretrain/: mapper_zone_mapper":0,"Gradients_by_loss recover_latent/: mapper_coarse_time_mapper":5.782166084393929e-05,"Gradients_by_loss rec_from_latent_pretrain/: encoder0":0,"Gradients_by_loss rec_from_latent_pretrain/: encoder11":0,"losses/recover_latent":0.00010409182660207657,"Gradients_by_loss recover_latent/: mapper12":0.002692001485702847,"Gradients_by_loss rec_from_latent_pretrain/: encoder7":0,"Gradients_by_loss rec_from_latent_pretrain/: mapper6":0,"Gradients_by_loss recover_latent/: encoder8":0.008880643282398775,"Gradients_by_loss rec_from_latent_pretrain/: mapper9":0,"Gradients_by_loss rec_from_latent_pretrain/: mapper3":0,"_wandb":{"runtime":2216},"Gradients_by_loss rec_from_latent_pretrain/: encoder14":0,"Gradients_by_loss rec_from_latent_pretrain/: encoder15":0,"_step":521,"Gradients_by_loss recover_latent/: mapper14":0.002893916982032056,"Rec/R2_mean_train":0.9994108080863953,"Gradients_by_loss recover_latent/: encoder_pretrain":0.0019755447681756976,"r2_var_criterion/100_all":0,"Gradients_by_loss rec_from_latent_pretrain/: mapper14":0,"Gradients_by_loss recover_latent/: mapper0":0.0006568043715286378,"r2_mean_OOD/10_all":0.9018805027008057,"pear_var_OOD/100_all":0.7107137775612982,"wasserstein_criterion/10_all":0.3745047488778611,"pear_var_criterion/50_all":0.7816242946583277,"Gradients_by_loss recover_latent/: encoder3":0.00662086906743024,"r2_delta_OOD/20_all":0.8125196099281311,"Gradients_by_loss recover_latent/: mapper4":0.0019813963091525485,"Gradients_by_loss rec_from_latent_pretrain/: encoder2":0,"Gradients_by_loss rec_from_latent_pretrain/: mapper_coarse_time_mapper":0,"Gradients_by_loss rec_from_latent_pretrain/: mapper10":0,"wasserstein_criterion/100_all":0.296367292468064,"Gradients_by_loss recover_latent/: mapper_status_control_mapper":6.052108231819224e-05,"Gradients_by_loss recover_latent/: mapper3":0.002038560030016986,"Gradients_by_loss recover_latent/: coarse_time_embedder":0.0002884450659621507,"r2_delta_criterion/50_all":0.8102610111236572,"Gradients_by_loss recover_latent/: mapper15":0.002879569569281177,"Gradients_by_loss recover_latent/: encoder10":0.001316236958103986,"Gradients_by_loss recover_latent/: status_control_embedder":0.0001628159952815622,"MIG_BINNED/dis_latent_stack_status_control_train":0.6746172534163597,"Gradients_by_loss rec_from_latent_pretrain/: mapper15":0,"Gradients_by_loss recover_latent/: mapper5":0.0018344566199234506,"Gradients_by_loss rec_from_latent_pretrain/: encoder10":0,"r2_mean_criterion/20_all":0.8797791600227356,"Gradients_by_loss rec_from_latent_pretrain/: mapper_status_control_mapper":0,"r2_var_criterion/20_all":0,"Gradients_by_loss rec_from_latent_pretrain/: status_control_embedder":0,"r2_delta_OOD/10_all":0.8479365110397339,"r2_var_OOD/100_all":0,"Gradients_by_loss recover_latent/: mapper6":0.001733767671808485,"Gradients_by_loss recover_latent/: encoder5":0.0028278221615794623,"Gradients_by_loss rec_from_latent_pretrain/: encoder13":0,"Gradients_by_loss rec_from_latent_pretrain/: mapper12":0,"Gradients_by_loss rec_from_latent_pretrain/: encoder4":0,"Gradients_by_loss recover_latent/: encoder13":0.001429794937368132,"Gradients_by_loss recover_latent/: mapper7":0.0018105118414852913,"Gradients_by_loss rec_from_latent_pretrain/: encoder9":0,"r2_mean_OOD/100_all":0.9518728852272034,"Gradients_by_loss rec_from_latent_pretrain/: encoder5":0,"Gradients_by_loss rec_from_latent_pretrain/: px_r":0.00027752225287258625,"Gradients_by_loss rec_from_latent_pretrain/: mapper1":0,"r2_delta_OOD/100_all":0.7945014238357544,"r2_delta_criterion/100_all":0.8019750118255615,"losses/rec_from_latent_pretrain":6.469388285348582,"Gradients_by_loss recover_latent/: px_r":0,"important_notes":{"size":8420,"path":"media/html/important_notes_0_9acaa0efbd7282e3bb27.html","_type":"html-file","sha256":"9acaa0efbd7282e3bb2786e7cbaa7b321e4e95bc5d36acaf7826f65df7f63548"},"Gradients_by_loss recover_latent/: encoder4":0.003418599855860953,"wasserstein_OOD/100_all":0.29259829021741707}