{"r2_mean/20":0.3598294258117676,"pear_var/200":0.29666753825999276,"_timestamp":1.7438286115030596e+09,"r2_delta/20":0.039921581745147705,"pear_var/20":0.08466952546831834,"r2_var/50":0,"_step":0,"pear_var/50":0.3384920466050025,"pear_var/10":0.4982912805650901,"_runtime":0.59359435,"r2_var/20":0,"r2_mean/100":0.6703378558158875,"r2_delta/10":0.5637973546981812,"wass_dist/100":0.5883431422239612,"r2_delta/50":0.949689507484436,"_wandb":{"runtime":0},"wass_dist/10":0.48697429913962387,"r2_delta/100":0.9997885227203369,"r2_var/100":0,"r2_var/20000":0,"pear_var/100":0.27508018625082925,"r2_delta/20000":0.9989703297615051,"r2_delta/200":0.9996674656867981,"r2_mean/10":0.7874153852462769,"r2_mean/200":0.6709388494491577,"r2_var/200":0,"wass_dist/20":0.6313847413117613,"r2_var/10":0,"r2_mean/50":0.6393067240715027,"pear_var/20000":0.5753349870611671,"r2_mean/20000":0.6820927858352661}