{"r2_mean/20000": 0.8230376243591309, "r2_var/20000": 0.14020615816116333, "pear_var/20000": 0.5367594281791237, "r2_delta/20000": 0.47634977102279663, "r2_mean/200": 0.43052852153778076, "r2_var/200": 0, "pear_var/200": 0.2663068878328705, "r2_delta/200": 0.40429848432540894, "r2_mean/100": 0.20141136646270752, "r2_var/100": 0, "pear_var/100": 0.3561451064850853, "r2_delta/100": 0.30342841148376465, "wass_dist/100": 0.611848994051081, "r2_mean/50": 0, "r2_var/50": 0, "pear_var/50": 0.28190176938787215, "r2_delta/50": 0, "r2_mean/20": 0, "r2_var/20": 0, "pear_var/20": -0.10788881628344447, "r2_delta/20": 0, "wass_dist/20": 1.3522049644020577, "r2_mean/10": 0, "r2_var/10": 0, "pear_var/10": 0.1424123107242109, "r2_delta/10": 0, "wass_dist/10": 1.5225701814835533, "_timestamp": 1744208367.0919797, "_runtime": 1.755631685256958, "_step": 0, "_wandb": {"runtime": 1}}