{"r2_var/50":0,"pear_var/20":0.784191965052909,"r2_var/100":0,"r2_delta/20000":0.9956193566322327,"pear_var/100":0.7576703714631754,"r2_mean/10":0.625503659248352,"r2_delta/50":0.9953984022140503,"pear_var/10":0.7939033123840634,"r2_var/20000":0,"r2_delta/10":0,"_step":0,"r2_delta/20":0,"r2_delta/100":0.9963560700416565,"_timestamp":1.7438237768799024e+09,"wass_dist/10":0.48862412465764243,"r2_delta/200":0.9946114420890808,"pear_var/20000":0.49233295846564573,"pear_var/50":0.6672452025341878,"_runtime":0.578290485,"pear_var/200":0.6629737210145141,"r2_mean/100":0.8302431702613831,"r2_mean/20":0.4514119029045105,"r2_mean/200":0.8222467303276062,"r2_var/10":0,"wass_dist/100":0.3822168565849536,"_wandb":{"runtime":0},"r2_var/20":0,"r2_mean/50":0.8058834671974182,"r2_mean/20000":0.8463233113288879,"wass_dist/20":0.4799826844168698,"r2_var/200":0}