{"r2_mean/20000": 0.92404705286026, "r2_var/20000": 0, "pear_var/20000": 0.539121558266483, "r2_delta/20000": 0.7052760124206543, "r2_mean/200": 0.8462305665016174, "r2_var/200": 0, "pear_var/200": 0.3467145055406119, "r2_delta/200": 0.8209568858146667, "r2_mean/100": 0.8224905133247375, "r2_var/100": 0, "pear_var/100": 0.3870378125607786, "r2_delta/100": 0.8338155746459961, "wass_dist/100": 0.36562090423047466, "r2_mean/50": 0.6600136160850525, "r2_var/50": 0, "pear_var/50": 0.4298032989656078, "r2_delta/50": 0.6200710535049438, "r2_mean/20": 0.5811691284179688, "r2_var/20": 0, "pear_var/20": 0.3986600508971959, "r2_delta/20": 0.532829225063324, "wass_dist/20": 0.5016247207525987, "r2_mean/10": 0.6063454151153564, "r2_var/10": 0, "pear_var/10": -0.04653090413554739, "r2_delta/10": 0.528828501701355, "wass_dist/10": 0.4361070262773016, "_timestamp": 1743897437.0457804, "_runtime": 1.3172903060913086, "_step": 0, "_wandb": {"runtime": 1}}