{"r2_mean/20000": 0.7801896333694458, "r2_var/20000": 0, "pear_var/20000": 0.4774775417006744, "r2_delta/20000": 0.0017336606979370117, "r2_mean/200": 0.6012363433837891, "r2_var/200": 0, "pear_var/200": 0.37444709562130907, "r2_delta/200": 0.354137659072876, "r2_mean/100": 0.5832699537277222, "r2_var/100": 0, "pear_var/100": 0.3628617266708434, "r2_delta/100": 0.4259127378463745, "wass_dist/100": 0.5219492162015968, "r2_mean/50": 0.44636034965515137, "r2_var/50": 0, "pear_var/50": 0.4147151225841919, "r2_delta/50": 0.22659265995025635, "r2_mean/20": 0.3343372941017151, "r2_var/20": 0, "pear_var/20": 0.41894930606394826, "r2_delta/20": 0, "wass_dist/20": 0.7653425808908569, "r2_mean/10": 0.3893749713897705, "r2_var/10": 0, "pear_var/10": 0.759845941354848, "r2_delta/10": 0.18755793571472168, "wass_dist/10": 0.5954082860595135, "_timestamp": 1743908022.877557, "_runtime": 1.6706840991973877, "_step": 0, "_wandb": {"runtime": 1}}