{"r2_var/20":0,"r2_delta/200":0.9996163845062256,"r2_mean/10":0.8542136549949646,"r2_delta/10":0.6140901446342468,"r2_var/100":0,"r2_mean/50":0.7539027333259583,"r2_mean/20":0.7203132510185242,"_runtime":0.699974497,"pear_var/10":-0.18382573525510437,"r2_mean/200":0.7774578332901001,"r2_var/50":0,"pear_var/100":0.6129879431061089,"r2_delta/20":0.5823119282722473,"pear_var/20":0.643541121346187,"pear_var/50":0.655355671671752,"r2_delta/100":0.998647928237915,"_step":0,"r2_var/10":0,"pear_var/20000":0.6434071711503634,"r2_var/200":0,"_timestamp":1.7438277301475506e+09,"pear_var/200":0.5036122769212071,"r2_var/20000":0,"wass_dist/10":0.4273278115424506,"r2_mean/100":0.7883567810058594,"r2_mean/20000":0.7106689214706421,"wass_dist/100":0.5281715098818388,"r2_delta/20000":0.9982056021690369,"wass_dist/20":0.5288592302121476,"_wandb":{"runtime":0},"r2_delta/50":0.8672282695770264}