{"r2_mean_criterion/10_all":0.8784321972302028,"Gradients_by_loss recover_latent/: encoder_pretrain":5.107093443399574e-06,"Gradients_by_loss rec_from_latent_pretrain/: mapper13":0,"Gradients_by_loss rec_from_latent_pretrain/: cell_type_embedder":0,"Gradients_by_loss rec_from_latent_pretrain/: decoder":0.05012274209127963,"Gradients_by_loss recover_latent/: encoder8":4.504797198720926e-06,"Gradients_by_loss recover_latent/: mapper11":3.2187082404463334e-05,"Gradients_by_loss recover_latent/: decoder":0,"Gradients_by_loss recover_latent/: mapper4":1.0952315799460968e-05,"_timestamp":1.7683601776320379e+09,"Gradients_by_loss rec_from_latent_pretrain/: mapper15":0,"Gradients_by_loss rec_from_latent_pretrain/: encoder4":0,"Gradients_by_loss recover_latent/: mapper10":2.476008532079466e-05,"r2_delta_OOD/100_all":0.9146918654441833,"r2_mean_criterion/50_all":0.9467232312474932,"Gradients_by_loss recover_latent/: encoder11":7.348430898342037e-05,"r2_delta_criterion/50_all":0.8808005196707589,"Gradients_by_loss rec_from_latent_pretrain/: encoder7":0,"Gradients_by_loss rec_from_latent_pretrain/: encoder11":0,"Gradients_by_loss rec_from_latent_pretrain/: encoder2":0,"Gradients_by_loss rec_from_latent_pretrain/: encoder8":0,"Gradients_by_loss recover_latent/: encoder12":5.4041091178856376e-05,"_step":521,"Gradients_by_loss recover_latent/: mapper3":1.12842494225826e-05,"Gradients_by_loss rec_from_latent_pretrain/: mapper12":0,"Gradients_by_loss recover_latent/: encoder15":2.451778536531312e-05,"Gradients_by_loss recover_latent/: encoder4":1.4451002561127035e-05,"pear_var_criterion/avg_all":NaN,"Gradients_by_loss recover_latent/: encoder2":2.897965539268765e-05,"r2_mean_OOD/20_all":0.9702929258346558,"Gradients_by_loss recover_latent/: encoder7":3.200586988042328e-05,"r2_delta_OOD/10_all":0.9442571997642517,"Gradients_by_loss recover_latent/: mapper0":8.418104306491141e-06,"r2_delta_criterion/20_all":0.7776536175182888,"losses/rec_from_latent_pretrain":2.319194356573152,"Gradients_by_loss recover_latent/: mapper2":1.2565192610935926e-05,"Rec/R2_var_train":0.986222505569458,"Rec/Pearson_gene_train":0.7299036183879468,"Gradients_by_loss rec_from_latent_pretrain/: mapper4":0,"Gradients_by_loss rec_from_latent_pretrain/: encoder1":0,"r2_mean_criterion/100_all":0.9585897071020943,"r2_mean_OOD/100_all":0.9633108973503113,"Gradients_by_loss recover_latent/: mapper_condition_mapper":3.336584857624451e-07,"Gradients_by_loss recover_latent/: mapper14":3.1934120820188363e-05,"Gradients_by_loss rec_from_latent_pretrain/: encoder10":0,"Gradients_by_loss rec_from_latent_pretrain/: mapper6":0,"Gradients_by_loss rec_from_latent_pretrain/: mapper_condition_mapper":0,"Gradients_by_loss recover_latent/: cell_type_embedder":6.818666520302941e-07,"r2_delta_OOD/20_all":0.9039071798324585,"Gradients_by_loss rec_from_latent_pretrain/: mapper0":0,"Gradients_by_loss recover_latent/: mapper9":2.5441248871881568e-05,"r2_delta_criterion/100_all":0.9081348691667829,"Gradients_by_loss recover_latent/: encoder13":2.9189704184787726e-05,"Gradients_by_loss recover_latent/: mapper8":2.3032255529530196e-05,"Gradients_by_loss recover_latent/: encoder3":1.4489040673091734e-05,"Gradients_by_loss recover_latent/: encoder6":6.867159595946842e-06,"r2_delta_criterion/10_all":0.7376413430486407,"Rec/R2_mean_train":0.9974442720413208,"Rec/Pearson_sample_train":0.9588406085968018,"Gradients_by_loss rec_from_latent_pretrain/: mapper11":0,"important_notes":{"_type":"html-file","sha256":"93d907b0180576b165ac82addf2a911c8c47b1b67874565e3db0c44974109762","size":7778,"path":"media/html/important_notes_0_93d907b0180576b165ac.html"},"Gradients_by_loss rec_from_latent_pretrain/: mapper5":0,"r2_delta_OOD/50_all":0.9193248748779297,"Gradients_by_loss recover_latent/: condition_embedder":3.1084621809895907e-07,"Gradients_by_loss recover_latent/: px_r":0,"Gradients_by_loss rec_from_latent_pretrain/: mapper2":0,"Gradients_by_loss rec_from_latent_pretrain/: encoder9":0,"Gradients_by_loss rec_from_latent_pretrain/: mapper_cell_type_mapper":0,"Gradients_by_loss recover_latent/: encoder1":9.160521552574302e-06,"MIG_BINNED/dis_latent_stack_condition_train":0.6795275643099244,"Gradients_by_loss recover_latent/: encoder10":2.348348405547809e-07,"_runtime":1990.47077696,"Gradients_by_loss rec_from_latent_pretrain/: encoder12":0,"Gradients_by_loss recover_latent/: encoder14":4.694060679274629e-06,"Gradients_by_loss rec_from_latent_pretrain/: condition_embedder":0,"wasserstein_criterion/10_all":0.21421379483719596,"Gradients_by_loss rec_from_latent_pretrain/: px_r":1.4901273971190676e-05,"Gradients_by_loss rec_from_latent_pretrain/: encoder14":0,"wasserstein_criterion/100_all":0.21878655248767767,"Gradients_by_loss recover_latent/: mapper7":2.5627802152816837e-05,"Gradients_by_loss rec_from_latent_pretrain/: encoder3":0,"Gradients_by_loss rec_from_latent_pretrain/: encoder0":0,"Gradients_by_loss recover_latent/: encoder5":0.00010002613134212264,"r2_mean_criterion/20_all":0.8947435958044869,"Gradients_by_loss rec_from_latent_pretrain/: encoder5":0,"Gradients_by_loss rec_from_latent_pretrain/: mapper10":0,"Gradients_by_loss rec_from_latent_pretrain/: encoder6":0,"Gradients_by_loss recover_latent/: encoder0":4.5781998054106335e-05,"r2_mean_OOD/10_all":0.9843518137931824,"Gradients_by_loss recover_latent/: mapper_cell_type_mapper":4.0720373361926296e-07,"r2_mean_OOD/50_all":0.9627256989479065,"Gradients_by_loss rec_from_latent_pretrain/: mapper7":0,"Gradients_by_loss rec_from_latent_pretrain/: mapper1":0,"Gradients_by_loss recover_latent/: mapper5":2.9269627278151775e-05,"Gradients_by_loss rec_from_latent_pretrain/: encoder_pretrain":0.011097151339203437,"Gradients_by_loss recover_latent/: mapper15":3.3164140542064e-05,"Gradients_by_loss recover_latent/: mapper1":8.54450127927996e-06,"wasserstein_OOD/100_all":0.24036493968315956,"Gradients_by_loss recover_latent/: encoder9":4.086481762694467e-05,"losses/recover_latent":5.450796785412747e-05,"wasserstein_OOD/10_all":0.169332176307781,"Gradients_by_loss recover_latent/: mapper6":2.6349799931861562e-05,"Gradients_by_loss rec_from_latent_pretrain/: mapper8":0,"Gradients_by_loss rec_from_latent_pretrain/: mapper9":0,"Gradients_by_loss rec_from_latent_pretrain/: mapper14":0,"Gradients_by_loss rec_from_latent_pretrain/: mapper3":0,"Gradients_by_loss rec_from_latent_pretrain/: encoder13":0,"Gradients_by_loss rec_from_latent_pretrain/: encoder15":0,"Gradients_by_loss recover_latent/: mapper13":3.433164031136309e-05,"_wandb":{"runtime":1990},"Gradients_by_loss recover_latent/: mapper12":3.4234519977699954e-05}