{"r2_mean/20000": 0.8389980792999268, "r2_var/20000": 0, "pear_var/20000": 0.4332329552596216, "r2_delta/20000": 0, "r2_mean/200": 0.8056313991546631, "r2_var/200": 0, "pear_var/200": 0.27121419229999993, "r2_delta/200": 0.49005377292633057, "r2_mean/100": 0.8290589451789856, "r2_var/100": 0, "pear_var/100": 0.13442783431565616, "r2_delta/100": 0.5745880603790283, "wass_dist/100": 0.4756839840973452, "r2_mean/50": 0.7783980369567871, "r2_var/50": 0, "pear_var/50": 0.10653081830535514, "r2_delta/50": 0.4114466905593872, "r2_mean/20": 0.7570697069168091, "r2_var/20": 0, "pear_var/20": -0.3589690713145213, "r2_delta/20": 0.2448742389678955, "wass_dist/20": 0.6063756526436871, "r2_mean/10": 0.6126359701156616, "r2_var/10": 0, "pear_var/10": -0.18109990557454153, "r2_delta/10": 0.4473235607147217, "wass_dist/10": 0.574265417051829, "_timestamp": 1743887191.522047, "_runtime": 2.552605152130127, "_step": 0, "_wandb": {"runtime": 2}}