{"pear_var/10":0.45497999285386165,"_wandb":{"runtime":0},"r2_var/100":0,"r2_mean/100":0.7445900440216064,"pear_var/200":0.33404658891195316,"wass_dist/100":0.4212073504597299,"pear_var/50":0.02137643390670104,"r2_mean/200":0.7981470823287964,"r2_delta/200":0.9961885809898376,"pear_var/20":0.047556355485599396,"r2_var/20000":0,"r2_mean/20":0.8253347873687744,"r2_var/20":0,"pear_var/100":0.1525503341269307,"wass_dist/10":0.4244783955098037,"r2_delta/50":0.9961686730384827,"r2_delta/100":0.9956067204475403,"r2_var/200":0,"r2_mean/50":0.631641149520874,"r2_delta/20":0.9986993670463562,"r2_var/10":0,"r2_delta/10":0.2215936779975891,"r2_var/50":0,"r2_delta/20000":0.9955371618270874,"_timestamp":1.743826355625956e+09,"_runtime":0.571759411,"r2_mean/20000":0.7954436540603638,"pear_var/20000":0.4576029675208042,"r2_mean/10":0.6802266836166382,"wass_dist/20":0.46818054833659073,"_step":0}