{"r2_delta/20000":0.9995508790016174,"r2_mean/50":0.9018669128417969,"r2_var/20":0,"r2_mean/10":0.880729615688324,"pear_var/100":0.60538867631357,"r2_delta/50":0.9999771118164062,"wass_dist/10":0.4179183238821776,"r2_mean/100":0.9041665196418762,"_wandb":{"runtime":0},"r2_var/200":0,"r2_mean/20000":0.8421365022659302,"_timestamp":1.743830188193043e+09,"_runtime":0.740384935,"pear_var/50":0.578859842279638,"r2_mean/20":0.927247941493988,"pear_var/200":0.6402984451643877,"wass_dist/20":0.43541253348472686,"r2_delta/20":0.999991238117218,"wass_dist/100":0.4550400264095468,"r2_mean/200":0.8126693367958069,"r2_var/10":0,"r2_delta/100":0.9999589323997498,"r2_var/20000":0,"r2_delta/10":0.4728696346282959,"r2_delta/200":0.9998669028282166,"pear_var/10":0.757999542374518,"r2_var/100":0,"pear_var/20000":0.6759722007972285,"r2_var/50":0,"pear_var/20":0.665188335626482,"_step":0}