{"r2_mean/20000": 0.9219669103622437, "r2_var/20000": 0, "pear_var/20000": 0.4468877138776206, "r2_delta/20000": 0.03149181604385376, "r2_mean/200": 0.9261676669120789, "r2_var/200": 0, "pear_var/200": 0.2703173061676726, "r2_delta/200": 0.6844191551208496, "r2_mean/100": 0.9226640462875366, "r2_var/100": 0, "pear_var/100": 0.21544604068384077, "r2_delta/100": 0.7365426421165466, "wass_dist/100": 0.4032753133184842, "r2_mean/50": 0.902646005153656, "r2_var/50": 0, "pear_var/50": 0.30230658387266257, "r2_delta/50": 0.6839437484741211, "r2_mean/20": 0.921885073184967, "r2_var/20": 0, "pear_var/20": -0.09656226280810731, "r2_delta/20": 0.6815544366836548, "wass_dist/20": 0.4875263477867122, "r2_mean/10": 0.9510862231254578, "r2_var/10": 0, "pear_var/10": -0.09819617102309984, "r2_delta/10": 0.9200466871261597, "wass_dist/10": 0.4425959028851934, "_timestamp": 1743896490.4579668, "_runtime": 1.4474778175354004, "_step": 0, "_wandb": {"runtime": 1}}