{"r2_mean/20000": 0.8653426766395569, "r2_var/20000": 0.1138964295387268, "pear_var/20000": 0.5988633306820713, "r2_delta/20000": 0.6015347838401794, "r2_mean/200": 0.6035471558570862, "r2_var/200": 0, "pear_var/200": 0.36222473351906487, "r2_delta/200": 0.5852863788604736, "r2_mean/100": 0.4635394215583801, "r2_var/100": 0, "pear_var/100": 0.4992047881141759, "r2_delta/100": 0.532070517539978, "wass_dist/100": 0.538083595185897, "r2_mean/50": 0.05022597312927246, "r2_var/50": 0, "pear_var/50": 0.5077320805703998, "r2_delta/50": 0.11823177337646484, "r2_mean/20": 0, "r2_var/20": 0, "pear_var/20": 0.14334406190748875, "r2_delta/20": 0, "wass_dist/20": 1.0645238216369513, "r2_mean/10": 0, "r2_var/10": 0, "pear_var/10": 0.6209937191361816, "r2_delta/10": 0, "wass_dist/10": 1.1196341244203987, "_timestamp": 1744208271.8656147, "_runtime": 2.0018396377563477, "_step": 0, "_wandb": {"runtime": 1}}