{"r2_var_criterion/10_all":0.44519996101206,"_step":521,"Rec/Pearson_sample_train":0.9499357342720032,"Gradients_by_loss rec_from_latent_pretrain/: encoder15":0,"r2_delta_OOD/20_all":0.06482696533203125,"r2_var_OOD/50_all":0.3977963924407959,"Gradients_by_loss rec_from_latent_pretrain/: encoder10":0,"r2_var_OOD/20_all":0.2925950288772583,"losses/rec_from_latent_pretrain":0.6159970962145938,"r2_var_criterion/20_all":0.30696763233705,"Gradients_by_loss recover_latent/: decoder":0,"Gradients_by_loss recover_latent/: encoder6":0.00017471552609085261,"r2_mean_criterion/10_all":0.5948254520242865,"Gradients_by_loss rec_from_latent_pretrain/: mapper13":0,"r2_var_criterion/50_all":0.27797498486258765,"Gradients_by_loss rec_from_latent_pretrain/: mapper0":0,"r2_delta_OOD/50_all":0.4786731004714966,"Gradients_by_loss recover_latent/: encoder7":0.0029574533052134956,"Gradients_by_loss rec_from_latent_pretrain/: mapper6":0,"r2_delta_criterion/20_all":0.5189282569018278,"r2_mean_criterion/20_all":0.6417250741611827,"Gradients_by_loss recover_latent/: mapper0":0.00025599713903938596,"Gradients_by_loss recover_latent/: mapper9":0.0008768620895381827,"Rec/Pearson_gene_train":0.6982153058052063,"Gradients_by_loss recover_latent/: encoder4":0.0014205960246914833,"Gradients_by_loss rec_from_latent_pretrain/: mapper3":0,"Gradients_by_loss rec_from_latent_pretrain/: encoder13":0,"Gradients_by_loss rec_from_latent_pretrain/: mapper8":0,"important_notes":{"size":7789,"path":"media/html/important_notes_0_eaa55b199eaf9d0b6217.html","_type":"html-file","sha256":"eaa55b199eaf9d0b6217431870ae044a53394a39938142bb234151c956958847"},"Gradients_by_loss recover_latent/: mapper8":0.000914879245327598,"Gradients_by_loss rec_from_latent_pretrain/: encoder1":0,"Gradients_by_loss rec_from_latent_pretrain/: encoder8":0,"Gradients_by_loss recover_latent/: encoder1":0.0012917398600912416,"Gradients_by_loss rec_from_latent_pretrain/: mapper10":0,"losses/recover_latent":4.3586424708581996e-05,"Gradients_by_loss recover_latent/: mapper14":0.001100680735463676,"_wandb":{"runtime":3787},"Gradients_by_loss recover_latent/: encoder3":0.0006512351212228081,"Gradients_by_loss rec_from_latent_pretrain/: decoder":0.17108037068464546,"Gradients_by_loss recover_latent/: encoder13":0.0010223278301315325,"Gradients_by_loss recover_latent/: mapper10":0.0010238658439106836,"Gradients_by_loss rec_from_latent_pretrain/: encoder4":0,"r2_delta_OOD/10_all":0,"Gradients_by_loss rec_from_latent_pretrain/: donor_embedder":0,"r2_mean_OOD/10_all":0,"Gradients_by_loss rec_from_latent_pretrain/: px_r":5.8391684433445334e-05,"Gradients_by_loss rec_from_latent_pretrain/: encoder14":0,"Gradients_by_loss recover_latent/: encoder2":0.002794150315325049,"_timestamp":1.7674712778773584e+09,"Gradients_by_loss rec_from_latent_pretrain/: encoder_pretrain":0.17699584264215662,"r2_var_OOD/10_all":0.724018394947052,"_runtime":3787.776992272,"Gradients_by_loss rec_from_latent_pretrain/: encoder9":0,"Gradients_by_loss rec_from_latent_pretrain/: encoder2":0,"Gradients_by_loss rec_from_latent_pretrain/: encoder5":0,"Gradients_by_loss rec_from_latent_pretrain/: encoder7":0,"wasserstein_OOD/10_all":0.5912715196064657,"Gradients_by_loss rec_from_latent_pretrain/: encoder12":0,"Gradients_by_loss recover_latent/: encoder8":0.0010148211288216224,"Gradients_by_loss recover_latent/: mapper3":0.0007447371227038226,"Gradients_by_loss recover_latent/: encoder14":0.0008256968137345557,"Gradients_by_loss recover_latent/: mapper5":0.0007488937875059246,"Gradients_by_loss recover_latent/: encoder9":0.00026308259335478256,"Gradients_by_loss rec_from_latent_pretrain/: mapper12":0,"Gradients_by_loss recover_latent/: mapper15":0.0010524118768330958,"Gradients_by_loss rec_from_latent_pretrain/: encoder11":0,"Gradients_by_loss rec_from_latent_pretrain/: encoder3":0,"Gradients_by_loss recover_latent/: tissue_embedder":8.547179459128529e-05,"Gradients_by_loss recover_latent/: mapper6":0.0006928818291559031,"Rec/R2_var_train":0.9971741437911987,"r2_mean_OOD/20_all":0.7037012577056885,"Gradients_by_loss recover_latent/: mapper_donor_mapper":2.5959305953734956e-05,"Gradients_by_loss recover_latent/: mapper2":0.0007594937088883437,"Gradients_by_loss recover_latent/: encoder10":0.002328045348465906,"Gradients_by_loss recover_latent/: mapper_tissue_mapper":1.1833495541023553e-05,"Gradients_by_loss rec_from_latent_pretrain/: encoder0":0,"r2_mean_criterion/50_all":0.7507495825940912,"Gradients_by_loss recover_latent/: mapper13":0.0010982363484519854,"Rec/R2_mean_train":0.9992538094520569,"Gradients_by_loss rec_from_latent_pretrain/: mapper5":0,"r2_var_criterion/100_all":0.2750248475508256,"Gradients_by_loss recover_latent/: encoder11":0.0016096347032242065,"Gradients_by_loss recover_latent/: encoder5":0.0006890143700770482,"Gradients_by_loss recover_latent/: mapper1":0.0003984471254754005,"Gradients_by_loss recover_latent/: donor_embedder":0.00012016559048788622,"Gradients_by_loss recover_latent/: encoder_pretrain":0.0002489289196629222,"Gradients_by_loss recover_latent/: mapper11":0.0011168439269873397,"Gradients_by_loss rec_from_latent_pretrain/: mapper_donor_mapper":0,"r2_delta_criterion/10_all":0.5249122760512612,"Gradients_by_loss rec_from_latent_pretrain/: tissue_embedder":0,"Gradients_by_loss rec_from_latent_pretrain/: mapper4":0,"Gradients_by_loss recover_latent/: encoder0":0.0025444720428738346,"Gradients_by_loss rec_from_latent_pretrain/: mapper2":0,"Gradients_by_loss recover_latent/: encoder15":0.00017170501986482327,"Gradients_by_loss recover_latent/: mapper4":0.0007407870473656897,"Gradients_by_loss recover_latent/: mapper12":0.0011089935783647948,"Gradients_by_loss recover_latent/: mapper7":0.0009411476969658798,"Gradients_by_loss rec_from_latent_pretrain/: mapper14":0,"r2_delta_OOD/100_all":0.5183085203170776,"Gradients_by_loss recover_latent/: px_r":0,"r2_delta_criterion/50_all":0.5358674472028558,"r2_var_OOD/100_all":0.4271351099014282,"Gradients_by_loss recover_latent/: encoder12":0.0014669979628223347,"Gradients_by_loss rec_from_latent_pretrain/: mapper11":0,"r2_mean_OOD/50_all":0.8619255423545837,"Gradients_by_loss rec_from_latent_pretrain/: mapper1":0,"wasserstein_criterion/10_all":0.31373815309292213,"Gradients_by_loss rec_from_latent_pretrain/: mapper7":0,"r2_delta_criterion/100_all":0.517478270964189,"MIG_BINNED/dis_latent_stack_tissue_train":0.6674986454836344,"Gradients_by_loss rec_from_latent_pretrain/: mapper9":0,"pear_var_criterion/avg_all":NaN,"Gradients_by_loss rec_from_latent_pretrain/: encoder6":0,"r2_mean_criterion/100_all":0.7493043379350142,"Gradients_by_loss rec_from_latent_pretrain/: mapper15":0,"Gradients_by_loss rec_from_latent_pretrain/: mapper_tissue_mapper":0,"r2_mean_OOD/100_all":0.8855112195014954}