{"r2_var_OOD/50_all":0.24092471599578857,"Gradients_by_loss rec_from_latent_pretrain/: encoder12":0,"r2_delta_criterion/20_all":0.5971877177556356,"Gradients_by_loss recover_latent/: mapper2":0.0012549962983840139,"Gradients_by_loss rec_from_latent_pretrain/: donor_embedder":0,"Gradients_by_loss rec_from_latent_pretrain/: mapper2":0,"Gradients_by_loss recover_latent/: mapper3":0.0017627632258774976,"Gradients_by_loss rec_from_latent_pretrain/: encoder0":0,"Gradients_by_loss recover_latent/: mapper_donor_mapper":4.16395111772153e-05,"Gradients_by_loss rec_from_latent_pretrain/: mapper9":0,"Gradients_by_loss rec_from_latent_pretrain/: encoder9":0,"r2_mean_criterion/20_all":0.7827907900015513,"Gradients_by_loss recover_latent/: encoder13":0.006949903283241095,"wasserstein_OOD/10_all":0.5576939424255466,"Gradients_by_loss recover_latent/: encoder4":0.009750656400765258,"Gradients_by_loss rec_from_latent_pretrain/: encoder13":0,"Gradients_by_loss recover_latent/: mapper6":0.0024795943141187457,"Gradients_by_loss rec_from_latent_pretrain/: encoder5":0,"Gradients_by_loss recover_latent/: mapper12":0.003311565532870447,"Gradients_by_loss recover_latent/: mapper1":0.0007689101742430487,"r2_var_OOD/100_all":0.25185561180114746,"r2_delta_OOD/20_all":0.3546926975250244,"Gradients_by_loss rec_from_latent_pretrain/: mapper1":0,"_step":521,"Gradients_by_loss recover_latent/: mapper13":0.003764402079886808,"Gradients_by_loss recover_latent/: encoder15":0.001439670397073624,"Gradients_by_loss rec_from_latent_pretrain/: mapper0":0,"r2_var_OOD/20_all":0.020587503910064697,"r2_var_OOD/10_all":0,"Gradients_by_loss recover_latent/: encoder10":0.007559330350105156,"Gradients_by_loss recover_latent/: mapper8":0.0022735176292201166,"Gradients_by_loss recover_latent/: encoder2":0.004205385660353235,"r2_delta_OOD/10_all":0.24240237474441528,"Gradients_by_loss recover_latent/: mapper9":0.002285132977400375,"losses/recover_latent":4.681666057808369e-05,"_runtime":3574.957199654,"Gradients_by_loss rec_from_latent_pretrain/: encoder2":0,"Gradients_by_loss recover_latent/: mapper_tissue_mapper":3.0450494087835158e-05,"r2_delta_OOD/50_all":0.45000600814819336,"Gradients_by_loss rec_from_latent_pretrain/: encoder15":0,"Gradients_by_loss recover_latent/: mapper4":0.0029064348794320374,"Gradients_by_loss recover_latent/: encoder11":0.003562440232466862,"wasserstein_criterion/10_all":0.3431517665291944,"pear_var_criterion/avg_all":NaN,"Gradients_by_loss rec_from_latent_pretrain/: mapper_tissue_mapper":0,"Gradients_by_loss rec_from_latent_pretrain/: encoder3":0,"Rec/Pearson_sample_train":0.9494068622589111,"Gradients_by_loss rec_from_latent_pretrain/: px_r":7.422235648846254e-05,"Gradients_by_loss rec_from_latent_pretrain/: encoder4":0,"r2_var_criterion/100_all":0.5715561509132385,"Gradients_by_loss rec_from_latent_pretrain/: mapper4":0,"Gradients_by_loss rec_from_latent_pretrain/: mapper10":0,"Rec/R2_mean_train":0.9991572499275208,"Gradients_by_loss rec_from_latent_pretrain/: mapper3":0,"Gradients_by_loss recover_latent/: encoder6":0.0009688486404893484,"Gradients_by_loss rec_from_latent_pretrain/: mapper15":0,"r2_var_criterion/10_all":0.7141743699709574,"Gradients_by_loss recover_latent/: mapper7":0.002417925777573356,"Gradients_by_loss rec_from_latent_pretrain/: tissue_embedder":0,"r2_var_criterion/50_all":0.49824535846710205,"r2_mean_OOD/20_all":0.6087162494659424,"Gradients_by_loss rec_from_latent_pretrain/: mapper7":0,"Gradients_by_loss rec_from_latent_pretrain/: encoder6":0,"Gradients_by_loss recover_latent/: mapper10":0.0030014377018677484,"Gradients_by_loss recover_latent/: mapper0":0.0007341140412129498,"Gradients_by_loss rec_from_latent_pretrain/: mapper5":0,"Gradients_by_loss recover_latent/: mapper15":0.0033649435506919578,"r2_mean_OOD/100_all":0.7349100708961487,"Gradients_by_loss rec_from_latent_pretrain/: encoder8":0,"r2_delta_criterion/50_all":0.6098379790782928,"Rec/Pearson_gene_train":0.697620121704042,"Gradients_by_loss recover_latent/: encoder5":0.0023031975407567773,"r2_mean_criterion/50_all":0.8300026456514994,"Gradients_by_loss recover_latent/: tissue_embedder":0.0001516949268989265,"Gradients_by_loss recover_latent/: mapper11":0.003026295153256017,"Gradients_by_loss recover_latent/: donor_embedder":0.0001396105217281729,"Gradients_by_loss recover_latent/: encoder0":0.004105116081650927,"r2_mean_OOD/50_all":0.7195926308631897,"r2_mean_OOD/10_all":0.540666937828064,"Gradients_by_loss recover_latent/: decoder":0,"r2_var_criterion/20_all":0.5932929515838623,"Gradients_by_loss rec_from_latent_pretrain/: mapper13":0,"Gradients_by_loss recover_latent/: encoder7":0.0022935700749589817,"Gradients_by_loss rec_from_latent_pretrain/: mapper12":0,"Gradients_by_loss recover_latent/: encoder12":0.00514927473050693,"Gradients_by_loss recover_latent/: mapper14":0.003617301142510619,"Gradients_by_loss rec_from_latent_pretrain/: encoder1":0,"Gradients_by_loss rec_from_latent_pretrain/: encoder_pretrain":0.268063664782002,"Gradients_by_loss rec_from_latent_pretrain/: mapper_donor_mapper":0,"r2_delta_criterion/10_all":0.5250628590583801,"r2_delta_criterion/100_all":0.6152198910713196,"Gradients_by_loss rec_from_latent_pretrain/: encoder10":0,"Gradients_by_loss recover_latent/: encoder9":0.0020979855681388833,"r2_mean_criterion/10_all":0.5515531003475189,"Rec/R2_var_train":0.9980279803276062,"Gradients_by_loss recover_latent/: encoder8":0.0013823391613773568,"Gradients_by_loss rec_from_latent_pretrain/: mapper8":0,"r2_mean_criterion/100_all":0.8463286558787028,"Gradients_by_loss rec_from_latent_pretrain/: mapper14":0,"Gradients_by_loss rec_from_latent_pretrain/: mapper11":0,"Gradients_by_loss rec_from_latent_pretrain/: encoder7":0,"Gradients_by_loss rec_from_latent_pretrain/: decoder":0.2727636965450723,"Gradients_by_loss recover_latent/: encoder3":0.005983575943322596,"Gradients_by_loss recover_latent/: mapper5":0.0027056214411888256,"Gradients_by_loss recover_latent/: encoder_pretrain":0.000531394332513541,"losses/rec_from_latent_pretrain":0.6047114957616014,"MIG_BINNED/dis_latent_stack_tissue_train":0.6630336154022244,"_wandb":{"runtime":3574},"Gradients_by_loss recover_latent/: encoder14":0.000644421092626068,"Gradients_by_loss rec_from_latent_pretrain/: mapper6":0,"Gradients_by_loss recover_latent/: px_r":0,"r2_delta_OOD/100_all":0.4846588969230652,"Gradients_by_loss rec_from_latent_pretrain/: encoder14":0,"important_notes":{"_type":"html-file","sha256":"b2f01b72745c833f62a282b404618bf38cccc4e1444782fc46313bf64da5bfbf","size":8038,"path":"media/html/important_notes_0_b2f01b72745c833f62a2.html"},"Gradients_by_loss recover_latent/: encoder1":0.0015220038381611966,"Gradients_by_loss rec_from_latent_pretrain/: encoder11":0,"_timestamp":1.7677754507005396e+09}