{"pear_var/100":0.33272315505907923,"r2_mean/10":0.8431717753410339,"pear_var/50":0.22102543248331266,"_timestamp":1.7438257612839916e+09,"r2_delta/50":0.9983907341957092,"r2_var/10":0,"r2_mean/200":0.8915802836418152,"r2_var/20":0,"wass_dist/100":0.3592586234084068,"r2_var/200":0,"r2_delta/200":0.9979643821716309,"r2_mean/50":0.902229905128479,"pear_var/10":0.36280710123931476,"r2_delta/20":0.9994457960128784,"r2_delta/10":0.7280987501144409,"r2_delta/20000":0.9966180920600891,"pear_var/20":-0.028851264479016377,"r2_var/50":0,"_wandb":{"runtime":0},"wass_dist/20":0.367442926319169,"_step":0,"_runtime":0.648009372,"wass_dist/10":0.3719479155019928,"r2_mean/20000":0.8556045293807983,"r2_mean/20":0.9500941634178162,"r2_var/20000":0,"pear_var/200":0.3718337480293204,"r2_delta/100":0.998746395111084,"pear_var/20000":0.49311419411617813,"r2_mean/100":0.8942387104034424,"r2_var/100":0}