{"r2_delta/100":0.9978303909301758,"r2_var/20":0,"pear_var/100":0.7470828192689662,"pear_var/50":0.7910679910681164,"r2_mean/200":0.8555155992507935,"r2_var/20000":0,"wass_dist/20":0.4655509123601952,"r2_delta/200":0.9970861673355103,"r2_delta/10":0.37471216917037964,"wass_dist/10":0.4720950728606107,"_wandb":{"runtime":0},"r2_mean/10":0.7344224452972412,"r2_delta/50":0.9978665113449097,"pear_var/20":0.7862625681617521,"r2_var/10":0,"pear_var/10":-0.14627144178351453,"r2_mean/20000":0.8455141186714172,"r2_mean/100":0.8726622462272644,"r2_delta/20":0.9992421865463257,"r2_mean/20":0.9074426889419556,"r2_delta/20000":0.996231198310852,"wass_dist/100":0.4079678163094265,"r2_var/50":0,"r2_mean/50":0.8299915790557861,"r2_var/200":0,"pear_var/20000":0.5788933070866014,"_runtime":0.559278003,"r2_var/100":0,"pear_var/200":0.6779895149268005,"_timestamp":1.743822768472525e+09,"_step":0}