{"r2_delta_OOD/10_all":0,"wasserstein_OOD/10_all":0.7783530620684432,"Gradients_by_loss rec_from_latent_pretrain/: mapper14":0,"r2_delta_OOD/100_all":0.5368404984474182,"Gradients_by_loss recover_latent/: mapper4":0.0004015785716679747,"Gradients_by_loss rec_from_latent_pretrain/: encoder15":0,"Gradients_by_loss rec_from_latent_pretrain/: mapper6":0,"Gradients_by_loss rec_from_latent_pretrain/: encoder0":0,"important_notes":{"size":7813,"path":"media/html/important_notes_0_1dc424508c3a4875ead5.html","_type":"html-file","sha256":"1dc424508c3a4875ead5724439d268b34ee3e8726ca7c467ffec15045014777e"},"Rec/R2_var_train":0.995242178440094,"Gradients_by_loss recover_latent/: mapper_tissue_mapper":1.045093668912429e-05,"r2_mean_OOD/100_all":0.8015350103378296,"r2_delta_criterion/100_all":0.5031999573111534,"Gradients_by_loss recover_latent/: encoder3":0.0005103801086309853,"Gradients_by_loss recover_latent/: tissue_embedder":2.3419290300807916e-05,"wasserstein_criterion/10_all":0.6170390584449621,"Gradients_by_loss recover_latent/: mapper13":0.0005562368455660859,"Rec/Pearson_sample_train":0.9500341415405273,"r2_var_criterion/100_all":0.2977609410881996,"Gradients_by_loss rec_from_latent_pretrain/: encoder_pretrain":0.04623236803109075,"Rec/Pearson_gene_train":0.7517153024673462,"r2_delta_OOD/20_all":0.46495139598846436,"Gradients_by_loss recover_latent/: mapper12":0.0005203533967253481,"r2_var_criterion/20_all":0.3580819293856621,"Gradients_by_loss rec_from_latent_pretrain/: mapper_tissue_mapper":0,"r2_delta_criterion/10_all":0.40526679903268814,"Gradients_by_loss recover_latent/: encoder1":0.000919865647764228,"Gradients_by_loss rec_from_latent_pretrain/: tissue_embedder":0,"Gradients_by_loss recover_latent/: encoder12":0.0008887392963898826,"Gradients_by_loss recover_latent/: encoder7":0.0007084801102845761,"Gradients_by_loss rec_from_latent_pretrain/: mapper_donor_mapper":0,"Gradients_by_loss rec_from_latent_pretrain/: encoder3":0,"Gradients_by_loss rec_from_latent_pretrain/: encoder12":0,"r2_var_OOD/100_all":0.26296567916870117,"Gradients_by_loss rec_from_latent_pretrain/: encoder9":0,"Gradients_by_loss recover_latent/: encoder2":0.0004684059583463084,"r2_mean_OOD/10_all":0,"Gradients_by_loss rec_from_latent_pretrain/: encoder6":0,"Gradients_by_loss rec_from_latent_pretrain/: mapper7":0,"Gradients_by_loss recover_latent/: encoder5":0.0003265465215957397,"losses/recover_latent":6.550793195287951e-05,"Gradients_by_loss recover_latent/: encoder0":0.000703379685625109,"_step":521,"Gradients_by_loss recover_latent/: donor_embedder":7.999338413355872e-05,"Gradients_by_loss recover_latent/: mapper14":0.0006210125734634713,"_wandb":{"runtime":1312},"Gradients_by_loss rec_from_latent_pretrain/: decoder":0.1706400195628555,"r2_var_OOD/20_all":0,"Gradients_by_loss rec_from_latent_pretrain/: encoder10":0,"Gradients_by_loss rec_from_latent_pretrain/: mapper1":0,"Gradients_by_loss rec_from_latent_pretrain/: mapper4":0,"Gradients_by_loss rec_from_latent_pretrain/: encoder8":0,"Gradients_by_loss recover_latent/: mapper6":0.0003939462342644444,"Gradients_by_loss recover_latent/: mapper10":0.00042006379672446346,"Gradients_by_loss recover_latent/: mapper15":0.000571802411379607,"Gradients_by_loss recover_latent/: mapper11":0.0004616620328990225,"MIG_BINNED/dis_latent_stack_tissue_train":0.6661805714701122,"Gradients_by_loss rec_from_latent_pretrain/: encoder2":0,"Gradients_by_loss rec_from_latent_pretrain/: mapper13":0,"r2_mean_criterion/100_all":0.8056786507368088,"r2_var_criterion/50_all":0.2751935049891472,"Gradients_by_loss recover_latent/: encoder15":0.0002429404526491076,"Gradients_by_loss recover_latent/: encoder6":0.0005323342461953322,"Gradients_by_loss rec_from_latent_pretrain/: mapper9":0,"Gradients_by_loss recover_latent/: encoder_pretrain":0.00017318083460939913,"Gradients_by_loss recover_latent/: px_r":0,"r2_var_OOD/50_all":0.16550928354263306,"Gradients_by_loss recover_latent/: mapper8":0.0003771161381716463,"Gradients_by_loss recover_latent/: mapper7":0.00038802023115032153,"r2_var_criterion/10_all":0.38435307145118713,"Gradients_by_loss recover_latent/: encoder10":0.0007760460823035384,"r2_delta_criterion/50_all":0.528534971177578,"Gradients_by_loss rec_from_latent_pretrain/: mapper15":0,"Gradients_by_loss rec_from_latent_pretrain/: encoder4":0,"r2_mean_OOD/50_all":0.7438712120056152,"r2_delta_criterion/20_all":0.42022453248500824,"Gradients_by_loss rec_from_latent_pretrain/: mapper12":0,"Gradients_by_loss recover_latent/: encoder4":0.0013640469550212622,"Gradients_by_loss recover_latent/: encoder13":0.0006704688918321822,"Gradients_by_loss recover_latent/: mapper_donor_mapper":1.7236972646311127e-05,"r2_mean_criterion/10_all":0.4596027061343193,"Gradients_by_loss rec_from_latent_pretrain/: mapper11":0,"r2_delta_OOD/50_all":0.46294379234313965,"Gradients_by_loss rec_from_latent_pretrain/: encoder1":0,"Gradients_by_loss rec_from_latent_pretrain/: mapper3":0,"Gradients_by_loss rec_from_latent_pretrain/: mapper2":0,"Gradients_by_loss recover_latent/: encoder9":0.0004557405009902339,"_runtime":1312.810565442,"Gradients_by_loss rec_from_latent_pretrain/: donor_embedder":0,"Gradients_by_loss rec_from_latent_pretrain/: mapper5":0,"Gradients_by_loss rec_from_latent_pretrain/: mapper8":0,"Gradients_by_loss recover_latent/: mapper1":0.00022533970934059325,"r2_var_OOD/10_all":0,"_timestamp":1.7681110512512674e+09,"Gradients_by_loss recover_latent/: mapper5":0.0003872718609851261,"r2_mean_criterion/20_all":0.6462273672223091,"losses/rec_from_latent_pretrain":0.5859896938782185,"Gradients_by_loss recover_latent/: encoder11":0.0007029844371459974,"Gradients_by_loss rec_from_latent_pretrain/: encoder7":0,"Gradients_by_loss recover_latent/: mapper0":4.7780101789177225e-05,"Gradients_by_loss recover_latent/: encoder14":0.0008078262913818488,"Gradients_by_loss recover_latent/: mapper9":0.00036875122039931567,"Gradients_by_loss rec_from_latent_pretrain/: mapper10":0,"Gradients_by_loss rec_from_latent_pretrain/: mapper0":0,"Gradients_by_loss rec_from_latent_pretrain/: encoder14":0,"Gradients_by_loss recover_latent/: encoder8":0.0001925591272009939,"Gradients_by_loss recover_latent/: decoder":0,"Gradients_by_loss rec_from_latent_pretrain/: encoder13":0,"r2_mean_OOD/20_all":0.5123578310012817,"Rec/R2_mean_train":0.99790358543396,"r2_mean_criterion/50_all":0.770171768963337,"Gradients_by_loss recover_latent/: mapper3":0.0002556741494686294,"Gradients_by_loss rec_from_latent_pretrain/: encoder11":0,"Gradients_by_loss rec_from_latent_pretrain/: encoder5":0,"Gradients_by_loss recover_latent/: mapper2":0.0002469416027503149,"Gradients_by_loss rec_from_latent_pretrain/: px_r":2.3215879991766997e-05,"pear_var_criterion/avg_all":NaN}