{"Gradients_by_loss recover_latent/: encoder2":0.004385072005793159,"FOXL2+MEIS1/Pearson Delta_combo_specific_10_all":0.9660229382973461,"Gradients_by_loss recover_latent/: encoder8":0.001223943071883692,"SAMD1+ZBTB1/Pearson Delta_100_all":0.9291083594663622,"PTPN12+ZBTB25/R2_combo_specific_50_all":0.964049220085144,"Gradients_by_loss recover_latent/: mapper12":0.0020752345820964245,"Gradients_by_loss rec_from_latent_pretrain/: encoder1":0,"Gradients_by_loss recover_latent/: encoder6":0.003125229757807652,"KLF1+MAP2K6/R2_combo_specific_50_all":0.9636709690093994,"PTPN12+ZBTB25/R2_50_all":0.9728320240974426,"KLF1+MAP2K6/R2_10_all":0.823726236820221,"KLF1+FOXA1/Pearson Delta_combo_specific_50_all":0.9205940350523225,"Rec/Pearson_sample_train":0.9892894625663757,"FOXA1+FOXL2/R2_10_all":0.9756271243095398,"ETS2+MAPK1/R2_10_all":0.8704455494880676,"FOXL2+MEIS1/Wass_combo_specific_10_all":0.3373675366599913,"Gradients_by_loss recover_latent/: mapper10":0.002180383395438844,"FOXL2+HOXB9/Pearson Delta_combo_specific_20_all":0.9101748831347761,"SAMD1+ZBTB1/Pearson Delta_combo_specific_50_all":0.9360755358572267,"SAMD1+ZBTB1/Pearson Delta_50_all":0.9324407528641615,"FOXA1+FOXL2/Wass_combo_specific_10_all":0.25600621727140715,"Gradients_by_loss recover_latent/: encoder14":0.0022500639013823976,"Gradients_by_loss rec_from_latent_pretrain/: encoder10":0,"KLF1+FOXA1/R2_combo_specific_100_all":0.9814128875732422,"KLF1+FOXA1/Pearson Delta_combo_specific_20_all":0.9319525958530565,"_wandb":{"runtime":44288},"FOXL2+MEIS1/Pearson Delta_100_all":0.9282435252602681,"ETS2+CEBPE/R2_10_all":0.7282615900039673,"_step":521,"FOXA1+FOXL2/R2_combo_specific_50_all":0.9838353395462036,"ETS2+CEBPE/Pearson Delta_50_all":0.922333616238576,"CNN1+MAPK1/Wass_combo_specific_10_all":0.3440559983974326,"Rec/Pearson_gene_train":0.5525038242340088,"ETS2+MAPK1/Pearson Delta_10_all":0.9883711064716759,"Gradients_by_loss recover_latent/: mapper8":0.0016509644128139924,"r2_mean_criterion/avg_all":0.9239341928200288,"Gradients_by_loss rec_from_latent_pretrain/: encoder7":0,"SAMD1+ZBTB1/R2_combo_specific_20_all":0.9537820219993591,"KLF1+MAP2K6/Pearson Delta_combo_specific_20_all":0.9337508337347485,"ETS2+MAPK1/R2_combo_specific_20_all":0.925639271736145,"Gradients_by_loss recover_latent/: mapper2":0.001314791726023475,"Rec/R2_var_train":0.9989728927612305,"FOXL2+MEIS1/R2_50_all":0.9650348424911499,"FOXL2+MEIS1/R2_combo_specific_10_all":0.9761728048324585,"Gradients_by_loss recover_latent/: encoder9":0.0007187071860774796,"ETS2+MAPK1/Pearson Delta_100_all":0.9682086476438039,"ETS2+MAPK1/Pearson Delta_combo_specific_10_all":0.984285136857106,"Gradients_by_loss recover_latent/: mapper5":0.0015122592929999797,"CNN1+MAPK1/R2_combo_specific_50_all":0.9522157907485962,"KLF1+FOXA1/Pearson Delta_20_all":0.9056755908567613,"Gradients_by_loss recover_latent/: mapper9":0.0015487851639169458,"FOXL2+HOXB9/R2_combo_specific_50_all":0.9319091439247131,"PTPN12+ZBTB25/R2_100_all":0.974378764629364,"FOXL2+MEIS1/R2_combo_specific_20_all":0.967014729976654,"Gradients_by_loss recover_latent/: encoder11":0.002461124567020434,"ETS2+CEBPE/Wass_combo_specific_10_all":0.4531057020408656,"FOXA1+FOXL2/Pearson Delta_combo_specific_100_all":0.9609453778738475,"Gradients_by_loss rec_from_latent_pretrain/: mapper8":0,"ETS2+CEBPE/R2_combo_specific_50_all":0.9166374802589417,"Gradients_by_loss recover_latent/: encoder3":0.0008818444446605202,"CNN1+MAPK1/R2_20_all":0.8819628357887268,"ETS2+CEBPE/Pearson Delta_combo_specific_10_all":0.87339074633149,"KLF1+FOXA1/R2_100_all":0.9802544713020325,"ETS2+MAPK1/R2_combo_specific_10_all":0.8601352572441101,"Gradients_by_loss recover_latent/: mapper_perturbation1_mapper":2.7328447386645894e-05,"SAMD1+ZBTB1/R2_combo_specific_10_all":0.8900297284126282,"Gradients_by_loss rec_from_latent_pretrain/: condition_embedder":0,"FOXA1+FOXL2/Pearson Delta_combo_specific_50_all":0.9623922009429495,"KLF1+MAP2K6/Pearson Delta_100_all":0.8779039931951754,"SAMD1+ZBTB1/Pearson Delta_combo_specific_10_all":0.8972569315306287,"Gradients_by_loss recover_latent/: mapper3":0.0011866308290483152,"FOXL2+HOXB9/Wass_10_all":0.5039050173138284,"Gradients_by_loss rec_from_latent_pretrain/: encoder5":0,"KLF1+FOXA1/Wass_10_all":0.3517967307284838,"Gradients_by_loss recover_latent/: mapper13":0.0021910545913426424,"CNN1+MAPK1/Pearson Delta_20_all":0.7893393094819864,"PTPN12+ZBTB25/Pearson Delta_10_all":0.9483806672565627,"FOXL2+HOXB9/Pearson Delta_100_all":0.9160510039954006,"Gradients_by_loss rec_from_latent_pretrain/: encoder15":0,"CNN1+MAPK1/R2_100_all":0.966240644454956,"CNN1+MAPK1/Pearson Delta_100_all":0.8158119532682918,"CNN1+MAPK1/Wass_10_all":0.3486985948839364,"FOXA1+FOXL2/Pearson Delta_20_all":0.9593530952637975,"FOXL2+MEIS1/Pearson Delta_combo_specific_50_all":0.9252772428310277,"Gradients_by_loss rec_from_latent_pretrain/: mapper2":0,"ETS2+MAPK1/R2_20_all":0.8709372878074646,"Gradients_by_loss recover_latent/: mapper4":0.001633834745900692,"SAMD1+ZBTB1/Pearson Delta_10_all":0.9192589535397983,"Gradients_by_loss rec_from_latent_pretrain/: mapper6":0,"KLF1+FOXA1/R2_combo_specific_50_all":0.9805400371551514,"ETS2+MAPK1/Pearson Delta_50_all":0.9716860975600186,"PTPN12+ZBTB25/R2_20_all":0.9778804779052734,"FOXL2+HOXB9/Pearson Delta_20_all":0.940532922792865,"FOXL2+MEIS1/Pearson Delta_combo_specific_100_all":0.9238105783575771,"_runtime":44288.888608297,"PTPN12+ZBTB25/Pearson Delta_20_all":0.9692981852462973,"Gradients_by_loss rec_from_latent_pretrain/: mapper1":0,"Gradients_by_loss rec_from_latent_pretrain/: encoder11":0,"Gradients_by_loss rec_from_latent_pretrain/: mapper3":0,"Gradients_by_loss rec_from_latent_pretrain/: mapper9":0,"ETS2+CEBPE/R2_50_all":0.8751426339149475,"Gradients_by_loss recover_latent/: mapper15":0.0020931697217425288,"ETS2+MAPK1/Wass_10_all":0.4631808506226839,"ETS2+CEBPE/Pearson Delta_10_all":0.8857280344803525,"ETS2+MAPK1/Pearson Delta_combo_specific_100_all":0.9638639827537658,"Gradients_by_loss recover_latent/: encoder4":0.004395534510814123,"SAMD1+ZBTB1/R2_50_all":0.9694880843162537,"Gradients_by_loss recover_latent/: mapper0":0.0003040047710777564,"FOXA1+FOXL2/R2_50_all":0.9755035042762756,"FOXL2+HOXB9/R2_20_all":0.8932392597198486,"important_notes":{"sha256":"99acdeed8fd88ceb4eab8eda5f7dba7569bc392ff15615f1b56f169f5e55c88b","size":7271,"path":"media/html/important_notes_0_99acdeed8fd88ceb4eab.html","_type":"html-file"},"ETS2+MAPK1/R2_100_all":0.9447100162506104,"KLF1+FOXA1/Pearson Delta_combo_specific_100_all":0.9031775630830868,"Gradients_by_loss rec_from_latent_pretrain/: decoder":0.20013893019512713,"FOXA1+FOXL2/Pearson Delta_combo_specific_10_all":0.9531095162323973,"CNN1+MAPK1/Pearson Delta_combo_specific_10_all":0.950259161456049,"FOXL2+MEIS1/Pearson Delta_20_all":0.9512036889195529,"ETS2+CEBPE/Wass_10_all":0.48004365164872437,"ETS2+CEBPE/R2_combo_specific_100_all":0.9414399266242981,"KLF1+FOXA1/R2_50_all":0.9752780199050903,"KLF1+MAP2K6/Wass_10_all":0.42620867075747115,"Gradients_by_loss recover_latent/: encoder1":0.0010709622406466543,"FOXL2+MEIS1/R2_20_all":0.9737222194671631,"r2_mean_criterion/100_all":0.9563632715832103,"Gradients_by_loss rec_from_latent_pretrain/: mapper15":0,"FOXL2+MEIS1/R2_combo_specific_100_all":0.9686243534088135,"Gradients_by_loss rec_from_latent_pretrain/: mapper11":0,"KLF1+MAP2K6/Pearson Delta_20_all":0.8826467390988886,"CNN1+MAPK1/R2_combo_specific_100_all":0.9683127403259277,"FOXL2+HOXB9/R2_combo_specific_100_all":0.9354754686355591,"ETS2+CEBPE/R2_100_all":0.9248307943344116,"Gradients_by_loss rec_from_latent_pretrain/: encoder14":0,"PTPN12+ZBTB25/R2_10_all":0.9802002906799316,"ETS2+CEBPE/R2_combo_specific_10_all":0.8563014268875122,"FOXL2+HOXB9/Pearson Delta_combo_specific_10_all":0.8921726032317313,"KLF1+MAP2K6/R2_50_all":0.9720951914787292,"PTPN12+ZBTB25/Wass_10_all":0.2429019969522001,"SAMD1+ZBTB1/R2_combo_specific_100_all":0.9727206826210022,"KLF1+MAP2K6/R2_20_all":0.9351524114608765,"Gradients_by_loss rec_from_latent_pretrain/: encoder13":0,