{"r2_mean/20000": 0.9380179047584534, "r2_var/20000": 0.05973196029663086, "pear_var/20000": 0.6981165686391528, "r2_delta/20000": 0.7185090780258179, "r2_mean/200": 0.8193554878234863, "r2_var/200": 0, "pear_var/200": 0.5786487434370939, "r2_delta/200": 0.7074168920516968, "r2_mean/100": 0.7644824385643005, "r2_var/100": 0, "pear_var/100": 0.5729200882958362, "r2_delta/100": 0.6755510568618774, "wass_dist/100": 0.4262388197712952, "r2_mean/50": 0.631759762763977, "r2_var/50": 0, "pear_var/50": 0.46295352799203504, "r2_delta/50": 0.4855865240097046, "r2_mean/20": 0.4674067497253418, "r2_var/20": 0, "pear_var/20": 0.4328044333947594, "r2_delta/20": 0.17908930778503418, "wass_dist/20": 0.7139012900113662, "r2_mean/10": 0, "r2_var/10": 0, "pear_var/10": 0.6108470682476015, "r2_delta/10": 0, "wass_dist/10": 0.7911019451543743, "_timestamp": 1744211546.0567875, "_runtime": 1.4622745513916016, "_step": 0, "_wandb": {"runtime": 1}}