{"Gradients_by_loss recover_latent/: encoder4":0.0050086573027519465,"Gradients_by_loss recover_latent/: encoder0":0.006389826584868456,"Gradients_by_loss rec_from_latent_pretrain/: donor_embedder":0,"Rec/Pearson_gene_train":0.7439218759536743,"r2_delta_criterion/100_all":0.5451256856322289,"Gradients_by_loss recover_latent/: mapper_donor_mapper":7.116540589899542e-05,"Gradients_by_loss rec_from_latent_pretrain/: mapper14":0,"Gradients_by_loss rec_from_latent_pretrain/: encoder8":0,"Gradients_by_loss recover_latent/: encoder10":0.0071473895206991475,"Rec/R2_mean_train":0.9977284669876099,"Gradients_by_loss rec_from_latent_pretrain/: mapper8":0,"Rec/Pearson_sample_train":0.9472311735153198,"losses/rec_from_latent_pretrain":0.6011784204953834,"Gradients_by_loss recover_latent/: mapper13":0.005122379450957714,"Gradients_by_loss rec_from_latent_pretrain/: encoder_pretrain":0.2728953738786913,"r2_mean_OOD/50_all":0.6323047876358032,"Gradients_by_loss rec_from_latent_pretrain/: mapper9":0,"Gradients_by_loss rec_from_latent_pretrain/: encoder3":0,"r2_delta_OOD/50_all":0.4644639492034912,"r2_mean_OOD/20_all":0.46964287757873535,"Gradients_by_loss rec_from_latent_pretrain/: mapper12":0,"r2_delta_criterion/10_all":0.3552798628807068,"Gradients_by_loss recover_latent/: encoder11":0.0016741990501187808,"r2_delta_OOD/100_all":0.504416823387146,"Gradients_by_loss rec_from_latent_pretrain/: mapper0":0,"Gradients_by_loss rec_from_latent_pretrain/: encoder11":0,"Gradients_by_loss recover_latent/: mapper_tissue_mapper":6.077654397086495e-05,"r2_var_OOD/20_all":0,"Gradients_by_loss recover_latent/: tissue_embedder":0.0004220039409119636,"r2_mean_OOD/10_all":0.3836894631385803,"_timestamp":1.7681263754763598e+09,"Gradients_by_loss recover_latent/: mapper4":0.002491712735223843,"r2_var_OOD/10_all":0.5117061734199524,"Gradients_by_loss recover_latent/: encoder13":0.002539040804556218,"Gradients_by_loss rec_from_latent_pretrain/: mapper13":0,"Gradients_by_loss recover_latent/: donor_embedder":0.00016075666644610465,"Gradients_by_loss recover_latent/: encoder6":0.004673511339506773,"Gradients_by_loss recover_latent/: mapper2":0.002322604366435426,"r2_var_criterion/10_all":0.35127123445272446,"MIG_BINNED/dis_latent_stack_tissue_train":0.6690493210436312,"Gradients_by_loss recover_latent/: mapper11":0.00519502540605126,"Gradients_by_loss rec_from_latent_pretrain/: px_r":0.00013663546997122467,"r2_mean_criterion/10_all":0.4298910051584244,"Gradients_by_loss rec_from_latent_pretrain/: encoder15":0,"Gradients_by_loss recover_latent/: mapper5":0.003710475700937062,"Gradients_by_loss recover_latent/: mapper1":0.002478730833423207,"Gradients_by_loss rec_from_latent_pretrain/: encoder12":0,"Gradients_by_loss recover_latent/: encoder2":0.0035430193012904554,"Gradients_by_loss rec_from_latent_pretrain/: encoder1":0,"Gradients_by_loss rec_from_latent_pretrain/: encoder10":0,"losses/recover_latent":5.7764582218428415e-05,"r2_var_OOD/100_all":0.2105776071548462,"Gradients_by_loss rec_from_latent_pretrain/: mapper_tissue_mapper":0,"Gradients_by_loss recover_latent/: mapper9":0.005344399949329403,"Gradients_by_loss recover_latent/: px_r":0,"Gradients_by_loss rec_from_latent_pretrain/: mapper_donor_mapper":0,"Gradients_by_loss recover_latent/: mapper6":0.0035288919187514336,"Gradients_by_loss rec_from_latent_pretrain/: mapper11":0,"_runtime":1321.622899119,"Gradients_by_loss recover_latent/: decoder":0,"r2_var_criterion/20_all":0.318156361579895,"Gradients_by_loss recover_latent/: encoder1":0.007413661758198546,"r2_var_criterion/50_all":0.3101858124136925,"Gradients_by_loss recover_latent/: encoder14":0.0072771057016433795,"r2_delta_criterion/50_all":0.5405551269650459,"Gradients_by_loss recover_latent/: mapper15":0.005779534865941719,"Gradients_by_loss rec_from_latent_pretrain/: mapper7":0,"Gradients_by_loss rec_from_latent_pretrain/: encoder6":0,"Gradients_by_loss rec_from_latent_pretrain/: mapper4":0,"Gradients_by_loss rec_from_latent_pretrain/: mapper2":0,"Gradients_by_loss rec_from_latent_pretrain/: mapper15":0,"wasserstein_criterion/10_all":0.5959956196496698,"r2_var_OOD/50_all":0,"Gradients_by_loss rec_from_latent_pretrain/: tissue_embedder":0,"Gradients_by_loss rec_from_latent_pretrain/: encoder0":0,"Gradients_by_loss rec_from_latent_pretrain/: encoder9":0,"_step":521,"Gradients_by_loss rec_from_latent_pretrain/: encoder7":0,"Gradients_by_loss recover_latent/: encoder9":0.005476947362287427,"Gradients_by_loss rec_from_latent_pretrain/: mapper5":0,"r2_delta_OOD/10_all":0.4765782952308655,"Gradients_by_loss rec_from_latent_pretrain/: encoder5":0,"Gradients_by_loss rec_from_latent_pretrain/: encoder4":0,"Gradients_by_loss recover_latent/: mapper3":0.0023557161593258744,"Gradients_by_loss recover_latent/: encoder5":0.009663202539132646,"r2_mean_criterion/20_all":0.6476422622799873,"pear_var_criterion/avg_all":NaN,"Gradients_by_loss rec_from_latent_pretrain/: mapper6":0,"r2_mean_criterion/50_all":0.787097230553627,"Gradients_by_loss rec_from_latent_pretrain/: encoder13":0,"Gradients_by_loss recover_latent/: encoder8":0.014348339185897938,"wasserstein_OOD/10_all":0.8620377549823977,"Gradients_by_loss rec_from_latent_pretrain/: mapper3":0,"Gradients_by_loss recover_latent/: mapper8":0.00552409648803911,"r2_delta_criterion/20_all":0.4377671927213669,"_wandb":{"runtime":1321},"Gradients_by_loss recover_latent/: mapper0":0.0011306161964276305,"Gradients_by_loss recover_latent/: encoder7":0.0039309405309158295,"Gradients_by_loss rec_from_latent_pretrain/: encoder14":0,"Gradients_by_loss rec_from_latent_pretrain/: mapper1":0,"Gradients_by_loss recover_latent/: encoder3":0.00232888269922949,"r2_mean_OOD/100_all":0.7224370837211609,"Gradients_by_loss recover_latent/: encoder_pretrain":0.0008021723747575892,"Gradients_by_loss recover_latent/: mapper12":0.00523787907694926,"Rec/R2_var_train":0.9809940457344055,"r2_mean_criterion/100_all":0.8251060023903847,"Gradients_by_loss rec_from_latent_pretrain/: mapper10":0,"Gradients_by_loss rec_from_latent_pretrain/: encoder2":0,"Gradients_by_loss recover_latent/: encoder12":0.0037640326386381776,"r2_var_criterion/100_all":0.3436598628759384,"Gradients_by_loss recover_latent/: encoder15":0.0011817521955844927,"Gradients_by_loss recover_latent/: mapper10":0.005420970811495552,"Gradients_by_loss rec_from_latent_pretrain/: decoder":0.690221229312734,"r2_delta_OOD/20_all":0.411562442779541,"important_notes":{"_type":"html-file","sha256":"c7a115c62093ece6ba636db93aecce29f891117e7e828dad572a6e12b64757c3","size":7813,"path":"media/html/important_notes_0_c7a115c62093ece6ba63.html"},"Gradients_by_loss recover_latent/: mapper7":0.0034543316275816877,"Gradients_by_loss recover_latent/: mapper14":0.0060327262380351215}