{"r2_mean/20000": 0.9282886385917664, "r2_var/20000": 0.26899904012680054, "pear_var/20000": 0.6722619231464235, "r2_delta/20000": 0.7217347621917725, "r2_mean/200": 0.7559641599655151, "r2_var/200": 0, "pear_var/200": 0.6076417327162549, "r2_delta/200": 0.7158541679382324, "r2_mean/100": 0.6391741633415222, "r2_var/100": 0, "pear_var/100": 0.5768233873538915, "r2_delta/100": 0.6621948480606079, "wass_dist/100": 0.41113662530119344, "r2_mean/50": 0.27462881803512573, "r2_var/50": 0, "pear_var/50": 0.6065796924432152, "r2_delta/50": 0.18941009044647217, "r2_mean/20": 0, "r2_var/20": 0, "pear_var/20": 0.5250059448896358, "r2_delta/20": 0, "wass_dist/20": 0.7057084172428906, "r2_mean/10": 0, "r2_var/10": 0, "pear_var/10": -0.021809019455878702, "r2_delta/10": 0, "wass_dist/10": 0.7182561722695872, "_timestamp": 1744203724.0781753, "_runtime": 1.3556382656097412, "_step": 0, "_wandb": {"runtime": 1}}