{"Gradients_by_loss recover_latent/: encoder15":0.002672880430305519,"_wandb":{"runtime":125},"r2_mean_criterion/20_all":0.3403452147137035,"Gradients_by_loss rec_from_latent_pretrain/: encoder5":0,"Gradients_by_loss rec_from_latent_pretrain/: encoder15":0,"Gradients_by_loss rec_from_latent_pretrain/: mapper9":0,"Gradients_by_loss recover_latent/: encoder1":0.008881579475329594,"r2_var_criterion/10_all":0.22220936146649448,"Gradients_by_loss recover_latent/: mapper13":0.019547083379243425,"Gradients_by_loss recover_latent/: encoder13":0.005733523561309702,"Rec/R2_var_train":0.9081389307975769,"Gradients_by_loss recover_latent/: encoder9":0.010245584145753878,"r2_delta_criterion/100_all":0.4680926366285844,"Gradients_by_loss recover_latent/: mapper5":0.014147938665166065,"Gradients_by_loss rec_from_latent_pretrain/: encoder9":0,"wasserstein_OOD/10_all":0.8955122928477903,"r2_var_OOD/20_all":0,"Gradients_by_loss recover_latent/: mapper10":0.019353243691158963,"Gradients_by_loss rec_from_latent_pretrain/: encoder1":0,"Gradients_by_loss rec_from_latent_pretrain/: encoder10":0,"r2_delta_OOD/20_all":0.30559295415878296,"Gradients_by_loss recover_latent/: mapper14":0.019341079010756042,"Gradients_by_loss recover_latent/: mapper0":0.0058554197657388115,"_step":521,"Gradients_by_loss recover_latent/: donor_embedder":0.00014636745618190616,"losses/recover_latent":0.0012400873653989816,"_timestamp":1.7677543576219594e+09,"Gradients_by_loss rec_from_latent_pretrain/: encoder4":0,"Gradients_by_loss rec_from_latent_pretrain/: tissue_embedder":0,"Gradients_by_loss rec_from_latent_pretrain/: mapper5":0,"Gradients_by_loss recover_latent/: mapper_tissue_mapper":0.002281729568571416,"Gradients_by_loss recover_latent/: mapper3":0.00838737431913796,"Gradients_by_loss recover_latent/: encoder_pretrain":0.015539083285709264,"r2_var_criterion/50_all":0.09090783379294655,"important_notes":{"size":7816,"path":"media/html/important_notes_0_4358b10682f10ce2e6c9.html","_type":"html-file","sha256":"4358b10682f10ce2e6c90a63967a282c9bc7c881ccb9ad65ea892bc22afc09b3"},"Gradients_by_loss recover_latent/: encoder3":0.010909329159230255,"Gradients_by_loss rec_from_latent_pretrain/: encoder14":0,"Gradients_by_loss recover_latent/: mapper12":0.01968770955658812,"Gradients_by_loss recover_latent/: encoder14":0.0032409080751651933,"r2_delta_criterion/10_all":0.42422395944595337,"Gradients_by_loss recover_latent/: encoder10":0.010087397704090976,"r2_var_criterion/20_all":0.1762617284601385,"Gradients_by_loss rec_from_latent_pretrain/: encoder11":0,"Gradients_by_loss rec_from_latent_pretrain/: mapper1":0,"r2_mean_OOD/10_all":0,"Gradients_by_loss rec_from_latent_pretrain/: encoder8":0,"Gradients_by_loss rec_from_latent_pretrain/: encoder12":0,"r2_var_criterion/100_all":0.1018818508494984,"Gradients_by_loss rec_from_latent_pretrain/: encoder_pretrain":0.3741178534672488,"Gradients_by_loss rec_from_latent_pretrain/: mapper_tissue_mapper":0,"_runtime":125.015689994,"Rec/Pearson_gene_train":0.9329053766965866,"Gradients_by_loss rec_from_latent_pretrain/: encoder6":0,"Gradients_by_loss recover_latent/: encoder6":0.020996921752277804,"Gradients_by_loss rec_from_latent_pretrain/: mapper11":0,"Gradients_by_loss recover_latent/: mapper_donor_mapper":0.004378343127356314,"Gradients_by_loss rec_from_latent_pretrain/: decoder":0.4337701132474405,"r2_var_OOD/100_all":0,"Gradients_by_loss rec_from_latent_pretrain/: mapper6":0,"r2_mean_criterion/50_all":0.5755877061323686,"Gradients_by_loss recover_latent/: decoder":0,"Gradients_by_loss recover_latent/: encoder5":0.018228963632389683,"Gradients_by_loss recover_latent/: mapper11":0.019267679886633506,"Gradients_by_loss rec_from_latent_pretrain/: px_r":0.0005780373467132449,"Gradients_by_loss rec_from_latent_pretrain/: mapper_donor_mapper":0,"Gradients_by_loss rec_from_latent_pretrain/: encoder3":0,"Gradients_by_loss recover_latent/: encoder4":0.012368969657206793,"Gradients_by_loss recover_latent/: px_r":0,"Rec/R2_mean_train":0.9794604182243347,"Gradients_by_loss rec_from_latent_pretrain/: mapper2":0,"r2_mean_OOD/20_all":0,"Gradients_by_loss recover_latent/: encoder11":0.009422488940613944,"Gradients_by_loss rec_from_latent_pretrain/: mapper12":0,"MIG_BINNED/dis_latent_stack_tissue_train":0.6446014868834579,"Gradients_by_loss recover_latent/: mapper9":0.01794397140427324,"wasserstein_criterion/10_all":0.7311180056810574,"Gradients_by_loss rec_from_latent_pretrain/: mapper15":0,"Gradients_by_loss rec_from_latent_pretrain/: encoder0":0,"Gradients_by_loss recover_latent/: tissue_embedder":0.0026479975786060095,"r2_var_OOD/50_all":0,"losses/rec_from_latent_pretrain":0.5787535182067326,"Gradients_by_loss recover_latent/: mapper1":0.007005186702419135,"Gradients_by_loss recover_latent/: mapper7":0.01689564307947517,"r2_mean_criterion/100_all":0.6849129525097933,"r2_mean_OOD/100_all":0.6406090259552002,"Gradients_by_loss rec_from_latent_pretrain/: mapper7":0,"Gradients_by_loss recover_latent/: encoder8":0.00955545213032165,"Gradients_by_loss rec_from_latent_pretrain/: mapper3":0,"pear_var_criterion/avg_all":NaN,"Gradients_by_loss recover_latent/: mapper6":0.01655171131703181,"Gradients_by_loss recover_latent/: mapper15":0.019206723092136467,"Gradients_by_loss rec_from_latent_pretrain/: mapper14":0,"Gradients_by_loss rec_from_latent_pretrain/: mapper8":0,"Gradients_by_loss recover_latent/: mapper2":0.007887786120557693,"Gradients_by_loss recover_latent/: mapper4":0.010064163241107022,"Gradients_by_loss rec_from_latent_pretrain/: mapper4":0,"r2_delta_OOD/100_all":0.33991116285324097,"Gradients_by_loss rec_from_latent_pretrain/: donor_embedder":0,"Gradients_by_loss rec_from_latent_pretrain/: mapper0":0,"r2_mean_OOD/50_all":0.3969201445579529,"Rec/Pearson_sample_train":0.9163582921028137,"Gradients_by_loss rec_from_latent_pretrain/: encoder7":0,"Gradients_by_loss rec_from_latent_pretrain/: encoder13":0,"r2_delta_OOD/50_all":0.33227604627609253,"r2_delta_OOD/10_all":0.23761385679244995,"Gradients_by_loss recover_latent/: encoder12":0.005283268960298167,"Gradients_by_loss recover_latent/: encoder2":0.014743057685607372,"r2_mean_criterion/10_all":0.20748433741656216,"r2_delta_criterion/50_all":0.4293664748018438,"r2_delta_criterion/20_all":0.40989454226060346,"r2_var_OOD/10_all":0,"Gradients_by_loss rec_from_latent_pretrain/: mapper10":0,"Gradients_by_loss rec_from_latent_pretrain/: mapper13":0,"Gradients_by_loss recover_latent/: encoder7":0.005066981026272467,"Gradients_by_loss recover_latent/: encoder0":0.013175650390016594,"Gradients_by_loss rec_from_latent_pretrain/: encoder2":0,"Gradients_by_loss recover_latent/: mapper8":0.017252130912621712}