{"r2_mean/20000": 0.9541356563568115, "r2_var/20000": 0.04322117567062378, "pear_var/20000": 0.7247997452561162, "r2_delta/20000": 0.7917076945304871, "r2_mean/200": 0.891072690486908, "r2_var/200": 0, "pear_var/200": 0.7396377993577232, "r2_delta/200": 0.8235745429992676, "r2_mean/100": 0.871677041053772, "r2_var/100": 0, "pear_var/100": 0.7062714169747824, "r2_delta/100": 0.8232223391532898, "wass_dist/100": 0.37338748475077965, "r2_mean/50": 0.8106516599655151, "r2_var/50": 0, "pear_var/50": 0.6210925111397803, "r2_delta/50": 0.7354896664619446, "r2_mean/20": 0.7334814071655273, "r2_var/20": 0, "pear_var/20": 0.6285784989220188, "r2_delta/20": 0.5892025232315063, "wass_dist/20": 0.5435045719637424, "r2_mean/10": 0.4813229441642761, "r2_var/10": 0, "pear_var/10": 0.8199602575181097, "r2_delta/10": 0.30989545583724976, "wass_dist/10": 0.5703807126660609, "_timestamp": 1744211625.995935, "_runtime": 1.483280897140503, "_step": 0, "_wandb": {"runtime": 1}}