{"Gradients_by_loss recover_latent/: tissue_embedder":0.00012602750211954117,"Gradients_by_loss rec_from_latent_pretrain/: mapper11":0,"r2_mean_OOD/50_all":0.8896883130073547,"MIG_BINNED/dis_latent_stack_tissue_train":0.6703691980196183,"Gradients_by_loss recover_latent/: mapper5":0.002003198455384204,"Gradients_by_loss rec_from_latent_pretrain/: px_r":6.769959873054177e-05,"Gradients_by_loss rec_from_latent_pretrain/: mapper_tissue_mapper":0,"Gradients_by_loss recover_latent/: mapper1":0.001752732351776722,"Gradients_by_loss recover_latent/: mapper4":0.0017943861169798217,"Gradients_by_loss recover_latent/: mapper_donor_mapper":3.755750061266872e-05,"Gradients_by_loss recover_latent/: mapper_tissue_mapper":1.9161585701618548e-05,"Gradients_by_loss recover_latent/: encoder_pretrain":0.000373547619719759,"Gradients_by_loss rec_from_latent_pretrain/: mapper15":0,"Gradients_by_loss rec_from_latent_pretrain/: encoder0":0,"Gradients_by_loss rec_from_latent_pretrain/: mapper4":0,"r2_delta_OOD/50_all":0.4081723093986511,"Gradients_by_loss rec_from_latent_pretrain/: encoder10":0,"Gradients_by_loss rec_from_latent_pretrain/: mapper13":0,"r2_delta_OOD/100_all":0.4660804271697998,"r2_var_criterion/20_all":0.36697663502259686,"Gradients_by_loss rec_from_latent_pretrain/: donor_embedder":0,"Gradients_by_loss rec_from_latent_pretrain/: mapper8":0,"r2_var_criterion/10_all":0.4189289754087275,"Gradients_by_loss recover_latent/: encoder10":0.0006303212148247358,"Rec/Pearson_sample_train":0.9483084082603455,"Gradients_by_loss rec_from_latent_pretrain/: mapper14":0,"r2_var_OOD/10_all":0.7280830144882202,"r2_var_OOD/50_all":0.5415455102920532,"Gradients_by_loss rec_from_latent_pretrain/: decoder":0.1820216405479505,"Gradients_by_loss recover_latent/: mapper6":0.0020029005723304835,"Gradients_by_loss rec_from_latent_pretrain/: encoder1":0,"Gradients_by_loss recover_latent/: encoder9":0.001010224715418805,"Gradients_by_loss rec_from_latent_pretrain/: mapper6":0,"Gradients_by_loss recover_latent/: encoder13":0.0020379414221945386,"losses/rec_from_latent_pretrain":0.6191668710901064,"_runtime":3844.491565332,"Gradients_by_loss recover_latent/: mapper11":0.0017739223593667818,"r2_var_OOD/20_all":0.646287202835083,"Gradients_by_loss recover_latent/: encoder14":0.001092769058291811,"Gradients_by_loss rec_from_latent_pretrain/: mapper7":0,"r2_mean_criterion/10_all":0.523567795753479,"Rec/R2_var_train":0.9883304238319397,"r2_mean_criterion/20_all":0.6344916928898204,"r2_delta_OOD/20_all":0.3465682864189148,"wasserstein_OOD/10_all":0.4961645839086173,"r2_mean_criterion/50_all":0.748988622968847,"Gradients_by_loss rec_from_latent_pretrain/: tissue_embedder":0,"r2_var_OOD/100_all":0.6568305492401123,"Gradients_by_loss recover_latent/: mapper7":0.002019688388218793,"important_notes":{"sha256":"1e5ae518f91fc3c2bbfeb21c99f4d8ccf0fbe3ab918cf2b3d52f463c2dd3099d","size":7789,"path":"media/html/important_notes_0_1e5ae518f91fc3c2bbfe.html","_type":"html-file"},"Gradients_by_loss rec_from_latent_pretrain/: encoder4":0,"Gradients_by_loss recover_latent/: encoder8":0.0024556828882839475,"Gradients_by_loss rec_from_latent_pretrain/: mapper_donor_mapper":0,"Gradients_by_loss rec_from_latent_pretrain/: encoder11":0,"Gradients_by_loss recover_latent/: mapper14":0.001943836315697876,"Gradients_by_loss recover_latent/: mapper9":0.001887442840522726,"Rec/R2_mean_train":0.9965251684188843,"Gradients_by_loss rec_from_latent_pretrain/: encoder2":0,"Gradients_by_loss recover_latent/: decoder":0,"_step":521,"Gradients_by_loss recover_latent/: encoder6":0.002751735685362147,"r2_mean_criterion/100_all":0.7507048140872609,"Gradients_by_loss recover_latent/: encoder7":0.001549159211837763,"Gradients_by_loss recover_latent/: encoder2":0.0025288962268912494,"Gradients_by_loss recover_latent/: mapper8":0.0019525238139803407,"Gradients_by_loss recover_latent/: donor_embedder":9.763165871845558e-05,"Gradients_by_loss recover_latent/: encoder3":0.0016205196160003147,"Gradients_by_loss rec_from_latent_pretrain/: encoder8":0,"Gradients_by_loss rec_from_latent_pretrain/: encoder9":0,"Gradients_by_loss recover_latent/: encoder11":0.0008432626864960206,"Rec/Pearson_gene_train":0.6989175081253052,"r2_mean_OOD/20_all":0.8461977243423462,"Gradients_by_loss rec_from_latent_pretrain/: encoder6":0,"Gradients_by_loss recover_latent/: mapper15":0.0019445171061990727,"Gradients_by_loss rec_from_latent_pretrain/: encoder3":0,"Gradients_by_loss recover_latent/: encoder15":0.001133248612579766,"Gradients_by_loss rec_from_latent_pretrain/: mapper9":0,"Gradients_by_loss recover_latent/: mapper3":0.001693098069260652,"r2_delta_criterion/10_all":0.4898413744839755,"Gradients_by_loss rec_from_latent_pretrain/: mapper0":0,"Gradients_by_loss rec_from_latent_pretrain/: mapper12":0,"Gradients_by_loss rec_from_latent_pretrain/: encoder13":0,"Gradients_by_loss recover_latent/: mapper0":0.0006308329035744095,"r2_delta_OOD/10_all":0.2528926730155945,"r2_delta_criterion/20_all":0.496982140974565,"wasserstein_criterion/10_all":0.3097602250504862,"_timestamp":1.7674347385562718e+09,"r2_delta_criterion/50_all":0.5504476536404003,"Gradients_by_loss rec_from_latent_pretrain/: mapper5":0,"Gradients_by_loss rec_from_latent_pretrain/: encoder15":0,"Gradients_by_loss rec_from_latent_pretrain/: encoder_pretrain":0.17594708500235812,"r2_delta_criterion/100_all":0.5343559384346008,"Gradients_by_loss recover_latent/: mapper2":0.0017427313173610797,"pear_var_criterion/avg_all":NaN,"Gradients_by_loss rec_from_latent_pretrain/: mapper1":0,"Gradients_by_loss recover_latent/: mapper10":0.0017994112297884468,"r2_var_criterion/50_all":0.329308265989477,"Gradients_by_loss recover_latent/: encoder12":0.002323325864706137,"Gradients_by_loss recover_latent/: mapper12":0.001812382130320194,"Gradients_by_loss recover_latent/: encoder0":0.0031955167730100564,"r2_var_criterion/100_all":0.29042485085400666,"r2_mean_OOD/100_all":0.9046818017959595,"Gradients_by_loss recover_latent/: encoder5":0.0045054856832228065,"Gradients_by_loss rec_from_latent_pretrain/: mapper10":0,"Gradients_by_loss recover_latent/: mapper13":0.001908871176226917,"Gradients_by_loss rec_from_latent_pretrain/: encoder5":0,"Gradients_by_loss recover_latent/: px_r":0,"r2_mean_OOD/10_all":0.7957717180252075,"losses/recover_latent":3.4182659482673195e-05,"Gradients_by_loss rec_from_latent_pretrain/: encoder7":0,"Gradients_by_loss rec_from_latent_pretrain/: mapper2":0,"Gradients_by_loss recover_latent/: encoder4":0.003651640271033873,"_wandb":{"runtime":3844},"Gradients_by_loss rec_from_latent_pretrain/: encoder14":0,"Gradients_by_loss recover_latent/: encoder1":0.007397165694389281,"Gradients_by_loss rec_from_latent_pretrain/: encoder12":0,"Gradients_by_loss rec_from_latent_pretrain/: mapper3":0}