{"r2_mean/20000": 0.8171395063400269, "r2_var/20000": 0.13004380464553833, "pear_var/20000": 0.5304303794783422, "r2_delta/20000": 0.4588966965675354, "r2_mean/200": 0.416440486907959, "r2_var/200": 0, "pear_var/200": 0.2544027707768608, "r2_delta/200": 0.3895615339279175, "r2_mean/100": 0.18831753730773926, "r2_var/100": 0, "pear_var/100": 0.34667720129800056, "r2_delta/100": 0.29200732707977295, "wass_dist/100": 0.6220094230844111, "r2_mean/50": 0, "r2_var/50": 0, "pear_var/50": 0.26736518764051737, "r2_delta/50": 0, "r2_mean/20": 0, "r2_var/20": 0, "pear_var/20": -0.06197798112995134, "r2_delta/20": 0, "wass_dist/20": 1.3622811438831248, "r2_mean/10": 0, "r2_var/10": 0, "pear_var/10": 0.20268064121711493, "r2_delta/10": 0, "wass_dist/10": 1.5434483578580835, "_timestamp": 1744208102.8280714, "_runtime": 1.3524024486541748, "_step": 0, "_wandb": {"runtime": 1}}