{"r2_delta_criterion/50_all":0.5171106403524225,"Gradients_by_loss rec_from_latent_pretrain/: px_r":4.6418812416959554e-05,"r2_delta_criterion/10_all":0.4775958332148465,"Gradients_by_loss recover_latent/: decoder":0,"Gradients_by_loss recover_latent/: encoder2":0.0012807935295680384,"_runtime":3772.636010787,"r2_var_criterion/50_all":0.3194340413266962,"Gradients_by_loss rec_from_latent_pretrain/: encoder11":0,"losses/recover_latent":4.173725123142389e-05,"r2_delta_OOD/100_all":0.4677612781524658,"Gradients_by_loss rec_from_latent_pretrain/: mapper3":0,"Gradients_by_loss rec_from_latent_pretrain/: encoder10":0,"r2_var_criterion/10_all":0.4288302118127996,"Gradients_by_loss recover_latent/: encoder15":0.00024845354950688654,"Gradients_by_loss rec_from_latent_pretrain/: mapper4":0,"r2_mean_OOD/100_all":0.8734971284866333,"Gradients_by_loss recover_latent/: encoder13":0.00018977427064637405,"Gradients_by_loss recover_latent/: encoder8":0.003675626952885822,"r2_mean_criterion/20_all":0.6262838677926497,"Gradients_by_loss rec_from_latent_pretrain/: encoder15":0,"r2_delta_criterion/100_all":0.503973516550931,"Gradients_by_loss rec_from_latent_pretrain/: mapper7":0,"Gradients_by_loss recover_latent/: tissue_embedder":2.3202028387458995e-05,"r2_var_OOD/10_all":0.7915516495704651,"Gradients_by_loss recover_latent/: mapper5":0.0005523089881451657,"Gradients_by_loss recover_latent/: mapper1":0.00036157287438412793,"Gradients_by_loss recover_latent/: encoder1":0.0015122075486556162,"r2_var_OOD/20_all":0.4056705832481384,"Gradients_by_loss rec_from_latent_pretrain/: tissue_embedder":0,"Gradients_by_loss recover_latent/: mapper13":0.0012451823433530249,"Gradients_by_loss rec_from_latent_pretrain/: mapper14":0,"Gradients_by_loss rec_from_latent_pretrain/: encoder6":0,"Gradients_by_loss rec_from_latent_pretrain/: encoder0":0,"Gradients_by_loss recover_latent/: encoder_pretrain":0.00024303786929405288,"Gradients_by_loss recover_latent/: mapper4":0.00045416957166085877,"Gradients_by_loss rec_from_latent_pretrain/: mapper0":0,"Gradients_by_loss rec_from_latent_pretrain/: mapper2":0,"Gradients_by_loss rec_from_latent_pretrain/: encoder4":0,"Gradients_by_loss recover_latent/: encoder10":0.0010583995507607905,"r2_var_criterion/20_all":0.35977212949232623,"Gradients_by_loss recover_latent/: mapper9":0.0014621317796295497,"Gradients_by_loss recover_latent/: encoder4":0.00014580154962672993,"Rec/R2_mean_train":0.9976953268051147,"Gradients_by_loss rec_from_latent_pretrain/: mapper6":0,"Gradients_by_loss rec_from_latent_pretrain/: encoder3":0,"r2_mean_criterion/10_all":0.5731885812499307,"r2_mean_OOD/10_all":0,"Gradients_by_loss rec_from_latent_pretrain/: mapper10":0,"Gradients_by_loss recover_latent/: mapper7":0.0013916579299916715,"r2_delta_OOD/20_all":0,"Gradients_by_loss rec_from_latent_pretrain/: encoder2":0,"r2_var_OOD/100_all":0.45970410108566284,"r2_delta_criterion/20_all":0.48922251571308484,"Gradients_by_loss recover_latent/: encoder11":0.0003317428136171974,"Gradients_by_loss recover_latent/: mapper0":0.0001806156566602247,"Gradients_by_loss recover_latent/: encoder7":0.004839812397642279,"Gradients_by_loss rec_from_latent_pretrain/: mapper_tissue_mapper":0,"Gradients_by_loss rec_from_latent_pretrain/: encoder7":0,"Gradients_by_loss recover_latent/: encoder9":0.0005393528236603852,"Gradients_by_loss recover_latent/: mapper_donor_mapper":1.957137051548146e-05,"Gradients_by_loss rec_from_latent_pretrain/: mapper_donor_mapper":0,"Gradients_by_loss recover_latent/: mapper15":0.001160617368231373,"Gradients_by_loss recover_latent/: mapper11":0.0012802050427693818,"r2_mean_criterion/100_all":0.7377778562632474,"Gradients_by_loss rec_from_latent_pretrain/: mapper15":0,"Gradients_by_loss rec_from_latent_pretrain/: mapper8":0,"Gradients_by_loss rec_from_latent_pretrain/: mapper13":0,"r2_var_OOD/50_all":0.4111781716346741,"Rec/R2_var_train":0.9933624267578125,"Gradients_by_loss recover_latent/: mapper2":0.0003870007689003418,"_wandb":{"runtime":3772},"Gradients_by_loss rec_from_latent_pretrain/: encoder14":0,"r2_mean_criterion/50_all":0.7328152006322687,"Gradients_by_loss rec_from_latent_pretrain/: encoder1":0,"Gradients_by_loss recover_latent/: encoder6":0.0006719028181642597,"Gradients_by_loss rec_from_latent_pretrain/: encoder5":0,"Gradients_by_loss rec_from_latent_pretrain/: mapper11":0,"Gradients_by_loss rec_from_latent_pretrain/: mapper9":0,"Gradients_by_loss recover_latent/: px_r":0,"Gradients_by_loss recover_latent/: mapper12":0.001270242914086758,"Gradients_by_loss recover_latent/: mapper_tissue_mapper":1.6132278592081883e-05,"Gradients_by_loss rec_from_latent_pretrain/: encoder8":0,"Gradients_by_loss recover_latent/: mapper8":0.0015768806569580848,"Gradients_by_loss recover_latent/: mapper3":0.0004549055216611354,"r2_mean_OOD/20_all":0.670576810836792,"wasserstein_criterion/10_all":0.3319019383619761,"important_notes":{"size":7789,"path":"media/html/important_notes_0_78ff95eafdc8d054ccdf.html","_type":"html-file","sha256":"78ff95eafdc8d054ccdfe86849b89328c616e9f9293baff6d306040a136a30a4"},"Gradients_by_loss recover_latent/: encoder3":0.0013560575109789084,"Gradients_by_loss recover_latent/: donor_embedder":7.4534080340527e-05,"Gradients_by_loss recover_latent/: encoder14":0.00023711450226590754,"Gradients_by_loss recover_latent/: mapper14":0.0011843523889192682,"Gradients_by_loss rec_from_latent_pretrain/: mapper1":0,"_step":521,"Gradients_by_loss recover_latent/: encoder5":0.0013512980119905996,"Gradients_by_loss rec_from_latent_pretrain/: donor_embedder":0,"_timestamp":1.7674793712045264e+09,"losses/rec_from_latent_pretrain":0.6120585439718358,"Gradients_by_loss rec_from_latent_pretrain/: encoder13":0,"r2_delta_OOD/10_all":0,"Gradients_by_loss rec_from_latent_pretrain/: encoder9":0,"pear_var_criterion/avg_all":NaN,"Gradients_by_loss rec_from_latent_pretrain/: encoder12":0,"Rec/Pearson_sample_train":0.9497795701026917,"r2_mean_OOD/50_all":0.8437291383743286,"MIG_BINNED/dis_latent_stack_tissue_train":0.6641542992620195,"Gradients_by_loss recover_latent/: encoder0":0.0018834843890381302,"Gradients_by_loss rec_from_latent_pretrain/: decoder":0.1680466528862088,"Gradients_by_loss recover_latent/: mapper6":0.000523772221542804,"r2_var_criterion/100_all":0.3326012546365911,"Gradients_by_loss recover_latent/: encoder12":0.0006973396668746612,"Gradients_by_loss rec_from_latent_pretrain/: mapper12":0,"wasserstein_OOD/10_all":0.5805576099415176,"Gradients_by_loss rec_from_latent_pretrain/: encoder_pretrain":0.09917741755631455,"Gradients_by_loss recover_latent/: mapper10":0.001390721648572315,"r2_delta_OOD/50_all":0.4099690318107605,"Gradients_by_loss rec_from_latent_pretrain/: mapper5":0,"Rec/Pearson_gene_train":0.7066851854324341}