{"r2_mean/20000": 0.9746783375740051, "r2_var/20000": 0, "pear_var/20000": 0.6440843738120304, "r2_delta/20000": 0.7481958866119385, "r2_mean/200": 0.9611544609069824, "r2_var/200": 0, "pear_var/200": 0.5349901973985338, "r2_delta/200": 0.8808180093765259, "r2_mean/100": 0.9478705525398254, "r2_var/100": 0, "pear_var/100": 0.5364867879291476, "r2_delta/100": 0.8614639043807983, "wass_dist/100": 0.4026968567624569, "r2_mean/50": 0.9416380524635315, "r2_var/50": 0, "pear_var/50": 0.5810989033468118, "r2_delta/50": 0.8491907119750977, "r2_mean/20": 0.9675652384757996, "r2_var/20": 0, "pear_var/20": 0.5282807296078544, "r2_delta/20": 0.8940919041633606, "wass_dist/20": 0.4531495026797259, "r2_mean/10": 0.8963090181350708, "r2_var/10": 0, "pear_var/10": -0.6417059411945644, "r2_delta/10": 0.8304749131202698, "wass_dist/10": 0.44139114464857887, "_timestamp": 1744058806.0725465, "_runtime": 1.5299084186553955, "_step": 0, "_wandb": {"runtime": 1}}