{"r2_mean/20000": 0.968963623046875, "r2_var/20000": 0.10873347520828247, "pear_var/20000": 0.7167979239910048, "r2_delta/20000": 0.6645820736885071, "r2_mean/200": 0.9249221086502075, "r2_var/200": 0, "pear_var/200": 0.709678916649445, "r2_delta/200": 0.810400128364563, "r2_mean/100": 0.9232383966445923, "r2_var/100": 0, "pear_var/100": 0.8144829973266158, "r2_delta/100": 0.7934805154800415, "wass_dist/100": 0.3722243397479567, "r2_mean/50": 0.9140610098838806, "r2_var/50": 0, "pear_var/50": 0.8016970931097347, "r2_delta/50": 0.7497585415840149, "r2_mean/20": 0.897121250629425, "r2_var/20": 0, "pear_var/20": 0.7862085809947023, "r2_delta/20": 0.8603286743164062, "wass_dist/20": 0.4427804438592613, "r2_mean/10": 0.9794677495956421, "r2_var/10": 0, "pear_var/10": 0.6500577051322995, "r2_delta/10": 0.9696251749992371, "wass_dist/10": 0.42140082408165613, "_timestamp": 1744066052.5713794, "_runtime": 1.3111143112182617, "_step": 0, "_wandb": {"runtime": 1}}