{"r2_var/20":0,"pear_var/200":0.3293189042621747,"r2_mean/50":0.6671270728111267,"wass_dist/100":0.4033294961946433,"r2_var/50":0,"r2_delta/100":0.9965029954910278,"r2_delta/20000":0.9974903464317322,"r2_delta/20":0.9991146326065063,"_timestamp":1.7438269452036114e+09,"wass_dist/10":0.46469413838490387,"r2_delta/50":0.9965377449989319,"r2_var/100":0,"r2_mean/20":0.8811012506484985,"r2_delta/10":0,"r2_var/200":0,"pear_var/50":0.09850514923526335,"r2_mean/20000":0.8849694728851318,"wass_dist/20":0.446144057237339,"r2_mean/200":0.8576933145523071,"pear_var/20000":0.4965476673839551,"r2_var/20000":0,"pear_var/20":0.30279982093237195,"_runtime":0.604113358,"r2_mean/10":0.5848093032836914,"r2_delta/200":0.9973129630088806,"pear_var/10":0.42123212968659984,"r2_var/10":0,"r2_mean/100":0.7966986894607544,"_step":0,"_wandb":{"runtime":0},"pear_var/100":0.22502727548905}