{"r2_mean/20000": 0.7807698249816895, "r2_var/20000": 0, "pear_var/20000": 0.43380557746805376, "r2_delta/20000": 0.14930987358093262, "r2_mean/200": 0.48646867275238037, "r2_var/200": 0, "pear_var/200": 0.16759175696969839, "r2_delta/200": 0.4020642042160034, "r2_mean/100": 0.3082663416862488, "r2_var/100": 0, "pear_var/100": 0.053629455117915545, "r2_delta/100": 0.3523988723754883, "wass_dist/100": 0.5328771492179281, "r2_mean/50": 0, "r2_var/50": 0, "pear_var/50": -0.011193880748154654, "r2_delta/50": 0, "r2_mean/20": 0, "r2_var/20": 0, "pear_var/20": -0.1806592909847005, "r2_delta/20": 0, "wass_dist/20": 0.9713541946609834, "r2_mean/10": 0, "r2_var/10": 0, "pear_var/10": -0.19419921887607294, "r2_delta/10": 0, "wass_dist/10": 0.9892569491799102, "_timestamp": 1743899824.5368662, "_runtime": 2.0916802883148193, "_step": 0, "_wandb": {"runtime": 1}}