{"r2_mean/20000": 0.9014263153076172, "r2_var/20000": 0, "pear_var/20000": 0.40097951185889974, "r2_delta/20000": 0.019762158393859863, "r2_mean/200": 0.8726783990859985, "r2_var/200": 0, "pear_var/200": 0.130216313176721, "r2_delta/200": 0.6093645095825195, "r2_mean/100": 0.8413903713226318, "r2_var/100": 0, "pear_var/100": 0.017100877702095618, "r2_delta/100": 0.5784887075424194, "wass_dist/100": 0.4376311856795663, "r2_mean/50": 0.8349369168281555, "r2_var/50": 0, "pear_var/50": 0.04101813926791338, "r2_delta/50": 0.5734712481498718, "r2_mean/20": 0.8405683040618896, "r2_var/20": 0, "pear_var/20": -0.25550901085994426, "r2_delta/20": 0.4794130325317383, "wass_dist/20": 0.5287290837181662, "r2_mean/10": 0.8300818800926208, "r2_var/10": 0, "pear_var/10": -0.4396638652806091, "r2_delta/10": 0.7221996784210205, "wass_dist/10": 0.4904880801722503, "_timestamp": 1743876814.9927397, "_runtime": 1.293278694152832, "_step": 0, "_wandb": {"runtime": 1}}