{"r2_mean/20000": 0.8941922783851624, "r2_var/20000": 0, "pear_var/20000": 0.6069083501394613, "r2_delta/20000": 0.16072922945022583, "r2_mean/200": 0.8503547310829163, "r2_var/200": 0, "pear_var/200": 0.4072139067960505, "r2_delta/200": 0.6073900461196899, "r2_mean/100": 0.8203625082969666, "r2_var/100": 0, "pear_var/100": 0.23260213637593954, "r2_delta/100": 0.5529457330703735, "wass_dist/100": 0.48528286090215494, "r2_mean/50": 0.8165795803070068, "r2_var/50": 0, "pear_var/50": 0.27158195298638954, "r2_delta/50": 0.5128532648086548, "r2_mean/20": 0.7549756169319153, "r2_var/20": 0, "pear_var/20": -0.3003668004402109, "r2_delta/20": 0.23836541175842285, "wass_dist/20": 0.6103855612931594, "r2_mean/10": 0.5168952941894531, "r2_var/10": 0, "pear_var/10": -0.07297733209277693, "r2_delta/10": 0.31072449684143066, "wass_dist/10": 0.587232566034943, "_timestamp": 1744114443.3643613, "_runtime": 2.6663272380828857, "_step": 0, "_wandb": {"runtime": 2}}