{"_wandb":{"runtime":0},"wass_dist/100":0.5416372166092054,"_timestamp":1.7438291066201193e+09,"r2_var/10":0,"r2_delta/100":0.999850869178772,"wass_dist/10":0.4158301691462949,"r2_var/20000":0,"r2_mean/50":0.7292740345001221,"r2_delta/200":0.9997521042823792,"r2_var/100":0,"pear_var/200":0.2763959532934447,"r2_var/200":0,"wass_dist/20":0.527562005960319,"r2_mean/100":0.7675419449806213,"r2_mean/20":0.6371396780014038,"pear_var/50":0.39561509864216393,"pear_var/20000":0.6110781605306735,"r2_delta/20000":0.9991621971130371,"pear_var/20":0.1565672470926066,"r2_delta/50":0.9622384309768677,"r2_delta/20":0.45580995082855225,"r2_var/50":0,"pear_var/100":0.35422537141799904,"r2_mean/10":0.8803712129592896,"r2_mean/20000":0.7413415908813477,"r2_delta/10":0.754533588886261,"_runtime":0.620673457,"pear_var/10":0.5275125015652378,"r2_var/20":0,"_step":0,"r2_mean/200":0.7546929121017456}