{"r2_mean/20000": 0.7400993704795837, "r2_var/20000": 0, "pear_var/20000": 0.5035644161619314, "r2_delta/20000": 0, "r2_mean/200": 0.37715405225753784, "r2_var/200": 0, "pear_var/200": 0.42763921506362695, "r2_delta/200": 0, "r2_mean/100": 0.3471633791923523, "r2_var/100": 0, "pear_var/100": 0.5812509068661345, "r2_delta/100": 0, "wass_dist/100": 0.49570379308963974, "r2_mean/50": 0.2774524688720703, "r2_var/50": 0, "pear_var/50": 0.6540747527842246, "r2_delta/50": 0, "r2_mean/20": 0, "r2_var/20": 0, "pear_var/20": 0.7644070277159992, "r2_delta/20": 0, "wass_dist/20": 0.6326963200894697, "r2_mean/10": 0, "r2_var/10": 0, "pear_var/10": 0.6915593862381324, "r2_delta/10": 0, "wass_dist/10": 0.6825652965575724, "_timestamp": 1743880071.794337, "_runtime": 2.114090919494629, "_step": 0, "_wandb": {"runtime": 1}}