{"pear_var/20":0.08509919180089556,"r2_delta/20":0.99764484167099,"pear_var/10":0.23921810014570954,"r2_mean/10":0.33413082361221313,"_runtime":0.605776162,"r2_var/20000":0,"_wandb":{"runtime":0},"r2_var/50":0,"r2_mean/20000":0.5306682586669922,"_step":0,"r2_mean/200":0.5261484384536743,"r2_mean/100":0.5250818729400635,"r2_mean/50":0.6463875770568848,"r2_var/20":0,"r2_var/10":0,"r2_delta/100":0.9916951060295105,"r2_var/100":0,"r2_var/200":0,"pear_var/200":0.2983438325884759,"pear_var/100":0.17372923714498126,"wass_dist/10":0.4810040909117072,"wass_dist/100":0.4604591771295833,"pear_var/50":0.3015119321552845,"r2_delta/50":0.9961857199668884,"r2_delta/200":0.9879337549209595,"wass_dist/20":0.5267282268261733,"_timestamp":1.7438240777234406e+09,"r2_delta/20000":0.9881479740142822,"r2_delta/10":0,"pear_var/20000":0.4575582291034125,"r2_mean/20":0.6598485112190247}