{"r2_var/100":0,"r2_mean/20000":0.8158348798751831,"pear_var/200":0.5606396984733387,"r2_var/20000":0,"_runtime":0.547196751,"r2_delta/20000":0.9994760751724243,"r2_var/50":0,"pear_var/20000":0.6458164813730916,"r2_mean/50":0.8615487813949585,"pear_var/50":0.5014804147035017,"r2_mean/20":0.8571898937225342,"r2_mean/200":0.8212867975234985,"_wandb":{"runtime":0},"r2_var/10":0,"pear_var/100":0.5795763511751658,"_timestamp":1.743829991614659e+09,"pear_var/20":0.4710957574774464,"r2_var/20":0,"r2_delta/20":0.9999827742576599,"r2_delta/100":0.9999390840530396,"wass_dist/100":0.49962482540004755,"r2_mean/100":0.8578726053237915,"r2_delta/10":0,"r2_delta/200":0.9998730421066284,"r2_mean/10":0.7682298421859741,"r2_var/200":0,"r2_delta/50":0.9999676942825317,"_step":0,"wass_dist/20":0.5214832510773596,"wass_dist/10":0.49426415307779825,"pear_var/10":0.7874783858608339}