{"r2_mean/20000": 0.5949016809463501, "r2_var/20000": 0, "pear_var/20000": 0.4301548923964527, "r2_delta/20000": 0, "r2_mean/200": 0.19486284255981445, "r2_var/200": 0, "pear_var/200": 0.09840596012263689, "r2_delta/200": 0.15777790546417236, "r2_mean/100": 0.049619078636169434, "r2_var/100": 0, "pear_var/100": 0.10861037611544472, "r2_delta/100": 0.1710270643234253, "wass_dist/100": 0.6647756563463257, "r2_mean/50": 0, "r2_var/50": 0, "pear_var/50": -0.005464633724592905, "r2_delta/50": 0, "r2_mean/20": 0, "r2_var/20": 0, "pear_var/20": -0.16697547105901234, "r2_delta/20": 0, "wass_dist/20": 1.179232948703607, "r2_mean/10": 0, "r2_var/10": 0, "pear_var/10": 0.12857979160842584, "r2_delta/10": 0, "wass_dist/10": 1.1802847912850427, "_timestamp": 1743906388.1969464, "_runtime": 1.8570072650909424, "_step": 0, "_wandb": {"runtime": 1}}