{"r2_mean/20000": 0.9724419713020325, "r2_var/20000": 0.0035154223442077637, "pear_var/20000": 0.5999674702266669, "r2_delta/20000": 0.657963752746582, "r2_mean/200": 0.9574363827705383, "r2_var/200": 0, "pear_var/200": 0.5057204923144347, "r2_delta/200": 0.818070650100708, "r2_mean/100": 0.9404166340827942, "r2_var/100": 0, "pear_var/100": 0.25303411424629546, "r2_delta/100": 0.7970198392868042, "wass_dist/100": 0.37984476882379403, "r2_mean/50": 0.9074533581733704, "r2_var/50": 0, "pear_var/50": 0.21463486814633, "r2_delta/50": 0.6995506286621094, "r2_mean/20": 0.9404879212379456, "r2_var/20": 0, "pear_var/20": 0.36852332396983023, "r2_delta/20": 0.7573912143707275, "wass_dist/20": 0.41964826092139235, "r2_mean/10": 0.8944637179374695, "r2_var/10": 0, "pear_var/10": 0.07765379286328683, "r2_delta/10": 0.8274929523468018, "wass_dist/10": 0.4024660358120771, "_timestamp": 1744124779.9361677, "_runtime": 1.6323697566986084, "_step": 0, "_wandb": {"runtime": 1}}