{"r2_mean/100":0.40471136569976807,"r2_delta/200":0.9992061853408813,"r2_mean/20000":0.7496429681777954,"r2_mean/50":0,"r2_var/10":0,"r2_delta/10":0,"wass_dist/10":1.1189876126114253,"wass_dist/20":1.063744621437996,"r2_delta/20":0,"r2_mean/20":0,"r2_delta/50":0.4257544279098511,"pear_var/20":0.5950342076713286,"_timestamp":1.743828198120718e+09,"pear_var/20000":0.6055152637680871,"_wandb":{"runtime":0},"r2_var/100":0,"pear_var/10":-0.3295772081992743,"r2_var/20":0,"r2_delta/100":0.9961970448493958,"r2_delta/20000":0.9984472990036011,"_runtime":0.583867516,"r2_mean/10":0,"pear_var/50":0.554479841677559,"r2_var/50":0,"_step":0,"pear_var/200":0.3391061581710262,"wass_dist/100":0.734220729100781,"pear_var/100":0.4002013427291193,"r2_var/200":0,"r2_var/20000":0,"r2_mean/200":0.5395127534866333}