{"r2_mean/20000": 0.9875195026397705, "r2_var/20000": 0, "pear_var/20000": 0.5942681868574932, "r2_delta/20000": 0.8072896599769592, "r2_mean/200": 0.9764470458030701, "r2_var/200": 0, "pear_var/200": 0.6692766799429475, "r2_delta/200": 0.9036698341369629, "r2_mean/100": 0.9646970629692078, "r2_var/100": 0, "pear_var/100": 0.7316552623341803, "r2_delta/100": 0.8876799941062927, "wass_dist/100": 0.3501314525513066, "r2_mean/50": 0.9594275951385498, "r2_var/50": 0, "pear_var/50": 0.5082600386918369, "r2_delta/50": 0.8716429471969604, "r2_mean/20": 0.9613367915153503, "r2_var/20": 0, "pear_var/20": 0.16297963316748093, "r2_delta/20": 0.8496425151824951, "wass_dist/20": 0.37223372838636676, "r2_mean/10": 0.8546656966209412, "r2_var/10": 0, "pear_var/10": -0.31285471967562845, "r2_delta/10": 0.7969058752059937, "wass_dist/10": 0.35244672821539225, "_timestamp": 1744123467.2812388, "_runtime": 1.4771418571472168, "_step": 0, "_wandb": {"runtime": 1}}