{"r2_mean/20000": 0.9486941695213318, "r2_var/20000": 0, "pear_var/20000": 0.35695985032036887, "r2_delta/20000": 0.2077924609184265, "r2_mean/200": 0.8985444903373718, "r2_var/200": 0, "pear_var/200": 0.24606923406928086, "r2_delta/200": 0.5850533246994019, "r2_mean/100": 0.8304215669631958, "r2_var/100": 0, "pear_var/100": 0.3096071330359741, "r2_delta/100": 0.4604682922363281, "wass_dist/100": 0.42974573630559726, "r2_mean/50": 0.7986872792243958, "r2_var/50": 0, "pear_var/50": 0.0942907569923017, "r2_delta/50": 0.3631165027618408, "r2_mean/20": 0.7967780828475952, "r2_var/20": 0, "pear_var/20": -0.39567699507839293, "r2_delta/20": 0.20968973636627197, "wass_dist/20": 0.577245583217687, "r2_mean/10": 0.030038893222808838, "r2_var/10": 0, "pear_var/10": -0.500893124558684, "r2_delta/10": 0, "wass_dist/10": 0.6475029475765767, "_timestamp": 1743889966.933777, "_runtime": 1.2872190475463867, "_step": 0, "_wandb": {"runtime": 1}}