{"r2_mean_criterion/50_all":0.734642744064331,"Gradients_by_loss rec_from_latent_pretrain/: encoder4":0,"Gradients_by_loss rec_from_latent_pretrain/: mapper11":0,"Gradients_by_loss rec_from_latent_pretrain/: encoder12":0,"Gradients_by_loss recover_latent/: mapper_donor_mapper":2.6132281456056032e-05,"Gradients_by_loss recover_latent/: px_r":0,"r2_mean_criterion/20_all":0.6179599328474565,"Gradients_by_loss rec_from_latent_pretrain/: mapper15":0,"r2_delta_criterion/20_all":0.4447137713432312,"r2_delta_OOD/100_all":0.4982978105545044,"Gradients_by_loss recover_latent/: encoder14":0.0027573757340222,"Gradients_by_loss recover_latent/: mapper10":0.001113883044582379,"pear_var_criterion/avg_all":NaN,"r2_var_OOD/100_all":0.43035364151000977,"r2_mean_criterion/10_all":0.4973568699576638,"r2_mean_OOD/20_all":0.8132001757621765,"Gradients_by_loss recover_latent/: mapper4":0.0007580557549233632,"wasserstein_criterion/10_all":0.3561357002478807,"Gradients_by_loss recover_latent/: encoder15":0.002241174593008518,"Gradients_by_loss recover_latent/: mapper0":0.00048509706296588823,"r2_var_criterion/100_all":0.3046006235209378,"Gradients_by_loss recover_latent/: encoder7":0.0018248895496560294,"r2_var_criterion/20_all":0.34648184884678235,"r2_delta_criterion/10_all":0.4232866276394237,"Gradients_by_loss rec_from_latent_pretrain/: encoder15":0,"Gradients_by_loss rec_from_latent_pretrain/: mapper6":0,"_runtime":3769.316121259,"Gradients_by_loss recover_latent/: encoder10":0.001629928210355415,"r2_delta_OOD/50_all":0.587550699710846,"Gradients_by_loss recover_latent/: encoder6":0.0015166133842797582,"r2_var_OOD/10_all":0.9002927541732788,"Gradients_by_loss recover_latent/: mapper15":0.0020378218545625574,"r2_var_OOD/20_all":0.25695306062698364,"Gradients_by_loss recover_latent/: mapper12":0.0018819565403835287,"Rec/Pearson_sample_train":0.9502195119857788,"Gradients_by_loss recover_latent/: encoder13":0.0014987840498473274,"Gradients_by_loss recover_latent/: mapper1":0.0005670673415707087,"Gradients_by_loss rec_from_latent_pretrain/: encoder5":0,"r2_mean_OOD/100_all":0.8314690589904785,"Gradients_by_loss rec_from_latent_pretrain/: encoder14":0,"wasserstein_OOD/10_all":0.04987157626360321,"Gradients_by_loss recover_latent/: encoder3":0.0022415255442802054,"Gradients_by_loss rec_from_latent_pretrain/: encoder9":0,"Gradients_by_loss rec_from_latent_pretrain/: encoder1":0,"Gradients_by_loss rec_from_latent_pretrain/: px_r":7.737700798315927e-05,"Gradients_by_loss recover_latent/: donor_embedder":8.110941416816786e-05,"Gradients_by_loss rec_from_latent_pretrain/: mapper3":0,"Gradients_by_loss rec_from_latent_pretrain/: mapper2":0,"important_notes":{"sha256":"bc7d890cf22e5f85f1d38277f23b74e330d897a459a2a17d5890586dfd632d5c","size":7789,"path":"media/html/important_notes_0_bc7d890cf22e5f85f1d3.html","_type":"html-file"},"Gradients_by_loss recover_latent/: encoder0":0.0020687743894751208,"Gradients_by_loss rec_from_latent_pretrain/: encoder0":0,"Gradients_by_loss rec_from_latent_pretrain/: mapper5":0,"Gradients_by_loss rec_from_latent_pretrain/: mapper_tissue_mapper":0,"Gradients_by_loss recover_latent/: mapper5":0.0011222076489277547,"Gradients_by_loss recover_latent/: encoder5":0.0038011626234031896,"Gradients_by_loss rec_from_latent_pretrain/: mapper8":0,"Gradients_by_loss rec_from_latent_pretrain/: mapper1":0,"Gradients_by_loss recover_latent/: encoder8":0.00026781727424747374,"Gradients_by_loss rec_from_latent_pretrain/: decoder":0.2702859859396054,"Rec/R2_var_train":0.9962429404258728,"losses/rec_from_latent_pretrain":0.6156642380851267,"r2_delta_criterion/100_all":0.5110460519790649,"Gradients_by_loss rec_from_latent_pretrain/: encoder10":0,"_wandb":{"runtime":3769},"Gradients_by_loss recover_latent/: mapper3":0.0007312423007245846,"_step":521,"Gradients_by_loss recover_latent/: encoder9":0.0026209325675835182,"Gradients_by_loss rec_from_latent_pretrain/: mapper7":0,"r2_delta_criterion/50_all":0.5049419403076172,"Rec/R2_mean_train":0.9991334676742554,"Gradients_by_loss rec_from_latent_pretrain/: mapper4":0,"Gradients_by_loss rec_from_latent_pretrain/: donor_embedder":0,"r2_var_criterion/10_all":0.41780016097155487,"r2_delta_OOD/20_all":0.6833595037460327,"Gradients_by_loss rec_from_latent_pretrain/: encoder2":0,"Gradients_by_loss rec_from_latent_pretrain/: mapper0":0,"Gradients_by_loss rec_from_latent_pretrain/: encoder_pretrain":0.28171411456584833,"losses/recover_latent":2.6398810164597315e-05,"Gradients_by_loss rec_from_latent_pretrain/: mapper14":0,"r2_var_criterion/50_all":0.2753241441466592,"Gradients_by_loss rec_from_latent_pretrain/: mapper13":0,"r2_mean_OOD/10_all":0.988768994808197,"Gradients_by_loss rec_from_latent_pretrain/: mapper10":0,"Gradients_by_loss rec_from_latent_pretrain/: encoder8":0,"Gradients_by_loss recover_latent/: mapper2":0.0006147085372875294,"Gradients_by_loss recover_latent/: encoder_pretrain":0.000351319685864489,"Gradients_by_loss recover_latent/: encoder2":0.0022462727575732443,"Gradients_by_loss recover_latent/: encoder11":0.0010985467185252173,"Gradients_by_loss rec_from_latent_pretrain/: encoder6":0,"Gradients_by_loss recover_latent/: mapper14":0.0020497634602064914,"Gradients_by_loss recover_latent/: mapper8":0.00102468120271518,"MIG_BINNED/dis_latent_stack_tissue_train":0.6519040932498729,"Gradients_by_loss recover_latent/: tissue_embedder":0.00011140075366711244,"Gradients_by_loss recover_latent/: mapper7":0.0011068750478400245,"Gradients_by_loss rec_from_latent_pretrain/: mapper9":0,"Gradients_by_loss rec_from_latent_pretrain/: encoder3":0,"Gradients_by_loss recover_latent/: mapper13":0.0017969625523721045,"Gradients_by_loss rec_from_latent_pretrain/: tissue_embedder":0,"Gradients_by_loss recover_latent/: decoder":0,"Gradients_by_loss rec_from_latent_pretrain/: mapper12":0,"Gradients_by_loss recover_latent/: encoder12":0.004998749362049038,"Gradients_by_loss rec_from_latent_pretrain/: mapper_donor_mapper":0,"Gradients_by_loss recover_latent/: encoder1":0.0015117995957211014,"r2_delta_OOD/10_all":0.9728840589523315,"_timestamp":1.767460962220405e+09,"r2_mean_OOD/50_all":0.8605540990829468,"Rec/Pearson_gene_train":0.7042520844936371,"r2_mean_criterion/100_all":0.7461301413449374,"Gradients_by_loss recover_latent/: mapper11":0.0010949793931371973,"r2_var_OOD/50_all":0.40476441383361816,"Gradients_by_loss rec_from_latent_pretrain/: encoder13":0,"Gradients_by_loss recover_latent/: encoder4":0.0012266547927136538,"Gradients_by_loss recover_latent/: mapper6":0.0011567783299834724,"Gradients_by_loss rec_from_latent_pretrain/: encoder11":0,"Gradients_by_loss rec_from_latent_pretrain/: encoder7":0,"Gradients_by_loss recover_latent/: mapper_tissue_mapper":1.879272558955189e-05,"Gradients_by_loss recover_latent/: mapper9":0.0011648964821033899}