{"pear_var/10":0.3165732462996999,"pear_var/20":0.2467379395872169,"r2_delta/200":0.9972546100616455,"r2_delta/10":0,"wass_dist/10":0.5395764786565719,"r2_mean/10":0.442859411239624,"pear_var/50":0.3970145968866013,"r2_mean/50":0.8575047254562378,"pear_var/20000":0.559603069206845,"pear_var/100":0.34003080283539944,"r2_delta/20":0.9987635612487793,"r2_var/20":0,"r2_delta/100":0.9981523752212524,"r2_var/10":0,"r2_delta/50":0.998462975025177,"wass_dist/100":0.3783382303513367,"r2_mean/100":0.8943414092063904,"_wandb":{"runtime":0},"r2_var/200":0,"_step":0,"r2_delta/20000":0.9972674250602722,"_runtime":0.604514649,"r2_mean/20":0.8214251399040222,"r2_mean/200":0.892185389995575,"r2_var/100":0,"r2_var/50":0,"r2_mean/20000":0.8917909860610962,"r2_var/20000":0,"wass_dist/20":0.5056125850521458,"_timestamp":1.7438250279638162e+09,"pear_var/200":0.4347133897528023}