{"r2_mean/20000": 0.9604848623275757, "r2_var/20000": 0.13436323404312134, "pear_var/20000": 0.7004264302942783, "r2_delta/20000": 0.572950005531311, "r2_mean/200": 0.9261074066162109, "r2_var/200": 0, "pear_var/200": 0.713945852603564, "r2_delta/200": 0.8133935332298279, "r2_mean/100": 0.9272195100784302, "r2_var/100": 0, "pear_var/100": 0.7856558080898698, "r2_delta/100": 0.8041912317276001, "wass_dist/100": 0.3530290415718531, "r2_mean/50": 0.9235270023345947, "r2_var/50": 0, "pear_var/50": 0.7830673690935368, "r2_delta/50": 0.7773220539093018, "r2_mean/20": 0.8547117114067078, "r2_var/20": 0, "pear_var/20": 0.7573649295602414, "r2_delta/20": 0.8027522563934326, "wass_dist/20": 0.41013726479322976, "r2_mean/10": 0.9493240714073181, "r2_var/10": 0, "pear_var/10": 0.6878318995197756, "r2_delta/10": 0.9250314831733704, "wass_dist/10": 0.38315195645248745, "_timestamp": 1744066369.737766, "_runtime": 1.8300609588623047, "_step": 0, "_wandb": {"runtime": 1}}