{"CEBPE+RUNX1T1/Wass_combo_specific_10_all":0.288220049544299,"Gradients_by_loss rec_from_latent_pretrain/: mapper15":0,"FOSB+IKZF3/Pearson Delta_combo_specific_10_all":0.9673569510571673,"SNAI1+DLX2/R2_10_all":0.9128568768501282,"JUN+CEBPA/Pearson Delta_10_all":0.9760004752793612,"CEBPE+RUNX1T1/Pearson Delta_combo_specific_10_all":0.9158995123015244,"JUN+CEBPA/R2_100_all":0.9292847514152527,"Gradients_by_loss rec_from_latent_pretrain/: encoder15":0,"JUN+CEBPA/Pearson Delta_combo_specific_20_all":0.9609308643377432,"Gradients_by_loss rec_from_latent_pretrain/: mapper3":0,"Gradients_by_loss rec_from_latent_pretrain/: mapper7":0,"CBL+PTPN9/Wass_combo_specific_10_all":0.28442900070096194,"Gradients_by_loss rec_from_latent_pretrain/: mapper6":0,"CBL+PTPN9/Pearson Delta_10_all":0.9753543517661324,"ETS2+IKZF3/Wass_10_all":0.3987820039121311,"r2_mean_criterion/100_all":0.9738344008272345,"UBASH3B+PTPN9/R2_50_all":0.9803624749183655,"SAMD1+PTPN12/Pearson Delta_10_all":0.978978642209214,"Gradients_by_loss rec_from_latent_pretrain/: encoder0":0,"PRDM1+CBFA2T3/Pearson Delta_50_all":0.9341892653996489,"Gradients_by_loss rec_from_latent_pretrain/: encoder1":0,"JUN+CEBPA/Pearson Delta_combo_specific_10_all":0.9731376725849398,"ETS2+IKZF3/R2_combo_specific_20_all":0.9709351658821106,"ETS2+IKZF3/Pearson Delta_50_all":0.9803747830290481,"Gradients_by_loss recover_latent/: mapper4":0.0020446706340817794,"Gradients_by_loss rec_from_latent_pretrain/: encoder10":0,"SAMD1+PTPN12/Pearson Delta_combo_specific_20_all":0.9638430936196184,"Gradients_by_loss recover_latent/: mapper2":0.0021954791149368883,"Gradients_by_loss recover_latent/: mapper14":0.002275266407091178,"Gradients_by_loss recover_latent/: mapper_perturbation2_mapper":4.699113601695896e-05,"Gradients_by_loss recover_latent/: mapper_perturbation1_mapper":2.069271624857249e-05,"CEBPE+RUNX1T1/Pearson Delta_combo_specific_100_all":0.8883350457354664,"SAMD1+PTPN12/R2_combo_specific_50_all":0.9714656472206116,"_wandb":{"runtime":43611},"FOSB+IKZF3/Pearson Delta_combo_specific_50_all":0.9447525041706353,"FOSB+IKZF3/Wass_combo_specific_10_all":0.4081730474528705,"UBASH3B+PTPN9/R2_10_all":0.985927164554596,"Gradients_by_loss rec_from_latent_pretrain/: mapper2":0,"FOSB+IKZF3/R2_100_all":0.9843123555183411,"CEBPE+RUNX1T1/R2_50_all":0.9735336899757385,"UBASH3B+PTPN9/Pearson Delta_100_all":0.9268090075470912,"CEBPE+RUNX1T1/R2_100_all":0.9824051260948181,"r2_mean_criterion/50_all":0.96959942037409,"JUN+CEBPA/R2_combo_specific_10_all":0.7247462272644043,"CBL+PTPN9/R2_100_all":0.9845078587532043,"SAMD1+PTPN12/R2_combo_specific_100_all":0.9762276411056519,"Gradients_by_loss recover_latent/: encoder7":0.0024894112153972564,"Gradients_by_loss recover_latent/: px_r":0,"CBL+PTPN9/Pearson Delta_100_all":0.9462573771542561,"FOSB+IKZF3/Pearson Delta_50_all":0.9719726855967498,"CEBPE+RUNX1T1/R2_combo_specific_10_all":0.9506949782371521,"UBASH3B+PTPN9/Pearson Delta_combo_specific_20_all":0.9233249484923244,"Gradients_by_loss recover_latent/: encoder11":0.004490729562769236,"CDKN1C+CDKN1B/Wass_10_all":0.2969300191138894,"PRDM1+CBFA2T3/R2_combo_specific_50_all":0.9745570421218872,"UBASH3B+PTPN9/R2_combo_specific_10_all":0.9802200794219971,"CBL+PTPN9/Pearson Delta_combo_specific_50_all":0.9412562740354888,"SNAI1+DLX2/R2_combo_specific_50_all":0.9259671568870544,"Gradients_by_loss rec_from_latent_pretrain/: encoder2":0,"SNAI1+DLX2/R2_100_all":0.9549015164375305,"UBASH3B+PTPN9/R2_combo_specific_20_all":0.9739634394645691,"ETS2+IKZF3/Pearson Delta_combo_specific_20_all":0.9762746588163359,"CEBPE+RUNX1T1/Pearson Delta_50_all":0.9512605929236133,"JUN+CEBPA/R2_50_all":0.8832637071609497,"CEBPE+RUNX1T1/R2_combo_specific_20_all":0.9500699639320374,"PRDM1+CBFA2T3/Pearson Delta_100_all":0.9342046420916781,"Gradients_by_loss rec_from_latent_pretrain/: encoder14":0,"SAMD1+PTPN12/Pearson Delta_100_all":0.9718237930236934,"PRDM1+CBFA2T3/Pearson Delta_combo_specific_100_all":0.9292903022215002,"JUN+CEBPA/R2_combo_specific_100_all":0.9277355074882507,"losses/recover_latent":2.943417959942789e-05,"Gradients_by_loss rec_from_latent_pretrain/: mapper13":0,"CEBPE+RUNX1T1/Pearson Delta_100_all":0.9535160927252496,"FOSB+IKZF3/Pearson Delta_10_all":0.9617931447932402,"CBL+PTPN9/R2_combo_specific_10_all":0.953153669834137,"FOSB+IKZF3/R2_combo_specific_10_all":0.9608929753303528,"Gradients_by_loss rec_from_latent_pretrain/: encoder13":0,"PRDM1+CBFA2T3/Pearson Delta_combo_specific_10_all":0.9107273921702354,"CDKN1C+CDKN1B/Pearson Delta_10_all":0.9844277003256507,"Gradients_by_loss recover_latent/: encoder1":0.008800752943179157,"UBASH3B+PTPN9/Pearson Delta_10_all":0.9441682772829685,"Gradients_by_loss rec_from_latent_pretrain/: mapper0":0,"ETS2+IKZF3/R2_combo_specific_50_all":0.9847360253334045,"Gradients_by_loss rec_from_latent_pretrain/: mapper9":0,"r2_mean_criterion/10_all":0.906514048576355,"Gradients_by_loss recover_latent/: encoder12":0.0014689459818012162,"SNAI1+DLX2/Pearson Delta_20_all":0.8978081503407734,"SNAI1+DLX2/Pearson Delta_combo_specific_50_all":0.916988619740851,"PRDM1+CBFA2T3/Wass_combo_specific_10_all":0.28462123218610313,"FOSB+IKZF3/R2_combo_specific_100_all":0.9804296493530273,"SAMD1+PTPN12/Pearson Delta_combo_specific_100_all":0.9657899849416614,"Gradients_by_loss rec_from_latent_pretrain/: mapper_perturbation1_mapper":0,"SNAI1+DLX2/R2_20_all":0.922937273979187,"SAMD1+PTPN12/Pearson Delta_20_all":0.9617724090247892,"PRDM1+CBFA2T3/Pearson Delta_20_all":0.9630555743167167,"SNAI1+DLX2/Pearson Delta_combo_specific_100_all":0.8894908035275402,"Gradients_by_loss recover_latent/: mapper8":0.001851077493665744,"FOSB+IKZF3/R2_10_all":0.9724463820457458,"SAMD1+PTPN12/Pearson Delta_combo_specific_10_all":0.9466184766245281,"PRDM1+CBFA2T3/R2_combo_specific_20_all":0.9791242480278015,"Rec/Pearson_gene_train":0.5559473037719727,"Gradients_by_loss recover_latent/: encoder6":0.0002586865487208588,"FOSB+IKZF3/Wass_10_all":0.3862231286531009,"important_notes":{"size":7275,"path":"media/html/important_notes_0_6e11a53843050fd31357.html","_type":"html-file","sha256":"6e11a53843050fd31357b2c8d239526d63d710719c7431772653f7d6f0e9cc16"},"JUN+CEBPA/R2_combo_specific_20_all":0.8021990060806274,"MIG_BINNED/dis_latent_stack_condition_train":0.6503905046302878,"CDKN1C+CDKN1B/Pearson Delta_combo_specific_100_all":0.9510558658952986,"ETS2+IKZF3/R2_50_all":0.9769432544708252,"Gradients_by_loss recover_latent/: mapper11":0.002316491128997528,"PRDM1+CBFA2T3/R2_10_all":0.975067138671875,"CDKN1C+CDKN1B/R2_10_all":0.9677248597145081,"CEBPE+RUNX1T1/Pearson Delta_combo_specific_20_all":0.908478317526988,"CBL+PTPN9/Pearson Delta_20_all":0.9564263357002711,"Gradients_by_loss rec_from_latent_pretrain/: mapper14":0,"CEBPE+RUNX1T1/R2_combo_specific_50_all":0.9578608274459839,"UBASH3B+PTPN9/Wass_10_all":0.26568947452163943,"PRDM1+CBFA2T3/Pearson Delta_combo_specific_50_all":0.9418748760174823,"Gradients_by_loss recover_latent/: encoder8":0.0012937279388666545,"UBASH3B+PTPN9/Pearson Delta_50_all":0.932836166434441,"CDKN1C+CDKN1B/Pearson Delta_50_all":0.9757291764835364,"ETS2+IKZF3/Pearson Delta_combo_specific_100_all":0.9754457988349076,"UBASH3B+PTPN9/R2_combo_specific_50_all":0.9736580848693848,"ETS2+IKZF3/R2_combo_specific_10_all":0.9476151466369629,"ETS2+IKZF3/R2_20_all":0.9642573595046997,"JUN+CEBPA/Pearson Delta_20_all":0.9786922876443724,"SNAI1+DLX2/Pearson Delta_10_all":0.8957776400362866,"Gradients_by_loss recover_latent/: mapper12":0.0022905643662975016,"PRDM1+CBFA2T3/R2_combo_specific_10_all":0.941841185092926,"SNAI1+DLX2/R2_50_all":0.9516286253929138,"Gradients_by_loss recover_latent/: encoder_pretrain":0.0007580033599430774,"FOSB+IKZF3/R2_combo_specific_50_all":0.9707623720169067,"Gradients_by_loss rec_from_latent_pretrain/: mapper4":0,"FOSB+IKZF3/R2_50_all":0.9832993745803833,"CBL+PTPN9/Wass_10_all":0.26989229486786287,"r2_mean_criterion/avg_all":0.9494626007296822,"Gradients_by_loss rec_from_latent_pretrain/: mapper12":0,"FOSB+IKZF3/Pearson Delta_20_all":0.972542145643482,