{"r2_mean_criterion/100_all":0.9393048371587481,"Rec/Pearson_sample_train":0.956490695476532,"Gradients_by_loss recover_latent/: mapper12":0.0013490944559194629,"Gradients_by_loss recover_latent/: encoder6":0.001339177728730104,"Gradients_by_loss rec_from_latent_pretrain/: mapper_cell_type_mapper":0,"Gradients_by_loss rec_from_latent_pretrain/: mapper6":0,"Gradients_by_loss rec_from_latent_pretrain/: encoder10":0,"Gradients_by_loss rec_from_latent_pretrain/: mapper0":0,"r2_mean_criterion/20_all":0.8453416654041835,"Gradients_by_loss rec_from_latent_pretrain/: mapper5":0,"losses/rec_from_latent_pretrain":2.3645650978329815,"Gradients_by_loss recover_latent/: encoder14":0.0007634112080683024,"r2_delta_criterion/50_all":0.8131131700107029,"important_notes":{"_type":"html-file","sha256":"614b655af5a23c4347b42905b0ff7ac3294a1320e3cbca263fc1a36423373d60","size":7798,"path":"media/html/important_notes_0_614b655af5a23c4347b4.html"},"Gradients_by_loss recover_latent/: mapper4":0.0006808200501376635,"Gradients_by_loss rec_from_latent_pretrain/: mapper2":0,"Gradients_by_loss rec_from_latent_pretrain/: mapper13":0,"r2_delta_OOD/10_all":0.8504886627197266,"losses/recover_latent":7.984774262545619e-05,"Gradients_by_loss recover_latent/: mapper10":0.001479755547084559,"wasserstein_criterion/10_all":0.23741758964928192,"pear_var_criterion/avg_all":NaN,"Gradients_by_loss rec_from_latent_pretrain/: mapper7":0,"Gradients_by_loss recover_latent/: mapper14":0.0013169181773508985,"Gradients_by_loss recover_latent/: encoder5":0.003732280838029922,"Gradients_by_loss recover_latent/: decoder":0,"Gradients_by_loss recover_latent/: mapper_condition_mapper":2.3244665043962716e-05,"Gradients_by_loss rec_from_latent_pretrain/: mapper3":0,"Gradients_by_loss recover_latent/: encoder_pretrain":0.00034708819606792726,"Gradients_by_loss rec_from_latent_pretrain/: encoder3":0,"wasserstein_criterion/100_all":0.23175517865533599,"Gradients_by_loss recover_latent/: encoder7":0.0007572005256526429,"Gradients_by_loss recover_latent/: mapper13":0.0013286375498695886,"_timestamp":1.768368852534217e+09,"Gradients_by_loss recover_latent/: encoder2":0.0014754847242794313,"r2_mean_OOD/50_all":0.9395685195922852,"Rec/R2_var_train":0.9791922569274902,"_runtime":1831.301607317,"r2_mean_OOD/20_all":0.9370014667510986,"Gradients_by_loss recover_latent/: mapper2":0.000568000844748993,"Gradients_by_loss recover_latent/: encoder1":0.0026917535035187474,"r2_delta_criterion/20_all":0.6968945775713239,"_step":521,"MIG_BINNED/dis_latent_stack_condition_train":0.6845447371623266,"r2_mean_OOD/100_all":0.9399153590202332,"Gradients_by_loss recover_latent/: mapper_cell_type_mapper":2.651164219142331e-05,"Gradients_by_loss recover_latent/: mapper15":0.0016033813844051953,"Gradients_by_loss recover_latent/: cell_type_embedder":6.655897595919669e-05,"Gradients_by_loss recover_latent/: encoder0":0.001667834923639042,"Gradients_by_loss recover_latent/: px_r":0,"r2_delta_OOD/50_all":0.8357871770858765,"Gradients_by_loss recover_latent/: mapper7":0.000978142987000776,"Gradients_by_loss rec_from_latent_pretrain/: cell_type_embedder":0,"Gradients_by_loss rec_from_latent_pretrain/: encoder11":0,"Gradients_by_loss rec_from_latent_pretrain/: encoder12":0,"Gradients_by_loss rec_from_latent_pretrain/: mapper8":0,"r2_delta_criterion/100_all":0.8650650892938886,"Gradients_by_loss rec_from_latent_pretrain/: mapper4":0,"Gradients_by_loss recover_latent/: encoder3":0.0021909843898023614,"Gradients_by_loss rec_from_latent_pretrain/: encoder2":0,"Gradients_by_loss rec_from_latent_pretrain/: px_r":0.00017264705093111843,"wasserstein_OOD/100_all":0.26631813888483,"Gradients_by_loss rec_from_latent_pretrain/: condition_embedder":0,"Gradients_by_loss recover_latent/: encoder8":0.0004806885999545224,"Gradients_by_loss recover_latent/: encoder13":0.0011251824102993181,"Gradients_by_loss recover_latent/: mapper6":0.0010343028009408052,"Gradients_by_loss rec_from_latent_pretrain/: encoder14":0,"Gradients_by_loss rec_from_latent_pretrain/: encoder0":0,"Gradients_by_loss rec_from_latent_pretrain/: encoder7":0,"Gradients_by_loss rec_from_latent_pretrain/: encoder_pretrain":0.526024135621834,"Gradients_by_loss rec_from_latent_pretrain/: encoder1":0,"Gradients_by_loss recover_latent/: encoder12":0.0002995410092595723,"Gradients_by_loss recover_latent/: mapper8":0.0009348248028544624,"Gradients_by_loss rec_from_latent_pretrain/: encoder6":0,"Gradients_by_loss rec_from_latent_pretrain/: mapper9":0,"Gradients_by_loss rec_from_latent_pretrain/: mapper12":0,"Gradients_by_loss recover_latent/: mapper3":0.0007050787306770343,"r2_mean_criterion/50_all":0.9184786421912057,"Gradients_by_loss recover_latent/: condition_embedder":6.707275315420702e-05,"Gradients_by_loss recover_latent/: mapper5":0.0011077795236515216,"_wandb":{"runtime":1831},"Gradients_by_loss rec_from_latent_pretrain/: encoder5":0,"Gradients_by_loss rec_from_latent_pretrain/: encoder13":0,"Gradients_by_loss rec_from_latent_pretrain/: encoder9":0,"Gradients_by_loss recover_latent/: mapper11":0.0013686006283111425,"Gradients_by_loss recover_latent/: encoder10":0.004023266723188298,"Gradients_by_loss recover_latent/: mapper9":0.000942513062718441,"r2_mean_criterion/10_all":0.8278264233044216,"r2_delta_OOD/100_all":0.8087834119796753,"Gradients_by_loss recover_latent/: mapper0":6.397224386656963e-05,"Gradients_by_loss rec_from_latent_pretrain/: decoder":0.47795002108263834,"r2_delta_criterion/10_all":0.705788825239454,"Gradients_by_loss recover_latent/: encoder15":0.001933120347693226,"Gradients_by_loss rec_from_latent_pretrain/: encoder15":0,"Rec/Pearson_gene_train":0.7425459623336792,"Gradients_by_loss recover_latent/: mapper1":0.000551334006656091,"Gradients_by_loss rec_from_latent_pretrain/: mapper11":0,"r2_mean_OOD/10_all":0.9684150815010071,"wasserstein_OOD/10_all":0.19355293197553974,"Rec/R2_mean_train":0.9946224093437195,"r2_delta_OOD/20_all":0.7452257871627808,"Gradients_by_loss rec_from_latent_pretrain/: encoder4":0,"Gradients_by_loss rec_from_latent_pretrain/: mapper15":0,"Gradients_by_loss rec_from_latent_pretrain/: mapper_condition_mapper":0,"Gradients_by_loss recover_latent/: encoder4":0.0014745325612590874,"Gradients_by_loss rec_from_latent_pretrain/: mapper14":0,"Gradients_by_loss rec_from_latent_pretrain/: mapper1":0,"Gradients_by_loss recover_latent/: encoder11":0.0006079561683365151,"Gradients_by_loss rec_from_latent_pretrain/: encoder8":0,"Gradients_by_loss recover_latent/: encoder9":0.001191763157284357,"Gradients_by_loss rec_from_latent_pretrain/: mapper10":0}