{"r2_mean/20000": 0.9760797619819641, "r2_var/20000": 0, "pear_var/20000": 0.556967163680177, "r2_delta/20000": 0.6306502819061279, "r2_mean/200": 0.9599140882492065, "r2_var/200": 0, "pear_var/200": 0.6489835219552476, "r2_delta/200": 0.8360511064529419, "r2_mean/100": 0.9458122253417969, "r2_var/100": 0, "pear_var/100": 0.7439963694437206, "r2_delta/100": 0.8275958299636841, "wass_dist/100": 0.37660576586746347, "r2_mean/50": 0.9356289505958557, "r2_var/50": 0, "pear_var/50": 0.41474123701449567, "r2_delta/50": 0.7963524460792542, "r2_mean/20": 0.9669404029846191, "r2_var/20": 0, "pear_var/20": 0.15357195837289592, "r2_delta/20": 0.8714345693588257, "wass_dist/20": 0.39682147546549185, "r2_mean/10": 0.9339714646339417, "r2_var/10": 0, "pear_var/10": -0.23835466088698626, "r2_delta/10": 0.907729983329773, "wass_dist/10": 0.37665976582699273, "_timestamp": 1744123227.0486784, "_runtime": 2.0339624881744385, "_step": 0, "_wandb": {"runtime": 1}}