{"r2_mean/20000": 0.8849182724952698, "r2_var/20000": 0, "pear_var/20000": 0.5684689601663769, "r2_delta/20000": 0.5534425973892212, "r2_mean/200": 0.8354761004447937, "r2_var/200": 0, "pear_var/200": 0.4882910230269988, "r2_delta/200": 0.8084348440170288, "r2_mean/100": 0.8268718123435974, "r2_var/100": 0, "pear_var/100": 0.644641943135069, "r2_delta/100": 0.8379173874855042, "wass_dist/100": 0.3685680797003782, "r2_mean/50": 0.7514361143112183, "r2_var/50": 0, "pear_var/50": 0.8069865032608893, "r2_delta/50": 0.7222341299057007, "r2_mean/20": 0.8003722429275513, "r2_var/20": 0, "pear_var/20": 0.8181820573638573, "r2_delta/20": 0.7773319482803345, "wass_dist/20": 0.4269250474596807, "r2_mean/10": 0.8374334573745728, "r2_var/10": 0, "pear_var/10": 0.051657386296613914, "r2_delta/10": 0.8054214715957642, "wass_dist/10": 0.3840665765688021, "_timestamp": 1743902827.0462134, "_runtime": 1.6328094005584717, "_step": 0, "_wandb": {"runtime": 1}}