{"Gradients_by_loss recover_latent/: encoder6":0.0008993843249474701,"Gradients_by_loss rec_from_latent_pretrain/: encoder0":0,"Gradients_by_loss rec_from_latent_pretrain/: encoder14":0,"Gradients_by_loss recover_latent/: mapper8":0.0005289208259300069,"r2_var_OOD/20_all":0.1997842788696289,"Gradients_by_loss recover_latent/: encoder_pretrain":9.956914250997826e-05,"Gradients_by_loss recover_latent/: encoder4":0.00022527468392141313,"r2_mean_OOD/100_all":0.770825982093811,"Gradients_by_loss recover_latent/: mapper13":0.0005636379711676073,"Gradients_by_loss rec_from_latent_pretrain/: encoder4":0,"_timestamp":1.767416027144629e+09,"r2_var_OOD/10_all":0.14207273721694946,"Gradients_by_loss recover_latent/: px_r":0,"Gradients_by_loss rec_from_latent_pretrain/: donor_embedder":0,"Gradients_by_loss rec_from_latent_pretrain/: encoder10":0,"wasserstein_criterion/10_all":0.3324610703253463,"Gradients_by_loss rec_from_latent_pretrain/: mapper9":0,"Gradients_by_loss recover_latent/: mapper_donor_mapper":6.366670919988763e-06,"Gradients_by_loss recover_latent/: mapper14":0.000552583672920212,"r2_mean_criterion/100_all":0.7366118593649431,"Gradients_by_loss rec_from_latent_pretrain/: encoder9":0,"Gradients_by_loss recover_latent/: mapper15":0.0005637907970429313,"pear_var_criterion/avg_all":NaN,"r2_mean_OOD/50_all":0.7139816284179688,"Gradients_by_loss recover_latent/: encoder1":0.0008763111724529514,"Gradients_by_loss recover_latent/: encoder9":0.0009450743222945638,"_runtime":3698.615854654,"Gradients_by_loss rec_from_latent_pretrain/: mapper8":0,"Gradients_by_loss rec_from_latent_pretrain/: encoder6":0,"_step":521,"Gradients_by_loss recover_latent/: mapper_tissue_mapper":5.65250924339584e-06,"r2_delta_criterion/10_all":0.4319377378983931,"Gradients_by_loss recover_latent/: encoder15":0.0001598188260542421,"Gradients_by_loss recover_latent/: encoder10":0.000310338913544001,"Gradients_by_loss rec_from_latent_pretrain/: mapper5":0,"Gradients_by_loss rec_from_latent_pretrain/: encoder2":0,"Gradients_by_loss recover_latent/: mapper0":0.00029139772901012374,"Gradients_by_loss recover_latent/: mapper5":0.0005225555036350623,"Gradients_by_loss recover_latent/: encoder0":0.0014187309967297558,"Gradients_by_loss recover_latent/: mapper3":0.0005541667975437927,"r2_delta_criterion/20_all":0.43446189165115356,"r2_delta_criterion/50_all":0.49871567162600433,"Gradients_by_loss recover_latent/: tissue_embedder":1.538764263386838e-05,"Gradients_by_loss recover_latent/: mapper7":0.0005482508914456785,"Gradients_by_loss recover_latent/: mapper10":0.0005197726475291879,"Gradients_by_loss rec_from_latent_pretrain/: mapper14":0,"Gradients_by_loss rec_from_latent_pretrain/: encoder1":0,"Rec/R2_mean_train":0.9984986782073975,"r2_var_criterion/10_all":0.3596836436878551,"Gradients_by_loss recover_latent/: encoder8":0.0004737561366154931,"Gradients_by_loss recover_latent/: mapper6":0.0005595391901846761,"Gradients_by_loss recover_latent/: encoder14":0.0002050819666947404,"r2_delta_OOD/20_all":0.18173766136169434,"r2_var_criterion/20_all":0.27990672805092554,"r2_delta_criterion/100_all":0.4914804588664662,"Gradients_by_loss rec_from_latent_pretrain/: encoder15":0,"r2_var_criterion/100_all":0.3047442002729936,"Gradients_by_loss rec_from_latent_pretrain/: decoder":0.1009263409428765,"Gradients_by_loss recover_latent/: encoder11":0.0007763564319630752,"Gradients_by_loss rec_from_latent_pretrain/: encoder3":0,"Gradients_by_loss recover_latent/: mapper1":0.0003426891176936866,"r2_mean_OOD/20_all":0.3346790671348572,"losses/rec_from_latent_pretrain":0.6159699809025315,"important_notes":{"path":"media/html/important_notes_0_1c116eff34cc0eaf7f4e.html","_type":"html-file","sha256":"1c116eff34cc0eaf7f4e70cb6b62cb8893985b4b419e0fc1a7657876853881b6","size":7789},"r2_mean_OOD/10_all":0,"Gradients_by_loss rec_from_latent_pretrain/: mapper_tissue_mapper":0,"r2_delta_OOD/10_all":0.12347567081451416,"Gradients_by_loss rec_from_latent_pretrain/: mapper12":0,"Gradients_by_loss recover_latent/: mapper12":0.0005787069648035305,"r2_mean_criterion/50_all":0.7344190153208646,"Gradients_by_loss rec_from_latent_pretrain/: encoder8":0,"Gradients_by_loss rec_from_latent_pretrain/: mapper4":0,"Gradients_by_loss rec_from_latent_pretrain/: mapper10":0,"Rec/Pearson_gene_train":0.7041252851486206,"losses/recover_latent":0.00028881616533834453,"_wandb":{"runtime":3698},"Gradients_by_loss recover_latent/: donor_embedder":3.601688877097331e-05,"r2_var_OOD/100_all":0,"Gradients_by_loss rec_from_latent_pretrain/: mapper3":0,"Gradients_by_loss rec_from_latent_pretrain/: mapper0":0,"Gradients_by_loss rec_from_latent_pretrain/: encoder11":0,"r2_delta_OOD/50_all":0.2837962508201599,"Rec/Pearson_sample_train":0.9492363929748535,"r2_var_criterion/50_all":0.3206142403862693,"Gradients_by_loss rec_from_latent_pretrain/: mapper15":0,"Gradients_by_loss recover_latent/: encoder13":0.0002627244541076177,"Gradients_by_loss rec_from_latent_pretrain/: encoder7":0,"Gradients_by_loss recover_latent/: mapper11":0.0005640141700504037,"Gradients_by_loss rec_from_latent_pretrain/: mapper2":0,"Gradients_by_loss recover_latent/: mapper9":0.0005512017014605108,"Gradients_by_loss rec_from_latent_pretrain/: px_r":4.127736247028224e-05,"Gradients_by_loss rec_from_latent_pretrain/: mapper7":0,"Gradients_by_loss recover_latent/: mapper4":0.0005298262930515656,"MIG_BINNED/dis_latent_stack_tissue_train":0.6412869797007673,"Gradients_by_loss rec_from_latent_pretrain/: encoder13":0,"Rec/R2_var_train":0.9923967123031616,"Gradients_by_loss recover_latent/: encoder5":0.0001436807801358021,"Gradients_by_loss recover_latent/: encoder2":0.0020601305273817666,"Gradients_by_loss rec_from_latent_pretrain/: mapper11":0,"Gradients_by_loss rec_from_latent_pretrain/: mapper1":0,"r2_var_OOD/50_all":0,"wasserstein_OOD/10_all":0.6881838285582398,"Gradients_by_loss recover_latent/: mapper2":0.0005794285030173239,"Gradients_by_loss recover_latent/: encoder7":0.00038342069861487915,"r2_mean_criterion/10_all":0.5581021850759332,"Gradients_by_loss rec_from_latent_pretrain/: tissue_embedder":0,"Gradients_by_loss rec_from_latent_pretrain/: mapper6":0,"Gradients_by_loss rec_from_latent_pretrain/: encoder5":0,"Gradients_by_loss rec_from_latent_pretrain/: encoder_pretrain":0.07636799834325106,"Gradients_by_loss rec_from_latent_pretrain/: mapper13":0,"r2_mean_criterion/20_all":0.632941647009416,"r2_delta_OOD/100_all":0.25606203079223633,"Gradients_by_loss recover_latent/: encoder3":0.0007362902617370444,"Gradients_by_loss recover_latent/: decoder":0,"Gradients_by_loss rec_from_latent_pretrain/: mapper_donor_mapper":0,"Gradients_by_loss recover_latent/: encoder12":0.0006315117718095742,"Gradients_by_loss rec_from_latent_pretrain/: encoder12":0}