{"r2_mean/20000": 0.9496603012084961, "r2_var/20000": 0, "pear_var/20000": 0.39352428416105156, "r2_delta/20000": 0.2227104902267456, "r2_mean/200": 0.9111979007720947, "r2_var/200": 0, "pear_var/200": 0.3307268591369387, "r2_delta/200": 0.6368049383163452, "r2_mean/100": 0.8581671118736267, "r2_var/100": 0, "pear_var/100": 0.3786673809272618, "r2_delta/100": 0.5487438440322876, "wass_dist/100": 0.435122364091592, "r2_mean/50": 0.8402536511421204, "r2_var/50": 0, "pear_var/50": 0.24257565744387158, "r2_delta/50": 0.49461817741394043, "r2_mean/20": 0.8560519814491272, "r2_var/20": 0, "pear_var/20": -0.15238722892903192, "r2_delta/20": 0.4402000904083252, "wass_dist/20": 0.5202878756661092, "r2_mean/10": 0.3270920515060425, "r2_var/10": 0, "pear_var/10": -0.3374188779395527, "r2_delta/10": 0.05966031551361084, "wass_dist/10": 0.5560299029926746, "_timestamp": 1743889299.4479175, "_runtime": 1.9870195388793945, "_step": 0, "_wandb": {"runtime": 1}}