{"r2_mean_criterion/50_all":0.9213449444089618,"Gradients_by_loss recover_latent/: encoder4":0.0025032773571339617,"r2_delta_OOD/50_all":0.7004278302192688,"_timestamp":1.7683742643470933e+09,"Gradients_by_loss rec_from_latent_pretrain/: encoder12":0,"Gradients_by_loss recover_latent/: encoder7":0.001215818329109949,"Gradients_by_loss recover_latent/: encoder3":0.0007872910598391293,"Gradients_by_loss recover_latent/: mapper11":0.0015535332396937576,"Gradients_by_loss recover_latent/: encoder11":0.0009299753187227399,"r2_mean_criterion/20_all":0.8545292019844055,"Gradients_by_loss recover_latent/: mapper8":0.0015226347924825053,"losses/recover_latent":6.019801232334295e-05,"r2_delta_OOD/100_all":0.8006100654602051,"r2_delta_OOD/10_all":0,"r2_mean_OOD/20_all":0,"MIG_BINNED/dis_latent_stack_condition_train":0.6837941528290438,"Gradients_by_loss recover_latent/: decoder":0,"Gradients_by_loss recover_latent/: mapper14":0.001878745788511893,"Gradients_by_loss recover_latent/: encoder1":0.0043554043468645685,"pear_var_criterion/avg_all":NaN,"Gradients_by_loss recover_latent/: encoder5":0.002982006997865599,"Gradients_by_loss recover_latent/: mapper4":0.0013851601153671755,"Gradients_by_loss rec_from_latent_pretrain/: encoder14":0,"Gradients_by_loss recover_latent/: encoder_pretrain":0.000261591295675354,"Gradients_by_loss rec_from_latent_pretrain/: mapper2":0,"Gradients_by_loss rec_from_latent_pretrain/: mapper14":0,"Gradients_by_loss rec_from_latent_pretrain/: encoder7":0,"Gradients_by_loss recover_latent/: encoder8":0.0015083568677962858,"_step":521,"r2_delta_criterion/50_all":0.9064439535140991,"Gradients_by_loss rec_from_latent_pretrain/: mapper13":0,"Gradients_by_loss recover_latent/: encoder10":0.0024541447777347686,"Gradients_by_loss rec_from_latent_pretrain/: mapper_cell_type_mapper":0,"Gradients_by_loss recover_latent/: encoder2":0.0025503422198235614,"r2_mean_criterion/100_all":0.9509088737624032,"Gradients_by_loss recover_latent/: mapper0":7.617455279822344e-05,"Gradients_by_loss recover_latent/: encoder0":0.0032884931792464345,"Gradients_by_loss recover_latent/: mapper2":0.0013470445812665184,"wasserstein_criterion/100_all":0.21900849061500968,"Gradients_by_loss recover_latent/: mapper6":0.0015578093174594243,"Gradients_by_loss rec_from_latent_pretrain/: encoder3":0,"Gradients_by_loss rec_from_latent_pretrain/: encoder10":0,"Gradients_by_loss rec_from_latent_pretrain/: encoder6":0,"r2_delta_criterion/10_all":0.7838488306318011,"Gradients_by_loss rec_from_latent_pretrain/: px_r":0.00015141164476517588,"Gradients_by_loss recover_latent/: encoder13":0.001404999517354853,"Gradients_by_loss recover_latent/: encoder9":0.001468602000909901,"Gradients_by_loss rec_from_latent_pretrain/: encoder4":0,"Gradients_by_loss recover_latent/: mapper1":0.0013444684696218517,"r2_delta_OOD/20_all":0,"Gradients_by_loss rec_from_latent_pretrain/: encoder_pretrain":0.2730166739861583,"Gradients_by_loss rec_from_latent_pretrain/: mapper6":0,"Gradients_by_loss recover_latent/: mapper_condition_mapper":1.4959335696041942e-05,"Gradients_by_loss recover_latent/: mapper12":0.0016707942857029738,"Gradients_by_loss rec_from_latent_pretrain/: mapper4":0,"Gradients_by_loss recover_latent/: px_r":0,"Gradients_by_loss rec_from_latent_pretrain/: mapper8":0,"Gradients_by_loss recover_latent/: mapper13":0.0016822431470330792,"Gradients_by_loss recover_latent/: mapper5":0.0014479131916582174,"r2_mean_criterion/10_all":0.8407503366470337,"r2_mean_OOD/100_all":0.7205262184143066,"Gradients_by_loss rec_from_latent_pretrain/: encoder15":0,"Gradients_by_loss rec_from_latent_pretrain/: mapper5":0,"Gradients_by_loss rec_from_latent_pretrain/: encoder8":0,"_runtime":1739.053270652,"Gradients_by_loss recover_latent/: mapper3":0.001213294292562069,"wasserstein_criterion/10_all":0.24127840378768844,"Gradients_by_loss rec_from_latent_pretrain/: mapper3":0,"Gradients_by_loss recover_latent/: mapper9":0.0015530349637225876,"Gradients_by_loss rec_from_latent_pretrain/: condition_embedder":0,"Rec/R2_var_train":0.9881753921508789,"Gradients_by_loss recover_latent/: mapper10":0.0015659199997783112,"Gradients_by_loss rec_from_latent_pretrain/: encoder0":0,"r2_mean_OOD/50_all":0.4885849356651306,"Gradients_by_loss recover_latent/: encoder14":0.002448321970733912,"Gradients_by_loss rec_from_latent_pretrain/: encoder9":0,"Gradients_by_loss recover_latent/: encoder6":0.0024374989854789235,"Gradients_by_loss rec_from_latent_pretrain/: encoder1":0,"losses/rec_from_latent_pretrain":2.2628649642438066,"_wandb":{"runtime":1739},"important_notes":{"_type":"html-file","sha256":"bcccb04c70bb9aec519394b8533fd8b9f2942f854273e46e81b2056a37cd48db","size":7818,"path":"media/html/important_notes_0_bcccb04c70bb9aec5193.html"},"Gradients_by_loss recover_latent/: mapper15":0.0019081193498704354,"Gradients_by_loss recover_latent/: mapper7":0.0014986331170364264,"Gradients_by_loss rec_from_latent_pretrain/: encoder11":0,"Gradients_by_loss rec_from_latent_pretrain/: mapper9":0,"Rec/Pearson_sample_train":0.959007740020752,"wasserstein_OOD/100_all":0.3395533655258063,"r2_delta_criterion/20_all":0.8074142166546413,"Gradients_by_loss recover_latent/: condition_embedder":5.4186719353310764e-05,"Gradients_by_loss rec_from_latent_pretrain/: encoder13":0,"r2_mean_OOD/10_all":0,"Gradients_by_loss rec_from_latent_pretrain/: encoder2":0,"Gradients_by_loss rec_from_latent_pretrain/: mapper15":0,"Gradients_by_loss recover_latent/: cell_type_embedder":0.00014842141536064446,"Gradients_by_loss rec_from_latent_pretrain/: mapper12":0,"Rec/R2_mean_train":0.9962337613105774,"Gradients_by_loss recover_latent/: mapper_cell_type_mapper":2.381556048228513e-05,"Gradients_by_loss rec_from_latent_pretrain/: mapper7":0,"Gradients_by_loss rec_from_latent_pretrain/: mapper_condition_mapper":0,"Rec/Pearson_gene_train":0.7412919612499679,"Gradients_by_loss rec_from_latent_pretrain/: mapper1":0,"Gradients_by_loss rec_from_latent_pretrain/: encoder5":0,"wasserstein_OOD/10_all":0.7246760920790181,"r2_delta_criterion/100_all":0.9258621079581124,"Gradients_by_loss rec_from_latent_pretrain/: decoder":0.43047742946166123,"Gradients_by_loss rec_from_latent_pretrain/: mapper0":0,"Gradients_by_loss rec_from_latent_pretrain/: mapper10":0,"Gradients_by_loss rec_from_latent_pretrain/: mapper11":0,"Gradients_by_loss rec_from_latent_pretrain/: cell_type_embedder":0,"Gradients_by_loss recover_latent/: encoder15":0.0014237718877446726,"Gradients_by_loss recover_latent/: encoder12":0.002363177480447374}