{"r2_mean/20000": 0.9751107096672058, "r2_var/20000": 0, "pear_var/20000": 0.6586119113776742, "r2_delta/20000": 0.752495527267456, "r2_mean/200": 0.9549615383148193, "r2_var/200": 0, "pear_var/200": 0.5314570341295917, "r2_delta/200": 0.8618174195289612, "r2_mean/100": 0.934454083442688, "r2_var/100": 0, "pear_var/100": 0.560933735377849, "r2_delta/100": 0.825809121131897, "wass_dist/100": 0.4075080535106248, "r2_mean/50": 0.9190717935562134, "r2_var/50": 0, "pear_var/50": 0.6892465634357655, "r2_delta/50": 0.7908787727355957, "r2_mean/20": 0.9191718697547913, "r2_var/20": 0, "pear_var/20": 0.736758737683593, "r2_delta/20": 0.7360747456550598, "wass_dist/20": 0.4978116197394707, "r2_mean/10": 0.8007234334945679, "r2_var/10": 0, "pear_var/10": -0.5144533710482716, "r2_delta/10": 0.6742013692855835, "wass_dist/10": 0.4968780945943193, "_timestamp": 1744059237.083928, "_runtime": 1.2884600162506104, "_step": 0, "_wandb": {"runtime": 1}}