{"r2_mean/20000": 0.8727141618728638, "r2_var/20000": 0, "pear_var/20000": 0.5477958371116968, "r2_delta/20000": 0, "r2_mean/200": 0.7839359045028687, "r2_var/200": 0, "pear_var/200": 0.44683621941522766, "r2_delta/200": 0.45435696840286255, "r2_mean/100": 0.760726809501648, "r2_var/100": 0, "pear_var/100": 0.5369937761031173, "r2_delta/100": 0.35625892877578735, "wass_dist/100": 0.4317087662548188, "r2_mean/50": 0.7168366312980652, "r2_var/50": 0, "pear_var/50": 0.40609028145858633, "r2_delta/50": 0.17547088861465454, "r2_mean/20": 0.1491175889968872, "r2_var/20": 0, "pear_var/20": 0.7609774583029342, "r2_delta/20": 0, "wass_dist/20": 0.6080649644659535, "r2_mean/10": 0.2976036071777344, "r2_var/10": 0, "pear_var/10": 0.708489094053117, "r2_delta/10": 0, "wass_dist/10": 0.6393876315393785, "_timestamp": 1743881283.2159262, "_runtime": 1.3314712047576904, "_step": 0, "_wandb": {"runtime": 1}}