{"r2_mean/20000": 0.8380755186080933, "r2_var/20000": 0, "pear_var/20000": 0.563244496677141, "r2_delta/20000": 0, "r2_mean/200": 0.8170624375343323, "r2_var/200": 0, "pear_var/200": 0.5243923495783633, "r2_delta/200": 0.5380138158798218, "r2_mean/100": 0.8152179718017578, "r2_var/100": 0, "pear_var/100": 0.5822832249729075, "r2_delta/100": 0.5028620958328247, "wass_dist/100": 0.41511911956668646, "r2_mean/50": 0.8025022745132446, "r2_var/50": 0, "pear_var/50": 0.571393631984362, "r2_delta/50": 0.42491626739501953, "r2_mean/20": 0.22447580099105835, "r2_var/20": 0, "pear_var/20": 0.7618204776648274, "r2_delta/20": 0, "wass_dist/20": 0.5632219855436332, "r2_mean/10": 0.3491981029510498, "r2_var/10": 0, "pear_var/10": 0.6071276415778891, "r2_delta/10": 0.037221670150756836, "wass_dist/10": 0.5673222950908157, "_timestamp": 1743877989.5348597, "_runtime": 1.4416155815124512, "_step": 0, "_wandb": {"runtime": 1}}