{"r2_mean/20000": 0.9792553782463074, "r2_var/20000": 0, "pear_var/20000": 0.5475612728178408, "r2_delta/20000": 0.6796845197677612, "r2_mean/200": 0.9515777826309204, "r2_var/200": 0, "pear_var/200": 0.5203722589443389, "r2_delta/200": 0.8019561171531677, "r2_mean/100": 0.918864905834198, "r2_var/100": 0, "pear_var/100": 0.5382814452786643, "r2_delta/100": 0.7418600916862488, "wass_dist/100": 0.3510850355677119, "r2_mean/50": 0.8838154673576355, "r2_var/50": 0, "pear_var/50": 0.4661959083970494, "r2_delta/50": 0.6324324607849121, "r2_mean/20": 0.8574473857879639, "r2_var/20": 0, "pear_var/20": 0.15661803764429594, "r2_delta/20": 0.44562679529190063, "wass_dist/20": 0.4338633609700647, "r2_mean/10": 0.33846908807754517, "r2_var/10": 0, "pear_var/10": -0.32071302779740646, "r2_delta/10": 0.07555872201919556, "wass_dist/10": 0.47386956260737917, "_timestamp": 1744117783.678717, "_runtime": 1.3684988021850586, "_step": 0, "_wandb": {"runtime": 1}}