{"r2_mean/20000": 0.9599263072013855, "r2_var/20000": 0, "pear_var/20000": 0.6070117237982545, "r2_delta/20000": 0.6821339726448059, "r2_mean/200": 0.9413567185401917, "r2_var/200": 0, "pear_var/200": 0.4421106885994588, "r2_delta/200": 0.8461433053016663, "r2_mean/100": 0.9303905367851257, "r2_var/100": 0, "pear_var/100": 0.34382179885493463, "r2_delta/100": 0.8267666697502136, "wass_dist/100": 0.4119624364421996, "r2_mean/50": 0.9175556898117065, "r2_var/50": 0, "pear_var/50": 0.5489677839673621, "r2_delta/50": 0.7810360193252563, "r2_mean/20": 0.8907817602157593, "r2_var/20": 0, "pear_var/20": 0.23668545213655315, "r2_delta/20": 0.6605055332183838, "wass_dist/20": 0.469798922796846, "r2_mean/10": 0.6637142896652222, "r2_var/10": 0, "pear_var/10": 0.04345910220781785, "r2_delta/10": 0.520200252532959, "wass_dist/10": 0.4794311332584621, "_timestamp": 1744114747.1367097, "_runtime": 1.4842827320098877, "_step": 0, "_wandb": {"runtime": 1}}