{"r2_mean/20000": 0.8809717297554016, "r2_var/20000": 0, "pear_var/20000": 0.4193112864798589, "r2_delta/20000": 0, "r2_mean/200": 0.8422231674194336, "r2_var/200": 0, "pear_var/200": 0.2729673010110752, "r2_delta/200": 0.32561564445495605, "r2_mean/100": 0.7944781184196472, "r2_var/100": 0, "pear_var/100": 0.1400774230357416, "r2_delta/100": 0.2998570203781128, "wass_dist/100": 0.4543065820546093, "r2_mean/50": 0.6946543455123901, "r2_var/50": 0, "pear_var/50": 0.12328170971480121, "r2_delta/50": 0.00870603322982788, "r2_mean/20": 0.8548173904418945, "r2_var/20": 0, "pear_var/20": 0.1720920207993779, "r2_delta/20": 0.40814435482025146, "wass_dist/20": 0.5342568714062981, "r2_mean/10": 0.6198379993438721, "r2_var/10": 0, "pear_var/10": 0.04358343588672742, "r2_delta/10": 0.37859660387039185, "wass_dist/10": 0.5216394587202215, "_timestamp": 1743895157.8848891, "_runtime": 1.4493021965026855, "_step": 0, "_wandb": {"runtime": 1}}