{"r2_mean/20000": 0.8770221471786499, "r2_var/20000": 0, "pear_var/20000": 0.5035425773180375, "r2_delta/20000": 0, "r2_mean/200": 0.8049953579902649, "r2_var/200": 0, "pear_var/200": 0.4105959150063899, "r2_delta/200": 0.5075399875640869, "r2_mean/100": 0.8060356378555298, "r2_var/100": 0, "pear_var/100": 0.5986789792012118, "r2_delta/100": 0.47815781831741333, "wass_dist/100": 0.4207778304200491, "r2_mean/50": 0.8022071719169617, "r2_var/50": 0, "pear_var/50": 0.5760205679829576, "r2_delta/50": 0.4240570068359375, "r2_mean/20": 0.4083397388458252, "r2_var/20": 0, "pear_var/20": 0.7024101661344999, "r2_delta/20": 0.19674402475357056, "wass_dist/20": 0.5732504048650531, "r2_mean/10": 0.6030087471008301, "r2_var/10": 0, "pear_var/10": 0.6716879013591095, "r2_delta/10": 0.41270220279693604, "wass_dist/10": 0.5826154637701877, "_timestamp": 1743879115.4431708, "_runtime": 1.433274745941162, "_step": 0, "_wandb": {"runtime": 1}}