{"r2_mean/20000": 0.983094334602356, "r2_var/20000": 0, "pear_var/20000": 0.6556113813412754, "r2_delta/20000": 0.790175199508667, "r2_mean/200": 0.9724836945533752, "r2_var/200": 0, "pear_var/200": 0.6629115380831053, "r2_delta/200": 0.8823873996734619, "r2_mean/100": 0.9575563073158264, "r2_var/100": 0, "pear_var/100": 0.40270870074205534, "r2_delta/100": 0.8554088473320007, "wass_dist/100": 0.39137475349909523, "r2_mean/50": 0.9290191531181335, "r2_var/50": 0, "pear_var/50": 0.4308133842403553, "r2_delta/50": 0.7695631384849548, "r2_mean/20": 0.95329749584198, "r2_var/20": 0, "pear_var/20": 0.4474043054761288, "r2_delta/20": 0.8096111416816711, "wass_dist/20": 0.44583661563611354, "r2_mean/10": 0.9263408184051514, "r2_var/10": 0, "pear_var/10": -0.08550220175671613, "r2_delta/10": 0.8795984983444214, "wass_dist/10": 0.43155520335626, "_timestamp": 1744125109.1131113, "_runtime": 1.7567272186279297, "_step": 0, "_wandb": {"runtime": 1}}