{"r2_mean/20000": 0.9523760080337524, "r2_var/20000": 0.05453735589981079, "pear_var/20000": 0.7331736529605932, "r2_delta/20000": 0.783716082572937, "r2_mean/200": 0.8771994113922119, "r2_var/200": 0, "pear_var/200": 0.7132480110426654, "r2_delta/200": 0.8011045455932617, "r2_mean/100": 0.8475126028060913, "r2_var/100": 0, "pear_var/100": 0.6954706920172554, "r2_delta/100": 0.7899333834648132, "wass_dist/100": 0.3830775043307477, "r2_mean/50": 0.7654225826263428, "r2_var/50": 0, "pear_var/50": 0.5781772709434018, "r2_delta/50": 0.6723068356513977, "r2_mean/20": 0.661945104598999, "r2_var/20": 0, "pear_var/20": 0.5648551224101449, "r2_delta/20": 0.4789402484893799, "wass_dist/20": 0.5918694437389995, "r2_mean/10": 0.33288031816482544, "r2_var/10": 0, "pear_var/10": 0.8503932752874437, "r2_delta/10": 0.11239129304885864, "wass_dist/10": 0.6328576311472197, "_timestamp": 1744212983.0695872, "_runtime": 2.1697192192077637, "_step": 0, "_wandb": {"runtime": 1}}