{"Gradients_by_loss recover_latent/: encoder10":0.0020905659636321493,"Gradients_by_loss rec_from_latent_pretrain/: mapper_tissue_mapper":0,"Gradients_by_loss rec_from_latent_pretrain/: encoder_pretrain":0.24717423417718745,"Gradients_by_loss rec_from_latent_pretrain/: mapper3":0,"r2_mean_criterion/50_all":0.7373358390548013,"Gradients_by_loss recover_latent/: encoder9":0.002247382251805963,"Gradients_by_loss rec_from_latent_pretrain/: encoder0":0,"r2_delta_OOD/100_all":0.39253902435302734,"Gradients_by_loss recover_latent/: encoder7":0.00314519388685812,"r2_mean_OOD/20_all":0.5526056289672852,"r2_delta_criterion/100_all":0.5234621871601451,"Gradients_by_loss recover_latent/: mapper_donor_mapper":4.127733850139379e-05,"Gradients_by_loss rec_from_latent_pretrain/: encoder6":0,"r2_delta_OOD/10_all":0.062117159366607666,"Gradients_by_loss rec_from_latent_pretrain/: donor_embedder":0,"_runtime":3544.687334816,"Gradients_by_loss recover_latent/: encoder14":0.0007927601193312136,"Gradients_by_loss recover_latent/: mapper3":0.0010562287037675139,"Gradients_by_loss rec_from_latent_pretrain/: mapper8":0,"losses/rec_from_latent_pretrain":0.6029031619710742,"_step":521,"r2_mean_OOD/50_all":0.6782408356666565,"Gradients_by_loss rec_from_latent_pretrain/: encoder2":0,"Gradients_by_loss rec_from_latent_pretrain/: encoder9":0,"r2_var_OOD/50_all":0.37519800662994385,"Gradients_by_loss recover_latent/: encoder1":0.002188187961129453,"losses/recover_latent":4.3939594519851766e-05,"Gradients_by_loss rec_from_latent_pretrain/: mapper7":0,"Gradients_by_loss recover_latent/: encoder5":0.0018502916396999046,"Gradients_by_loss rec_from_latent_pretrain/: mapper1":0,"r2_var_OOD/10_all":0,"Rec/R2_var_train":0.9983781576156616,"Gradients_by_loss recover_latent/: mapper15":0.003298355293495134,"wasserstein_criterion/10_all":0.320512583613503,"r2_delta_criterion/10_all":0.45676435123790393,"Gradients_by_loss rec_from_latent_pretrain/: encoder3":0,"Gradients_by_loss recover_latent/: encoder6":0.0030860131985381593,"Gradients_by_loss recover_latent/: encoder11":0.002734134077787585,"r2_var_criterion/50_all":0.2804816852916371,"Gradients_by_loss recover_latent/: mapper14":0.002516349476549368,"Gradients_by_loss recover_latent/: encoder_pretrain":0.00046289659355637627,"Gradients_by_loss recover_latent/: mapper9":0.0022308444982781163,"wasserstein_OOD/10_all":0.6186408502992389,"Rec/Pearson_gene_train":0.701967968057096,"r2_delta_OOD/20_all":0.26215487718582153,"Gradients_by_loss recover_latent/: encoder0":0.0033864037134528997,"Gradients_by_loss rec_from_latent_pretrain/: encoder7":0,"MIG_BINNED/dis_latent_stack_tissue_train":0.664925664165791,"r2_delta_criterion/50_all":0.5193954381075773,"Gradients_by_loss recover_latent/: mapper4":0.0024750048973809545,"Gradients_by_loss rec_from_latent_pretrain/: tissue_embedder":0,"r2_delta_OOD/50_all":0.3688981533050537,"r2_var_criterion/20_all":0.32401463660326874,"r2_mean_criterion/10_all":0.495146090334112,"Gradients_by_loss recover_latent/: mapper8":0.0023296904049015838,"Gradients_by_loss recover_latent/: mapper7":0.0023411396993035074,"_timestamp":1.7674121486984525e+09,"r2_mean_OOD/10_all":0.43135958909988403,"Gradients_by_loss rec_from_latent_pretrain/: mapper2":0,"pear_var_criterion/avg_all":NaN,"Gradients_by_loss rec_from_latent_pretrain/: encoder14":0,"Gradients_by_loss recover_latent/: mapper13":0.002609383892684546,"Gradients_by_loss rec_from_latent_pretrain/: encoder15":0,"Gradients_by_loss recover_latent/: mapper_tissue_mapper":2.664626276175476e-05,"Gradients_by_loss rec_from_latent_pretrain/: mapper15":0,"Gradients_by_loss rec_from_latent_pretrain/: encoder11":0,"Gradients_by_loss rec_from_latent_pretrain/: encoder8":0,"important_notes":{"sha256":"eeb38e3650f3ae6423315187889e498bdadcce615bcb20ec7d70c56282050ac3","size":7789,"path":"media/html/important_notes_0_eeb38e3650f3ae642331.html","_type":"html-file"},"r2_mean_criterion/20_all":0.6186677488413724,"r2_var_OOD/20_all":0.1235920786857605,"Gradients_by_loss recover_latent/: mapper1":0.0007332164657562295,"Gradients_by_loss recover_latent/: encoder3":0.001699877568030609,"Gradients_by_loss recover_latent/: mapper11":0.002233261724017656,"Gradients_by_loss rec_from_latent_pretrain/: mapper10":0,"Gradients_by_loss rec_from_latent_pretrain/: mapper5":0,"Gradients_by_loss rec_from_latent_pretrain/: encoder5":0,"Gradients_by_loss recover_latent/: decoder":0,"Gradients_by_loss recover_latent/: mapper2":0.0010468027639697448,"Gradients_by_loss recover_latent/: encoder15":0.004620986910898348,"Gradients_by_loss recover_latent/: encoder8":0.0030276539082533566,"Gradients_by_loss recover_latent/: mapper6":0.002463782995539259,"Gradients_by_loss recover_latent/: encoder2":0.0038002365817905548,"Gradients_by_loss rec_from_latent_pretrain/: mapper0":0,"Gradients_by_loss recover_latent/: mapper10":0.00218047794449657,"Gradients_by_loss recover_latent/: px_r":0,"Rec/R2_mean_train":0.9996601939201355,"Rec/Pearson_sample_train":0.9499057531356812,"Gradients_by_loss recover_latent/: mapper5":0.0023797269542940626,"r2_var_criterion/100_all":0.31040632724761963,"Gradients_by_loss recover_latent/: donor_embedder":8.870530291460454e-05,"Gradients_by_loss rec_from_latent_pretrain/: mapper11":0,"r2_delta_criterion/20_all":0.4882977550679987,"r2_var_criterion/10_all":0.4654641097242182,"Gradients_by_loss rec_from_latent_pretrain/: encoder4":0,"Gradients_by_loss rec_from_latent_pretrain/: mapper12":0,"Gradients_by_loss rec_from_latent_pretrain/: encoder12":0,"Gradients_by_loss recover_latent/: mapper0":0.0005484702432855407,"Gradients_by_loss rec_from_latent_pretrain/: encoder1":0,"r2_mean_OOD/100_all":0.6875238418579102,"Gradients_by_loss recover_latent/: tissue_embedder":5.5332755437120795e-05,"Gradients_by_loss rec_from_latent_pretrain/: mapper13":0,"Gradients_by_loss rec_from_latent_pretrain/: mapper4":0,"Gradients_by_loss rec_from_latent_pretrain/: mapper14":0,"Gradients_by_loss rec_from_latent_pretrain/: encoder13":0,"Gradients_by_loss recover_latent/: mapper12":0.0027401818762804765,"Gradients_by_loss recover_latent/: encoder4":0.009283368385811114,"Gradients_by_loss recover_latent/: encoder13":0.0015399077388504724,"Gradients_by_loss rec_from_latent_pretrain/: mapper6":0,"r2_mean_criterion/100_all":0.7451618638905612,"_wandb":{"runtime":3544},"Gradients_by_loss rec_from_latent_pretrain/: mapper9":0,"Gradients_by_loss rec_from_latent_pretrain/: mapper_donor_mapper":0,"r2_var_OOD/100_all":0.3807917833328247,"Gradients_by_loss rec_from_latent_pretrain/: px_r":8.16054962342605e-05,"Gradients_by_loss recover_latent/: encoder12":0.0053806657816732,"Gradients_by_loss rec_from_latent_pretrain/: decoder":0.305004803966747,"Gradients_by_loss rec_from_latent_pretrain/: encoder10":0}