{"r2_mean/20000": 0.9482828974723816, "r2_var/20000": 0, "pear_var/20000": 0.37999157871925116, "r2_delta/20000": 0.4857143759727478, "r2_mean/200": 0.9105516672134399, "r2_var/200": 0, "pear_var/200": 0.14613206928665234, "r2_delta/200": 0.7255635261535645, "r2_mean/100": 0.8516275882720947, "r2_var/100": 0, "pear_var/100": 0.054399386107487464, "r2_delta/100": 0.6056944131851196, "wass_dist/100": 0.4440681394098902, "r2_mean/50": 0.8192421197891235, "r2_var/50": 0, "pear_var/50": 0.20569024966690416, "r2_delta/50": 0.532915472984314, "r2_mean/20": 0.8255652189254761, "r2_var/20": 0, "pear_var/20": 0.00022983876277225465, "r2_delta/20": 0.4304239749908447, "wass_dist/20": 0.5712977914952609, "r2_mean/10": 0.4936509132385254, "r2_var/10": 0, "pear_var/10": -0.4414339514468236, "r2_delta/10": 0.1721663475036621, "wass_dist/10": 0.6028235710188732, "_timestamp": 1743876066.0441527, "_runtime": 1.7132518291473389, "_step": 0, "_wandb": {"runtime": 1}}