{"Gradients_by_loss recover_latent/: mapper6":0.003608520046126819,"r2_delta_OOD/100_all":0.4513530135154724,"Gradients_by_loss recover_latent/: mapper15":0.004055161765275255,"r2_var_criterion/20_all":0.06707757169550116,"Gradients_by_loss recover_latent/: encoder5":0.002558004093949981,"Gradients_by_loss rec_from_latent_pretrain/: px_r":0.00011302150960545987,"Gradients_by_loss rec_from_latent_pretrain/: encoder11":0,"r2_var_criterion/50_all":0.05025827342813665,"Gradients_by_loss recover_latent/: encoder0":0.0025072200845374514,"Rec/R2_var_train":0.9942900538444519,"Gradients_by_loss rec_from_latent_pretrain/: encoder5":0,"Gradients_by_loss recover_latent/: mapper_donor_mapper":6.746778834602809e-05,"Gradients_by_loss rec_from_latent_pretrain/: mapper6":0,"Gradients_by_loss rec_from_latent_pretrain/: decoder":0.3546939332068031,"Gradients_by_loss rec_from_latent_pretrain/: tissue_embedder":0,"r2_var_criterion/10_all":0.13506164334037088,"r2_mean_criterion/10_all":0.20117359269749036,"Gradients_by_loss rec_from_latent_pretrain/: mapper1":0,"r2_mean_criterion/20_all":0.45017792961814185,"Rec/R2_mean_train":0.9985626339912415,"Gradients_by_loss rec_from_latent_pretrain/: encoder10":0,"Gradients_by_loss rec_from_latent_pretrain/: mapper4":0,"Gradients_by_loss recover_latent/: mapper8":0.0036317580839922083,"Gradients_by_loss recover_latent/: mapper10":0.004151070219711209,"Gradients_by_loss recover_latent/: mapper0":0.00014840189147849778,"Gradients_by_loss rec_from_latent_pretrain/: mapper13":0,"r2_delta_OOD/50_all":0.4734190106391907,"Gradients_by_loss rec_from_latent_pretrain/: encoder3":0,"r2_mean_OOD/10_all":0,"Gradients_by_loss recover_latent/: tissue_embedder":2.097468495776411e-05,"losses/recover_latent":5.229699313094692e-05,"Gradients_by_loss recover_latent/: mapper14":0.003960219691871719,"_step":521,"Gradients_by_loss rec_from_latent_pretrain/: encoder4":0,"Gradients_by_loss rec_from_latent_pretrain/: encoder8":0,"Gradients_by_loss recover_latent/: encoder15":0.0021002454068988906,"Gradients_by_loss recover_latent/: encoder13":0.00294765885321168,"r2_mean_OOD/50_all":0.6715319156646729,"wasserstein_criterion/10_all":0.7705127341540046,"Gradients_by_loss rec_from_latent_pretrain/: encoder14":0,"important_notes":{"sha256":"d543b452390cfc7057ec829290eb52c2426384ac19c1e6fe38cf29c5f23b1cda","size":7775,"path":"media/html/important_notes_0_d543b452390cfc7057ec.html","_type":"html-file"},"Gradients_by_loss recover_latent/: encoder7":0.005600538119367146,"Gradients_by_loss rec_from_latent_pretrain/: mapper_tissue_mapper":0,"Gradients_by_loss rec_from_latent_pretrain/: mapper11":0,"Gradients_by_loss recover_latent/: encoder14":0.00044182049798719954,"Gradients_by_loss rec_from_latent_pretrain/: encoder_pretrain":0.20546449876408707,"Gradients_by_loss rec_from_latent_pretrain/: mapper7":0,"r2_delta_criterion/50_all":0.37007937648079614,"Gradients_by_loss recover_latent/: mapper12":0.00410005630164789,"r2_var_OOD/100_all":0,"Gradients_by_loss rec_from_latent_pretrain/: encoder2":0,"Gradients_by_loss recover_latent/: encoder8":0.0029672515565301494,"r2_var_OOD/20_all":0.3589543104171753,"Gradients_by_loss rec_from_latent_pretrain/: mapper8":0,"r2_delta_OOD/10_all":0.6502071619033813,"Gradients_by_loss recover_latent/: mapper4":0.0039179668755662585,"Gradients_by_loss recover_latent/: mapper13":0.004023420089346524,"r2_delta_OOD/20_all":0.5922381281852722,"Gradients_by_loss recover_latent/: mapper_tissue_mapper":5.012278802009616e-05,"pear_var_criterion/avg_all":NaN,"Gradients_by_loss rec_from_latent_pretrain/: mapper0":0,"Gradients_by_loss recover_latent/: mapper2":0.00418421208826156,"losses/rec_from_latent_pretrain":0.674310675448617,"Gradients_by_loss rec_from_latent_pretrain/: encoder0":0,"r2_mean_criterion/50_all":0.6478657614101063,"r2_mean_criterion/100_all":0.707958459854126,"Gradients_by_loss recover_latent/: encoder12":0.003654917170373584,"Gradients_by_loss rec_from_latent_pretrain/: mapper12":0,"Gradients_by_loss rec_from_latent_pretrain/: encoder9":0,"r2_delta_criterion/20_all":0.31602474776181305,"r2_var_criterion/100_all":0.06786914847113869,"Gradients_by_loss recover_latent/: px_r":0,"Gradients_by_loss recover_latent/: encoder3":0.005756155705837798,"Gradients_by_loss rec_from_latent_pretrain/: mapper14":0,"Gradients_by_loss recover_latent/: mapper9":0.004093311153308142,"Gradients_by_loss recover_latent/: encoder_pretrain":0.0008060315091308008,"Gradients_by_loss rec_from_latent_pretrain/: mapper10":0,"r2_delta_criterion/100_all":0.3603849573568864,"r2_var_OOD/50_all":0,"r2_mean_OOD/20_all":0,"Gradients_by_loss recover_latent/: encoder2":0.018147516156329344,"Gradients_by_loss rec_from_latent_pretrain/: mapper_donor_mapper":0,"Gradients_by_loss recover_latent/: mapper11":0.003950815710961858,"Gradients_by_loss rec_from_latent_pretrain/: donor_embedder":0,"Gradients_by_loss recover_latent/: donor_embedder":0.0001999397500185296,"Gradients_by_loss recover_latent/: mapper5":0.003739719027962282,"Gradients_by_loss recover_latent/: encoder10":0.005345152609624655,"Rec/Pearson_gene_train":0.6814585328102112,"Gradients_by_loss recover_latent/: mapper7":0.003845858524450975,"Gradients_by_loss rec_from_latent_pretrain/: encoder1":0,"Gradients_by_loss recover_latent/: encoder11":0.0009596508832961181,"r2_mean_OOD/100_all":0.7650249600410461,"Gradients_by_loss recover_latent/: mapper1":0.0007128275288960472,"Gradients_by_loss rec_from_latent_pretrain/: mapper15":0,"_wandb":{"runtime":2916},"_runtime":2916.479074029,"Gradients_by_loss recover_latent/: encoder9":0.008792141857205754,"Gradients_by_loss rec_from_latent_pretrain/: encoder6":0,"Gradients_by_loss recover_latent/: encoder1":0.0032548945008722798,"_timestamp":1.7670803265764208e+09,"r2_var_OOD/10_all":0.7263926267623901,"Gradients_by_loss rec_from_latent_pretrain/: encoder13":0,"Gradients_by_loss recover_latent/: encoder4":0.004885324529696705,"Rec/Pearson_sample_train":0.9538617134094238,"Gradients_by_loss rec_from_latent_pretrain/: mapper3":0,"Gradients_by_loss rec_from_latent_pretrain/: mapper9":0,"Gradients_by_loss recover_latent/: mapper3":0.00410225961219777,"Gradients_by_loss rec_from_latent_pretrain/: encoder7":0,"Gradients_by_loss recover_latent/: decoder":0,"Gradients_by_loss rec_from_latent_pretrain/: encoder12":0,"Gradients_by_loss rec_from_latent_pretrain/: mapper2":0,"r2_delta_criterion/10_all":0.27664369344711304,"MIG_BINNED/dis_latent_stack_tissue_train":0.665798351890867,"Gradients_by_loss rec_from_latent_pretrain/: encoder15":0,"wasserstein_OOD/10_all":0.7102715176576669,"Gradients_by_loss rec_from_latent_pretrain/: mapper5":0,"Gradients_by_loss recover_latent/: encoder6":0.0008082783232424128}