{"Gradients_by_loss recover_latent/: mapper3":0.00030853525116831675,"FOXA3+FOXL2/Pearson Delta_50_all":0.9717601433923428,"FOXA3+FOXL2/Pearson Delta_combo_specific_20_all":0.9541012676751484,"FOXA3+FOXL2/R2_combo_specific_100_all":0.9776241183280945,"CEBPE+PTPN12/R2_combo_specific_10_all":0.9565650820732117,"FOXA3+FOXL2/R2_combo_specific_20_all":0.9755239486694336,"Gradients_by_loss recover_latent/: encoder0":0.0003250758541568879,"KLF1+CLDN6/Pearson Delta_100_all":0.8772619639830409,"FOXA1+HOXB9/R2_combo_specific_50_all":0.9737460613250732,"CBL+CNN1/R2_combo_specific_50_all":0.9061099290847778,"FOXA3+FOXL2/Wass_combo_specific_10_all":0.3338273243782925,"Gradients_by_loss recover_latent/: encoder1":0.0009481829655995956,"CEBPE+PTPN12/Wass_combo_specific_10_all":0.25400526260910794,"CEBPE+PTPN12/R2_20_all":0.9713031053543091,"Gradients_by_loss rec_from_latent_pretrain/: px_r":0.0002423282858217135,"RHOXF2+ZBTB25/Pearson Delta_100_all":0.9651586394466941,"RHOXF2+ZBTB25/Pearson Delta_20_all":0.9664216106151091,"_runtime":45119.976687421,"ETS2+PRTG/Pearson Delta_combo_specific_20_all":0.573425879584148,"Gradients_by_loss rec_from_latent_pretrain/: decoder":0.09606002057685298,"SGK1+TBX3/R2_20_all":0.8269562721252441,"SGK1+TBX3/Pearson Delta_10_all":0.5662675172643589,"Gradients_by_loss recover_latent/: condition_embedder":0.00019972411973867565,"RHOXF2+ZBTB25/Wass_10_all":0.3748010169654921,"KLF1+CLDN6/R2_100_all":0.958250105381012,"FOXA3+FOXL2/Pearson Delta_combo_specific_50_all":0.9703082887629749,"Gradients_by_loss rec_from_latent_pretrain/: encoder6":0,"Gradients_by_loss rec_from_latent_pretrain/: encoder14":0,"RHOXF2+ZBTB25/Pearson Delta_combo_specific_100_all":0.9573389328177129,"CEBPE+PTPN12/Pearson Delta_20_all":0.9102436189314388,"RHOXF2+ZBTB25/R2_combo_specific_20_all":0.9797598719596863,"ETS2+PRTG/Pearson Delta_combo_specific_50_all":0.5974044463385982,"CBL+CNN1/Wass_combo_specific_10_all":0.6022368686678226,"RHOXF2+ZBTB25/R2_50_all":0.9780352711677551,"ETS2+PRTG/R2_combo_specific_20_all":0.9443492889404297,"Gradients_by_loss rec_from_latent_pretrain/: mapper9":0,"Gradients_by_loss recover_latent/: mapper7":0.0007882300230880702,"KIF18B+KIF2C/Pearson Delta_20_all":0.6588806313853662,"FOXA1+HOXB9/R2_50_all":0.9685686826705933,"ETS2+PRTG/Wass_combo_specific_10_all":0.4093386331361584,"ZBTB10+ELMSAN1/Pearson Delta_20_all":0.9370296290061785,"FOXA3+FOXL2/R2_10_all":0.9874069690704346,"FOXA1+HOXB9/R2_20_all":0.9523571133613586,"ZBTB10+ELMSAN1/Wass_10_all":0.4743023610993428,"SGK1+TBX3/R2_10_all":0.7196633815765381,"RHOXF2+ZBTB25/Pearson Delta_50_all":0.9708648784009601,"KIF18B+KIF2C/Pearson Delta_combo_specific_20_all":-0.49377763720531453,"Gradients_by_loss rec_from_latent_pretrain/: mapper7":0,"CEBPE+PTPN12/R2_combo_specific_20_all":0.9387876987457275,"CEBPE+PTPN12/R2_combo_specific_50_all":0.96558678150177,"Gradients_by_loss rec_from_latent_pretrain/: mapper5":0,"ETS2+PRTG/R2_combo_specific_50_all":0.9639070630073547,"ETS2+PRTG/Pearson Delta_combo_specific_10_all":0.5087659307943855,"ETS2+PRTG/Pearson Delta_combo_specific_100_all":0.6253058531540162,"Gradients_by_loss rec_from_latent_pretrain/: encoder1":0,"Gradients_by_loss recover_latent/: mapper1":0.00022054666530479459,"ZBTB10+ELMSAN1/Pearson Delta_100_all":0.8950666088243998,"CBL+CNN1/R2_10_all":0.7374264001846313,"KIF18B+KIF2C/R2_50_all":0.9813464879989624,"Gradients_by_loss recover_latent/: encoder5":0.0005991164555662101,"SGK1+TBX3/R2_combo_specific_100_all":0.9231640100479126,"Gradients_by_loss rec_from_latent_pretrain/: mapper15":0,"Gradients_by_loss recover_latent/: mapper0":7.902515347298539e-05,"Gradients_by_loss rec_from_latent_pretrain/: mapper2":0,"CBL+CNN1/Pearson Delta_50_all":0.9421799857759178,"KIF18B+KIF2C/Pearson Delta_100_all":0.6001367319571962,"SGK1+TBX3/Wass_combo_specific_10_all":0.5770190529079354,"r2_mean_criterion/50_all":0.9347972978245128,"losses/recover_latent":2.4989618081401453e-05,"SGK1+TBX3/Pearson Delta_100_all":0.7465005875494789,"ZBTB10+ELMSAN1/R2_100_all":0.9280127286911011,"Gradients_by_loss rec_from_latent_pretrain/: mapper13":0,"SGK1+TBX3/Pearson Delta_50_all":0.7291605654783079,"ETS2+PRTG/Wass_10_all":0.37124594021438656,"Gradients_by_loss rec_from_latent_pretrain/: mapper_perturbation2_mapper":0,"KLF1+CLDN6/Pearson Delta_10_all":0.5697988630460376,"FOXA3+FOXL2/Pearson Delta_10_all":0.9748316427543535,"KLF1+CLDN6/Pearson Delta_combo_specific_10_all":0.773440993087675,"Gradients_by_loss rec_from_latent_pretrain/: encoder12":0,"Gradients_by_loss recover_latent/: encoder8":0.00017499513501484314,"Gradients_by_loss recover_latent/: encoder12":0.001049439533785179,"FOXA3+FOXL2/R2_combo_specific_10_all":0.9814702868461609,"_step":521,"Gradients_by_loss rec_from_latent_pretrain/: encoder10":0,"Gradients_by_loss recover_latent/: mapper14":0.0007218791848322667,"KIF18B+KIF2C/R2_100_all":0.9811644554138184,"SGK1+TBX3/Pearson Delta_combo_specific_100_all":0.670113194588285,"FOXA3+FOXL2/Pearson Delta_combo_specific_10_all":0.9337150325156202,"KIF18B+KIF2C/Pearson Delta_combo_specific_50_all":0.1976019756590374,"Gradients_by_loss recover_latent/: mapper12":0.0007539053304360126,"Gradients_by_loss rec_from_latent_pretrain/: mapper12":0,"Gradients_by_loss rec_from_latent_pretrain/: mapper6":0,"RHOXF2+ZBTB25/Pearson Delta_combo_specific_20_all":0.9805294160551496,"Gradients_by_loss recover_latent/: mapper5":0.00041945438733281555,"Gradients_by_loss recover_latent/: px_r":0,"KLF1+CLDN6/Wass_10_all":0.46946554122627127,"CBL+CNN1/R2_20_all":0.8994088768959045,"KIF18B+KIF2C/R2_10_all":0.9790660738945007,"RHOXF2+ZBTB25/R2_combo_specific_10_all":0.9688031077384949,"KLF1+CLDN6/R2_50_all":0.9340894222259521,"FOXA3+FOXL2/Pearson Delta_combo_specific_100_all":0.9609943149560563,"Gradients_by_loss rec_from_latent_pretrain/: encoder15":0,"RHOXF2+ZBTB25/Wass_combo_specific_10_all":0.3311160166032251,"Gradients_by_loss rec_from_latent_pretrain/: condition_embedder":0,"RHOXF2+ZBTB25/Pearson Delta_combo_specific_50_all":0.9759855443040418,"ETS2+PRTG/Pearson Delta_100_all":0.8318821496856509,"CBL+CNN1/Pearson Delta_100_all":0.9357617213805984,"CBL+CNN1/Pearson Delta_20_all":0.9382288758706682,"KLF1+CLDN6/R2_20_all":0.8656702041625977,"FOXA1+HOXB9/Pearson Delta_20_all":0.961076405977037,"FOXA3+FOXL2/R2_20_all":0.9813035130500793,"SGK1+TBX3/R2_combo_specific_20_all":0.7776716947555542,"KIF18B+KIF2C/R2_combo_specific_20_all":0.9740973711013794,"ZBTB10+ELMSAN1/Pearson Delta_combo_specific_10_all":0.9146820519811244,"RHOXF2+ZBTB25/R2_10_all":0.9660758972167969,"KIF18B+KIF2C/Pearson Delta_combo_specific_100_all":0.3886788797645657,"_timestamp":1.766247711064845e+09,"Rec/R2_var_train":0.9989286661148071,"KLF1+CLDN6/Pearson Delta_combo_specific_20_all":0.8156166890529912,"Gradients_by_loss recover_latent/: encoder10":0.001058195552958444,"RHOXF2+ZBTB25/Pearson Delta_combo_specific_10_all":0.9658878003451014,"r2_mean_criterion/100_all":0.9561236934228377,"CEBPE+PTPN12/Pearson Delta_10_all":0.9206286905811045,"Gradients_by_loss rec_from_latent_pretrain/: encoder8":0,"KLF1+CLDN6/Pearson Delta_50_all":0.8675756683401081,"KLF1+CLDN6/R2_combo_specific_100_all":0.9274860620498657,"Gradients_by_loss rec_from_latent_pretrain/: encoder2":0,"Gradients_by_loss recover_latent/: mapper4":0.00040542106013813936,"FOXA1+HOXB9/Pearson Delta_50_all":0.9700162576731527,"CBL+CNN1/R2_50_all":0.9188036322593689,"Gradients_by_loss rec_from_latent_pretrain/: encoder11":0,"KIF18B+KIF2C/R2_combo_specific_50_all":0.9815505743026733,"KLF1+CLDN6/Wass_combo_specific_10_all":0.4748782255347576,"Gradients_by_loss rec_from_latent_pretrain/: encoder5":0,"FOXA3+FOXL2/Pearson Delta_100_all":0.9596527098792403,"FOXA3+FOXL2/Wass_10_all":0.28879982832963347,"KIF18B+KIF2C/Pearson Delta_10_all":0.8007533124791667,"ZBTB10+ELMSAN1/R2_combo_specific_50_all":0.8944737315177917,"MIG_BINNED/dis_latent_stack_condition_train":0.6498750475194136,"ETS2+PRTG/Pearson Delta_10_all":0.7900767086935965,