{"Gradients_by_loss recover_latent/: encoder8":0.00018189845519565916,"r2_mean_OOD/100_all":0.9438105821609497,"r2_mean_criterion/50_all":0.953532304082598,"Gradients_by_loss recover_latent/: mapper2":0.0005615097458099914,"losses/recover_latent":4.881254947684538e-05,"Gradients_by_loss rec_from_latent_pretrain/: encoder7":0,"Gradients_by_loss recover_latent/: encoder10":0.0008972238821923691,"Gradients_by_loss recover_latent/: mapper1":0.0005888223660816687,"Gradients_by_loss recover_latent/: condition_embedder":7.112062303349376e-05,"Rec/Pearson_gene_train":0.7219565510749817,"Gradients_by_loss rec_from_latent_pretrain/: mapper13":0,"Gradients_by_loss recover_latent/: mapper0":0.000576572350324042,"Gradients_by_loss recover_latent/: encoder13":0.0004356352238217115,"wasserstein_criterion/100_all":0.21605110624087326,"MIG_BINNED/dis_latent_stack_condition_train":0.6861553665018721,"Gradients_by_loss recover_latent/: encoder7":0.0006672757253463121,"Gradients_by_loss rec_from_latent_pretrain/: encoder9":0,"Gradients_by_loss rec_from_latent_pretrain/: condition_embedder":0,"Gradients_by_loss rec_from_latent_pretrain/: encoder5":0,"r2_delta_criterion/50_all":0.9221528172492981,"Gradients_by_loss recover_latent/: encoder11":0.00015077773263336028,"Gradients_by_loss rec_from_latent_pretrain/: encoder10":0,"Gradients_by_loss rec_from_latent_pretrain/: encoder1":0,"Gradients_by_loss recover_latent/: encoder4":0.0005896589571319897,"r2_delta_OOD/20_all":0.6685283780097961,"wasserstein_OOD/10_all":0.25234912524153014,"important_notes":{"_type":"html-file","sha256":"9314d18b759cf94093fe76656c464e27bf237fdcfbcfa4f4b6b756e63b38744d","size":7798,"path":"media/html/important_notes_0_9314d18b759cf94093fe.html"},"Gradients_by_loss rec_from_latent_pretrain/: mapper6":0,"Gradients_by_loss recover_latent/: encoder5":0.0006005075847115227,"Rec/R2_var_train":0.9709411263465881,"Gradients_by_loss rec_from_latent_pretrain/: encoder11":0,"_step":521,"Gradients_by_loss rec_from_latent_pretrain/: encoder14":0,"Gradients_by_loss recover_latent/: encoder12":0.0007437812629833002,"Gradients_by_loss recover_latent/: mapper14":0.0007354746898015472,"wasserstein_OOD/100_all":0.2711870054692196,"Gradients_by_loss recover_latent/: encoder3":0.0022707029334272473,"r2_mean_criterion/10_all":0.9110575829233442,"Rec/R2_mean_train":0.9970905780792236,"r2_delta_criterion/10_all":0.8476547002792358,"Gradients_by_loss rec_from_latent_pretrain/: encoder4":0,"Gradients_by_loss recover_latent/: mapper12":0.000818328916211453,"Gradients_by_loss recover_latent/: mapper15":0.0008650881889909704,"Gradients_by_loss rec_from_latent_pretrain/: encoder6":0,"Gradients_by_loss recover_latent/: encoder6":0.0006190241361968953,"r2_mean_OOD/20_all":0.9182756543159485,"Gradients_by_loss rec_from_latent_pretrain/: mapper4":0,"Gradients_by_loss rec_from_latent_pretrain/: encoder15":0,"Gradients_by_loss recover_latent/: encoder2":0.0004950134304855586,"Gradients_by_loss rec_from_latent_pretrain/: mapper_condition_mapper":0,"losses/rec_from_latent_pretrain":2.3524898537384566,"Gradients_by_loss recover_latent/: cell_type_embedder":7.561986421933398e-05,"Gradients_by_loss recover_latent/: mapper6":0.0006216898088880925,"Gradients_by_loss rec_from_latent_pretrain/: encoder12":0,"Gradients_by_loss rec_from_latent_pretrain/: mapper3":0,"_runtime":2126.460991271,"Rec/Pearson_sample_train":0.9578664898872375,"Gradients_by_loss recover_latent/: px_r":0,"r2_delta_OOD/10_all":0.7011028528213501,"_wandb":{"runtime":2126},"Gradients_by_loss recover_latent/: mapper10":0.0007731278439573375,"r2_delta_OOD/100_all":0.8185253143310547,"Gradients_by_loss rec_from_latent_pretrain/: cell_type_embedder":0,"Gradients_by_loss rec_from_latent_pretrain/: encoder13":0,"Gradients_by_loss rec_from_latent_pretrain/: encoder2":0,"Gradients_by_loss recover_latent/: mapper8":0.0005897259454281344,"Gradients_by_loss recover_latent/: mapper11":0.0007342328609407497,"Gradients_by_loss rec_from_latent_pretrain/: mapper2":0,"Gradients_by_loss rec_from_latent_pretrain/: mapper8":0,"Gradients_by_loss rec_from_latent_pretrain/: mapper5":0,"r2_mean_OOD/10_all":0.9405224323272705,"Gradients_by_loss rec_from_latent_pretrain/: encoder_pretrain":0.19647459179064286,"r2_mean_criterion/20_all":0.9227012310709272,"Gradients_by_loss recover_latent/: mapper3":0.0006623424167516664,"Gradients_by_loss rec_from_latent_pretrain/: mapper14":0,"_timestamp":1.7683705114783244e+09,"Gradients_by_loss recover_latent/: encoder14":7.492201100180146e-05,"Gradients_by_loss recover_latent/: mapper7":0.0006102876861560313,"r2_mean_OOD/50_all":0.9390093684196472,"Gradients_by_loss rec_from_latent_pretrain/: mapper15":0,"pear_var_criterion/avg_all":NaN,"Gradients_by_loss rec_from_latent_pretrain/: decoder":0.2863896587593307,"Gradients_by_loss recover_latent/: mapper5":0.0006132619071958587,"Gradients_by_loss recover_latent/: encoder_pretrain":0.000196834464666172,"Gradients_by_loss recover_latent/: mapper4":0.0006257970075350813,"Gradients_by_loss rec_from_latent_pretrain/: mapper_cell_type_mapper":0,"Gradients_by_loss rec_from_latent_pretrain/: mapper1":0,"Gradients_by_loss recover_latent/: mapper_cell_type_mapper":2.4311232869273555e-05,"Gradients_by_loss rec_from_latent_pretrain/: mapper10":0,"Gradients_by_loss recover_latent/: mapper13":0.0007685824919675141,"Gradients_by_loss recover_latent/: mapper9":0.0007168951766207713,"Gradients_by_loss rec_from_latent_pretrain/: mapper7":0,"Gradients_by_loss rec_from_latent_pretrain/: encoder3":0,"Gradients_by_loss recover_latent/: encoder1":0.0008924687762873265,"Gradients_by_loss recover_latent/: decoder":0,"Gradients_by_loss recover_latent/: encoder15":0.0006842472797565391,"Gradients_by_loss rec_from_latent_pretrain/: mapper0":0,"Gradients_by_loss rec_from_latent_pretrain/: px_r":0.00013291597133502364,"r2_delta_criterion/20_all":0.8626957195145744,"Gradients_by_loss recover_latent/: encoder9":0.001565741671686943,"Gradients_by_loss recover_latent/: encoder0":0.0026715646685373097,"wasserstein_criterion/10_all":0.20227496747996415,"r2_delta_criterion/100_all":0.9376212954521179,"Gradients_by_loss rec_from_latent_pretrain/: mapper12":0,"r2_mean_criterion/100_all":0.9646980932780674,"Gradients_by_loss rec_from_latent_pretrain/: mapper11":0,"r2_delta_OOD/50_all":0.8186936378479004,"Gradients_by_loss rec_from_latent_pretrain/: encoder8":0,"Gradients_by_loss rec_from_latent_pretrain/: encoder0":0,"Gradients_by_loss recover_latent/: mapper_condition_mapper":1.4564429990616716e-05,"Gradients_by_loss rec_from_latent_pretrain/: mapper9":0}