{"r2_mean/20000": 0.9764807224273682, "r2_var/20000": 0, "pear_var/20000": 0.5567942613389636, "r2_delta/20000": 0.6368414163589478, "r2_mean/200": 0.9549843668937683, "r2_var/200": 0, "pear_var/200": 0.6903969400959936, "r2_delta/200": 0.8158888816833496, "r2_mean/100": 0.9379935264587402, "r2_var/100": 0, "pear_var/100": 0.785818368020424, "r2_delta/100": 0.8027198314666748, "wass_dist/100": 0.3840759952170148, "r2_mean/50": 0.9221296310424805, "r2_var/50": 0, "pear_var/50": 0.4705244718564833, "r2_delta/50": 0.7536451816558838, "r2_mean/20": 0.9629474878311157, "r2_var/20": 0, "pear_var/20": 0.05209517342383457, "r2_delta/20": 0.8559063673019409, "wass_dist/20": 0.41896005761993915, "r2_mean/10": 0.8976535201072693, "r2_var/10": 0, "pear_var/10": -0.31432024769401845, "r2_delta/10": 0.8569782376289368, "wass_dist/10": 0.4077017077815879, "_timestamp": 1744123548.8964002, "_runtime": 1.5061781406402588, "_step": 0, "_wandb": {"runtime": 1}}