{"r2_mean/20000": 0.8310241103172302, "r2_var/20000": 0, "pear_var/20000": 0.479351334092026, "r2_delta/20000": 0, "r2_mean/200": 0.7225359678268433, "r2_var/200": 0, "pear_var/200": 0.3765851739364444, "r2_delta/200": 0.29929906129837036, "r2_mean/100": 0.6963935494422913, "r2_var/100": 0, "pear_var/100": 0.6210007342224237, "r2_delta/100": 0.18317663669586182, "wass_dist/100": 0.4430277006684229, "r2_mean/50": 0.6526957750320435, "r2_var/50": 0, "pear_var/50": 0.6429793222320535, "r2_delta/50": 0, "r2_mean/20": 0, "r2_var/20": 0, "pear_var/20": 0.7664372932491093, "r2_delta/20": 0, "wass_dist/20": 0.624699066581736, "r2_mean/10": 0, "r2_var/10": 0, "pear_var/10": 0.621292538299738, "r2_delta/10": 0, "wass_dist/10": 0.6552030636927745, "_timestamp": 1743880877.3694584, "_runtime": 2.597059488296509, "_step": 0, "_wandb": {"runtime": 2}}