{"r2_mean/20000": 0.9424733519554138, "r2_var/20000": 0.2042902708053589, "pear_var/20000": 0.7084517010188058, "r2_delta/20000": 0.7767764925956726, "r2_mean/200": 0.843829333782196, "r2_var/200": 0, "pear_var/200": 0.6461495265356731, "r2_delta/200": 0.818160891532898, "r2_mean/100": 0.7880253195762634, "r2_var/100": 0, "pear_var/100": 0.6087118689800703, "r2_delta/100": 0.8015493154525757, "wass_dist/100": 0.3661938217756924, "r2_mean/50": 0.5819523930549622, "r2_var/50": 0, "pear_var/50": 0.6561385490752866, "r2_delta/50": 0.5328389406204224, "r2_mean/20": 0.3365778923034668, "r2_var/20": 0, "pear_var/20": 0.5556882687797499, "r2_delta/20": 0.26000797748565674, "wass_dist/20": 0.5937065750247944, "r2_mean/10": 0.23042362928390503, "r2_var/10": 0, "pear_var/10": -0.09144844454827299, "r2_delta/10": 0.07888144254684448, "wass_dist/10": 0.6325711838939366, "_timestamp": 1744127903.9902773, "_runtime": 1.259129285812378, "_step": 0, "_wandb": {"runtime": 2}}