{"r2_delta/20000":0.9977884888648987,"r2_mean/10":0.7054319381713867,"r2_mean/20":0.9274182319641113,"_timestamp":1.7438271423974516e+09,"pear_var/200":0.4365602915807779,"pear_var/20":0.2041421231915511,"_wandb":{"runtime":0},"r2_delta/20":0.9994595050811768,"r2_delta/100":0.998687207698822,"r2_delta/50":0.9987154006958008,"r2_var/20":0,"r2_mean/100":0.9236804246902466,"r2_var/20000":0,"r2_var/200":0,"wass_dist/20":0.42581713510973546,"r2_var/50":0,"_step":0,"pear_var/100":0.18984008158921487,"pear_var/10":0.3856833868778075,"r2_delta/10":0.2829495072364807,"wass_dist/100":0.37147826172334336,"pear_var/50":0.06240390190510047,"r2_var/10":0,"_runtime":0.615349403,"r2_delta/200":0.9987979531288147,"pear_var/20000":0.5057652486783834,"wass_dist/10":0.4478303310054141,"r2_var/100":0,"r2_mean/50":0.8764971494674683,"r2_mean/200":0.9363386034965515,"r2_mean/20000":0.8986347913742065}