{"r2_delta/50":0.9977777600288391,"r2_mean/10":0.8595356941223145,"wass_dist/10":0.3699778887524111,"r2_mean/200":0.7453237771987915,"r2_var/100":0,"_wandb":{"runtime":0},"_runtime":0.571244549,"r2_var/200":0,"pear_var/50":0.26264301342357754,"_timestamp":1.743824911855153e+09,"pear_var/100":0.21143484149810712,"r2_delta/20000":0.9925629496574402,"r2_mean/100":0.7568178176879883,"r2_delta/100":0.9957475066184998,"r2_var/20000":0,"r2_mean/20":0.8370141983032227,"pear_var/20":-0.003953175819602653,"r2_mean/50":0.7939804196357727,"pear_var/20000":0.4617877135869629,"r2_delta/20":0.9988715052604675,"pear_var/200":0.3454910813095621,"r2_var/10":0,"pear_var/10":0.058315014492954134,"r2_var/50":0,"wass_dist/100":0.4149727415782099,"r2_mean/20000":0.7054980993270874,"wass_dist/20":0.4384129104547629,"r2_delta/200":0.993514895439148,"_step":0,"r2_var/20":0,"r2_delta/10":0.7358338832855225}