{"Gradients_by_loss recover_latent/: mapper9":0.0007721299943529805,"r2_var_OOD/50_all":0.11411833763122559,"r2_delta_OOD/50_all":0.4117295742034912,"Rec/Pearson_sample_train":0.948959231376648,"_timestamp":1.7674680052063851e+09,"Gradients_by_loss rec_from_latent_pretrain/: encoder0":0,"r2_mean_OOD/10_all":0,"Gradients_by_loss rec_from_latent_pretrain/: donor_embedder":0,"Gradients_by_loss rec_from_latent_pretrain/: mapper5":0,"r2_delta_criterion/20_all":0.5228471105748956,"r2_mean_criterion/10_all":0.6019912524656816,"Gradients_by_loss rec_from_latent_pretrain/: mapper15":0,"important_notes":{"path":"media/html/important_notes_0_55cf1ffdba61f6eb3e9b.html","_type":"html-file","sha256":"55cf1ffdba61f6eb3e9bceb679c86fc963420edcf860a31873e3ac69866f8c45","size":7789},"Rec/Pearson_gene_train":0.6925201416015625,"Gradients_by_loss recover_latent/: encoder11":0.0005068932672883886,"Gradients_by_loss recover_latent/: encoder6":0.0011909709484385924,"Gradients_by_loss recover_latent/: mapper_donor_mapper":3.2459893951715105e-05,"Gradients_by_loss rec_from_latent_pretrain/: mapper7":0,"Gradients_by_loss recover_latent/: mapper1":0.00011006495392228302,"r2_var_criterion/20_all":0.30780408599159936,"Gradients_by_loss recover_latent/: mapper14":0.0007327300745377335,"Gradients_by_loss recover_latent/: encoder9":0.002148427319424026,"r2_delta_criterion/10_all":0.519669922915372,"wasserstein_criterion/10_all":0.30826518192845714,"Gradients_by_loss recover_latent/: encoder12":0.0005280180233975285,"Gradients_by_loss recover_latent/: mapper10":0.0008207384170585435,"Gradients_by_loss rec_from_latent_pretrain/: mapper3":0,"r2_var_OOD/20_all":0.07472538948059082,"r2_var_criterion/100_all":0.2902970476584001,"Gradients_by_loss rec_from_latent_pretrain/: tissue_embedder":0,"Gradients_by_loss recover_latent/: encoder13":0.0004915170529396164,"r2_mean_OOD/50_all":0.8441954255104065,"Gradients_by_loss rec_from_latent_pretrain/: encoder9":0,"Gradients_by_loss rec_from_latent_pretrain/: encoder10":0,"r2_delta_OOD/10_all":0,"Gradients_by_loss rec_from_latent_pretrain/: mapper4":0,"Gradients_by_loss recover_latent/: mapper2":0.0003091021248637253,"Gradients_by_loss recover_latent/: mapper5":0.0005922184116399613,"Gradients_by_loss rec_from_latent_pretrain/: mapper8":0,"Gradients_by_loss rec_from_latent_pretrain/: px_r":5.589405191130936e-05,"pear_var_criterion/avg_all":NaN,"r2_delta_criterion/100_all":0.5225572206757285,"Gradients_by_loss recover_latent/: donor_embedder":0.00013154502084944397,"Gradients_by_loss rec_from_latent_pretrain/: mapper6":0,"Gradients_by_loss recover_latent/: tissue_embedder":3.619979543145746e-05,"Gradients_by_loss rec_from_latent_pretrain/: encoder6":0,"Gradients_by_loss recover_latent/: mapper7":0.0005719958468070828,"Gradients_by_loss rec_from_latent_pretrain/: encoder15":0,"r2_mean_criterion/50_all":0.7516505338928916,"Gradients_by_loss rec_from_latent_pretrain/: encoder13":0,"Gradients_by_loss rec_from_latent_pretrain/: mapper2":0,"Gradients_by_loss rec_from_latent_pretrain/: encoder12":0,"Gradients_by_loss rec_from_latent_pretrain/: mapper13":0,"r2_mean_criterion/100_all":0.7505324320359663,"MIG_BINNED/dis_latent_stack_tissue_train":0.6648528625396893,"Gradients_by_loss recover_latent/: encoder3":0.001359428206925237,"r2_mean_criterion/20_all":0.6499275836077604,"r2_delta_OOD/20_all":0,"_runtime":3764.794748981,"Gradients_by_loss rec_from_latent_pretrain/: mapper_tissue_mapper":0,"Gradients_by_loss rec_from_latent_pretrain/: encoder5":0,"Gradients_by_loss recover_latent/: encoder4":0.0008684078564199263,"r2_var_OOD/10_all":0.5363759994506836,"Gradients_by_loss rec_from_latent_pretrain/: mapper0":0,"Gradients_by_loss recover_latent/: mapper0":7.274496169304245e-05,"r2_var_criterion/10_all":0.37084719809618866,"losses/recover_latent":4.905076461440608e-05,"Gradients_by_loss rec_from_latent_pretrain/: mapper_donor_mapper":0,"Gradients_by_loss rec_from_latent_pretrain/: mapper10":0,"Gradients_by_loss recover_latent/: encoder8":0.00037626579787748254,"Gradients_by_loss recover_latent/: encoder1":0.00039467407305644986,"Gradients_by_loss recover_latent/: encoder2":0.0019316582854696064,"r2_var_OOD/100_all":0.23822027444839478,"Gradients_by_loss recover_latent/: mapper15":0.0009233567929280666,"Gradients_by_loss recover_latent/: encoder7":0.0009776404423386415,"r2_delta_criterion/50_all":0.5363503152673895,"Gradients_by_loss recover_latent/: decoder":0,"Gradients_by_loss recover_latent/: encoder0":0.0012350643236598948,"Gradients_by_loss rec_from_latent_pretrain/: encoder11":0,"Gradients_by_loss rec_from_latent_pretrain/: mapper11":0,"Gradients_by_loss recover_latent/: mapper3":0.0004050840197802286,"r2_mean_OOD/20_all":0.6825047731399536,"Gradients_by_loss rec_from_latent_pretrain/: mapper12":0,"Gradients_by_loss recover_latent/: mapper12":0.0007320892965292016,"Gradients_by_loss recover_latent/: px_r":0,"Rec/R2_mean_train":0.9984419941902161,"Gradients_by_loss recover_latent/: encoder14":0.00044850453980844015,"Gradients_by_loss recover_latent/: encoder5":0.0018251177514067506,"Rec/R2_var_train":0.9969789385795593,"Gradients_by_loss rec_from_latent_pretrain/: encoder4":0,"Gradients_by_loss recover_latent/: mapper11":0.0007563062855922577,"Gradients_by_loss recover_latent/: mapper_tissue_mapper":1.2765339825463271e-05,"losses/rec_from_latent_pretrain":0.6200548297487567,"Gradients_by_loss rec_from_latent_pretrain/: encoder_pretrain":0.09779482420132211,"Gradients_by_loss recover_latent/: mapper13":0.0007547687238286339,"Gradients_by_loss recover_latent/: mapper8":0.0005507949607936008,"Gradients_by_loss recover_latent/: encoder15":0.0012831880909391685,"Gradients_by_loss recover_latent/: encoder_pretrain":0.0002703104507466907,"Gradients_by_loss rec_from_latent_pretrain/: encoder1":0,"Gradients_by_loss rec_from_latent_pretrain/: encoder14":0,"r2_delta_OOD/100_all":0.4711649417877197,"_wandb":{"runtime":3764},"Gradients_by_loss rec_from_latent_pretrain/: mapper1":0,"Gradients_by_loss rec_from_latent_pretrain/: encoder3":0,"Gradients_by_loss rec_from_latent_pretrain/: decoder":0.1405788771282921,"Gradients_by_loss recover_latent/: mapper4":0.00041243700121985775,"Gradients_by_loss rec_from_latent_pretrain/: mapper9":0,"Gradients_by_loss recover_latent/: encoder10":0.0014238938554156182,"wasserstein_OOD/10_all":0.5915660074489038,"_step":521,"r2_mean_OOD/100_all":0.8743060827255249,"r2_var_criterion/50_all":0.2947798858989369,"Gradients_by_loss rec_from_latent_pretrain/: encoder7":0,"Gradients_by_loss rec_from_latent_pretrain/: encoder2":0,"Gradients_by_loss rec_from_latent_pretrain/: mapper14":0,"Gradients_by_loss rec_from_latent_pretrain/: encoder8":0,"Gradients_by_loss recover_latent/: mapper6":0.0006220874928561308}