{"Gradients_by_loss recover_latent/: mapper9":0.002006910417731329,"Gradients_by_loss rec_from_latent_pretrain/: encoder6":0,"r2_delta_criterion/100_all":0.38445500894026324,"r2_delta_OOD/10_all":0.4167149066925049,"r2_delta_criterion/10_all":0.3625262813134627,"Gradients_by_loss recover_latent/: encoder10":0.000898235264094869,"r2_mean_criterion/50_all":0.6653678850694136,"Gradients_by_loss rec_from_latent_pretrain/: encoder9":0,"Gradients_by_loss rec_from_latent_pretrain/: encoder7":0,"Rec/R2_var_train":0.9977753758430481,"Gradients_by_loss rec_from_latent_pretrain/: encoder3":0,"Gradients_by_loss recover_latent/: encoder15":0.0005316071207671527,"Gradients_by_loss rec_from_latent_pretrain/: mapper14":0,"losses/recover_latent":2.2085682001979264e-05,"r2_var_criterion/20_all":0.10663661631670865,"Gradients_by_loss recover_latent/: encoder13":0.0009504811658110813,"Gradients_by_loss recover_latent/: mapper10":0.001810618188726686,"Gradients_by_loss recover_latent/: mapper0":7.175021569507962e-05,"Gradients_by_loss recover_latent/: encoder3":0.0019737216309646307,"r2_var_criterion/50_all":0.07008325511758978,"Gradients_by_loss recover_latent/: mapper5":0.00163277266222612,"Gradients_by_loss rec_from_latent_pretrain/: encoder5":0,"_wandb":{"runtime":2795},"Gradients_by_loss recover_latent/: encoder8":0.0006882921140728079,"Gradients_by_loss rec_from_latent_pretrain/: encoder12":0,"_timestamp":1.767098118921221e+09,"Gradients_by_loss recover_latent/: mapper4":0.001629546986735146,"Gradients_by_loss rec_from_latent_pretrain/: mapper15":0,"r2_var_OOD/100_all":0,"r2_delta_criterion/20_all":0.3602162978865884,"Gradients_by_loss recover_latent/: encoder14":0.0010279796991482845,"Gradients_by_loss rec_from_latent_pretrain/: mapper5":0,"Gradients_by_loss recover_latent/: encoder4":0.001293965718936478,"r2_mean_OOD/10_all":0,"wasserstein_criterion/10_all":0.7302276618126258,"Gradients_by_loss rec_from_latent_pretrain/: encoder0":0,"Gradients_by_loss recover_latent/: encoder12":0.0009251957651051058,"Gradients_by_loss recover_latent/: mapper7":0.0015084470914766557,"Gradients_by_loss rec_from_latent_pretrain/: mapper_donor_mapper":0,"Gradients_by_loss rec_from_latent_pretrain/: encoder15":0,"r2_var_OOD/20_all":0,"r2_var_criterion/100_all":0.08286166732961481,"wasserstein_OOD/10_all":0.7160680773749127,"Gradients_by_loss rec_from_latent_pretrain/: encoder1":0,"Gradients_by_loss recover_latent/: tissue_embedder":9.35792013478931e-06,"Gradients_by_loss recover_latent/: mapper_tissue_mapper":1.7876580936987466e-05,"Gradients_by_loss rec_from_latent_pretrain/: encoder14":0,"Gradients_by_loss recover_latent/: mapper_donor_mapper":2.6776889773522764e-05,"Rec/Pearson_sample_train":0.9532461166381836,"Gradients_by_loss recover_latent/: mapper1":0.0012021093237595392,"Gradients_by_loss rec_from_latent_pretrain/: decoder":0.28221781338661933,"r2_delta_OOD/100_all":0.3933756947517395,"r2_mean_criterion/10_all":0.2639990503137762,"r2_mean_criterion/100_all":0.7232775254683061,"Gradients_by_loss rec_from_latent_pretrain/: px_r":9.050012158695608e-05,"Gradients_by_loss rec_from_latent_pretrain/: donor_embedder":0,"Gradients_by_loss rec_from_latent_pretrain/: mapper1":0,"Gradients_by_loss recover_latent/: encoder6":0.00154912633757236,"r2_delta_criterion/50_all":0.3950948335907676,"Gradients_by_loss rec_from_latent_pretrain/: encoder13":0,"r2_var_criterion/10_all":0.24395913969386707,"Gradients_by_loss rec_from_latent_pretrain/: mapper3":0,"Gradients_by_loss recover_latent/: mapper6":0.0016072358584134571,"Gradients_by_loss rec_from_latent_pretrain/: encoder2":0,"Gradients_by_loss rec_from_latent_pretrain/: mapper10":0,"r2_mean_OOD/100_all":0.7092031240463257,"Gradients_by_loss recover_latent/: mapper8":0.0014867390014740736,"pear_var_criterion/avg_all":NaN,"Gradients_by_loss recover_latent/: mapper15":0.001811418624168684,"Gradients_by_loss recover_latent/: mapper14":0.0019000033222777001,"_step":521,"Gradients_by_loss rec_from_latent_pretrain/: encoder8":0,"Gradients_by_loss recover_latent/: decoder":0,"r2_delta_OOD/50_all":0.42390745878219604,"r2_mean_OOD/50_all":0.6200960874557495,"Gradients_by_loss recover_latent/: px_r":0,"r2_var_OOD/50_all":0,"Gradients_by_loss rec_from_latent_pretrain/: encoder4":0,"r2_var_OOD/10_all":0,"Gradients_by_loss rec_from_latent_pretrain/: encoder11":0,"r2_mean_criterion/20_all":0.4504886107011275,"important_notes":{"size":7770,"path":"media/html/important_notes_0_db2e3c350d07caf13efd.html","_type":"html-file","sha256":"db2e3c350d07caf13efddf503b4cd6c64cfb3c5c212e04e93b19606d07fa731c"},"Gradients_by_loss recover_latent/: mapper12":0.001933041564636833,"losses/rec_from_latent_pretrain":0.6705375168095814,"Gradients_by_loss rec_from_latent_pretrain/: mapper6":0,"Gradients_by_loss rec_from_latent_pretrain/: mapper8":0,"_runtime":2795.728082032,"Gradients_by_loss recover_latent/: mapper2":0.0017125947081812547,"Gradients_by_loss recover_latent/: encoder7":0.0013982631988982688,"Gradients_by_loss rec_from_latent_pretrain/: encoder_pretrain":0.18275056791815483,"Rec/R2_mean_train":0.9987947344779968,"Gradients_by_loss recover_latent/: mapper3":0.0016410367563325975,"Gradients_by_loss rec_from_latent_pretrain/: mapper_tissue_mapper":0,"MIG_BINNED/dis_latent_stack_tissue_train":0.6630805894639258,"Gradients_by_loss rec_from_latent_pretrain/: mapper7":0,"Gradients_by_loss recover_latent/: donor_embedder":6.736104842275381e-05,"Gradients_by_loss rec_from_latent_pretrain/: mapper2":0,"Gradients_by_loss rec_from_latent_pretrain/: mapper11":0,"r2_delta_OOD/20_all":0.4469717741012573,"Gradients_by_loss rec_from_latent_pretrain/: mapper13":0,"Gradients_by_loss recover_latent/: encoder1":0.0054636834648737745,"Gradients_by_loss recover_latent/: encoder11":0.003602450811141007,"Gradients_by_loss recover_latent/: mapper11":0.0019686968327966552,"Gradients_by_loss recover_latent/: encoder0":0.0010029945581822223,"Gradients_by_loss rec_from_latent_pretrain/: mapper12":0,"Gradients_by_loss recover_latent/: encoder9":0.003058273399983807,"Gradients_by_loss recover_latent/: mapper13":0.001965155969903871,"Gradients_by_loss recover_latent/: encoder2":0.0053407734836683615,"Gradients_by_loss rec_from_latent_pretrain/: encoder10":0,"Gradients_by_loss rec_from_latent_pretrain/: mapper0":0,"Gradients_by_loss recover_latent/: encoder5":0.0011994875323131427,"Gradients_by_loss rec_from_latent_pretrain/: mapper4":0,"r2_mean_OOD/20_all":0.24588090181350708,"Rec/Pearson_gene_train":0.6910809278488159,"Gradients_by_loss recover_latent/: encoder_pretrain":0.00029540762280485296,"Gradients_by_loss rec_from_latent_pretrain/: tissue_embedder":0,"Gradients_by_loss rec_from_latent_pretrain/: mapper9":0}