{"r2_mean/20000": 0.9625954627990723, "r2_var/20000": 0, "pear_var/20000": 0.561044165569556, "r2_delta/20000": 0.5357532501220703, "r2_mean/200": 0.9472312927246094, "r2_var/200": 0, "pear_var/200": 0.39252750148638493, "r2_delta/200": 0.7744510173797607, "r2_mean/100": 0.9340704083442688, "r2_var/100": 0, "pear_var/100": 0.19419206308540893, "r2_delta/100": 0.7754004001617432, "wass_dist/100": 0.39116760488304086, "r2_mean/50": 0.9019087553024292, "r2_var/50": 0, "pear_var/50": 0.15835314680324342, "r2_delta/50": 0.6815503239631653, "r2_mean/20": 0.9396064281463623, "r2_var/20": 0, "pear_var/20": 0.25238427285043574, "r2_delta/20": 0.7537977695465088, "wass_dist/20": 0.4323620112939852, "r2_mean/10": 0.9214255809783936, "r2_var/10": 0, "pear_var/10": 0.0539456776625185, "r2_delta/10": 0.8715641498565674, "wass_dist/10": 0.40525689528432557, "_timestamp": 1744127386.359033, "_runtime": 2.5179250240325928, "_step": 0, "_wandb": {"runtime": 2}}