{"Rec/R2_var_train":0.9978132247924805,"Gradients_by_loss rec_from_latent_pretrain/: mapper7":0,"Gradients_by_loss rec_from_latent_pretrain/: mapper0":0,"r2_mean_criterion/20_all":0.7486615677674612,"Gradients_by_loss rec_from_latent_pretrain/: encoder10":0,"_wandb":{"runtime":3761},"r2_mean_criterion/10_all":0.5896370013554891,"Gradients_by_loss recover_latent/: donor_embedder":7.495773024857044e-05,"Gradients_by_loss rec_from_latent_pretrain/: mapper5":0,"r2_var_OOD/100_all":0.649897575378418,"Gradients_by_loss recover_latent/: mapper10":0.001545763018186324,"r2_mean_OOD/20_all":0.8331953287124634,"Gradients_by_loss recover_latent/: encoder10":0.002162628889714748,"Gradients_by_loss rec_from_latent_pretrain/: encoder13":0,"r2_mean_criterion/100_all":0.8339465657869974,"Gradients_by_loss rec_from_latent_pretrain/: encoder_pretrain":0.11141923378750138,"Gradients_by_loss recover_latent/: encoder5":0.0016560777978587443,"Gradients_by_loss rec_from_latent_pretrain/: decoder":0.17666617908480844,"Gradients_by_loss rec_from_latent_pretrain/: mapper1":0,"Gradients_by_loss recover_latent/: encoder11":0.002184306061204053,"Gradients_by_loss recover_latent/: mapper13":0.001961862852150029,"Rec/R2_mean_train":0.9992597699165344,"r2_mean_criterion/50_all":0.8202252288659414,"wasserstein_criterion/10_all":0.3357598090008668,"Gradients_by_loss recover_latent/: mapper0":0.00021032713852786502,"_runtime":3761.593248446,"Gradients_by_loss recover_latent/: encoder2":0.0020462682635563586,"r2_delta_OOD/20_all":0.29132747650146484,"Gradients_by_loss rec_from_latent_pretrain/: mapper8":0,"Gradients_by_loss rec_from_latent_pretrain/: encoder3":0,"Gradients_by_loss rec_from_latent_pretrain/: encoder12":0,"Gradients_by_loss recover_latent/: mapper_tissue_mapper":1.1246738232733718e-05,"Gradients_by_loss rec_from_latent_pretrain/: mapper3":0,"Gradients_by_loss rec_from_latent_pretrain/: encoder14":0,"Gradients_by_loss recover_latent/: mapper4":0.0011374578014104525,"r2_mean_OOD/50_all":0.8795182704925537,"Gradients_by_loss rec_from_latent_pretrain/: mapper2":0,"Gradients_by_loss rec_from_latent_pretrain/: encoder5":0,"Gradients_by_loss recover_latent/: mapper5":0.0011479205968284534,"Rec/Pearson_gene_train":0.7002490162849426,"Gradients_by_loss recover_latent/: mapper12":0.001534171731249553,"wasserstein_OOD/10_all":0.5200686486356352,"losses/recover_latent":2.1225836254689466e-05,"Gradients_by_loss recover_latent/: mapper6":0.0015387901864418287,"Gradients_by_loss rec_from_latent_pretrain/: mapper12":0,"Gradients_by_loss recover_latent/: decoder":0,"Gradients_by_loss recover_latent/: encoder15":0.0002479771202770672,"pear_var_criterion/avg_all":NaN,"Gradients_by_loss recover_latent/: encoder1":0.0015872837785324914,"r2_delta_criterion/50_all":0.6271985967954,"Gradients_by_loss recover_latent/: encoder8":0.0007319109643729272,"r2_var_OOD/10_all":0.571959376335144,"Gradients_by_loss recover_latent/: mapper1":0.0005656107921180281,"Gradients_by_loss rec_from_latent_pretrain/: mapper15":0,"Gradients_by_loss rec_from_latent_pretrain/: mapper13":0,"Gradients_by_loss recover_latent/: encoder4":0.0036921285842491315,"r2_delta_criterion/10_all":0.6192978322505951,"Gradients_by_loss rec_from_latent_pretrain/: encoder7":0,"Gradients_by_loss recover_latent/: px_r":0,"_timestamp":1.767783734612775e+09,"r2_var_criterion/100_all":0.42937764525413513,"Gradients_by_loss recover_latent/: encoder6":0.004331958023653619,"r2_var_criterion/10_all":0.5640597740809122,"Gradients_by_loss rec_from_latent_pretrain/: donor_embedder":0,"important_notes":{"_type":"html-file","sha256":"9bbd859a850b45f3f50b6bbb0738503c09afd9ba4f37bb23da6ff48cce2d21b0","size":8035,"path":"media/html/important_notes_0_9bbd859a850b45f3f50b.html"},"Gradients_by_loss recover_latent/: encoder_pretrain":0.0001622346943101679,"Gradients_by_loss recover_latent/: mapper9":0.0014784300640068707,"Gradients_by_loss rec_from_latent_pretrain/: encoder0":0,"Gradients_by_loss rec_from_latent_pretrain/: mapper11":0,"Gradients_by_loss recover_latent/: encoder9":0.0015728053348026561,"Gradients_by_loss recover_latent/: encoder3":0.0026395521068966364,"Gradients_by_loss rec_from_latent_pretrain/: mapper_donor_mapper":0,"Gradients_by_loss recover_latent/: mapper7":0.0014944618149845977,"r2_delta_OOD/10_all":0.21313905715942383,"r2_mean_OOD/10_all":0.7849047183990479,"r2_var_OOD/50_all":0.5484440326690674,"Gradients_by_loss rec_from_latent_pretrain/: mapper4":0,"Gradients_by_loss recover_latent/: tissue_embedder":6.495435809483752e-05,"_step":521,"Gradients_by_loss recover_latent/: mapper3":0.0008297476568808115,"r2_var_criterion/50_all":0.475730021794637,"r2_delta_OOD/100_all":0.4124565124511719,"r2_delta_OOD/50_all":0.353609561920166,"r2_var_criterion/20_all":0.5116748611132304,"MIG_BINNED/dis_latent_stack_tissue_train":0.6614423326213846,"Gradients_by_loss rec_from_latent_pretrain/: encoder11":0,"r2_delta_criterion/20_all":0.5853490034739176,"Gradients_by_loss recover_latent/: encoder7":0.0004651465068769648,"Gradients_by_loss rec_from_latent_pretrain/: encoder9":0,"r2_delta_criterion/100_all":0.624345620473226,"Rec/Pearson_sample_train":0.9501075744628906,"Gradients_by_loss rec_from_latent_pretrain/: encoder4":0,"Gradients_by_loss recover_latent/: mapper8":0.0013607030765568062,"Gradients_by_loss recover_latent/: mapper_donor_mapper":2.013791727849586e-05,"Gradients_by_loss recover_latent/: mapper15":0.001852331087590039,"Gradients_by_loss rec_from_latent_pretrain/: mapper_tissue_mapper":0,"Gradients_by_loss rec_from_latent_pretrain/: mapper6":0,"Gradients_by_loss rec_from_latent_pretrain/: encoder15":0,"r2_var_OOD/20_all":0.5680403709411621,"Gradients_by_loss recover_latent/: mapper2":0.0005967235999749585,"Gradients_by_loss rec_from_latent_pretrain/: encoder2":0,"Gradients_by_loss recover_latent/: mapper14":0.0022508101435805244,"Gradients_by_loss rec_from_latent_pretrain/: tissue_embedder":0,"Gradients_by_loss rec_from_latent_pretrain/: encoder6":0,"Gradients_by_loss recover_latent/: encoder0":0.0019003667948484112,"Gradients_by_loss recover_latent/: encoder13":0.0038413168629789544,"Gradients_by_loss rec_from_latent_pretrain/: px_r":6.0054680943721905e-05,"Gradients_by_loss rec_from_latent_pretrain/: encoder8":0,"Gradients_by_loss rec_from_latent_pretrain/: mapper9":0,"Gradients_by_loss rec_from_latent_pretrain/: mapper14":0,"r2_mean_OOD/100_all":0.8951085805892944,"Gradients_by_loss recover_latent/: mapper11":0.0015486529164694734,"Gradients_by_loss rec_from_latent_pretrain/: encoder1":0,"Gradients_by_loss recover_latent/: encoder12":0.0010280565671631637,"Gradients_by_loss recover_latent/: encoder14":0.0031425860619610497,"losses/rec_from_latent_pretrain":0.6188826075851115,"Gradients_by_loss rec_from_latent_pretrain/: mapper10":0}