{"r2_mean_OOD/10_all":0.7483869194984436,"Gradients_by_loss recover_latent/: encoder13":0.0009577122338561609,"r2_delta_criterion/100_all":0.9055495262145996,"Gradients_by_loss recover_latent/: decoder":0,"Gradients_by_loss recover_latent/: encoder2":0.0011719894979262703,"Rec/R2_var_train":0.995681643486023,"Gradients_by_loss recover_latent/: mapper9":0.00033149178060509933,"Gradients_by_loss recover_latent/: mapper_condition_mapper":1.7933310935764345e-05,"Gradients_by_loss rec_from_latent_pretrain/: mapper1":0,"r2_delta_OOD/50_all":0.8368988037109375,"Gradients_by_loss rec_from_latent_pretrain/: encoder8":0,"Gradients_by_loss recover_latent/: mapper13":0.0004672078578702853,"Gradients_by_loss rec_from_latent_pretrain/: condition_embedder":0,"Gradients_by_loss rec_from_latent_pretrain/: mapper3":0,"Gradients_by_loss rec_from_latent_pretrain/: mapper11":0,"Gradients_by_loss recover_latent/: mapper10":0.00037014330871964097,"Gradients_by_loss rec_from_latent_pretrain/: encoder14":0,"Gradients_by_loss recover_latent/: mapper12":0.00037891103094885974,"r2_mean_OOD/50_all":0.9299078583717346,"r2_mean_OOD/100_all":0.9304242730140686,"r2_mean_OOD/20_all":0.9208384156227112,"Gradients_by_loss recover_latent/: encoder14":0.00042444612680943007,"r2_mean_criterion/20_all":0.884469747543335,"Gradients_by_loss rec_from_latent_pretrain/: mapper9":0,"Rec/Pearson_sample_train":0.9590974450111389,"Gradients_by_loss recover_latent/: encoder10":0.000755976518907469,"Gradients_by_loss recover_latent/: cell_type_embedder":6.093808406149037e-05,"Gradients_by_loss rec_from_latent_pretrain/: encoder1":0,"losses/rec_from_latent_pretrain":2.350879294758147,"Rec/Pearson_gene_train":0.7186822295188904,"Gradients_by_loss recover_latent/: mapper5":0.00028819683933787834,"Gradients_by_loss rec_from_latent_pretrain/: mapper5":0,"Gradients_by_loss rec_from_latent_pretrain/: encoder3":0,"_step":521,"Gradients_by_loss recover_latent/: mapper7":0.00036504072894583757,"wasserstein_criterion/10_all":0.21121341664294452,"Gradients_by_loss rec_from_latent_pretrain/: encoder11":0,"r2_mean_criterion/10_all":0.8946461422102792,"Gradients_by_loss recover_latent/: mapper_cell_type_mapper":1.8817451639083594e-05,"Gradients_by_loss rec_from_latent_pretrain/: mapper_cell_type_mapper":0,"Gradients_by_loss recover_latent/: encoder7":0.0003867315202846133,"wasserstein_criterion/100_all":0.21436630608887614,"_timestamp":1.76836788977974e+09,"Gradients_by_loss recover_latent/: encoder_pretrain":0.00037479047930703504,"Gradients_by_loss rec_from_latent_pretrain/: mapper10":0,"Gradients_by_loss recover_latent/: encoder3":0.00047124663413437954,"Gradients_by_loss recover_latent/: px_r":0,"Gradients_by_loss rec_from_latent_pretrain/: encoder9":0,"Gradients_by_loss recover_latent/: encoder12":0.00036490663843458354,"Gradients_by_loss rec_from_latent_pretrain/: mapper7":0,"Gradients_by_loss rec_from_latent_pretrain/: mapper0":0,"_wandb":{"runtime":2099},"r2_delta_OOD/20_all":0.7622823119163513,"Gradients_by_loss recover_latent/: mapper0":9.241163754619286e-05,"Gradients_by_loss recover_latent/: encoder0":0.0006763992827897169,"Gradients_by_loss rec_from_latent_pretrain/: px_r":0.000141764830914326,"Gradients_by_loss rec_from_latent_pretrain/: decoder":0.28619887047121484,"Gradients_by_loss rec_from_latent_pretrain/: mapper_condition_mapper":0,"Gradients_by_loss recover_latent/: encoder8":0.00024361607338222228,"Gradients_by_loss rec_from_latent_pretrain/: encoder4":0,"Gradients_by_loss recover_latent/: encoder9":0.00039224322043165293,"r2_mean_criterion/100_all":0.9569850138255528,"Gradients_by_loss recover_latent/: encoder6":0.000867942596596763,"wasserstein_OOD/100_all":0.2807662982979066,"Gradients_by_loss recover_latent/: mapper1":9.193224728867237e-05,"Gradients_by_loss rec_from_latent_pretrain/: encoder13":0,"Gradients_by_loss rec_from_latent_pretrain/: mapper14":0,"Gradients_by_loss recover_latent/: encoder11":0.0003444608098780328,"Gradients_by_loss recover_latent/: encoder15":0.000277603040431104,"Gradients_by_loss rec_from_latent_pretrain/: encoder12":0,"_runtime":2099.481431551,"Gradients_by_loss recover_latent/: mapper4":0.0002496021580470551,"Gradients_by_loss recover_latent/: encoder1":0.0003368280560868455,"Gradients_by_loss rec_from_latent_pretrain/: encoder6":0,"Rec/R2_mean_train":0.9989508390426636,"Gradients_by_loss rec_from_latent_pretrain/: encoder5":0,"Gradients_by_loss rec_from_latent_pretrain/: mapper2":0,"important_notes":{"size":7786,"path":"media/html/important_notes_0_fb08cb98a3b5d113f8da.html","_type":"html-file","sha256":"fb08cb98a3b5d113f8da8f7fee6d80d43f0e2fec0bde34ed9c2515b288941d63"},"Gradients_by_loss recover_latent/: mapper14":0.00047012434211417454,"wasserstein_OOD/10_all":0.276520505392214,"MIG_BINNED/dis_latent_stack_condition_train":0.6852314521945959,"Gradients_by_loss rec_from_latent_pretrain/: mapper8":0,"r2_delta_criterion/10_all":0.7629585862159729,"r2_delta_OOD/100_all":0.8758469223976135,"r2_mean_criterion/50_all":0.9393071532249451,"Gradients_by_loss rec_from_latent_pretrain/: encoder7":0,"Gradients_by_loss rec_from_latent_pretrain/: mapper4":0,"pear_var_criterion/avg_all":NaN,"Gradients_by_loss recover_latent/: mapper15":0.0004687756756575819,"Gradients_by_loss rec_from_latent_pretrain/: mapper15":0,"Gradients_by_loss rec_from_latent_pretrain/: mapper12":0,"Gradients_by_loss rec_from_latent_pretrain/: mapper13":0,"r2_delta_criterion/20_all":0.7702149748802185,"Gradients_by_loss recover_latent/: mapper11":0.00036857183948184254,"losses/recover_latent":5.939437995309956e-05,"Gradients_by_loss rec_from_latent_pretrain/: encoder2":0,"Gradients_by_loss rec_from_latent_pretrain/: encoder15":0,"r2_delta_OOD/10_all":0.6410079002380371,"Gradients_by_loss recover_latent/: mapper2":0.00027955148583438293,"Gradients_by_loss rec_from_latent_pretrain/: mapper6":0,"Gradients_by_loss rec_from_latent_pretrain/: encoder_pretrain":0.12462481365706811,"Gradients_by_loss recover_latent/: encoder4":0.00024089812792220787,"Gradients_by_loss rec_from_latent_pretrain/: encoder10":0,"Gradients_by_loss rec_from_latent_pretrain/: cell_type_embedder":0,"Gradients_by_loss recover_latent/: mapper3":0.0002585210113370116,"Gradients_by_loss recover_latent/: mapper6":0.0003669396137256675,"Gradients_by_loss recover_latent/: condition_embedder":6.02704931225162e-05,"Gradients_by_loss recover_latent/: encoder5":0.0007203775160523362,"Gradients_by_loss rec_from_latent_pretrain/: encoder0":0,"Gradients_by_loss recover_latent/: mapper8":0.0003593329264892919,"r2_delta_criterion/50_all":0.8792266590254647}