{"Gradients_by_loss recover_latent/: encoder_pretrain":0.0007149558530033526,"Gradients_by_loss recover_latent/: encoder1":0.0010391095257979196,"Gradients_by_loss rec_from_latent_pretrain/: mapper6":0,"Gradients_by_loss recover_latent/: encoder12":0.0015877185656497236,"Gradients_by_loss recover_latent/: mapper1":0.0003892973910343975,"Gradients_by_loss recover_latent/: encoder7":0.0011018842659217835,"Gradients_by_loss recover_latent/: mapper_tissue_mapper":3.7984643506773713e-05,"_runtime":1317.406256988,"r2_delta_OOD/100_all":0.5816311240196228,"Gradients_by_loss rec_from_latent_pretrain/: encoder6":0,"Gradients_by_loss rec_from_latent_pretrain/: mapper1":0,"Gradients_by_loss rec_from_latent_pretrain/: donor_embedder":0,"r2_mean_OOD/10_all":0.5500927567481995,"r2_var_OOD/50_all":0,"r2_delta_OOD/10_all":0.6179017424583435,"r2_delta_OOD/50_all":0.5517292022705078,"Gradients_by_loss rec_from_latent_pretrain/: encoder_pretrain":0.32635609493467027,"r2_delta_criterion/20_all":0.4344141334295273,"Gradients_by_loss recover_latent/: mapper10":0.0015985244712062342,"Gradients_by_loss rec_from_latent_pretrain/: mapper5":0,"_timestamp":1.7681276954722972e+09,"Gradients_by_loss recover_latent/: mapper15":0.0018066751424827077,"MIG_BINNED/dis_latent_stack_tissue_train":0.6609158585600533,"Gradients_by_loss recover_latent/: mapper_donor_mapper":4.502223352110506e-05,"r2_mean_OOD/20_all":0.5915708541870117,"r2_mean_OOD/50_all":0.6922204494476318,"Gradients_by_loss rec_from_latent_pretrain/: encoder13":0,"wasserstein_criterion/10_all":0.5903557520501459,"r2_var_criterion/100_all":0.3468897417187691,"Gradients_by_loss rec_from_latent_pretrain/: mapper12":0,"Gradients_by_loss recover_latent/: encoder2":0.0031239442355092436,"Gradients_by_loss recover_latent/: mapper7":0.001635030502108014,"Gradients_by_loss recover_latent/: encoder15":0.0014759397634927093,"Gradients_by_loss rec_from_latent_pretrain/: tissue_embedder":0,"losses/rec_from_latent_pretrain":0.5898226801353165,"Gradients_by_loss recover_latent/: mapper0":0.00040967004082537775,"r2_delta_criterion/100_all":0.5651459023356438,"Rec/Pearson_sample_train":0.9513484835624695,"Gradients_by_loss recover_latent/: mapper8":0.0015979763026596687,"Gradients_by_loss rec_from_latent_pretrain/: encoder2":0,"Gradients_by_loss rec_from_latent_pretrain/: encoder8":0,"Gradients_by_loss recover_latent/: px_r":0,"Gradients_by_loss recover_latent/: encoder5":0.0031184744313866733,"Gradients_by_loss rec_from_latent_pretrain/: px_r":8.408925350522622e-05,"Gradients_by_loss rec_from_latent_pretrain/: mapper7":0,"Gradients_by_loss rec_from_latent_pretrain/: mapper0":0,"Gradients_by_loss recover_latent/: encoder3":0.00408768090954992,"Gradients_by_loss rec_from_latent_pretrain/: encoder9":0,"Gradients_by_loss rec_from_latent_pretrain/: mapper3":0,"Rec/R2_var_train":0.9922518134117126,"Gradients_by_loss recover_latent/: donor_embedder":0.00026654722751118243,"Gradients_by_loss rec_from_latent_pretrain/: mapper13":0,"Gradients_by_loss rec_from_latent_pretrain/: encoder3":0,"r2_var_OOD/100_all":0.17683625221252441,"Gradients_by_loss recover_latent/: mapper6":0.0016755271558595499,"Gradients_by_loss rec_from_latent_pretrain/: mapper15":0,"Gradients_by_loss recover_latent/: mapper2":0.0008709222360251252,"Gradients_by_loss recover_latent/: decoder":0,"Gradients_by_loss rec_from_latent_pretrain/: encoder11":0,"r2_mean_criterion/20_all":0.6310177072882652,"Gradients_by_loss recover_latent/: encoder13":0.0026356166287408874,"Gradients_by_loss rec_from_latent_pretrain/: decoder":0.6503165858662495,"Gradients_by_loss rec_from_latent_pretrain/: encoder14":0,"Gradients_by_loss recover_latent/: encoder10":0.00204562182078978,"Gradients_by_loss rec_from_latent_pretrain/: mapper10":0,"Gradients_by_loss rec_from_latent_pretrain/: encoder1":0,"Gradients_by_loss recover_latent/: mapper12":0.0016627725588052495,"Gradients_by_loss recover_latent/: encoder14":0.0008246079548501681,"r2_delta_criterion/10_all":0.35731682926416397,"_wandb":{"runtime":1317},"r2_mean_OOD/100_all":0.7656827569007874,"Gradients_by_loss rec_from_latent_pretrain/: encoder4":0,"r2_mean_criterion/50_all":0.79075787961483,"r2_var_criterion/20_all":0.2620847672224045,"Gradients_by_loss rec_from_latent_pretrain/: encoder0":0,"Gradients_by_loss rec_from_latent_pretrain/: encoder10":0,"pear_var_criterion/avg_all":NaN,"Gradients_by_loss rec_from_latent_pretrain/: mapper11":0,"important_notes":{"sha256":"ea440652f1699fb6a83aa8fe500449b9f066583eea77e046fa2f5b5ed09da3e7","size":7813,"path":"media/html/important_notes_0_ea440652f1699fb6a83a.html","_type":"html-file"},"Gradients_by_loss rec_from_latent_pretrain/: mapper2":0,"r2_var_OOD/10_all":0.40764325857162476,"Rec/R2_mean_train":0.9976204037666321,"Gradients_by_loss recover_latent/: encoder11":0.0008326898703432112,"r2_delta_criterion/50_all":0.5519246831536293,"Gradients_by_loss recover_latent/: encoder4":0.0019512324412502054,"Gradients_by_loss rec_from_latent_pretrain/: mapper_tissue_mapper":0,"Gradients_by_loss recover_latent/: mapper13":0.0018268047306439536,"r2_mean_criterion/100_all":0.8306807726621628,"Gradients_by_loss recover_latent/: mapper3":0.0013708927374117914,"r2_delta_OOD/20_all":0.5468429923057556,"r2_var_criterion/50_all":0.3268657550215721,"Gradients_by_loss rec_from_latent_pretrain/: encoder12":0,"r2_mean_criterion/10_all":0.4276061952114105,"Gradients_by_loss recover_latent/: encoder6":0.0035528657801113897,"_step":521,"Rec/Pearson_gene_train":0.7541579604148865,"Gradients_by_loss recover_latent/: tissue_embedder":0.00012678169878199697,"Gradients_by_loss recover_latent/: mapper5":0.0014153931772354392,"Gradients_by_loss rec_from_latent_pretrain/: encoder15":0,"Gradients_by_loss recover_latent/: mapper4":0.0012694340495640526,"losses/recover_latent":6.132260479049203e-05,"Gradients_by_loss rec_from_latent_pretrain/: encoder5":0,"Gradients_by_loss recover_latent/: encoder8":0.0018266899380381574,"Gradients_by_loss rec_from_latent_pretrain/: mapper4":0,"r2_var_OOD/20_all":0,"r2_var_criterion/10_all":0.32924067229032516,"Gradients_by_loss recover_latent/: mapper9":0.0015775150352834704,"Gradients_by_loss rec_from_latent_pretrain/: mapper_donor_mapper":0,"Gradients_by_loss recover_latent/: mapper11":0.0015438542122868046,"Gradients_by_loss rec_from_latent_pretrain/: mapper14":0,"Gradients_by_loss rec_from_latent_pretrain/: mapper9":0,"Gradients_by_loss recover_latent/: encoder0":0.005465744574038378,"wasserstein_OOD/10_all":0.7278502299840486,"Gradients_by_loss recover_latent/: mapper14":0.001844831781446749,"Gradients_by_loss rec_from_latent_pretrain/: encoder7":0,"Gradients_by_loss recover_latent/: encoder9":0.0015471095985342203,"Gradients_by_loss rec_from_latent_pretrain/: mapper8":0}