{"Gradients_by_loss rec_from_latent_pretrain/: encoder6":0,"Gradients_by_loss recover_latent/: mapper6":0.004928309690133952,"pear_var_criterion/avg_all":NaN,"Gradients_by_loss rec_from_latent_pretrain/: encoder11":0,"r2_var_OOD/10_all":0.3493235111236572,"Gradients_by_loss recover_latent/: mapper_tissue_mapper":0.0003264750713292935,"r2_delta_OOD/20_all":0.34812361001968384,"r2_mean_criterion/10_all":0.3168082453987815,"r2_delta_criterion/10_all":0.4558522376147183,"Gradients_by_loss rec_from_latent_pretrain/: mapper6":0,"Gradients_by_loss rec_from_latent_pretrain/: mapper1":0,"Gradients_by_loss rec_from_latent_pretrain/: mapper4":0,"Gradients_by_loss recover_latent/: mapper5":0.00453866856258035,"r2_var_criterion/50_all":0.11573704806241122,"Gradients_by_loss rec_from_latent_pretrain/: mapper5":0,"Gradients_by_loss recover_latent/: encoder11":0.0021755849607936056,"Gradients_by_loss recover_latent/: encoder13":0.0010220752707167597,"r2_var_OOD/20_all":0.3624216318130493,"Gradients_by_loss rec_from_latent_pretrain/: decoder":0.23495594578142018,"Gradients_by_loss recover_latent/: mapper7":0.004808882072270888,"r2_mean_OOD/20_all":0.12030947208404541,"Gradients_by_loss rec_from_latent_pretrain/: mapper0":0,"Gradients_by_loss rec_from_latent_pretrain/: encoder13":0,"r2_delta_criterion/100_all":0.44967675750905817,"r2_delta_criterion/20_all":0.43073272705078125,"Gradients_by_loss recover_latent/: encoder5":0.0034453053279435816,"Gradients_by_loss recover_latent/: mapper14":0.005605087172278793,"Gradients_by_loss rec_from_latent_pretrain/: encoder2":0,"Gradients_by_loss recover_latent/: encoder10":0.0027151917891791596,"Gradients_by_loss rec_from_latent_pretrain/: mapper12":0,"losses/rec_from_latent_pretrain":0.762738575041294,"r2_mean_OOD/10_all":0.11833739280700684,"_step":521,"Gradients_by_loss recover_latent/: px_r":0,"r2_delta_criterion/50_all":0.473768180066889,"r2_mean_criterion/20_all":0.3264155767180703,"wasserstein_criterion/10_all":0.6797250516797702,"Gradients_by_loss rec_from_latent_pretrain/: mapper3":0,"r2_var_criterion/20_all":0.17624512043866244,"important_notes":{"path":"media/html/important_notes_0_612aff56c0cd28f9137d.html","_type":"html-file","sha256":"612aff56c0cd28f9137dd054e5fec3dafd5f6506d3e4fffc804457aefa8cd872","size":7816},"Gradients_by_loss recover_latent/: mapper8":0.005171695932167643,"Gradients_by_loss rec_from_latent_pretrain/: mapper14":0,"Gradients_by_loss recover_latent/: encoder9":0.0035900875698051246,"r2_var_criterion/100_all":0.11383002454584296,"Gradients_by_loss recover_latent/: mapper10":0.00583661903656563,"Gradients_by_loss rec_from_latent_pretrain/: encoder7":0,"Gradients_by_loss rec_from_latent_pretrain/: encoder4":0,"Gradients_by_loss rec_from_latent_pretrain/: encoder15":0,"Gradients_by_loss recover_latent/: decoder":0,"Gradients_by_loss rec_from_latent_pretrain/: mapper10":0,"Gradients_by_loss recover_latent/: encoder2":0.0036659797637252508,"Gradients_by_loss rec_from_latent_pretrain/: encoder3":0,"Gradients_by_loss rec_from_latent_pretrain/: encoder5":0,"_timestamp":1.7677538317940145e+09,"Rec/Pearson_gene_train":0.8663719944953918,"Gradients_by_loss recover_latent/: mapper3":0.0035409846962480727,"Gradients_by_loss recover_latent/: encoder6":0.0027588827938301685,"Gradients_by_loss recover_latent/: mapper1":0.0019038377270521188,"r2_delta_OOD/10_all":0.5011763572692871,"Gradients_by_loss recover_latent/: mapper13":0.005812327338788926,"r2_mean_OOD/50_all":0.5125223398208618,"Gradients_by_loss rec_from_latent_pretrain/: px_r":0.00012277708447072655,"Gradients_by_loss rec_from_latent_pretrain/: donor_embedder":0,"Rec/Pearson_sample_train":0.9170330762863159,"Gradients_by_loss recover_latent/: encoder4":0.0035039012743049657,"Gradients_by_loss rec_from_latent_pretrain/: mapper_donor_mapper":0,"Gradients_by_loss rec_from_latent_pretrain/: encoder9":0,"r2_var_criterion/10_all":0.19174716147509488,"Gradients_by_loss rec_from_latent_pretrain/: tissue_embedder":0,"Gradients_by_loss recover_latent/: mapper12":0.005802184284819896,"Gradients_by_loss rec_from_latent_pretrain/: mapper13":0,"Gradients_by_loss rec_from_latent_pretrain/: mapper2":0,"Gradients_by_loss recover_latent/: mapper2":0.002535899641816075,"Gradients_by_loss rec_from_latent_pretrain/: mapper8":0,"Gradients_by_loss rec_from_latent_pretrain/: mapper11":0,"r2_mean_criterion/100_all":0.6795953403819691,"_runtime":176.216191145,"Gradients_by_loss rec_from_latent_pretrain/: encoder10":0,"r2_mean_criterion/50_all":0.6133661053397439,"Gradients_by_loss recover_latent/: encoder8":0.004098598973785529,"Gradients_by_loss recover_latent/: mapper4":0.004521504004953241,"Gradients_by_loss recover_latent/: encoder3":0.004135023813353398,"Gradients_by_loss recover_latent/: encoder0":0.008378497938497405,"Gradients_by_loss rec_from_latent_pretrain/: encoder14":0,"MIG_BINNED/dis_latent_stack_tissue_train":0.6568172024471484,"Gradients_by_loss recover_latent/: encoder14":0.0008324493249679961,"Gradients_by_loss rec_from_latent_pretrain/: mapper9":0,"wasserstein_OOD/10_all":0.9480461149875608,"Rec/R2_var_train":0.8688390254974365,"Gradients_by_loss recover_latent/: mapper9":0.005504644059953059,"r2_mean_OOD/100_all":0.6539211273193359,"Gradients_by_loss rec_from_latent_pretrain/: encoder0":0,"Gradients_by_loss rec_from_latent_pretrain/: encoder12":0,"_wandb":{"runtime":176},"Rec/R2_mean_train":0.9865328073501587,"Gradients_by_loss recover_latent/: tissue_embedder":0.00021105410996824503,"Gradients_by_loss rec_from_latent_pretrain/: mapper_tissue_mapper":0,"Gradients_by_loss rec_from_latent_pretrain/: mapper15":0,"Gradients_by_loss recover_latent/: encoder15":0.0008770882549045565,"Gradients_by_loss rec_from_latent_pretrain/: encoder1":0,"r2_var_OOD/50_all":0.32534390687942505,"Gradients_by_loss recover_latent/: donor_embedder":4.0484614146407694e-05,"r2_delta_OOD/100_all":0.16997265815734863,"losses/recover_latent":0.0010703898369683884,"Gradients_by_loss recover_latent/: mapper_donor_mapper":0.00034375600597270667,"r2_delta_OOD/50_all":0.2973822355270386,"Gradients_by_loss recover_latent/: encoder12":0.00222884734885122,"Gradients_by_loss recover_latent/: mapper11":0.0056791767939993396,"Gradients_by_loss rec_from_latent_pretrain/: mapper7":0,"Gradients_by_loss recover_latent/: encoder7":0.00369098726558846,"Gradients_by_loss recover_latent/: encoder1":0.0010325509796494882,"Gradients_by_loss recover_latent/: mapper0":0.0018075032854108079,"r2_var_OOD/100_all":0.3040863275527954,"Gradients_by_loss recover_latent/: encoder_pretrain":0.0024829584762401636,"Gradients_by_loss rec_from_latent_pretrain/: encoder8":0,"Gradients_by_loss recover_latent/: mapper15":0.006039375901603563,"Gradients_by_loss rec_from_latent_pretrain/: encoder_pretrain":0.21800924246167458}