{"_runtime":0.696093815,"wass_dist/10":0.4867646735553845,"r2_var/20000":0,"pear_var/10":0.8989548417768521,"wass_dist/20":0.5475647026446104,"r2_delta/20":0.9999738335609436,"_step":0,"r2_mean/10":0.6862621903419495,"pear_var/50":0.5330992778329784,"r2_delta/100":0.999922513961792,"r2_mean/100":0.8191998600959778,"r2_delta/20000":0.9994065165519714,"_wandb":{"runtime":0},"_timestamp":1.7438300899995058e+09,"r2_delta/10":0,"r2_var/20":0,"r2_mean/50":0.8203861713409424,"r2_delta/200":0.9998461604118347,"pear_var/200":0.6691051024564573,"r2_mean/20000":0.7913703918457031,"wass_dist/100":0.509831985435539,"r2_mean/200":0.7834944128990173,"r2_var/50":0,"pear_var/20000":0.546843296780659,"r2_mean/20":0.782768964767456,"r2_var/10":0,"r2_var/100":0,"r2_delta/50":0.9999580979347229,"pear_var/20":0.5718860396780934,"pear_var/100":0.5938426291419924,"r2_var/200":0}