{"r2_var/100":0,"r2_var/200":0,"wass_dist/10":0.7508258951281956,"pear_var/10":0.28655089733215594,"pear_var/20":0.0031724780875386355,"r2_delta/200":0.999754786491394,"r2_delta/100":0.99983811378479,"_runtime":0.632806603,"_step":0,"r2_mean/50":0.5229143500328064,"r2_mean/10":0.24796289205551147,"r2_var/20":0,"r2_var/20000":0,"wass_dist/20":0.8714602346130477,"pear_var/20000":0.6032776620137991,"r2_delta/20000":0.9994009137153625,"r2_mean/100":0.6223740577697754,"r2_var/50":0,"r2_mean/20000":0.7894210815429688,"r2_mean/20":0.3287826180458069,"r2_delta/20":0.9999191164970398,"pear_var/200":0.27353941269668114,"_timestamp":1.7438295005846496e+09,"r2_var/10":0,"r2_mean/200":0.6549372673034668,"_wandb":{"runtime":0},"pear_var/100":0.31388363937380254,"pear_var/50":0.02391832409215074,"r2_delta/10":0,"r2_delta/50":0.9998887181282043,"wass_dist/100":0.6321257972851655}