{"Gradients_by_loss rec_from_latent_pretrain/: encoder5":0,"Gradients_by_loss recover_latent/: px_r":0,"Gradients_by_loss recover_latent/: encoder_pretrain":0.00015418716862791365,"wasserstein_OOD/10_all":0.1914400834474732,"Gradients_by_loss rec_from_latent_pretrain/: encoder4":0,"Gradients_by_loss recover_latent/: encoder13":0.0011609363703144627,"r2_delta_criterion/10_all":0.7625079495566232,"Gradients_by_loss rec_from_latent_pretrain/: encoder11":0,"Rec/R2_mean_train":0.9933952689170837,"Gradients_by_loss recover_latent/: encoder14":0.00025556064007468797,"Gradients_by_loss rec_from_latent_pretrain/: encoder12":0,"Gradients_by_loss recover_latent/: encoder8":0.0004260582123969487,"Gradients_by_loss recover_latent/: mapper7":0.00032408781926683534,"r2_mean_criterion/50_all":0.9360150694847107,"wasserstein_OOD/100_all":0.22629221909770492,"Gradients_by_loss recover_latent/: mapper4":0.0002534769190053906,"Gradients_by_loss recover_latent/: encoder4":0.0004587632153674245,"Gradients_by_loss rec_from_latent_pretrain/: mapper8":0,"Gradients_by_loss recover_latent/: condition_embedder":2.7317337298882194e-05,"r2_mean_OOD/50_all":0.9606121778488159,"Gradients_by_loss recover_latent/: mapper_cell_type_mapper":9.569929044035328e-06,"Gradients_by_loss recover_latent/: mapper13":0.0005231805415281805,"Gradients_by_loss recover_latent/: decoder":0,"Gradients_by_loss recover_latent/: mapper8":0.0003265341056149955,"important_notes":{"_type":"html-file","sha256":"1c79bdac65dba40738a5f5badcbd82d6c417af00076ad6459108b9302846f08b","size":7778,"path":"media/html/important_notes_0_1c79bdac65dba40738a5.html"},"Gradients_by_loss recover_latent/: encoder1":0.0009502739190030343,"r2_mean_criterion/100_all":0.9543406793049404,"Gradients_by_loss rec_from_latent_pretrain/: encoder0":0,"Gradients_by_loss recover_latent/: encoder10":0.0005854748484049602,"Gradients_by_loss rec_from_latent_pretrain/: mapper7":0,"Gradients_by_loss rec_from_latent_pretrain/: mapper2":0,"Gradients_by_loss rec_from_latent_pretrain/: encoder9":0,"Gradients_by_loss recover_latent/: encoder11":0.0004136668223566786,"Gradients_by_loss rec_from_latent_pretrain/: decoder":0.23326296307214497,"Rec/Pearson_sample_train":0.9575691819190979,"Gradients_by_loss recover_latent/: mapper5":0.00037364905778085745,"Gradients_by_loss rec_from_latent_pretrain/: mapper4":0,"Gradients_by_loss recover_latent/: mapper10":0.0003733230962518972,"losses/recover_latent":4.26385487900645e-05,"Gradients_by_loss rec_from_latent_pretrain/: mapper5":0,"Gradients_by_loss rec_from_latent_pretrain/: mapper13":0,"Gradients_by_loss rec_from_latent_pretrain/: encoder1":0,"r2_delta_OOD/20_all":0.8931693434715271,"Gradients_by_loss rec_from_latent_pretrain/: mapper_condition_mapper":0,"r2_mean_OOD/100_all":0.9542106986045837,"Gradients_by_loss rec_from_latent_pretrain/: mapper12":0,"r2_mean_OOD/10_all":0.9279561042785645,"Gradients_by_loss rec_from_latent_pretrain/: mapper11":0,"Gradients_by_loss rec_from_latent_pretrain/: encoder3":0,"r2_mean_OOD/20_all":0.9358821511268616,"Gradients_by_loss rec_from_latent_pretrain/: encoder13":0,"Gradients_by_loss recover_latent/: mapper0":5.360771345902961e-05,"Gradients_by_loss recover_latent/: mapper_condition_mapper":7.2463695608977045e-06,"Gradients_by_loss recover_latent/: encoder12":0.0002663391719845009,"Gradients_by_loss rec_from_latent_pretrain/: encoder_pretrain":0.11333638654191663,"r2_delta_OOD/100_all":0.8839269876480103,"Gradients_by_loss rec_from_latent_pretrain/: mapper0":0,"_timestamp":1.7683637156987224e+09,"Gradients_by_loss recover_latent/: encoder7":0.00012389546638417898,"_step":521,"_runtime":1968.729108611,"Gradients_by_loss recover_latent/: encoder6":0.0006941448687632975,"Gradients_by_loss rec_from_latent_pretrain/: mapper3":0,"MIG_BINNED/dis_latent_stack_condition_train":0.6851757179841054,"r2_mean_criterion/20_all":0.9075327685901097,"Gradients_by_loss rec_from_latent_pretrain/: encoder2":0,"Gradients_by_loss recover_latent/: mapper9":0.0003412606001946399,"Gradients_by_loss rec_from_latent_pretrain/: condition_embedder":0,"Gradients_by_loss recover_latent/: mapper6":0.0003454758409079406,"Gradients_by_loss rec_from_latent_pretrain/: mapper6":0,"r2_delta_OOD/10_all":0.8635389804840088,"Gradients_by_loss rec_from_latent_pretrain/: cell_type_embedder":0,"Gradients_by_loss recover_latent/: mapper11":0.0003879665022064016,"losses/rec_from_latent_pretrain":2.3199499273236763,"Gradients_by_loss rec_from_latent_pretrain/: mapper9":0,"wasserstein_criterion/100_all":0.22471495867449595,"Gradients_by_loss recover_latent/: encoder3":0.000214723663411753,"Gradients_by_loss recover_latent/: mapper14":0.0005026936148662838,"r2_delta_OOD/50_all":0.8843833208084106,"_wandb":{"runtime":1968},"Gradients_by_loss recover_latent/: cell_type_embedder":5.149917342350818e-05,"Gradients_by_loss rec_from_latent_pretrain/: encoder6":0,"r2_delta_criterion/100_all":0.9116808516638619,"Gradients_by_loss recover_latent/: encoder2":0.0007940313814022846,"Gradients_by_loss rec_from_latent_pretrain/: mapper14":0,"r2_mean_criterion/10_all":0.8651484847068787,"Gradients_by_loss rec_from_latent_pretrain/: px_r":0.00010143064719159156,"Gradients_by_loss rec_from_latent_pretrain/: mapper_cell_type_mapper":0,"Gradients_by_loss recover_latent/: mapper1":0.00018666516479011333,"Gradients_by_loss recover_latent/: mapper2":0.0002625903474742992,"r2_delta_criterion/50_all":0.8867944393839154,"Rec/R2_var_train":0.9558662176132202,"Gradients_by_loss recover_latent/: encoder9":0.0003581108391594929,"Gradients_by_loss recover_latent/: mapper3":0.0002463424060155194,"pear_var_criterion/avg_all":NaN,"Gradients_by_loss rec_from_latent_pretrain/: mapper10":0,"Gradients_by_loss recover_latent/: encoder15":0.00010396522933657597,"Gradients_by_loss rec_from_latent_pretrain/: encoder7":0,"Gradients_by_loss recover_latent/: encoder5":0.0010687085831402679,"Rec/Pearson_gene_train":0.7291848659515381,"Gradients_by_loss rec_from_latent_pretrain/: encoder8":0,"Gradients_by_loss rec_from_latent_pretrain/: mapper15":0,"Gradients_by_loss rec_from_latent_pretrain/: encoder15":0,"r2_delta_criterion/20_all":0.8001157726560321,"Gradients_by_loss rec_from_latent_pretrain/: encoder14":0,"wasserstein_criterion/10_all":0.23867990222228455,"Gradients_by_loss recover_latent/: encoder0":0.00147994817009898,"Gradients_by_loss recover_latent/: mapper15":0.0004792229751703666,"Gradients_by_loss rec_from_latent_pretrain/: mapper1":0,"Gradients_by_loss recover_latent/: mapper12":0.0003603390240992942,"Gradients_by_loss rec_from_latent_pretrain/: encoder10":0}