{"Gradients_by_loss recover_latent/: encoder12":0.0021672656221852155,"r2_delta_criterion/100_all":0.6929138898849487,"pear_var_criterion/50_all":0.7442131721442007,"Rec/R2_var_train":0.9996909499168396,"r2_delta_criterion/50_all":0.8407888412475586,"Gradients_by_loss recover_latent/: encoder9":0.006525065958583223,"Gradients_by_loss recover_latent/: encoder5":0.0038409710500284743,"Gradients_by_loss recover_latent/: encoder14":0.00813895248318747,"Gradients_by_loss recover_latent/: mapper_infected_mapper":0.0001341863374701564,"_wandb":{"runtime":3072},"Gradients_by_loss rec_from_latent_pretrain/: encoder4":0,"_step":521,"r2_mean_criterion/20_all":0.99122154712677,"Gradients_by_loss recover_latent/: mapper4":0.003164763337726774,"r2_var_OOD/50_all":0,"important_notes":{"size":7837,"path":"media/html/important_notes_0_80a7e3118942f83c9c8d.html","_type":"html-file","sha256":"80a7e3118942f83c9c8dd0ee5f7221081b33eed5a12b508be5876f8169aa8681"},"Gradients_by_loss recover_latent/: encoder1":0.009176901850056951,"Gradients_by_loss recover_latent/: encoder13":0.0024929040119996654,"Gradients_by_loss recover_latent/: mapper10":0.006818996078843837,"Gradients_by_loss recover_latent/: mapper9":0.00677532253806391,"Gradients_by_loss recover_latent/: encoder4":0.005016310510388794,"Gradients_by_loss rec_from_latent_pretrain/: mapper8":0,"Gradients_by_loss rec_from_latent_pretrain/: mapper9":0,"Gradients_by_loss recover_latent/: mapper0":0.0005789797682437393,"r2_mean_criterion/100_all":0.9859609603881836,"Gradients_by_loss recover_latent/: mapper15":0.005962328093334686,"Gradients_by_loss recover_latent/: mapper13":0.006209673662734613,"Gradients_by_loss recover_latent/: encoder10":0.007110095784454228,"Gradients_by_loss rec_from_latent_pretrain/: mapper7":0,"Gradients_by_loss recover_latent/: mapper5":0.0031510338452223853,"Gradients_by_loss recover_latent/: encoder8":0.011060871474821914,"pear_var_criterion/avg_all":0.818238017640553,"Gradients_by_loss rec_from_latent_pretrain/: mapper10":0,"r2_var_criterion/50_all":0,"Gradients_by_loss recover_latent/: mapper6":0.0070139096088617835,"Gradients_by_loss rec_from_latent_pretrain/: mapper1":0,"wasserstein_OOD/10_all":0.24250120253725668,"Gradients_by_loss recover_latent/: encoder0":0.0025172380192102738,"Gradients_by_loss recover_latent/: zone_embedder":0.0012305754935368896,"r2_mean_criterion/50_all":0.9873858094215393,"_timestamp":1.768526553205965e+09,"pear_var_OOD/10_all":0.8528692015939248,"Gradients_by_loss rec_from_latent_pretrain/: mapper_zone_mapper":0,"Gradients_by_loss rec_from_latent_pretrain/: encoder1":0,"Gradients_by_loss rec_from_latent_pretrain/: mapper0":0,"Gradients_by_loss recover_latent/: mapper12":0.006252287896846893,"Gradients_by_loss rec_from_latent_pretrain/: mapper5":0,"Gradients_by_loss recover_latent/: mapper3":0.0031049429885835855,"Rec/R2_mean_train":0.9998822808265686,"Gradients_by_loss recover_latent/: encoder2":0.014221075140585668,"Gradients_by_loss rec_from_latent_pretrain/: encoder_pretrain":0.5847733269592303,"Gradients_by_loss rec_from_latent_pretrain/: mapper3":0,"Gradients_by_loss rec_from_latent_pretrain/: mapper4":0,"Gradients_by_loss rec_from_latent_pretrain/: encoder12":0,"wasserstein_criterion/100_all":0.20161137405909788,"Gradients_by_loss rec_from_latent_pretrain/: encoder11":0,"MIG_BINNED/dis_latent_stack_infected_train":0.6765569939556806,"Gradients_by_loss rec_from_latent_pretrain/: encoder9":0,"Gradients_by_loss rec_from_latent_pretrain/: encoder8":0,"Gradients_by_loss rec_from_latent_pretrain/: mapper12":0,"Gradients_by_loss rec_from_latent_pretrain/: encoder15":0,"Rec/Pearson_gene_train":0.5570379495620728,"Gradients_by_loss rec_from_latent_pretrain/: mapper2":0,"Gradients_by_loss recover_latent/: encoder6":0.032974268252198013,"r2_mean_OOD/20_all":0.980793833732605,"r2_mean_criterion/10_all":0.9922749400138855,"Rec/Pearson_sample_train":0.9804835915565491,"Gradients_by_loss recover_latent/: encoder_pretrain":0.003413378058400581,"r2_var_OOD/100_all":0,"_runtime":3072.617093542,"r2_mean_OOD/100_all":0.9720673561096191,"Gradients_by_loss rec_from_latent_pretrain/: decoder":0.5339161586817613,"r2_delta_criterion/10_all":0.8733201622962952,"wasserstein_criterion/10_all":0.18639116924499605,"Gradients_by_loss recover_latent/: mapper1":0.001666563113230104,"Gradients_by_loss recover_latent/: encoder15":0.0015557523451466809,"Gradients_by_loss recover_latent/: infected_embedder":0.001773247728124261,"pear_var_criterion/10_all":0.8892908894653047,"Gradients_by_loss rec_from_latent_pretrain/: mapper11":0,"Gradients_by_loss recover_latent/: mapper14":0.006026801344740031,"pear_var_OOD/50_all":0.7543033952753753,"Gradients_by_loss rec_from_latent_pretrain/: encoder13":0,"pear_var_criterion/100_all":0.822566435826773,"Gradients_by_loss rec_from_latent_pretrain/: zone_embedder":0,"pear_var_OOD/100_all":0.7411348450817111,"Gradients_by_loss recover_latent/: encoder3":0.005819236085269228,"Gradients_by_loss recover_latent/: mapper2":0.00324798206686443,"Gradients_by_loss rec_from_latent_pretrain/: mapper6":0,"r2_var_OOD/20_all":0,"r2_var_criterion/10_all":0,"Gradients_by_loss rec_from_latent_pretrain/: mapper13":0,"Gradients_by_loss rec_from_latent_pretrain/: mapper15":0,"r2_var_OOD/10_all":0,"Gradients_by_loss rec_from_latent_pretrain/: encoder7":0,"r2_delta_OOD/10_all":0.7541948556900024,"r2_var_criterion/100_all":0,"pear_var_OOD/20_all":0.6970231396144663,"losses/recover_latent":5.351544323589067e-05,"Gradients_by_loss rec_from_latent_pretrain/: encoder5":0,"r2_mean_OOD/50_all":0.9789045453071594,"r2_delta_OOD/20_all":0.736790657043457,"Gradients_by_loss rec_from_latent_pretrain/: encoder3":0,"losses/rec_from_latent_pretrain":6.431059570148073,"Gradients_by_loss rec_from_latent_pretrain/: encoder14":0,"r2_delta_OOD/50_all":0.6425825357437134,"Gradients_by_loss rec_from_latent_pretrain/: encoder0":0,"Gradients_by_loss recover_latent/: px_r":0,"r2_mean_OOD/10_all":0.9732488989830017,"Gradients_by_loss recover_latent/: mapper8":0.007559641132904087,"Gradients_by_loss rec_from_latent_pretrain/: px_r":0.0003025175246875733,"Gradients_by_loss recover_latent/: decoder":0,"Gradients_by_loss rec_from_latent_pretrain/: infected_embedder":0,"Gradients_by_loss recover_latent/: encoder11":0.005312128197962293,"r2_delta_OOD/100_all":0.5212206244468689,"Gradients_by_loss rec_from_latent_pretrain/: encoder2":0,"Gradients_by_loss rec_from_latent_pretrain/: mapper_infected_mapper":0,"r2_var_criterion/20_all":0,"r2_delta_criterion/20_all":0.9262232780456543,"pear_var_criterion/20_all":0.8168815731259338,"Gradients_by_loss recover_latent/: mapper_zone_mapper":0.0002383687559219774,"Gradients_by_loss rec_from_latent_pretrain/: mapper14":0,"Gradients_by_loss recover_latent/: mapper7":0.007760648022974928,"Gradients_by_loss recover_latent/: encoder7":0.008614098358888772,"Gradients_by_loss rec_from_latent_pretrain/: encoder10":0,"Gradients_by_loss recover_latent/: mapper11":0.006535025706509066,"wasserstein_OOD/100_all":0.2507781789451834,"Gradients_by_loss rec_from_latent_pretrain/: encoder6":0}