{"pear_var/20000":0.5331989561591373,"wass_dist/20":0.5447698029021741,"r2_var/20000":0,"r2_delta/200":0.9938437938690186,"r2_var/50":0,"pear_var/200":0.4217084211598684,"r2_delta/50":0.998043417930603,"pear_var/20":-0.13757015987859045,"_runtime":0.59181475,"r2_mean/50":0.8186076283454895,"r2_mean/20":0.74789959192276,"r2_mean/100":0.8350479006767273,"_step":0,"pear_var/50":0.1610904421006258,"r2_delta/20":0.9982545375823975,"r2_var/10":0,"r2_mean/20000":0.6951127052307129,"r2_mean/200":0.7582405805587769,"r2_delta/100":0.9971154928207397,"r2_var/20":0,"r2_delta/10":0,"_wandb":{"runtime":0},"r2_delta/20000":0.9923006892204285,"pear_var/100":0.2750993264819945,"_timestamp":1.7438242780092676e+09,"r2_var/100":0,"pear_var/10":-0.051098615224962715,"wass_dist/100":0.40477671515003394,"r2_mean/10":0.01853233575820923,"wass_dist/10":0.6065720710405704,"r2_var/200":0}