{"r2_mean/20000": 0.9078735113143921, "r2_var/20000": 0.005043327808380127, "pear_var/20000": 0.5164830008234086, "r2_delta/20000": 0.7273880243301392, "r2_mean/200": 0.7633306384086609, "r2_var/200": 0, "pear_var/200": 0.26016148171877923, "r2_delta/200": 0.7524295449256897, "r2_mean/100": 0.6873706579208374, "r2_var/100": 0, "pear_var/100": 0.3281470965165824, "r2_delta/100": 0.7273079752922058, "wass_dist/100": 0.41979607647586925, "r2_mean/50": 0.4229544401168823, "r2_var/50": 0, "pear_var/50": 0.27188787655434943, "r2_delta/50": 0.46427202224731445, "r2_mean/20": 0, "r2_var/20": 0, "pear_var/20": 0.08221224522557428, "r2_delta/20": 0, "wass_dist/20": 0.6945289831531223, "r2_mean/10": 0.37572920322418213, "r2_var/10": 0, "pear_var/10": 0.6102100589283652, "r2_delta/10": 0.26984959840774536, "wass_dist/10": 0.5968860588021274, "_timestamp": 1743906818.8658745, "_runtime": 1.3130815029144287, "_step": 0, "_wandb": {"runtime": 1}}