{"r2_mean/20":0.5041353702545166,"r2_delta/20":0.9999402165412903,"r2_delta/10":0,"wass_dist/100":0.5669636666606865,"pear_var/20":0.5780244626257289,"r2_var/10":0,"pear_var/200":0.43848473363125184,"r2_delta/50":0.9999141693115234,"_runtime":0.65636937,"r2_mean/10":0.4126620292663574,"r2_delta/100":0.9998849630355835,"r2_mean/200":0.7287951707839966,"wass_dist/10":0.6650199798484554,"_step":0,"r2_var/50":0,"r2_var/200":0,"r2_delta/20000":0.9995366334915161,"pear_var/50":0.5340891091539232,"r2_mean/50":0.6320128440856934,"r2_delta/200":0.9998072981834412,"r2_var/100":0,"pear_var/20000":0.5239499843146265,"r2_mean/100":0.731642484664917,"r2_var/20":0,"pear_var/10":0.8250700879347361,"r2_mean/20000":0.8371168375015259,"pear_var/100":0.6045657831519328,"r2_var/20000":0,"_wandb":{"runtime":0},"_timestamp":1.7438295985968637e+09,"wass_dist/20":0.7646316712853476}