{"r2_mean/20000": 0.9022073745727539, "r2_var/20000": 0, "pear_var/20000": 0.3717164086284793, "r2_delta/20000": 0.02752983570098877, "r2_mean/200": 0.8500167727470398, "r2_var/200": 0, "pear_var/200": 0.12652837438226605, "r2_delta/200": 0.5398362874984741, "r2_mean/100": 0.7741794586181641, "r2_var/100": 0, "pear_var/100": -0.04514037146018658, "r2_delta/100": 0.39987295866012573, "wass_dist/100": 0.45913023934465175, "r2_mean/50": 0.7188483476638794, "r2_var/50": 0, "pear_var/50": -0.07665195822841459, "r2_delta/50": 0.27349430322647095, "r2_mean/20": 0.7118027210235596, "r2_var/20": 0, "pear_var/20": -0.3284486927859441, "r2_delta/20": 0.05895888805389404, "wass_dist/20": 0.6163753283841225, "r2_mean/10": 0.3293101191520691, "r2_var/10": 0, "pear_var/10": -0.4678621663994032, "r2_delta/10": 0, "wass_dist/10": 0.6405712922254859, "_timestamp": 1743875112.764743, "_runtime": 1.3901441097259521, "_step": 0, "_wandb": {"runtime": 1}}