{"r2_mean/20000": 0.9251705408096313, "r2_var/20000": 0.2392970323562622, "pear_var/20000": 0.6921875251613192, "r2_delta/20000": 0.7096354365348816, "r2_mean/200": 0.7436950206756592, "r2_var/200": 0, "pear_var/200": 0.624161669279367, "r2_delta/200": 0.7015683650970459, "r2_mean/100": 0.6222399473190308, "r2_var/100": 0, "pear_var/100": 0.5647932646976024, "r2_delta/100": 0.6463409662246704, "wass_dist/100": 0.4278122759038751, "r2_mean/50": 0.24036818742752075, "r2_var/50": 0, "pear_var/50": 0.5719849668248199, "r2_delta/50": 0.1511244773864746, "r2_mean/20": 0, "r2_var/20": 0, "pear_var/20": 0.42768394406227345, "r2_delta/20": 0, "wass_dist/20": 0.753049172936363, "r2_mean/10": 0, "r2_var/10": 0, "pear_var/10": -0.08339975080477889, "r2_delta/10": 0, "wass_dist/10": 0.8205616678301191, "_timestamp": 1744127496.9211679, "_runtime": 1.5624628067016602, "_step": 0, "_wandb": {"runtime": 1}}