{"r2_mean/20000": 0.9457294940948486, "r2_var/20000": 0, "pear_var/20000": 0.3472038876810056, "r2_delta/20000": 0.16201454401016235, "r2_mean/200": 0.9064011573791504, "r2_var/200": 0, "pear_var/200": 0.23758416923455014, "r2_delta/200": 0.6171866059303284, "r2_mean/100": 0.8562170267105103, "r2_var/100": 0, "pear_var/100": 0.37127839815639985, "r2_delta/100": 0.5425393581390381, "wass_dist/100": 0.42972427838858607, "r2_mean/50": 0.8139972686767578, "r2_var/50": 0, "pear_var/50": 0.03779141660585922, "r2_delta/50": 0.411551833152771, "r2_mean/20": 0.7869211435317993, "r2_var/20": 0, "pear_var/20": -0.5861683056113723, "r2_delta/20": 0.17135697603225708, "wass_dist/20": 0.5965044928240861, "r2_mean/10": 0.07364249229431152, "r2_var/10": 0, "pear_var/10": -0.36380015550040473, "r2_delta/10": 0, "wass_dist/10": 0.6483733049940916, "_timestamp": 1743890661.2610624, "_runtime": 1.3008244037628174, "_step": 0, "_wandb": {"runtime": 1}}