{"r2_mean/20000": 0.9531676769256592, "r2_var/20000": 0.2180529236793518, "pear_var/20000": 0.6673038131162664, "r2_delta/20000": 0.8182742595672607, "r2_mean/200": 0.859486997127533, "r2_var/200": 0, "pear_var/200": 0.6212666947748392, "r2_delta/200": 0.8363921046257019, "r2_mean/100": 0.8030083179473877, "r2_var/100": 0, "pear_var/100": 0.6407822283982303, "r2_delta/100": 0.8155763745307922, "wass_dist/100": 0.3633337110914955, "r2_mean/50": 0.6152169704437256, "r2_var/50": 0, "pear_var/50": 0.7215662058432813, "r2_delta/50": 0.5700114965438843, "r2_mean/20": 0.4080824851989746, "r2_var/20": 0, "pear_var/20": 0.7727321353660825, "r2_delta/20": 0.3397653102874756, "wass_dist/20": 0.5670823177243532, "r2_mean/10": 0.3691849112510681, "r2_var/10": 0, "pear_var/10": 0.0042310512509084255, "r2_delta/10": 0.24496698379516602, "wass_dist/10": 0.586105950661546, "_timestamp": 1744203364.542161, "_runtime": 2.4528799057006836, "_step": 0, "_wandb": {"runtime": 2}}