{"Gradients_by_loss recover_latent/: mapper5":0.0013231374623211758,"Gradients_by_loss recover_latent/: mapper12":0.0016583011859891794,"Gradients_by_loss recover_latent/: encoder_pretrain":0.00034460630716430865,"Gradients_by_loss rec_from_latent_pretrain/: mapper_donor_mapper":0,"Gradients_by_loss recover_latent/: encoder10":0.002129619759365457,"Gradients_by_loss rec_from_latent_pretrain/: encoder15":0,"Rec/Pearson_sample_train":0.9453414678573608,"r2_mean_OOD/20_all":0.8638759255409241,"Rec/R2_var_train":0.9883661866188049,"Gradients_by_loss rec_from_latent_pretrain/: encoder11":0,"r2_delta_OOD/50_all":0.6028778553009033,"r2_var_OOD/20_all":0,"Gradients_by_loss recover_latent/: encoder8":0.003897230877934059,"r2_mean_criterion/10_all":0.5057137161493301,"Gradients_by_loss recover_latent/: mapper6":0.001439938997901924,"r2_var_criterion/10_all":0.4466114789247513,"Gradients_by_loss rec_from_latent_pretrain/: mapper3":0,"_runtime":1304.96605164,"_step":521,"Gradients_by_loss recover_latent/: decoder":0,"r2_delta_criterion/20_all":0.5376558229327202,"Gradients_by_loss rec_from_latent_pretrain/: encoder_pretrain":0.12962276743435397,"Gradients_by_loss rec_from_latent_pretrain/: encoder5":0,"r2_delta_OOD/20_all":0.35787034034729004,"Gradients_by_loss rec_from_latent_pretrain/: encoder6":0,"Gradients_by_loss recover_latent/: encoder9":0.0004562176089840989,"Gradients_by_loss recover_latent/: mapper2":0.0006973033098158936,"Gradients_by_loss rec_from_latent_pretrain/: mapper14":0,"r2_mean_OOD/10_all":0.514410138130188,"Gradients_by_loss rec_from_latent_pretrain/: mapper_tissue_mapper":0,"Gradients_by_loss rec_from_latent_pretrain/: mapper4":0,"Gradients_by_loss rec_from_latent_pretrain/: encoder7":0,"Gradients_by_loss recover_latent/: mapper7":0.0013736028936929799,"r2_delta_OOD/100_all":0.5890414714813232,"Gradients_by_loss recover_latent/: mapper1":0.0006716296897294128,"r2_mean_OOD/50_all":0.8905640840530396,"Gradients_by_loss recover_latent/: encoder7":0.0005958017220382167,"_timestamp":1.7681137081864526e+09,"r2_var_criterion/100_all":0.3361256271600723,"Gradients_by_loss rec_from_latent_pretrain/: mapper10":0,"r2_mean_criterion/50_all":0.7932408899068832,"r2_delta_criterion/100_all":0.6058076247572899,"Gradients_by_loss recover_latent/: encoder14":0.0005110421125500474,"Gradients_by_loss recover_latent/: px_r":0,"Gradients_by_loss recover_latent/: tissue_embedder":8.39082567836158e-05,"Gradients_by_loss recover_latent/: encoder1":0.000949142343507716,"losses/rec_from_latent_pretrain":0.593289053440094,"Gradients_by_loss recover_latent/: encoder4":0.004144093536751181,"Gradients_by_loss recover_latent/: encoder2":0.001153785467135379,"r2_var_criterion/50_all":0.29999586194753647,"Gradients_by_loss rec_from_latent_pretrain/: encoder13":0,"Gradients_by_loss rec_from_latent_pretrain/: encoder0":0,"Gradients_by_loss recover_latent/: mapper0":0.0006657311940572904,"Gradients_by_loss recover_latent/: mapper11":0.0015800326200234793,"Gradients_by_loss recover_latent/: encoder12":0.0012117320959563306,"Rec/R2_mean_train":0.9894423484802246,"Gradients_by_loss rec_from_latent_pretrain/: encoder14":0,"Gradients_by_loss rec_from_latent_pretrain/: donor_embedder":0,"Gradients_by_loss rec_from_latent_pretrain/: encoder3":0,"Gradients_by_loss recover_latent/: mapper4":0.0013215028806436817,"_wandb":{"runtime":1304},"r2_delta_OOD/10_all":0,"Gradients_by_loss recover_latent/: encoder13":0.000705044130118632,"Rec/Pearson_gene_train":0.7447587847709656,"important_notes":{"path":"media/html/important_notes_0_8d72b6a14c4895e172bc.html","_type":"html-file","sha256":"8d72b6a14c4895e172bca8f58790313efcd30c47cd4a02433b01324a9640fa4a","size":7813},"Gradients_by_loss recover_latent/: mapper13":0.0016172094872790724,"r2_mean_OOD/100_all":0.8965370059013367,"r2_delta_criterion/10_all":0.4707053676247597,"r2_mean_criterion/20_all":0.6654388308525085,"Gradients_by_loss rec_from_latent_pretrain/: encoder12":0,"Gradients_by_loss rec_from_latent_pretrain/: mapper5":0,"Gradients_by_loss recover_latent/: donor_embedder":0.0001249112974619493,"Gradients_by_loss rec_from_latent_pretrain/: decoder":0.3368644990027982,"Gradients_by_loss rec_from_latent_pretrain/: mapper0":0,"Gradients_by_loss recover_latent/: encoder5":0.0022944127036421745,"Gradients_by_loss rec_from_latent_pretrain/: encoder2":0,"r2_mean_criterion/100_all":0.8349743783473969,"Gradients_by_loss recover_latent/: encoder15":0.00024445010093564857,"Gradients_by_loss rec_from_latent_pretrain/: mapper15":0,"Gradients_by_loss rec_from_latent_pretrain/: encoder4":0,"Gradients_by_loss recover_latent/: mapper8":0.0016443447898313811,"Gradients_by_loss recover_latent/: mapper15":0.0015696430295978983,"Gradients_by_loss rec_from_latent_pretrain/: mapper7":0,"Gradients_by_loss recover_latent/: encoder3":0.0017420415656144916,"pear_var_criterion/avg_all":NaN,"Gradients_by_loss rec_from_latent_pretrain/: tissue_embedder":0,"Gradients_by_loss recover_latent/: mapper3":0.0007766535671307885,"Gradients_by_loss recover_latent/: encoder0":0.004249033825119635,"r2_var_OOD/50_all":0,"r2_var_OOD/10_all":0,"wasserstein_OOD/10_all":0.6562912600160791,"MIG_BINNED/dis_latent_stack_tissue_train":0.675457775945065,"Gradients_by_loss rec_from_latent_pretrain/: mapper8":0,"r2_var_OOD/100_all":0,"r2_var_criterion/20_all":0.294278047978878,"Gradients_by_loss rec_from_latent_pretrain/: encoder9":0,"wasserstein_criterion/10_all":0.5430252093009315,"Gradients_by_loss rec_from_latent_pretrain/: mapper1":0,"Gradients_by_loss rec_from_latent_pretrain/: mapper6":0,"Gradients_by_loss rec_from_latent_pretrain/: mapper13":0,"Gradients_by_loss recover_latent/: mapper_donor_mapper":3.986221493545207e-05,"Gradients_by_loss recover_latent/: encoder11":0.0013046033463817192,"Gradients_by_loss rec_from_latent_pretrain/: mapper12":0,"Gradients_by_loss rec_from_latent_pretrain/: mapper2":0,"Gradients_by_loss rec_from_latent_pretrain/: encoder1":0,"Gradients_by_loss rec_from_latent_pretrain/: mapper9":0,"Gradients_by_loss recover_latent/: mapper10":0.0015811475662115006,"Gradients_by_loss recover_latent/: mapper9":0.0015736950487401943,"losses/recover_latent":5.1422984279270166e-05,"Gradients_by_loss rec_from_latent_pretrain/: px_r":4.243037255946547e-05,"Gradients_by_loss recover_latent/: mapper14":0.0015871081563532856,"Gradients_by_loss rec_from_latent_pretrain/: encoder8":0,"Gradients_by_loss recover_latent/: mapper_tissue_mapper":1.8657104989766722e-05,"Gradients_by_loss rec_from_latent_pretrain/: encoder10":0,"r2_delta_criterion/50_all":0.5980861112475395,"Gradients_by_loss rec_from_latent_pretrain/: mapper11":0,"Gradients_by_loss recover_latent/: encoder6":0.002542320092917958}