{"r2_mean/20000": 0.6791774034500122, "r2_var/20000": 0, "pear_var/20000": 0.41448247518276937, "r2_delta/20000": 0, "r2_mean/200": 0.16409897804260254, "r2_var/200": 0, "pear_var/200": 0.14216681308612794, "r2_delta/200": 0.026709377765655518, "r2_mean/100": 0, "r2_var/100": 0, "pear_var/100": 0.034400363867647825, "r2_delta/100": 0, "wass_dist/100": 0.6734090650013193, "r2_mean/50": 0, "r2_var/50": 0, "pear_var/50": -0.046736662391447685, "r2_delta/50": 0, "r2_mean/20": 0, "r2_var/20": 0, "pear_var/20": -0.20043148679159656, "r2_delta/20": 0, "wass_dist/20": 1.2660724748500287, "r2_mean/10": 0, "r2_var/10": 0, "pear_var/10": -0.15551023739429837, "r2_delta/10": 0, "wass_dist/10": 1.3902552351748647, "_timestamp": 1743898734.4039452, "_runtime": 2.1155261993408203, "_step": 0, "_wandb": {"runtime": 1}}