{"Rec/R2_var_train":0.9969462752342224,"Gradients_by_loss recover_latent/: encoder3":0.0025033567544957276,"Gradients_by_loss recover_latent/: mapper11":0.00235341993586681,"r2_var_criterion/10_all":0.7311143974463145,"r2_mean_criterion/10_all":0.5277452270189921,"losses/recover_latent":7.526758975661821e-05,"r2_delta_criterion/50_all":0.6027762492497762,"Gradients_by_loss recover_latent/: mapper3":0.001173164567291907,"r2_mean_criterion/100_all":0.845408429702123,"_step":521,"Gradients_by_loss recover_latent/: encoder9":0.0005494738444937083,"Gradients_by_loss recover_latent/: encoder_pretrain":0.003661008261524972,"Gradients_by_loss rec_from_latent_pretrain/: encoder0":0,"r2_delta_OOD/50_all":0.2910490036010742,"Gradients_by_loss rec_from_latent_pretrain/: encoder_pretrain":0.22249844466459295,"Gradients_by_loss recover_latent/: encoder12":0.0006760513664702416,"r2_mean_OOD/20_all":0.5309938192367554,"Gradients_by_loss recover_latent/: mapper10":0.0020748730952443346,"Gradients_by_loss recover_latent/: mapper12":0.002835719283837463,"Gradients_by_loss rec_from_latent_pretrain/: mapper9":0,"Gradients_by_loss rec_from_latent_pretrain/: encoder3":0,"Gradients_by_loss rec_from_latent_pretrain/: encoder13":0,"important_notes":{"path":"media/html/important_notes_0_0a8b15dac27b1a566dec.html","_type":"html-file","sha256":"0a8b15dac27b1a566dec86f0e63c2617141f844ad881c6536b2c3748d3768a27","size":8035},"Gradients_by_loss rec_from_latent_pretrain/: encoder11":0,"r2_delta_OOD/10_all":0.00830698013305664,"Gradients_by_loss recover_latent/: encoder0":0.0015225532533114,"r2_var_criterion/20_all":0.5116546154022217,"Gradients_by_loss rec_from_latent_pretrain/: donor_embedder":0,"Rec/Pearson_sample_train":0.9482756853103638,"Gradients_by_loss rec_from_latent_pretrain/: encoder4":0,"r2_var_criterion/50_all":0.36433249711990356,"Gradients_by_loss rec_from_latent_pretrain/: encoder8":0,"Gradients_by_loss recover_latent/: mapper14":0.0033084070369920836,"r2_var_criterion/100_all":0.46578319867451984,"Gradients_by_loss rec_from_latent_pretrain/: mapper1":0,"Gradients_by_loss recover_latent/: encoder7":0.001462260771355368,"wasserstein_OOD/10_all":0.6309589557337423,"wasserstein_criterion/10_all":0.3554035794205233,"Gradients_by_loss recover_latent/: encoder11":0.004090812925159355,"_runtime":3579.335894946,"r2_delta_OOD/100_all":0.30936479568481445,"Gradients_by_loss rec_from_latent_pretrain/: mapper_donor_mapper":0,"Gradients_by_loss recover_latent/: tissue_embedder":0.002713784109801054,"_timestamp":1.7677609881480541e+09,"r2_var_OOD/50_all":0.24324500560760498,"Gradients_by_loss recover_latent/: mapper4":0.0014276455713438535,"Gradients_by_loss recover_latent/: mapper15":0.0032279912029149096,"Gradients_by_loss recover_latent/: mapper7":0.001511100480863246,"r2_var_OOD/100_all":0.26373523473739624,"Gradients_by_loss recover_latent/: mapper0":0.000337324078525104,"Rec/R2_mean_train":0.9990155696868896,"Gradients_by_loss rec_from_latent_pretrain/: tissue_embedder":0,"r2_mean_criterion/50_all":0.8287518123785654,"Gradients_by_loss rec_from_latent_pretrain/: encoder1":0,"Gradients_by_loss recover_latent/: px_r":0,"Gradients_by_loss recover_latent/: encoder2":0.004667321758514619,"Gradients_by_loss rec_from_latent_pretrain/: encoder7":0,"r2_var_OOD/10_all":0,"Gradients_by_loss rec_from_latent_pretrain/: mapper14":0,"Gradients_by_loss rec_from_latent_pretrain/: encoder2":0,"Gradients_by_loss rec_from_latent_pretrain/: encoder14":0,"Gradients_by_loss recover_latent/: encoder14":0.003088873373511521,"Gradients_by_loss recover_latent/: mapper5":0.0013735071648265154,"Gradients_by_loss recover_latent/: mapper6":0.0014624250763880528,"Gradients_by_loss rec_from_latent_pretrain/: encoder10":0,"Gradients_by_loss rec_from_latent_pretrain/: encoder9":0,"Gradients_by_loss rec_from_latent_pretrain/: mapper4":0,"Gradients_by_loss rec_from_latent_pretrain/: decoder":0.28908511778739304,"Gradients_by_loss recover_latent/: encoder5":0.0012281222947400853,"Gradients_by_loss recover_latent/: mapper9":0.002173401429415367,"r2_delta_criterion/100_all":0.608017772436142,"Gradients_by_loss rec_from_latent_pretrain/: mapper_tissue_mapper":0,"Gradients_by_loss rec_from_latent_pretrain/: mapper5":0,"losses/rec_from_latent_pretrain":0.6072884986423096,"Gradients_by_loss rec_from_latent_pretrain/: mapper3":0,"Rec/Pearson_gene_train":0.6930043973922729,"Gradients_by_loss recover_latent/: mapper1":0.0006622040828469591,"r2_var_OOD/20_all":0.0538671612739563,"Gradients_by_loss recover_latent/: mapper_tissue_mapper":0.0001621755790876038,"Gradients_by_loss rec_from_latent_pretrain/: mapper12":0,"Gradients_by_loss rec_from_latent_pretrain/: mapper0":0,"Gradients_by_loss rec_from_latent_pretrain/: mapper6":0,"Gradients_by_loss recover_latent/: encoder10":0.0015978762202419102,"Gradients_by_loss recover_latent/: mapper2":0.0011958013788509248,"MIG_BINNED/dis_latent_stack_tissue_train":0.5267635355200642,"Gradients_by_loss rec_from_latent_pretrain/: mapper11":0,"Gradients_by_loss rec_from_latent_pretrain/: mapper13":0,"Gradients_by_loss rec_from_latent_pretrain/: encoder15":0,"r2_mean_criterion/20_all":0.7637431025505066,"Gradients_by_loss recover_latent/: donor_embedder":0.002907704096287489,"Gradients_by_loss rec_from_latent_pretrain/: mapper15":0,"Gradients_by_loss recover_latent/: encoder13":0.001223167702937489,"Gradients_by_loss rec_from_latent_pretrain/: encoder6":0,"Gradients_by_loss rec_from_latent_pretrain/: mapper7":0,"Gradients_by_loss recover_latent/: mapper13":0.002226715709591462,"Gradients_by_loss recover_latent/: mapper8":0.0022427480878906545,"pear_var_criterion/avg_all":NaN,"r2_delta_OOD/20_all":0.22651249170303345,"Gradients_by_loss recover_latent/: encoder8":0.007788732359255142,"Gradients_by_loss rec_from_latent_pretrain/: px_r":8.281986811198294e-05,"Gradients_by_loss rec_from_latent_pretrain/: mapper2":0,"Gradients_by_loss recover_latent/: encoder6":0.00291978077163335,"Gradients_by_loss recover_latent/: encoder4":0.00292226000162589,"r2_mean_OOD/100_all":0.6447392702102661,"Gradients_by_loss rec_from_latent_pretrain/: encoder12":0,"Gradients_by_loss recover_latent/: decoder":0,"Gradients_by_loss recover_latent/: mapper_donor_mapper":0.0001686277374763481,"r2_delta_criterion/20_all":0.5921240150928497,"Gradients_by_loss recover_latent/: encoder1":0.002741969129428426,"Gradients_by_loss rec_from_latent_pretrain/: encoder5":0,"r2_mean_OOD/50_all":0.6385504007339478,"Gradients_by_loss rec_from_latent_pretrain/: mapper8":0,"Gradients_by_loss recover_latent/: encoder15":0.004716812864496473,"r2_delta_criterion/10_all":0.5048652986685435,"r2_mean_OOD/10_all":0.39873433113098145,"_wandb":{"runtime":3579},"Gradients_by_loss rec_from_latent_pretrain/: mapper10":0}