{"r2_var_criterion/10_all":0,"wasserstein_OOD/100_all":0.299045259474582,"Gradients_by_loss rec_from_latent_pretrain/: mapper14":0,"r2_delta_OOD/50_all":0.6834174394607544,"Gradients_by_loss rec_from_latent_pretrain/: mapper12":0,"pear_var_OOD/100_all":0.6393580441495654,"Gradients_by_loss rec_from_latent_pretrain/: encoder11":0,"r2_mean_criterion/20_all":0.9624363780021667,"pear_var_OOD/20_all":0.8530241929897914,"Gradients_by_loss rec_from_latent_pretrain/: encoder1":0,"Gradients_by_loss recover_latent/: mapper12":0.0023766965325026277,"Rec/Pearson_sample_train":0.981500506401062,"r2_var_OOD/50_all":0,"Rec/R2_mean_train":0.9996846914291382,"Gradients_by_loss rec_from_latent_pretrain/: encoder14":0,"_timestamp":1.7684693368062177e+09,"Gradients_by_loss recover_latent/: decoder":0,"Gradients_by_loss recover_latent/: mapper7":0.002362950913961609,"Gradients_by_loss rec_from_latent_pretrain/: mapper2":0,"r2_delta_criterion/20_all":0.9152482748031616,"Gradients_by_loss recover_latent/: encoder10":0.0031251190610044454,"Gradients_by_loss recover_latent/: mapper15":0.0024128778505318814,"Gradients_by_loss rec_from_latent_pretrain/: px_r":0.00021625695808324963,"Gradients_by_loss recover_latent/: encoder_pretrain":0.003884529801687467,"Gradients_by_loss recover_latent/: encoder0":0.006387780144968941,"Gradients_by_loss recover_latent/: mapper_zone_mapper":8.176417244973151e-05,"Gradients_by_loss recover_latent/: encoder3":0.009165652541538966,"Gradients_by_loss rec_from_latent_pretrain/: mapper6":0,"Gradients_by_loss rec_from_latent_pretrain/: zone_embedder":0,"Gradients_by_loss recover_latent/: encoder4":0.0015502309372314275,"Gradients_by_loss recover_latent/: zone_embedder":0.0003688475408125669,"Gradients_by_loss recover_latent/: mapper11":0.002345067194228213,"pear_var_OOD/10_all":0.840128382929536,"r2_mean_OOD/20_all":0.7900917530059814,"Gradients_by_loss rec_from_latent_pretrain/: encoder12":0,"Gradients_by_loss recover_latent/: encoder1":0.004195660737929013,"wasserstein_criterion/10_all":0.18399492284184862,"Gradients_by_loss recover_latent/: coarse_time_embedder":0.0006068471702747047,"Gradients_by_loss rec_from_latent_pretrain/: encoder10":0,"r2_var_OOD/100_all":0,"r2_var_OOD/10_all":0.13064247369766235,"pear_var_criterion/10_all":0.9476433948882964,"Gradients_by_loss recover_latent/: mapper14":0.0022297418640196266,"Gradients_by_loss recover_latent/: mapper_coarse_time_mapper":0.00010262454950721581,"Gradients_by_loss recover_latent/: mapper6":0.0022648890250400967,"r2_delta_criterion/10_all":0.9564786553382874,"Gradients_by_loss rec_from_latent_pretrain/: mapper4":0,"Gradients_by_loss rec_from_latent_pretrain/: mapper1":0,"Gradients_by_loss recover_latent/: mapper_status_control_mapper":5.685259192562247e-05,"Gradients_by_loss rec_from_latent_pretrain/: encoder8":0,"Gradients_by_loss rec_from_latent_pretrain/: encoder9":0,"pear_var_OOD/50_all":0.6606978468655816,"r2_mean_criterion/10_all":0.9717589020729065,"_runtime":2356.075021852,"pear_var_criterion/50_all":0.8373005370248882,"r2_mean_OOD/100_all":0.9115488529205322,"r2_delta_OOD/20_all":0.6235002279281616,"Gradients_by_loss rec_from_latent_pretrain/: encoder2":0,"Gradients_by_loss rec_from_latent_pretrain/: mapper9":0,"r2_mean_OOD/10_all":0.65815269947052,"Gradients_by_loss recover_latent/: mapper2":0.0013721730880768654,"r2_mean_criterion/50_all":0.9712988138198853,"losses/rec_from_latent_pretrain":6.505333364444928,"Gradients_by_loss rec_from_latent_pretrain/: mapper3":0,"Gradients_by_loss rec_from_latent_pretrain/: mapper15":0,"Gradients_by_loss recover_latent/: encoder12":0.003567022873399878,"Gradients_by_loss recover_latent/: mapper9":0.002409087262802502,"Gradients_by_loss rec_from_latent_pretrain/: mapper_zone_mapper":0,"r2_delta_OOD/10_all":0.15161091089248657,"Gradients_by_loss recover_latent/: encoder9":0.003224669301599979,"Gradients_by_loss recover_latent/: mapper1":0.0011078505768410633,"r2_mean_criterion/100_all":0.9773513078689575,"wasserstein_OOD/10_all":0.41523545783681753,"Gradients_by_loss rec_from_latent_pretrain/: mapper_status_control_mapper":0,"Rec/Pearson_gene_train":0.5536060929298401,"Gradients_by_loss rec_from_latent_pretrain/: encoder0":0,"r2_var_criterion/100_all":0,"Gradients_by_loss recover_latent/: encoder2":0.004635426199786858,"Gradients_by_loss rec_from_latent_pretrain/: mapper5":0,"Gradients_by_loss recover_latent/: encoder15":0.003510928157917893,"r2_delta_criterion/50_all":0.9125966429710388,"wasserstein_criterion/100_all":0.24933827073461617,"r2_var_criterion/20_all":0,"Gradients_by_loss rec_from_latent_pretrain/: mapper8":0,"Gradients_by_loss rec_from_latent_pretrain/: mapper10":0,"_step":521,"MIG_BINNED/dis_latent_stack_status_control_train":0.6822695425375511,"Gradients_by_loss recover_latent/: encoder11":0.002116830577258941,"r2_var_criterion/50_all":0,"pear_var_criterion/100_all":0.8445931798424033,"Gradients_by_loss recover_latent/: mapper5":0.002232699577419557,"Gradients_by_loss rec_from_latent_pretrain/: encoder15":0,"Gradients_by_loss recover_latent/: mapper0":0.0003004593773786225,"Gradients_by_loss recover_latent/: mapper3":0.002441700938476636,"Gradients_by_loss rec_from_latent_pretrain/: encoder_pretrain":0.44066105480025164,"Gradients_by_loss rec_from_latent_pretrain/: encoder4":0,"Gradients_by_loss rec_from_latent_pretrain/: encoder6":0,"Gradients_by_loss rec_from_latent_pretrain/: coarse_time_embedder":0,"Gradients_by_loss rec_from_latent_pretrain/: decoder":0.32865561749599126,"Gradients_by_loss recover_latent/: encoder7":0.004027108133106634,"Gradients_by_loss rec_from_latent_pretrain/: mapper11":0,"Gradients_by_loss rec_from_latent_pretrain/: status_control_embedder":0,"Gradients_by_loss recover_latent/: encoder5":0.0035466509149249966,"losses/recover_latent":9.414444949025846e-05,"Gradients_by_loss recover_latent/: mapper4":0.002201554867406835,"pear_var_criterion/avg_all":0.8848007861988525,"Gradients_by_loss recover_latent/: encoder8":0.005126721824944583,"r2_delta_criterion/100_all":0.9036630392074585,"Rec/R2_var_train":0.9993576407432556,"r2_mean_OOD/50_all":0.879490077495575,"Gradients_by_loss rec_from_latent_pretrain/: mapper13":0,"Gradients_by_loss rec_from_latent_pretrain/: encoder7":0,"Gradients_by_loss rec_from_latent_pretrain/: encoder5":0,"_wandb":{"runtime":2356},"Gradients_by_loss recover_latent/: px_r":0,"r2_delta_OOD/100_all":0.6981840133666992,"r2_var_OOD/20_all":0.03772616386413574,"Gradients_by_loss rec_from_latent_pretrain/: mapper7":0,"Gradients_by_loss recover_latent/: encoder6":0.005172819539533482,"Gradients_by_loss recover_latent/: mapper13":0.002239792013891798,"Gradients_by_loss recover_latent/: status_control_embedder":0.00030718097696080804,"Gradients_by_loss recover_latent/: mapper8":0.00238408109519425,"Gradients_by_loss rec_from_latent_pretrain/: encoder3":0,"Gradients_by_loss rec_from_latent_pretrain/: mapper0":0,"important_notes":{"_type":"html-file","sha256":"d9afcfb1e87f1e06927bb4eb0762553388e242fda6bdb72456ff02ce970cbe2c","size":8425,"path":"media/html/important_notes_0_d9afcfb1e87f1e06927b.html"},"Gradients_by_loss recover_latent/: encoder14":0.0014235617627140612,"Gradients_by_loss recover_latent/: mapper10":0.0024726225571164305,"Gradients_by_loss recover_latent/: encoder13":0.001483713907525442,"Gradients_by_loss rec_from_latent_pretrain/: mapper_coarse_time_mapper":0,"pear_var_criterion/20_all":0.9096660330398222,"Gradients_by_loss rec_from_latent_pretrain/: encoder13":0}