{"r2_delta/20000":0.9946044087409973,"pear_var/20000":0.4519465870653263,"r2_delta/50":0.9942744374275208,"r2_var/50":0,"r2_var/100":0,"r2_mean/200":0.7554574012756348,"r2_var/200":0,"_runtime":0.6477142,"pear_var/50":-0.022292995928753046,"r2_mean/100":0.6629558205604553,"_step":0,"r2_delta/200":0.99538254737854,"pear_var/10":0.32662952635177345,"wass_dist/100":0.4419654180968505,"r2_var/20":0,"r2_mean/50":0.44952332973480225,"r2_delta/10":0,"r2_mean/10":0.3335620164871216,"r2_delta/100":0.9942024946212769,"pear_var/20":0.12785521113813267,"r2_mean/20":0.7378363609313965,"r2_mean/20000":0.7526910305023193,"pear_var/100":0.1414879739958328,"r2_delta/20":0.9980478286743164,"pear_var/200":0.3363359466690167,"_timestamp":1.7438262578296313e+09,"wass_dist/20":0.52560214913237,"r2_var/10":0,"wass_dist/10":0.5056332286681126,"r2_var/20000":0,"_wandb":{"runtime":0}}