{"r2_mean/20000": 0.9736061692237854, "r2_var/20000": 0, "pear_var/20000": 0.6726832575628644, "r2_delta/20000": 0.7375344038009644, "r2_mean/200": 0.9558872580528259, "r2_var/200": 0, "pear_var/200": 0.5910967696065974, "r2_delta/200": 0.8646576404571533, "r2_mean/100": 0.9371379017829895, "r2_var/100": 0, "pear_var/100": 0.6029631988430122, "r2_delta/100": 0.8329414129257202, "wass_dist/100": 0.3959450763086349, "r2_mean/50": 0.9264775514602661, "r2_var/50": 0, "pear_var/50": 0.6547373170608508, "r2_delta/50": 0.8100154399871826, "r2_mean/20": 0.9346309900283813, "r2_var/20": 0, "pear_var/20": 0.592554179728537, "r2_delta/20": 0.7865527868270874, "wass_dist/20": 0.4599705130444046, "r2_mean/10": 0.8058533668518066, "r2_var/10": 0, "pear_var/10": -0.4047813784041674, "r2_delta/10": 0.6825883388519287, "wass_dist/10": 0.4456584326190531, "_timestamp": 1744058988.792331, "_runtime": 1.6621880531311035, "_step": 0, "_wandb": {"runtime": 1}}