{"Gradients_by_loss recover_latent/: mapper4":0.0007738073087406399,"pear_var_criterion/avg_all":NaN,"r2_var_OOD/50_all":0.041567862033843994,"Gradients_by_loss recover_latent/: encoder12":0.0003439658476617218,"Gradients_by_loss recover_latent/: encoder_pretrain":0.0002482652723583979,"r2_mean_OOD/100_all":0.5793057680130005,"r2_delta_OOD/100_all":0.19278758764266968,"Gradients_by_loss rec_from_latent_pretrain/: decoder":0.25381347217537453,"Gradients_by_loss recover_latent/: mapper7":0.0009093224468209087,"Gradients_by_loss recover_latent/: mapper1":6.297148518636593e-05,"r2_var_OOD/10_all":0.6571332812309265,"r2_mean_criterion/20_all":0.35419355739246716,"Gradients_by_loss rec_from_latent_pretrain/: mapper7":0,"Gradients_by_loss recover_latent/: mapper_tissue_mapper":8.757049996715509e-06,"Gradients_by_loss recover_latent/: mapper6":0.0009715217950923018,"r2_delta_OOD/50_all":0.29366862773895264,"Rec/Pearson_sample_train":0.9528467059135437,"Gradients_by_loss rec_from_latent_pretrain/: px_r":0.00010092250886373222,"Gradients_by_loss rec_from_latent_pretrain/: encoder3":0,"Gradients_by_loss rec_from_latent_pretrain/: mapper_tissue_mapper":0,"Gradients_by_loss recover_latent/: encoder14":0.001001040385276029,"r2_delta_criterion/10_all":0.23303818160837347,"Gradients_by_loss rec_from_latent_pretrain/: encoder13":0,"Gradients_by_loss recover_latent/: mapper_donor_mapper":1.4438864609839293e-05,"MIG_BINNED/dis_latent_stack_tissue_train":0.6651911357799499,"Gradients_by_loss recover_latent/: mapper10":0.0013433498549398609,"Gradients_by_loss rec_from_latent_pretrain/: mapper_donor_mapper":0,"Gradients_by_loss rec_from_latent_pretrain/: encoder9":0,"Gradients_by_loss rec_from_latent_pretrain/: mapper11":0,"Gradients_by_loss rec_from_latent_pretrain/: encoder11":0,"important_notes":{"size":7775,"path":"media/html/important_notes_0_edddb8e7f20eca9ae13f.html","_type":"html-file","sha256":"edddb8e7f20eca9ae13f862237db3b00d3f6c8a31cbd2fd8b7946f0740261014"},"Gradients_by_loss recover_latent/: encoder3":0.0019992738787408602,"_timestamp":1.7670951965386236e+09,"r2_mean_criterion/50_all":0.6239047863266685,"Gradients_by_loss rec_from_latent_pretrain/: mapper2":0,"Gradients_by_loss rec_from_latent_pretrain/: mapper1":0,"Gradients_by_loss rec_from_latent_pretrain/: encoder4":0,"Gradients_by_loss recover_latent/: decoder":0,"_wandb":{"runtime":3019},"r2_mean_OOD/10_all":0.1930323839187622,"r2_var_criterion/50_all":0.03625591234727339,"r2_mean_criterion/10_all":0.13658860596743497,"Gradients_by_loss recover_latent/: px_r":0,"Gradients_by_loss recover_latent/: mapper8":0.0012703151485552323,"Gradients_by_loss rec_from_latent_pretrain/: encoder7":0,"Gradients_by_loss recover_latent/: mapper12":0.00127744655037179,"Gradients_by_loss rec_from_latent_pretrain/: encoder_pretrain":0.22263547131375158,"Gradients_by_loss rec_from_latent_pretrain/: encoder14":0,"Gradients_by_loss recover_latent/: encoder11":0.0005392639400518043,"losses/recover_latent":5.8664266300715345e-05,"Gradients_by_loss rec_from_latent_pretrain/: mapper5":0,"r2_var_criterion/100_all":0.047938525676727295,"r2_var_OOD/100_all":0.21443480253219604,"Gradients_by_loss rec_from_latent_pretrain/: encoder2":0,"r2_delta_criterion/100_all":0.330515287139199,"Gradients_by_loss rec_from_latent_pretrain/: mapper8":0,"Gradients_by_loss rec_from_latent_pretrain/: mapper13":0,"Gradients_by_loss recover_latent/: encoder0":0.0019653496089546752,"Gradients_by_loss recover_latent/: encoder4":0.0010941379006939058,"_runtime":3019.912861719,"Rec/Pearson_gene_train":0.6754900217056274,"r2_delta_criterion/20_all":0.26910868558016693,"Gradients_by_loss rec_from_latent_pretrain/: encoder0":0,"wasserstein_criterion/10_all":0.7980524675200189,"Rec/R2_mean_train":0.9988015294075012,"Gradients_by_loss recover_latent/: encoder10":0.002171870161342907,"Gradients_by_loss recover_latent/: tissue_embedder":6.989007670199499e-05,"Gradients_by_loss recover_latent/: mapper13":0.0013082287614206048,"Gradients_by_loss recover_latent/: mapper14":0.001300508045755693,"Gradients_by_loss rec_from_latent_pretrain/: encoder1":0,"Gradients_by_loss recover_latent/: encoder7":0.0007541214631497186,"Gradients_by_loss rec_from_latent_pretrain/: mapper10":0,"losses/rec_from_latent_pretrain":0.6792558883683065,"Gradients_by_loss rec_from_latent_pretrain/: mapper4":0,"wasserstein_OOD/10_all":0.7995325672437528,"r2_mean_OOD/20_all":0.24189376831054688,"_step":521,"Gradients_by_loss recover_latent/: encoder1":0.0003826687610525028,"Gradients_by_loss rec_from_latent_pretrain/: encoder15":0,"Gradients_by_loss recover_latent/: encoder5":0.0009159880701836775,"r2_delta_criterion/50_all":0.31777136434208264,"Gradients_by_loss recover_latent/: encoder6":0.003187828974058428,"Gradients_by_loss recover_latent/: encoder13":0.0013564866807114742,"Gradients_by_loss rec_from_latent_pretrain/: donor_embedder":0,"Gradients_by_loss rec_from_latent_pretrain/: mapper15":0,"Gradients_by_loss recover_latent/: encoder2":0.0008078874328603902,"Gradients_by_loss rec_from_latent_pretrain/: mapper9":0,"r2_delta_OOD/20_all":0.5196502208709717,"Gradients_by_loss rec_from_latent_pretrain/: mapper12":0,"r2_var_OOD/20_all":0.416820228099823,"Gradients_by_loss rec_from_latent_pretrain/: encoder8":0,"r2_var_criterion/10_all":0.14129553057930686,"Gradients_by_loss rec_from_latent_pretrain/: mapper0":0,"Gradients_by_loss recover_latent/: encoder8":0.0032000261191860923,"Gradients_by_loss rec_from_latent_pretrain/: mapper6":0,"Gradients_by_loss rec_from_latent_pretrain/: encoder5":0,"r2_mean_OOD/50_all":0.41700202226638794,"Gradients_by_loss recover_latent/: mapper2":7.642694651296558e-05,"Gradients_by_loss recover_latent/: mapper9":0.0013134602836540278,"r2_var_criterion/20_all":0.03894089026884599,"Gradients_by_loss recover_latent/: mapper3":0.0007505256156733455,"Gradients_by_loss rec_from_latent_pretrain/: mapper14":0,"Gradients_by_loss recover_latent/: mapper5":0.0007376542980790721,"Gradients_by_loss rec_from_latent_pretrain/: tissue_embedder":0,"Gradients_by_loss recover_latent/: mapper11":0.0012492125130084404,"Gradients_by_loss recover_latent/: mapper15":0.0013755128819743848,"Gradients_by_loss rec_from_latent_pretrain/: encoder6":0,"Rec/R2_var_train":0.9941323399543762,"Gradients_by_loss rec_from_latent_pretrain/: mapper3":0,"Gradients_by_loss rec_from_latent_pretrain/: encoder12":0,"Gradients_by_loss recover_latent/: mapper0":3.086923428598581e-05,"Gradients_by_loss recover_latent/: donor_embedder":5.4523272410733625e-05,"Gradients_by_loss rec_from_latent_pretrain/: encoder10":0,"r2_delta_OOD/10_all":0.6834605932235718,"Gradients_by_loss recover_latent/: encoder9":0.0019247289803192742,"Gradients_by_loss recover_latent/: encoder15":0.001236676608447258,"r2_mean_criterion/100_all":0.6908032352274115}