{"Gradients_by_loss recover_latent/: encoder9":0.007662000766070257,"_step":521,"_timestamp":1.7685265695101566e+09,"Gradients_by_loss recover_latent/: mapper14":0.004673931535171469,"r2_var_criterion/100_all":0,"Gradients_by_loss recover_latent/: zone_embedder":0.00022143985552247614,"pear_var_OOD/10_all":0.8728588675720288,"Gradients_by_loss rec_from_latent_pretrain/: encoder7":0,"Gradients_by_loss recover_latent/: mapper7":0.0019798631829354998,"Gradients_by_loss rec_from_latent_pretrain/: encoder8":0,"Gradients_by_loss recover_latent/: mapper11":0.0035103471156904915,"Gradients_by_loss rec_from_latent_pretrain/: encoder_pretrain":0.49084752199088894,"Gradients_by_loss recover_latent/: mapper1":0.0012892660099839905,"Gradients_by_loss recover_latent/: encoder4":0.0025574209301896713,"Gradients_by_loss rec_from_latent_pretrain/: encoder3":0,"r2_delta_OOD/20_all":0.8311508893966675,"pear_var_criterion/20_all":0.8196352304792733,"r2_delta_criterion/10_all":0.9481115341186523,"Gradients_by_loss rec_from_latent_pretrain/: encoder1":0,"pear_var_criterion/50_all":0.7469713551581688,"Gradients_by_loss recover_latent/: px_r":0,"Gradients_by_loss recover_latent/: encoder12":0.00463074434777062,"r2_delta_OOD/10_all":0.8626347780227661,"Gradients_by_loss recover_latent/: encoder2":0.0008454133415158907,"r2_var_OOD/10_all":0,"wasserstein_OOD/10_all":0.2021748442990321,"Gradients_by_loss rec_from_latent_pretrain/: encoder11":0,"r2_var_OOD/50_all":0,"Gradients_by_loss recover_latent/: mapper6":0.0020446123296570897,"Gradients_by_loss recover_latent/: encoder7":0.00619420406263575,"pear_var_OOD/50_all":0.7766023083296106,"Gradients_by_loss rec_from_latent_pretrain/: mapper_zone_mapper":0,"Gradients_by_loss recover_latent/: encoder6":0.0028166771972668097,"Gradients_by_loss recover_latent/: encoder0":0.004748048520805469,"Gradients_by_loss rec_from_latent_pretrain/: mapper8":0,"Gradients_by_loss rec_from_latent_pretrain/: encoder5":0,"Gradients_by_loss recover_latent/: mapper12":0.003967799964745749,"Gradients_by_loss rec_from_latent_pretrain/: zone_embedder":0,"Gradients_by_loss recover_latent/: mapper8":0.0019371051404369337,"losses/recover_latent":0.00011068891756716264,"Gradients_by_loss recover_latent/: encoder1":0.0036304849597858097,"pear_var_criterion/avg_all":0.8225411954654855,"Gradients_by_loss recover_latent/: encoder13":0.0063820960643952524,"Gradients_by_loss rec_from_latent_pretrain/: encoder2":0,"important_notes":{"_type":"html-file","sha256":"d7dafd88f8d3db18087d44ff1f98b674a06acbcd5593f9c97d6ae7b465b321ca","size":7837,"path":"media/html/important_notes_0_d7dafd88f8d3db18087d.html"},"r2_var_OOD/100_all":0,"r2_delta_criterion/20_all":0.9237035512924194,"r2_delta_criterion/50_all":0.8492128849029541,"r2_mean_criterion/50_all":0.9880532622337341,"Gradients_by_loss recover_latent/: mapper3":0.00190866273192467,"Gradients_by_loss rec_from_latent_pretrain/: mapper13":0,"pear_var_criterion/10_all":0.8893529267084526,"Gradients_by_loss rec_from_latent_pretrain/: mapper_infected_mapper":0,"Gradients_by_loss rec_from_latent_pretrain/: encoder10":0,"r2_mean_OOD/50_all":0.9828208088874817,"Gradients_by_loss recover_latent/: mapper10":0.0033944758736402405,"Gradients_by_loss rec_from_latent_pretrain/: encoder13":0,"Gradients_by_loss rec_from_latent_pretrain/: encoder15":0,"Gradients_by_loss recover_latent/: encoder8":0.0032341465192445924,"Gradients_by_loss rec_from_latent_pretrain/: encoder12":0,"Gradients_by_loss recover_latent/: mapper9":0.0024393553183816746,"Gradients_by_loss recover_latent/: mapper0":0.001416277496959837,"pear_var_criterion/100_all":0.8342052695160478,"r2_mean_criterion/100_all":0.9879018068313599,"Gradients_by_loss recover_latent/: encoder11":0.006418952402933459,"r2_var_criterion/20_all":0,"wasserstein_criterion/10_all":0.16418658315210685,"Gradients_by_loss rec_from_latent_pretrain/: encoder14":0,"Gradients_by_loss rec_from_latent_pretrain/: mapper7":0,"Gradients_by_loss rec_from_latent_pretrain/: encoder4":0,"r2_var_criterion/50_all":0,"Gradients_by_loss recover_latent/: decoder":0,"Gradients_by_loss recover_latent/: encoder5":0.005863766849904151,"Gradients_by_loss rec_from_latent_pretrain/: px_r":0.0002601956366561353,"r2_mean_OOD/20_all":0.9876792430877686,"Gradients_by_loss recover_latent/: mapper_zone_mapper":2.807222207052497e-05,"Gradients_by_loss rec_from_latent_pretrain/: mapper14":0,"Gradients_by_loss rec_from_latent_pretrain/: decoder":0.3970973420222587,"pear_var_OOD/100_all":0.7679953524256927,"Gradients_by_loss rec_from_latent_pretrain/: encoder0":0,"wasserstein_criterion/100_all":0.1959530831234452,"Gradients_by_loss rec_from_latent_pretrain/: mapper5":0,"r2_mean_OOD/100_all":0.9769781231880188,"Gradients_by_loss recover_latent/: mapper13":0.003996373589310748,"_wandb":{"runtime":3089},"Gradients_by_loss rec_from_latent_pretrain/: encoder9":0,"Rec/R2_mean_train":0.9992140531539917,"Gradients_by_loss rec_from_latent_pretrain/: mapper10":0,"Gradients_by_loss recover_latent/: mapper4":0.001810358153874761,"Gradients_by_loss recover_latent/: encoder_pretrain":0.0009804376467352361,"Gradients_by_loss rec_from_latent_pretrain/: mapper6":0,"Gradients_by_loss rec_from_latent_pretrain/: infected_embedder":0,"MIG_BINNED/dis_latent_stack_infected_train":0.6762107015394159,"Gradients_by_loss rec_from_latent_pretrain/: mapper4":0,"Gradients_by_loss rec_from_latent_pretrain/: encoder6":0,"r2_delta_OOD/100_all":0.6053928732872009,"pear_var_OOD/20_all":0.7288730537603749,"r2_var_OOD/20_all":0,"r2_mean_criterion/20_all":0.9909217357635498,"Gradients_by_loss rec_from_latent_pretrain/: mapper3":0,"Gradients_by_loss rec_from_latent_pretrain/: mapper0":0,"Gradients_by_loss rec_from_latent_pretrain/: mapper1":0,"Rec/Pearson_gene_train":0.5429465770721436,"wasserstein_OOD/100_all":0.23873417596293223,"Gradients_by_loss recover_latent/: mapper_infected_mapper":2.6437304695180275e-05,"Gradients_by_loss recover_latent/: mapper2":0.001180894569324617,"losses/rec_from_latent_pretrain":6.46646067602881,"Gradients_by_loss rec_from_latent_pretrain/: mapper2":0,"Gradients_by_loss rec_from_latent_pretrain/: mapper9":0,"Gradients_by_loss recover_latent/: encoder10":0.010300375163103347,"Gradients_by_loss recover_latent/: mapper15":0.004415863287077105,"Gradients_by_loss rec_from_latent_pretrain/: mapper12":0,"r2_var_criterion/10_all":0,"Gradients_by_loss recover_latent/: encoder15":0.003306903792069334,"r2_mean_OOD/10_all":0.9850504398345947,"Rec/Pearson_sample_train":0.9803068041801453,"Gradients_by_loss recover_latent/: encoder3":0.007046231726180202,"Gradients_by_loss rec_from_latent_pretrain/: mapper11":0,"_runtime":3089.114146189,"Gradients_by_loss recover_latent/: mapper5":0.002046824693689142,"r2_mean_criterion/10_all":0.9968357682228088,"Rec/R2_var_train":0.9987442493438721,"Gradients_by_loss rec_from_latent_pretrain/: mapper15":0,"Gradients_by_loss recover_latent/: encoder14":0.009131033923857768,"r2_delta_criterion/100_all":0.7353684306144714,"Gradients_by_loss recover_latent/: infected_embedder":0.00015152772539295256,"r2_delta_OOD/50_all":0.7089350819587708}