{"r2_mean/20000": 0.9803089499473572, "r2_var/20000": 0, "pear_var/20000": 0.6167449667707464, "r2_delta/20000": 0.7556041479110718, "r2_mean/200": 0.9724920392036438, "r2_var/200": 0, "pear_var/200": 0.5364510448653421, "r2_delta/200": 0.8824229836463928, "r2_mean/100": 0.9587834477424622, "r2_var/100": 0, "pear_var/100": 0.3227454804761515, "r2_delta/100": 0.8595893383026123, "wass_dist/100": 0.37612235021195184, "r2_mean/50": 0.933080792427063, "r2_var/50": 0, "pear_var/50": 0.35143234344200364, "r2_delta/50": 0.7827491760253906, "r2_mean/20": 0.9526768326759338, "r2_var/20": 0, "pear_var/20": 0.4112912954212137, "r2_delta/20": 0.8070810437202454, "wass_dist/20": 0.4214615918693564, "r2_mean/10": 0.9473995566368103, "r2_var/10": 0, "pear_var/10": 0.08008539061192754, "r2_delta/10": 0.9140205383300781, "wass_dist/10": 0.4004255668752024, "_timestamp": 1744124126.45655, "_runtime": 1.851511001586914, "_step": 0, "_wandb": {"runtime": 1}}