{"wass_dist/100":0.43033320212645554,"r2_mean/100":0.5634714365005493,"_runtime":0.599990479,"r2_mean/50":0.6594852209091187,"pear_var/10":0.7985189009801675,"r2_mean/20":0.20981860160827637,"_wandb":{"runtime":0},"wass_dist/10":0.535435448119814,"pear_var/20000":0.4037222336068242,"r2_var/200":0,"r2_delta/50":0.9919280409812927,"r2_mean/200":0.5693018436431885,"wass_dist/20":0.4895969999385355,"pear_var/100":0.5272137290478919,"r2_var/20":0,"r2_var/20000":0,"r2_var/10":0,"_timestamp":1.7438233737677233e+09,"pear_var/50":0.7012667593593017,"r2_delta/10":0,"r2_mean/10":0.08317965269088745,"_step":0,"r2_var/50":0,"pear_var/200":0.4597378924092872,"r2_delta/100":0.9906297326087952,"r2_delta/20":0,"r2_delta/200":0.9869435429573059,"r2_mean/20000":0.8120517134666443,"r2_var/100":0,"r2_delta/20000":0.9946423768997192,"pear_var/20":0.8352318874187927}