{"r2_mean/20000": 0.8577781915664673, "r2_var/20000": 0, "pear_var/20000": 0.44261973537276944, "r2_delta/20000": 0, "r2_mean/200": 0.6938393115997314, "r2_var/200": 0, "pear_var/200": 0.29359062769746136, "r2_delta/200": 0, "r2_mean/100": 0.49424368143081665, "r2_var/100": 0, "pear_var/100": 0.24278821128634182, "r2_delta/100": 0, "wass_dist/100": 0.5360861738311137, "r2_mean/50": 0.08287036418914795, "r2_var/50": 0, "pear_var/50": 0.20171940294591487, "r2_delta/50": 0, "r2_mean/20": 0.40809166431427, "r2_var/20": 0, "pear_var/20": 0.17439345586177057, "r2_delta/20": 0, "wass_dist/20": 0.7265578377954117, "r2_mean/10": 0, "r2_var/10": 0, "pear_var/10": 0.1198082596072434, "r2_delta/10": 0, "wass_dist/10": 0.8120112066145067, "_timestamp": 1743893189.9434068, "_runtime": 1.3556287288665771, "_step": 0, "_wandb": {"runtime": 1}}