{"r2_mean/20000": 0.9493152499198914, "r2_var/20000": 0, "pear_var/20000": 0.37050234234282026, "r2_delta/20000": 0.21738260984420776, "r2_mean/200": 0.8648610711097717, "r2_var/200": 0, "pear_var/200": 0.2668948271359015, "r2_delta/200": 0.44729042053222656, "r2_mean/100": 0.7721986174583435, "r2_var/100": 0, "pear_var/100": 0.3532751004297843, "r2_delta/100": 0.2752259373664856, "wass_dist/100": 0.442202908562573, "r2_mean/50": 0.6719512939453125, "r2_var/50": 0, "pear_var/50": -0.06469302673833233, "r2_delta/50": 0, "r2_mean/20": 0.6127187013626099, "r2_var/20": 0, "pear_var/20": -0.68185884669333, "r2_delta/20": 0, "wass_dist/20": 0.6653834086724759, "r2_mean/10": 0, "r2_var/10": 0, "pear_var/10": -0.5102716498201734, "r2_delta/10": 0, "wass_dist/10": 0.7988389015021395, "_timestamp": 1743890341.6130245, "_runtime": 1.3825263977050781, "_step": 0, "_wandb": {"runtime": 1}}