{"r2_mean/20000": 0.9463498592376709, "r2_var/20000": 0.23043423891067505, "pear_var/20000": 0.6627403233934018, "r2_delta/20000": 0.7918186187744141, "r2_mean/200": 0.841105580329895, "r2_var/200": 0, "pear_var/200": 0.6453110144135977, "r2_delta/200": 0.8149895071983337, "r2_mean/100": 0.7711232900619507, "r2_var/100": 0, "pear_var/100": 0.68170103484512, "r2_delta/100": 0.7857256531715393, "wass_dist/100": 0.37320758629991196, "r2_mean/50": 0.5329803228378296, "r2_var/50": 0, "pear_var/50": 0.7248709906738253, "r2_delta/50": 0.4781135320663452, "r2_mean/20": 0.27115005254745483, "r2_var/20": 0, "pear_var/20": 0.6690903576734539, "r2_delta/20": 0.187028706073761, "wass_dist/20": 0.6170295173026871, "r2_mean/10": 0.10762453079223633, "r2_var/10": 0, "pear_var/10": 0.025372499575114005, "r2_delta/10": 0, "wass_dist/10": 0.6611132830726854, "_timestamp": 1744203492.0601997, "_runtime": 2.5497047901153564, "_step": 0, "_wandb": {"runtime": 1}}