{"r2_mean/20000": 0.9716917276382446, "r2_var/20000": 0, "pear_var/20000": 0.6550428337896391, "r2_delta/20000": 0.648652195930481, "r2_mean/200": 0.9475586414337158, "r2_var/200": 0, "pear_var/200": 0.67541933861747, "r2_delta/200": 0.7758503556251526, "r2_mean/100": 0.9183692932128906, "r2_var/100": 0, "pear_var/100": 0.37667953855127473, "r2_delta/100": 0.7219120860099792, "wass_dist/100": 0.40511662345409144, "r2_mean/50": 0.8598250150680542, "r2_var/50": 0, "pear_var/50": 0.34288097349988367, "r2_delta/50": 0.5449268817901611, "r2_mean/20": 0.9298809766769409, "r2_var/20": 0, "pear_var/20": 0.44155042766617975, "r2_delta/20": 0.7141507863998413, "wass_dist/20": 0.44514136008264205, "r2_mean/10": 0.8647316694259644, "r2_var/10": 0, "pear_var/10": 0.01036286382783538, "r2_delta/10": 0.778893768787384, "wass_dist/10": 0.42860589727751297, "_timestamp": 1744124993.1384242, "_runtime": 1.9590251445770264, "_step": 0, "_wandb": {"runtime": 1}}