{"Rec/R2_mean_train":0.998781144618988,"Gradients_by_loss recover_latent/: mapper1":3.328502156745666e-05,"_wandb":{"runtime":1997},"r2_delta_criterion/20_all":0.8021200725010463,"Gradients_by_loss recover_latent/: encoder15":2.946421758859574e-05,"Rec/Pearson_gene_train":0.721597962363247,"wasserstein_criterion/100_all":0.229885044030573,"Gradients_by_loss recover_latent/: condition_embedder":3.36624634655891e-06,"Gradients_by_loss rec_from_latent_pretrain/: mapper12":0,"Gradients_by_loss recover_latent/: encoder14":1.9563279165094994e-05,"Gradients_by_loss rec_from_latent_pretrain/: encoder12":0,"r2_delta_criterion/10_all":0.7771649190357753,"Gradients_by_loss rec_from_latent_pretrain/: encoder8":0,"Gradients_by_loss rec_from_latent_pretrain/: cell_type_embedder":0,"r2_delta_criterion/100_all":0.9083887338638306,"Gradients_by_loss rec_from_latent_pretrain/: mapper_condition_mapper":0,"Gradients_by_loss rec_from_latent_pretrain/: encoder2":0,"r2_delta_OOD/20_all":0.8116564154624939,"Gradients_by_loss recover_latent/: px_r":0,"Gradients_by_loss recover_latent/: encoder12":8.741813879753599e-05,"Gradients_by_loss recover_latent/: encoder3":0.00012148177921224139,"Gradients_by_loss recover_latent/: encoder4":5.8072331328539595e-06,"Rec/R2_var_train":0.9988341331481934,"Gradients_by_loss recover_latent/: encoder9":2.052289633378452e-05,"Gradients_by_loss recover_latent/: encoder_pretrain":2.1448118807019153e-05,"Gradients_by_loss rec_from_latent_pretrain/: mapper1":0,"r2_mean_criterion/100_all":0.9465833902359009,"losses/recover_latent":6.883159538564551e-05,"Gradients_by_loss recover_latent/: mapper_cell_type_mapper":1.6611865211149201e-06,"r2_mean_OOD/100_all":0.9576346278190613,"Gradients_by_loss recover_latent/: mapper_condition_mapper":1.2973190793514275e-06,"important_notes":{"path":"media/html/important_notes_0_79cc5b6cfe0449dcd2c0.html","_type":"html-file","sha256":"79cc5b6cfe0449dcd2c0fe669d54ef33f29044d45afd53839f20c7a04d9d6b07","size":7778},"r2_delta_OOD/100_all":0.9014936685562134,"Gradients_by_loss rec_from_latent_pretrain/: encoder14":0,"wasserstein_criterion/10_all":0.25674107858538603,"Gradients_by_loss recover_latent/: encoder13":7.113462761883921e-06,"Gradients_by_loss recover_latent/: mapper6":3.9609343417243386e-05,"r2_delta_criterion/50_all":0.8891614505222866,"Gradients_by_loss rec_from_latent_pretrain/: encoder10":0,"Gradients_by_loss recover_latent/: mapper12":5.339837636158884e-05,"Gradients_by_loss recover_latent/: encoder6":4.1589877025094933e-05,"Gradients_by_loss recover_latent/: mapper13":5.209273583339382e-05,"_timestamp":1.7683581844772944e+09,"Gradients_by_loss rec_from_latent_pretrain/: mapper2":0,"Gradients_by_loss rec_from_latent_pretrain/: encoder7":0,"Gradients_by_loss recover_latent/: encoder1":6.125293797401637e-05,"Gradients_by_loss recover_latent/: mapper4":4.000431085854122e-05,"r2_mean_OOD/20_all":0.9417736530303955,"Gradients_by_loss recover_latent/: mapper3":4.133591308571506e-05,"Rec/Pearson_sample_train":0.9595297574996948,"Gradients_by_loss recover_latent/: mapper14":5.284584057348761e-05,"MIG_BINNED/dis_latent_stack_condition_train":0.6864905055801677,"Gradients_by_loss rec_from_latent_pretrain/: mapper13":0,"Gradients_by_loss rec_from_latent_pretrain/: mapper15":0,"r2_mean_OOD/50_all":0.9473080635070801,"Gradients_by_loss recover_latent/: encoder0":0.0002841644830586255,"Gradients_by_loss rec_from_latent_pretrain/: encoder15":0,"Gradients_by_loss rec_from_latent_pretrain/: encoder13":0,"Gradients_by_loss rec_from_latent_pretrain/: encoder1":0,"Gradients_by_loss recover_latent/: mapper10":4.5720828047353825e-05,"Gradients_by_loss rec_from_latent_pretrain/: encoder0":0,"Gradients_by_loss rec_from_latent_pretrain/: mapper11":0,"Gradients_by_loss rec_from_latent_pretrain/: encoder_pretrain":0.03027401784286765,"Gradients_by_loss recover_latent/: encoder8":9.699662872906221e-05,"r2_mean_criterion/50_all":0.9235572218894958,"Gradients_by_loss recover_latent/: mapper15":5.378163304346944e-05,"wasserstein_OOD/10_all":0.2516813565103303,"wasserstein_OOD/100_all":0.25831974355812926,"r2_mean_criterion/20_all":0.869697025844029,"Gradients_by_loss recover_latent/: mapper8":4.684064968557528e-05,"r2_mean_OOD/10_all":0.9411360025405884,"Gradients_by_loss rec_from_latent_pretrain/: mapper14":0,"Gradients_by_loss rec_from_latent_pretrain/: condition_embedder":0,"Gradients_by_loss recover_latent/: mapper2":3.313624980786006e-05,"Gradients_by_loss rec_from_latent_pretrain/: mapper8":0,"Gradients_by_loss rec_from_latent_pretrain/: mapper_cell_type_mapper":0,"_runtime":1997.914491661,"Gradients_by_loss recover_latent/: mapper11":4.701328074538417e-05,"Gradients_by_loss rec_from_latent_pretrain/: encoder11":0,"Gradients_by_loss rec_from_latent_pretrain/: mapper4":0,"Gradients_by_loss recover_latent/: mapper0":3.398904981848307e-05,"Gradients_by_loss rec_from_latent_pretrain/: encoder6":0,"Gradients_by_loss rec_from_latent_pretrain/: mapper5":0,"Gradients_by_loss recover_latent/: mapper5":3.959757178014679e-05,"Gradients_by_loss recover_latent/: decoder":0,"Gradients_by_loss rec_from_latent_pretrain/: encoder9":0,"Gradients_by_loss recover_latent/: cell_type_embedder":6.3429961301153526e-06,"Gradients_by_loss rec_from_latent_pretrain/: mapper6":0,"Gradients_by_loss rec_from_latent_pretrain/: mapper3":0,"losses/rec_from_latent_pretrain":2.3172223254485607,"r2_delta_OOD/10_all":0.7903116345405579,"Gradients_by_loss recover_latent/: mapper7":3.934678349858788e-05,"Gradients_by_loss recover_latent/: encoder5":7.053641199212041e-05,"Gradients_by_loss rec_from_latent_pretrain/: encoder4":0,"Gradients_by_loss rec_from_latent_pretrain/: px_r":3.970934994868003e-05,"pear_var_criterion/avg_all":NaN,"Gradients_by_loss recover_latent/: encoder7":2.6310372848063557e-05,"Gradients_by_loss rec_from_latent_pretrain/: encoder3":0,"Gradients_by_loss recover_latent/: mapper9":4.4569651452574996e-05,"Gradients_by_loss rec_from_latent_pretrain/: mapper0":0,"Gradients_by_loss rec_from_latent_pretrain/: mapper9":0,"Gradients_by_loss rec_from_latent_pretrain/: encoder5":0,"_step":521,"Gradients_by_loss rec_from_latent_pretrain/: mapper10":0,"Gradients_by_loss rec_from_latent_pretrain/: decoder":0.07059529475443543,"Gradients_by_loss rec_from_latent_pretrain/: mapper7":0,"r2_delta_OOD/50_all":0.8859554529190063,"r2_mean_criterion/10_all":0.8592373728752136,"Gradients_by_loss recover_latent/: encoder11":5.078882611716748e-05,"Gradients_by_loss recover_latent/: encoder10":3.56348235551843e-05,"Gradients_by_loss recover_latent/: encoder2":5.153690681440214e-06}