{"r2_mean/20000": 0.7300786972045898, "r2_var/20000": 0, "pear_var/20000": 0.446062196391894, "r2_delta/20000": 0, "r2_mean/200": 0.6630911231040955, "r2_var/200": 0, "pear_var/200": 0.29701103856795935, "r2_delta/200": 0.1491783857345581, "r2_mean/100": 0.6629058718681335, "r2_var/100": 0, "pear_var/100": 0.3833722138269483, "r2_delta/100": 0.09308129549026489, "wass_dist/100": 0.44197446036481247, "r2_mean/50": 0.5043890476226807, "r2_var/50": 0, "pear_var/50": 0.12029687936998705, "r2_delta/50": 0, "r2_mean/20": 0, "r2_var/20": 0, "pear_var/20": 0.6889503153420603, "r2_delta/20": 0, "wass_dist/20": 0.6703769052880775, "r2_mean/10": 0, "r2_var/10": 0, "pear_var/10": 0.5595430628104409, "r2_delta/10": 0, "wass_dist/10": 0.7246519281132533, "_timestamp": 1743881728.9991708, "_runtime": 1.4193158149719238, "_step": 0, "_wandb": {"runtime": 1}}