{"r2_mean/20000": 0.9148618578910828, "r2_var/20000": 0, "pear_var/20000": 0.3853415794715766, "r2_delta/20000": 0.15336847305297852, "r2_mean/200": 0.8461737632751465, "r2_var/200": 0, "pear_var/200": 0.12994991237089357, "r2_delta/200": 0.5280455350875854, "r2_mean/100": 0.741606593132019, "r2_var/100": 0, "pear_var/100": -0.06632375725730165, "r2_delta/100": 0.31330931186676025, "wass_dist/100": 0.46329536819385686, "r2_mean/50": 0.6442264318466187, "r2_var/50": 0, "pear_var/50": -0.11708268912320487, "r2_delta/50": 0.0806686282157898, "r2_mean/20": 0.5817609429359436, "r2_var/20": 0, "pear_var/20": -0.3562489685396429, "r2_delta/20": 0, "wass_dist/20": 0.6794382514791747, "r2_mean/10": 0.08423078060150146, "r2_var/10": 0, "pear_var/10": -0.5363887183123371, "r2_delta/10": 0, "wass_dist/10": 0.7069012238764, "_timestamp": 1743877598.280162, "_runtime": 1.5421199798583984, "_step": 0, "_wandb": {"runtime": 1}}