{"Gradients_by_loss recover_latent/: mapper9":0.0005672961793143997,"Gradients_by_loss recover_latent/: mapper15":0.0006594642249285633,"Gradients_by_loss recover_latent/: encoder7":0.00033984336749119843,"Gradients_by_loss recover_latent/: encoder13":0.0005893918613458055,"pear_var_criterion/avg_all":NaN,"Rec/Pearson_sample_train":0.9585855603218079,"Gradients_by_loss rec_from_latent_pretrain/: mapper3":0,"Gradients_by_loss recover_latent/: mapper0":0.0003655291633786371,"Gradients_by_loss recover_latent/: mapper13":0.0006456685748694314,"Gradients_by_loss recover_latent/: encoder2":0.0007737657861827752,"r2_delta_OOD/50_all":0.808401882648468,"Gradients_by_loss rec_from_latent_pretrain/: encoder10":0,"Gradients_by_loss recover_latent/: cell_type_embedder":5.570697976509109e-05,"Gradients_by_loss rec_from_latent_pretrain/: mapper13":0,"Gradients_by_loss recover_latent/: mapper11":0.0005575314135796027,"MIG_BINNED/dis_latent_stack_condition_train":0.6860302663894646,"Gradients_by_loss recover_latent/: mapper12":0.0006444707133539885,"Gradients_by_loss recover_latent/: mapper7":0.0004167578879828025,"Gradients_by_loss recover_latent/: mapper8":0.0005578446965117477,"Gradients_by_loss recover_latent/: mapper_cell_type_mapper":2.1284305613881822e-05,"Gradients_by_loss rec_from_latent_pretrain/: condition_embedder":0,"Gradients_by_loss rec_from_latent_pretrain/: encoder_pretrain":0.16161505970303042,"r2_delta_OOD/10_all":0.8290976285934448,"Gradients_by_loss rec_from_latent_pretrain/: encoder7":0,"Gradients_by_loss rec_from_latent_pretrain/: encoder2":0,"Gradients_by_loss recover_latent/: mapper3":0.00039536027153024044,"r2_delta_criterion/10_all":0.7959295851843697,"Gradients_by_loss recover_latent/: encoder4":0.0004953596303965732,"Gradients_by_loss recover_latent/: encoder11":0.000548557786621728,"Gradients_by_loss rec_from_latent_pretrain/: cell_type_embedder":0,"r2_mean_criterion/10_all":0.9016007270131793,"Gradients_by_loss rec_from_latent_pretrain/: mapper_cell_type_mapper":0,"r2_delta_criterion/100_all":0.9126592533929008,"wasserstein_criterion/100_all":0.22420662096181512,"Gradients_by_loss recover_latent/: encoder0":0.0015579403038322112,"losses/recover_latent":5.450486465401519e-05,"Gradients_by_loss rec_from_latent_pretrain/: encoder11":0,"Gradients_by_loss rec_from_latent_pretrain/: mapper10":0,"Gradients_by_loss rec_from_latent_pretrain/: mapper2":0,"r2_mean_criterion/100_all":0.9567505461829049,"r2_mean_OOD/50_all":0.9176614284515381,"Gradients_by_loss recover_latent/: encoder10":0.0006177987590181582,"r2_mean_criterion/20_all":0.891952565738133,"Gradients_by_loss recover_latent/: mapper2":0.00043555963317984983,"wasserstein_OOD/100_all":0.2958194668147639,"Rec/R2_var_train":0.9956175088882446,"Gradients_by_loss recover_latent/: mapper1":0.00039113551532166157,"Gradients_by_loss rec_from_latent_pretrain/: encoder1":0,"Gradients_by_loss rec_from_latent_pretrain/: mapper9":0,"_runtime":2059.027810706,"_timestamp":1.7683582457469163e+09,"Gradients_by_loss rec_from_latent_pretrain/: encoder9":0,"Gradients_by_loss recover_latent/: encoder12":0.0011240293162945536,"Gradients_by_loss rec_from_latent_pretrain/: decoder":0.2833334806619331,"r2_mean_criterion/50_all":0.9404411911964417,"r2_delta_criterion/50_all":0.8943811740194049,"Gradients_by_loss rec_from_latent_pretrain/: encoder4":0,"Gradients_by_loss rec_from_latent_pretrain/: mapper7":0,"r2_mean_OOD/20_all":0.9432777166366577,"Gradients_by_loss recover_latent/: condition_embedder":6.3915290411387105e-06,"Gradients_by_loss rec_from_latent_pretrain/: mapper15":0,"Gradients_by_loss rec_from_latent_pretrain/: mapper5":0,"_wandb":{"runtime":2059},"r2_delta_OOD/100_all":0.843994677066803,"Gradients_by_loss recover_latent/: mapper5":0.00039834131138001593,"r2_delta_OOD/20_all":0.8296661972999573,"Gradients_by_loss recover_latent/: encoder5":0.0003881062350670611,"Gradients_by_loss recover_latent/: mapper6":0.0004279704394600694,"Gradients_by_loss rec_from_latent_pretrain/: encoder6":0,"Gradients_by_loss rec_from_latent_pretrain/: encoder13":0,"wasserstein_criterion/10_all":0.2261380623994747,"Gradients_by_loss rec_from_latent_pretrain/: px_r":0.00015293793694581836,"_step":521,"losses/rec_from_latent_pretrain":2.362155401643286,"Gradients_by_loss rec_from_latent_pretrain/: mapper4":0,"Gradients_by_loss rec_from_latent_pretrain/: encoder14":0,"Gradients_by_loss recover_latent/: encoder9":0.0005739375205807349,"Gradients_by_loss recover_latent/: mapper10":0.0005738861058532828,"Gradients_by_loss rec_from_latent_pretrain/: encoder8":0,"Gradients_by_loss rec_from_latent_pretrain/: encoder12":0,"Gradients_by_loss rec_from_latent_pretrain/: encoder0":0,"Gradients_by_loss rec_from_latent_pretrain/: mapper14":0,"Gradients_by_loss recover_latent/: encoder_pretrain":0.00026597747248327866,"r2_delta_criterion/20_all":0.7989040442875454,"Gradients_by_loss rec_from_latent_pretrain/: encoder5":0,"Gradients_by_loss recover_latent/: px_r":0,"r2_mean_OOD/100_all":0.9125741720199585,"Rec/R2_mean_train":0.9984071254730225,"r2_mean_OOD/10_all":0.880216658115387,"Gradients_by_loss recover_latent/: mapper4":0.00040048736511631787,"Gradients_by_loss rec_from_latent_pretrain/: mapper1":0,"wasserstein_OOD/10_all":0.25264971484174564,"Gradients_by_loss recover_latent/: encoder3":0.0007839672259439692,"Gradients_by_loss recover_latent/: encoder6":0.0012844437169776293,"Gradients_by_loss recover_latent/: encoder1":0.0010250436903273534,"Gradients_by_loss recover_latent/: encoder15":0.00038051626206049664,"Gradients_by_loss rec_from_latent_pretrain/: mapper0":0,"Gradients_by_loss recover_latent/: mapper_condition_mapper":1.3576342626645119e-05,"important_notes":{"_type":"html-file","sha256":"6f8ae670886443b138069c641ddc4284545405bb06b8fe45c9eb848f355857d0","size":7783,"path":"media/html/important_notes_0_6f8ae670886443b13806.html"},"Gradients_by_loss recover_latent/: mapper14":0.0006594342726213103,"Gradients_by_loss recover_latent/: decoder":0,"Gradients_by_loss rec_from_latent_pretrain/: mapper11":0,"Gradients_by_loss rec_from_latent_pretrain/: encoder15":0,"Gradients_by_loss rec_from_latent_pretrain/: mapper12":0,"Gradients_by_loss rec_from_latent_pretrain/: mapper8":0,"Rec/Pearson_gene_train":0.7124269604682922,"Gradients_by_loss recover_latent/: encoder14":0.00044520277882833473,"Gradients_by_loss rec_from_latent_pretrain/: encoder3":0,"Gradients_by_loss rec_from_latent_pretrain/: mapper6":0,"Gradients_by_loss recover_latent/: encoder8":0.0014794633975271706,"Gradients_by_loss rec_from_latent_pretrain/: mapper_condition_mapper":0}