{"Gradients_by_loss recover_latent/: mapper12":0.00115897222347237,"r2_var_OOD/10_all":0.8893485069274902,"Gradients_by_loss rec_from_latent_pretrain/: mapper14":0,"Gradients_by_loss recover_latent/: encoder15":0.0007688645018887349,"Gradients_by_loss recover_latent/: encoder_pretrain":0.0006291250977661199,"losses/recover_latent":4.024186126630432e-05,"Gradients_by_loss recover_latent/: encoder8":0.00041558086338847365,"Gradients_by_loss rec_from_latent_pretrain/: decoder":0.15645285507774648,"Gradients_by_loss rec_from_latent_pretrain/: mapper10":0,"r2_var_OOD/20_all":0.8410559892654419,"Gradients_by_loss rec_from_latent_pretrain/: mapper5":0,"Gradients_by_loss recover_latent/: mapper7":0.0009875723675372753,"Gradients_by_loss recover_latent/: encoder3":0.000873465767471848,"r2_mean_OOD/100_all":0.5425339341163635,"Gradients_by_loss recover_latent/: encoder4":0.0016540117274310355,"MIG_BINNED/dis_latent_stack_tissue_train":0.6595402771656156,"Gradients_by_loss rec_from_latent_pretrain/: encoder1":0,"r2_mean_criterion/10_all":0.5333987907929854,"Gradients_by_loss recover_latent/: mapper0":0.0001336761753457202,"Gradients_by_loss rec_from_latent_pretrain/: mapper12":0,"losses/rec_from_latent_pretrain":0.6171893059138225,"Gradients_by_loss rec_from_latent_pretrain/: mapper11":0,"_timestamp":1.767445047654094e+09,"Gradients_by_loss rec_from_latent_pretrain/: encoder9":0,"r2_delta_criterion/10_all":0.4764745127071034,"Gradients_by_loss recover_latent/: mapper5":0.0010235481393634797,"Rec/Pearson_gene_train":0.7009096741676331,"Gradients_by_loss recover_latent/: encoder7":0.0009722958347702432,"Gradients_by_loss recover_latent/: encoder2":0.0014575281468292515,"r2_var_OOD/100_all":0.7403651475906372,"Gradients_by_loss recover_latent/: encoder1":0.0020963886746551475,"r2_var_criterion/50_all":0.31375141035426746,"Gradients_by_loss rec_from_latent_pretrain/: mapper2":0,"Gradients_by_loss rec_from_latent_pretrain/: mapper13":0,"Gradients_by_loss recover_latent/: encoder9":0.0017733860487672021,"r2_mean_OOD/50_all":0.4899464249610901,"Gradients_by_loss recover_latent/: encoder11":0.0014255864241211065,"Gradients_by_loss rec_from_latent_pretrain/: encoder3":0,"Gradients_by_loss recover_latent/: mapper9":0.0010342850358922018,"Gradients_by_loss rec_from_latent_pretrain/: encoder14":0,"Gradients_by_loss recover_latent/: mapper13":0.0012199976275868228,"Gradients_by_loss recover_latent/: mapper4":0.0006215880089007999,"Gradients_by_loss rec_from_latent_pretrain/: encoder_pretrain":0.09415923286372156,"r2_var_criterion/10_all":0.42001027410680597,"r2_mean_criterion/50_all":0.7760146856307983,"r2_var_criterion/20_all":0.3523871465162797,"Gradients_by_loss recover_latent/: mapper_tissue_mapper":2.8960611702779566e-05,"important_notes":{"_type":"html-file","sha256":"98651ef0bbaea399a45e4ac66479b0a5d1877f5472ac3f6d4159cbd76311659e","size":7789,"path":"media/html/important_notes_0_98651ef0bbaea399a45e.html"},"Gradients_by_loss rec_from_latent_pretrain/: donor_embedder":0,"Gradients_by_loss rec_from_latent_pretrain/: encoder2":0,"wasserstein_criterion/10_all":0.3241812792442633,"Gradients_by_loss recover_latent/: donor_embedder":0.0001369838137179613,"Gradients_by_loss rec_from_latent_pretrain/: mapper9":0,"Gradients_by_loss recover_latent/: px_r":0,"Gradients_by_loss recover_latent/: mapper_donor_mapper":3.634261789523338e-05,"_wandb":{"runtime":3724},"Gradients_by_loss recover_latent/: tissue_embedder":8.223491022363305e-05,"Gradients_by_loss recover_latent/: mapper8":0.000995594619391691,"Gradients_by_loss recover_latent/: mapper2":0.0005378102061221914,"Rec/Pearson_sample_train":0.9493381977081299,"r2_delta_OOD/50_all":0.44908207654953003,"Gradients_by_loss recover_latent/: mapper3":0.0005397015163803672,"Gradients_by_loss recover_latent/: encoder6":0.002421848632909194,"Gradients_by_loss recover_latent/: encoder5":0.003281101113567356,"Gradients_by_loss recover_latent/: mapper15":0.001221075595445355,"Gradients_by_loss recover_latent/: mapper6":0.0011003787287517963,"Gradients_by_loss rec_from_latent_pretrain/: mapper3":0,"r2_delta_criterion/50_all":0.5557403239336881,"wasserstein_OOD/10_all":0.3732865200839203,"r2_mean_criterion/20_all":0.6585275422443043,"Gradients_by_loss rec_from_latent_pretrain/: encoder15":0,"_runtime":3724.903028972,"Gradients_by_loss rec_from_latent_pretrain/: mapper6":0,"Gradients_by_loss rec_from_latent_pretrain/: mapper15":0,"Gradients_by_loss rec_from_latent_pretrain/: encoder4":0,"Gradients_by_loss rec_from_latent_pretrain/: mapper_donor_mapper":0,"Gradients_by_loss recover_latent/: mapper11":0.0011838943269172984,"Rec/R2_mean_train":0.9976420998573303,"Gradients_by_loss recover_latent/: encoder10":0.0023736791113283984,"Gradients_by_loss recover_latent/: encoder14":0.00127817451019905,"Gradients_by_loss rec_from_latent_pretrain/: encoder12":0,"r2_var_OOD/50_all":0.7320340871810913,"Gradients_by_loss rec_from_latent_pretrain/: mapper_tissue_mapper":0,"r2_var_criterion/100_all":0.33806049823760986,"r2_delta_OOD/10_all":0.7040798664093018,"Gradients_by_loss recover_latent/: encoder0":0.0017361889869746815,"Gradients_by_loss rec_from_latent_pretrain/: mapper4":0,"Gradients_by_loss rec_from_latent_pretrain/: mapper0":0,"Gradients_by_loss recover_latent/: mapper10":0.0011521013036739768,"Gradients_by_loss rec_from_latent_pretrain/: mapper1":0,"Gradients_by_loss recover_latent/: decoder":0,"Gradients_by_loss rec_from_latent_pretrain/: mapper7":0,"Gradients_by_loss rec_from_latent_pretrain/: px_r":3.944554555346258e-05,"Gradients_by_loss rec_from_latent_pretrain/: encoder7":0,"Gradients_by_loss recover_latent/: mapper14":0.0012633082432917822,"Gradients_by_loss rec_from_latent_pretrain/: encoder5":0,"Gradients_by_loss rec_from_latent_pretrain/: mapper8":0,"Gradients_by_loss recover_latent/: mapper1":0.0005296453966177778,"_step":521,"Gradients_by_loss rec_from_latent_pretrain/: encoder8":0,"r2_delta_criterion/100_all":0.5482041510668668,"Gradients_by_loss rec_from_latent_pretrain/: encoder10":0,"Gradients_by_loss recover_latent/: encoder13":0.001508365438239889,"r2_mean_OOD/20_all":0.5856044292449951,"r2_mean_criterion/100_all":0.7785462574525313,"pear_var_criterion/avg_all":NaN,"Gradients_by_loss rec_from_latent_pretrain/: encoder13":0,"Rec/R2_var_train":0.9897934198379517,"Gradients_by_loss recover_latent/: encoder12":0.00024996379487247315,"r2_delta_OOD/100_all":0.4401952028274536,"Gradients_by_loss rec_from_latent_pretrain/: encoder6":0,"r2_mean_OOD/10_all":0.761959969997406,"r2_delta_OOD/20_all":0.6226102113723755,"Gradients_by_loss rec_from_latent_pretrain/: encoder0":0,"r2_delta_criterion/20_all":0.5151468190279874,"Gradients_by_loss rec_from_latent_pretrain/: encoder11":0,"Gradients_by_loss rec_from_latent_pretrain/: tissue_embedder":0}