{"Gradients_by_loss rec_from_latent_pretrain/: encoder6":0,"Gradients_by_loss recover_latent/: mapper0":0.00022965666520955455,"Gradients_by_loss recover_latent/: mapper3":0.0008643859948349977,"r2_mean_OOD/50_all":0.7662640810012817,"Gradients_by_loss recover_latent/: encoder7":0.005396155104669872,"Rec/Pearson_gene_train":0.7503602679014206,"Gradients_by_loss recover_latent/: encoder2":0.002115966399417607,"Gradients_by_loss recover_latent/: mapper13":0.001993066036530736,"Rec/R2_mean_train":0.9976523518562317,"r2_var_criterion/10_all":0.337066225707531,"Gradients_by_loss recover_latent/: encoder3":0.001585229369365655,"_runtime":1280.030738448,"r2_mean_criterion/50_all":0.7497802898287773,"r2_mean_criterion/100_all":0.7985608801245689,"Gradients_by_loss recover_latent/: mapper8":0.0015086223778993286,"Gradients_by_loss recover_latent/: encoder_pretrain":0.0004722353249160647,"r2_mean_criterion/10_all":0.38396140933036804,"Gradients_by_loss recover_latent/: encoder0":0.004282893832985039,"Gradients_by_loss rec_from_latent_pretrain/: mapper12":0,"Gradients_by_loss rec_from_latent_pretrain/: px_r":6.272388418437913e-05,"Gradients_by_loss rec_from_latent_pretrain/: decoder":0.4988208954042338,"r2_var_OOD/100_all":0,"r2_var_OOD/10_all":0,"Gradients_by_loss rec_from_latent_pretrain/: encoder0":0,"Gradients_by_loss recover_latent/: encoder1":0.002341389047285353,"Gradients_by_loss rec_from_latent_pretrain/: encoder13":0,"Gradients_by_loss recover_latent/: mapper14":0.0019203205130525806,"Gradients_by_loss recover_latent/: mapper9":0.0020072851047854743,"losses/rec_from_latent_pretrain":0.5887549397976775,"Gradients_by_loss recover_latent/: encoder9":0.005536390278852772,"Gradients_by_loss recover_latent/: mapper10":0.002113595570206677,"Gradients_by_loss rec_from_latent_pretrain/: encoder7":0,"Gradients_by_loss recover_latent/: mapper7":0.001390474606812141,"Gradients_by_loss rec_from_latent_pretrain/: mapper14":0,"Gradients_by_loss recover_latent/: donor_embedder":0.00010904004011536017,"_timestamp":1.7681084117597837e+09,"Gradients_by_loss rec_from_latent_pretrain/: mapper15":0,"Gradients_by_loss recover_latent/: mapper11":0.0020444833104566076,"Rec/Pearson_sample_train":0.9494794011116028,"pear_var_criterion/avg_all":NaN,"r2_mean_OOD/20_all":0.7604947686195374,"Gradients_by_loss rec_from_latent_pretrain/: mapper9":0,"Gradients_by_loss rec_from_latent_pretrain/: encoder11":0,"Gradients_by_loss recover_latent/: mapper4":0.0008481217792174064,"r2_delta_criterion/20_all":0.484451599419117,"Gradients_by_loss rec_from_latent_pretrain/: mapper0":0,"r2_var_OOD/20_all":0,"Gradients_by_loss rec_from_latent_pretrain/: mapper13":0,"Gradients_by_loss rec_from_latent_pretrain/: encoder5":0,"r2_var_OOD/50_all":0,"Gradients_by_loss rec_from_latent_pretrain/: mapper11":0,"Gradients_by_loss recover_latent/: encoder11":0.0012377000409959122,"Gradients_by_loss rec_from_latent_pretrain/: encoder8":0,"Gradients_by_loss recover_latent/: encoder4":0.0012263939778021766,"Gradients_by_loss rec_from_latent_pretrain/: encoder9":0,"Gradients_by_loss rec_from_latent_pretrain/: encoder12":0,"Gradients_by_loss recover_latent/: mapper5":0.000853899438356321,"r2_mean_criterion/20_all":0.5811399966478348,"r2_mean_OOD/10_all":0.7048092484474182,"Gradients_by_loss recover_latent/: encoder5":0.0010008046485918444,"r2_delta_criterion/100_all":0.5478510186076164,"Gradients_by_loss recover_latent/: mapper1":0.0004316898387423946,"Gradients_by_loss rec_from_latent_pretrain/: encoder2":0,"wasserstein_OOD/10_all":0.5852010978757493,"Gradients_by_loss recover_latent/: mapper2":0.0006981079855781313,"Gradients_by_loss rec_from_latent_pretrain/: encoder14":0,"Gradients_by_loss recover_latent/: mapper12":0.001983173513460773,"r2_delta_OOD/10_all":0.23412460088729858,"Gradients_by_loss rec_from_latent_pretrain/: mapper8":0,"Gradients_by_loss recover_latent/: mapper_tissue_mapper":3.824187647105589e-05,"r2_delta_OOD/50_all":0.29782116413116455,"Rec/R2_var_train":0.9911268949508667,"Gradients_by_loss recover_latent/: mapper15":0.0022225935116175965,"r2_delta_OOD/100_all":0.17703819274902344,"_wandb":{"runtime":1280},"Gradients_by_loss recover_latent/: encoder8":0.00321785595808952,"Gradients_by_loss rec_from_latent_pretrain/: mapper_donor_mapper":0,"Gradients_by_loss rec_from_latent_pretrain/: encoder15":0,"r2_var_criterion/50_all":0.3049747124314308,"Gradients_by_loss rec_from_latent_pretrain/: encoder3":0,"Gradients_by_loss recover_latent/: mapper6":0.0008625988976990848,"Gradients_by_loss recover_latent/: encoder13":0.0007259553864758374,"r2_var_criterion/20_all":0.3266981393098831,"Gradients_by_loss rec_from_latent_pretrain/: encoder4":0,"Gradients_by_loss recover_latent/: encoder6":0.0014189322881813294,"Gradients_by_loss rec_from_latent_pretrain/: mapper3":0,"Gradients_by_loss rec_from_latent_pretrain/: encoder1":0,"r2_var_criterion/100_all":0.335396945476532,"Gradients_by_loss rec_from_latent_pretrain/: mapper1":0,"Gradients_by_loss recover_latent/: encoder14":0.001047660813209397,"_step":521,"r2_delta_OOD/20_all":0.014885306358337402,"Gradients_by_loss recover_latent/: mapper_donor_mapper":4.06801675113688e-05,"r2_delta_criterion/50_all":0.536837600171566,"Gradients_by_loss rec_from_latent_pretrain/: encoder10":0,"Gradients_by_loss rec_from_latent_pretrain/: mapper_tissue_mapper":0,"Gradients_by_loss recover_latent/: encoder10":0.0029860648594446774,"MIG_BINNED/dis_latent_stack_tissue_train":0.6499384948042185,"Gradients_by_loss rec_from_latent_pretrain/: mapper7":0,"Gradients_by_loss recover_latent/: tissue_embedder":8.276847802335396e-05,"r2_mean_OOD/100_all":0.779315173625946,"wasserstein_criterion/10_all":0.631249853798941,"Gradients_by_loss rec_from_latent_pretrain/: encoder_pretrain":0.3140256058749564,"Gradients_by_loss recover_latent/: encoder12":0.000713691051033462,"losses/recover_latent":7.945324480380422e-05,"Gradients_by_loss recover_latent/: decoder":0,"Gradients_by_loss rec_from_latent_pretrain/: donor_embedder":0,"Gradients_by_loss rec_from_latent_pretrain/: mapper4":0,"r2_delta_criterion/10_all":0.3460671156644821,"Gradients_by_loss rec_from_latent_pretrain/: tissue_embedder":0,"Gradients_by_loss recover_latent/: encoder15":0.002214390525034743,"important_notes":{"size":7813,"path":"media/html/important_notes_0_9403142a29a99e2d3d27.html","_type":"html-file","sha256":"9403142a29a99e2d3d27248217356e297b1e7871faed50b28fea56459feebac1"},"Gradients_by_loss rec_from_latent_pretrain/: mapper5":0,"Gradients_by_loss recover_latent/: px_r":0,"Gradients_by_loss rec_from_latent_pretrain/: mapper2":0,"Gradients_by_loss rec_from_latent_pretrain/: mapper10":0,"Gradients_by_loss rec_from_latent_pretrain/: mapper6":0}