{"Gradients_by_loss recover_latent/: encoder3":0.00072144518970655,"r2_delta_criterion/50_all":0.9552295804023743,"wasserstein_criterion/100_all":0.24090792630894245,"Gradients_by_loss rec_from_latent_pretrain/: encoder6":0,"Gradients_by_loss recover_latent/: encoder12":0.0014957312827333286,"r2_mean_criterion/10_all":0.992318868637085,"Gradients_by_loss recover_latent/: coarse_time_embedder":0.0002726443635765463,"Gradients_by_loss rec_from_latent_pretrain/: mapper_status_control_mapper":0,"Gradients_by_loss recover_latent/: encoder2":0.005098546066049564,"Gradients_by_loss recover_latent/: mapper4":0.0014860319789667992,"Gradients_by_loss rec_from_latent_pretrain/: coarse_time_embedder":0,"Gradients_by_loss recover_latent/: encoder11":0.003531798885429239,"Rec/Pearson_sample_train":0.9814170002937317,"r2_var_OOD/20_all":0.018155455589294434,"r2_var_criterion/50_all":0,"r2_delta_OOD/10_all":0.8772360682487488,"Gradients_by_loss recover_latent/: encoder7":0.0054666513981607755,"Gradients_by_loss recover_latent/: mapper13":0.0026419723466784757,"r2_mean_OOD/50_all":0.9717784523963928,"Gradients_by_loss recover_latent/: mapper5":0.0017526563662899693,"Gradients_by_loss recover_latent/: encoder5":0.0048638210205849755,"Rec/R2_var_train":0.999581515789032,"r2_mean_OOD/10_all":0.9505338668823242,"losses/rec_from_latent_pretrain":6.50805225511537,"Gradients_by_loss recover_latent/: status_control_embedder":0.000936211843509227,"Gradients_by_loss rec_from_latent_pretrain/: mapper4":0,"Gradients_by_loss recover_latent/: encoder1":0.0025560334119520294,"pear_var_criterion/10_all":0.9593430292478486,"r2_mean_criterion/50_all":0.9852984547615051,"Gradients_by_loss rec_from_latent_pretrain/: encoder5":0,"Gradients_by_loss rec_from_latent_pretrain/: mapper7":0,"Gradients_by_loss rec_from_latent_pretrain/: mapper5":0,"Rec/R2_mean_train":0.9998474717140198,"Gradients_by_loss recover_latent/: encoder10":0.005264977675997148,"Gradients_by_loss recover_latent/: mapper7":0.0022243714597598965,"Gradients_by_loss rec_from_latent_pretrain/: mapper11":0,"Gradients_by_loss rec_from_latent_pretrain/: encoder1":0,"r2_delta_criterion/20_all":0.9700044393539429,"Gradients_by_loss rec_from_latent_pretrain/: encoder10":0,"Gradients_by_loss recover_latent/: mapper1":0.0005507483829841468,"wasserstein_OOD/10_all":0.20902736407360098,"Gradients_by_loss recover_latent/: px_r":0,"Gradients_by_loss rec_from_latent_pretrain/: zone_embedder":0,"Gradients_by_loss recover_latent/: encoder13":0.0034021864702332375,"Gradients_by_loss rec_from_latent_pretrain/: mapper_coarse_time_mapper":0,"r2_delta_criterion/100_all":0.9348393678665161,"r2_delta_OOD/100_all":0.9074390530586243,"Gradients_by_loss rec_from_latent_pretrain/: encoder13":0,"Gradients_by_loss rec_from_latent_pretrain/: status_control_embedder":0,"Gradients_by_loss recover_latent/: mapper_coarse_time_mapper":6.468229910179388e-05,"Gradients_by_loss rec_from_latent_pretrain/: mapper6":0,"r2_delta_OOD/20_all":0.9301562309265137,"_step":521,"r2_delta_criterion/10_all":0.9881628751754761,"_runtime":2298.69829934,"Gradients_by_loss rec_from_latent_pretrain/: mapper15":0,"Gradients_by_loss recover_latent/: mapper11":0.0028847852440603964,"r2_mean_criterion/20_all":0.9867054224014282,"r2_mean_criterion/100_all":0.9846807718276978,"pear_var_OOD/100_all":0.7757191436878126,"MIG_BINNED/dis_latent_stack_status_control_train":0.6811901275038601,"r2_var_criterion/20_all":0,"Gradients_by_loss recover_latent/: mapper12":0.0027380543553364276,"pear_var_criterion/20_all":0.9123755036194136,"Gradients_by_loss recover_latent/: mapper_zone_mapper":0.00010429014808652306,"Gradients_by_loss rec_from_latent_pretrain/: encoder8":0,"Gradients_by_loss rec_from_latent_pretrain/: mapper3":0,"Gradients_by_loss recover_latent/: mapper6":0.0018330258048320461,"Gradients_by_loss recover_latent/: mapper14":0.0028105317364576893,"important_notes":{"_type":"html-file","sha256":"5989f24ecded7375707a48b90bffe2309cde393d858afdbef8702c3a06dc2104","size":8425,"path":"media/html/important_notes_0_5989f24ecded7375707a.html"},"Gradients_by_loss recover_latent/: mapper0":0.0001530824556259989,"Gradients_by_loss rec_from_latent_pretrain/: encoder7":0,"Gradients_by_loss recover_latent/: encoder14":0.003006585709340634,"pear_var_OOD/20_all":0.8861413703506795,"Gradients_by_loss rec_from_latent_pretrain/: encoder11":0,"Gradients_by_loss recover_latent/: zone_embedder":0.00016307970508933067,"Gradients_by_loss recover_latent/: encoder4":0.004695237856427378,"_timestamp":1.7684669777491019e+09,"r2_mean_OOD/100_all":0.9728738069534302,"Gradients_by_loss rec_from_latent_pretrain/: mapper14":0,"Gradients_by_loss rec_from_latent_pretrain/: mapper1":0,"Gradients_by_loss rec_from_latent_pretrain/: encoder_pretrain":0.4848345365701371,"Gradients_by_loss rec_from_latent_pretrain/: encoder14":0,"Rec/Pearson_gene_train":0.5522454977035522,"wasserstein_criterion/10_all":0.16961092966539568,"Gradients_by_loss rec_from_latent_pretrain/: encoder2":0,"Gradients_by_loss recover_latent/: mapper3":0.0009624097796745814,"Gradients_by_loss rec_from_latent_pretrain/: mapper2":0,"Gradients_by_loss rec_from_latent_pretrain/: encoder12":0,"Gradients_by_loss rec_from_latent_pretrain/: encoder15":0,"Gradients_by_loss recover_latent/: encoder8":0.003043375268223237,"pear_var_criterion/100_all":0.7897216953394319,"Gradients_by_loss rec_from_latent_pretrain/: mapper9":0,"Gradients_by_loss rec_from_latent_pretrain/: mapper12":0,"Gradients_by_loss recover_latent/: mapper8":0.002044704481106747,"Gradients_by_loss rec_from_latent_pretrain/: encoder0":0,"pear_var_criterion/50_all":0.8522294800964169,"r2_var_criterion/10_all":0,"Gradients_by_loss recover_latent/: mapper_status_control_mapper":6.516373579457993e-05,"r2_var_OOD/50_all":0,"wasserstein_OOD/100_all":0.2370207476594944,"Gradients_by_loss recover_latent/: mapper10":0.002936816101111118,"r2_delta_OOD/50_all":0.9258612990379333,"Gradients_by_loss rec_from_latent_pretrain/: mapper8":0,"Gradients_by_loss rec_from_latent_pretrain/: encoder3":0,"_wandb":{"runtime":2298},"Gradients_by_loss recover_latent/: encoder6":0.004250479246211999,"losses/recover_latent":8.98046407340448e-05,"Gradients_by_loss rec_from_latent_pretrain/: mapper0":0,"Gradients_by_loss rec_from_latent_pretrain/: mapper10":0,"Gradients_by_loss recover_latent/: mapper15":0.0027338035840731743,"r2_var_criterion/100_all":0,"Gradients_by_loss rec_from_latent_pretrain/: encoder4":0,"r2_var_OOD/100_all":0,"Gradients_by_loss rec_from_latent_pretrain/: encoder9":0,"r2_mean_OOD/20_all":0.9610602855682373,"pear_var_criterion/avg_all":0.8784174270757777,"Gradients_by_loss recover_latent/: encoder9":0.007264978654269407,"Gradients_by_loss recover_latent/: mapper2":0.0010372255065212001,"Gradients_by_loss rec_from_latent_pretrain/: decoder":0.37956956329848623,"Gradients_by_loss rec_from_latent_pretrain/: mapper_zone_mapper":0,"Gradients_by_loss recover_latent/: encoder15":0.002739325506205533,"Gradients_by_loss recover_latent/: decoder":0,"pear_var_OOD/10_all":0.8745403264759335,"Gradients_by_loss rec_from_latent_pretrain/: mapper13":0,"Gradients_by_loss rec_from_latent_pretrain/: px_r":0.0003042416356038302,"pear_var_OOD/50_all":0.7980857493740462,"Gradients_by_loss recover_latent/: encoder0":0.003929274089905852,"Gradients_by_loss recover_latent/: encoder_pretrain":0.003157965679758094,"r2_var_OOD/10_all":0.20515227317810059,"Gradients_by_loss recover_latent/: mapper9":0.002656502659375142}