{"Gradients_by_loss recover_latent/: encoder8":0.002144009178705112,"r2_mean_criterion/20_all":0.5957665064118125,"r2_mean_OOD/10_all":0.48126494884490967,"Gradients_by_loss recover_latent/: decoder":0,"Gradients_by_loss rec_from_latent_pretrain/: encoder4":0,"Gradients_by_loss recover_latent/: mapper_tissue_mapper":2.68663234771694e-05,"Gradients_by_loss recover_latent/: encoder10":0.004811171759413834,"Gradients_by_loss recover_latent/: encoder_pretrain":0.00048155808742517847,"Gradients_by_loss rec_from_latent_pretrain/: encoder3":0,"Gradients_by_loss recover_latent/: mapper5":0.003831539782731749,"Gradients_by_loss recover_latent/: donor_embedder":0.0001513340976089239,"r2_delta_criterion/20_all":0.4435183785178445,"Gradients_by_loss rec_from_latent_pretrain/: mapper8":0,"Gradients_by_loss rec_from_latent_pretrain/: mapper9":0,"Gradients_by_loss recover_latent/: tissue_embedder":0.00010138931247638538,"Gradients_by_loss recover_latent/: mapper7":0.00366063663519657,"_step":521,"Gradients_by_loss rec_from_latent_pretrain/: encoder10":0,"r2_mean_OOD/50_all":0.7106411457061768,"r2_delta_OOD/100_all":0.47146672010421753,"Gradients_by_loss rec_from_latent_pretrain/: encoder13":0,"r2_mean_criterion/50_all":0.7109578793699091,"Gradients_by_loss rec_from_latent_pretrain/: mapper2":0,"Gradients_by_loss rec_from_latent_pretrain/: tissue_embedder":0,"Gradients_by_loss rec_from_latent_pretrain/: mapper15":0,"Gradients_by_loss rec_from_latent_pretrain/: mapper3":0,"Gradients_by_loss recover_latent/: mapper13":0.004132570147368441,"_wandb":{"runtime":3574},"MIG_BINNED/dis_latent_stack_tissue_train":0.6546436669716863,"r2_var_OOD/20_all":0,"r2_mean_criterion/10_all":0.4653330607847734,"Gradients_by_loss rec_from_latent_pretrain/: mapper4":0,"important_notes":{"sha256":"9484b997b1b79ecb86477c4071c9dba819efa8b536d7425b2f9d91ed73a0558a","size":7789,"path":"media/html/important_notes_0_9484b997b1b79ecb8647.html","_type":"html-file"},"Gradients_by_loss rec_from_latent_pretrain/: px_r":6.435678369598463e-05,"Gradients_by_loss rec_from_latent_pretrain/: encoder14":0,"wasserstein_criterion/10_all":0.3321700315289014,"r2_delta_OOD/50_all":0.4324483871459961,"Gradients_by_loss recover_latent/: mapper12":0.003721363393629947,"r2_var_OOD/100_all":0.24736005067825317,"Gradients_by_loss recover_latent/: mapper1":0.0012255324825076743,"Gradients_by_loss recover_latent/: encoder5":0.0023722763691778176,"r2_var_OOD/50_all":0.20879614353179932,"r2_var_criterion/100_all":0.29881577600132336,"Rec/R2_mean_train":0.9991564750671387,"Gradients_by_loss recover_latent/: mapper15":0.004038934812064407,"pear_var_criterion/avg_all":NaN,"Gradients_by_loss rec_from_latent_pretrain/: encoder2":0,"Gradients_by_loss rec_from_latent_pretrain/: mapper11":0,"Gradients_by_loss rec_from_latent_pretrain/: encoder1":0,"r2_delta_OOD/10_all":0.14442813396453857,"r2_var_criterion/50_all":0.2557333328507163,"Gradients_by_loss recover_latent/: encoder3":0.005217798035845065,"r2_delta_criterion/10_all":0.39966456998478284,"Gradients_by_loss recover_latent/: encoder0":0.00555302800424591,"Gradients_by_loss rec_from_latent_pretrain/: encoder8":0,"Gradients_by_loss rec_from_latent_pretrain/: mapper5":0,"Gradients_by_loss rec_from_latent_pretrain/: mapper14":0,"Gradients_by_loss rec_from_latent_pretrain/: encoder6":0,"r2_delta_OOD/20_all":0.317046582698822,"Gradients_by_loss recover_latent/: mapper0":0.001182272414162785,"r2_var_criterion/10_all":0.4810169610110196,"r2_var_OOD/10_all":0,"Gradients_by_loss recover_latent/: mapper8":0.0034547152419034245,"Gradients_by_loss rec_from_latent_pretrain/: mapper0":0,"r2_delta_criterion/50_all":0.4732114239172502,"Gradients_by_loss rec_from_latent_pretrain/: encoder11":0,"r2_delta_criterion/100_all":0.48020401867953216,"Gradients_by_loss recover_latent/: mapper2":0.0013324472447418655,"Gradients_by_loss rec_from_latent_pretrain/: encoder12":0,"Gradients_by_loss recover_latent/: encoder4":0.01548090127004495,"Gradients_by_loss rec_from_latent_pretrain/: encoder7":0,"_timestamp":1.767415743998899e+09,"Gradients_by_loss rec_from_latent_pretrain/: mapper7":0,"Gradients_by_loss recover_latent/: encoder11":0.00257430226139309,"losses/rec_from_latent_pretrain":0.6021958004753545,"r2_mean_OOD/100_all":0.7281240224838257,"Gradients_by_loss recover_latent/: encoder7":0.006238066932213129,"losses/recover_latent":3.3994811783143304e-05,"Gradients_by_loss rec_from_latent_pretrain/: mapper_donor_mapper":0,"Gradients_by_loss rec_from_latent_pretrain/: encoder5":0,"Gradients_by_loss recover_latent/: mapper3":0.001771050569278148,"Gradients_by_loss recover_latent/: mapper10":0.003782901523585668,"Gradients_by_loss recover_latent/: encoder14":0.0009336451144186938,"Gradients_by_loss rec_from_latent_pretrain/: mapper13":0,"Rec/Pearson_gene_train":0.703979188618064,"Gradients_by_loss recover_latent/: mapper6":0.0034761873017722512,"Gradients_by_loss recover_latent/: encoder1":0.0005727082889394862,"Gradients_by_loss recover_latent/: mapper11":0.003908740238987874,"Gradients_by_loss recover_latent/: mapper9":0.003851471613284624,"Gradients_by_loss rec_from_latent_pretrain/: mapper_tissue_mapper":0,"Gradients_by_loss rec_from_latent_pretrain/: mapper1":0,"r2_mean_OOD/20_all":0.585889458656311,"_runtime":3574.43652472,"Gradients_by_loss recover_latent/: encoder9":0.007432574221176699,"Gradients_by_loss rec_from_latent_pretrain/: decoder":0.28542176303018374,"wasserstein_OOD/10_all":0.5962662340163394,"Gradients_by_loss recover_latent/: px_r":0,"Gradients_by_loss recover_latent/: encoder12":0.0010691563093985425,"Gradients_by_loss rec_from_latent_pretrain/: mapper10":0,"Gradients_by_loss recover_latent/: encoder6":0.0019255979449034277,"Gradients_by_loss recover_latent/: encoder13":0.006432683746822428,"Gradients_by_loss rec_from_latent_pretrain/: encoder15":0,"Gradients_by_loss recover_latent/: mapper4":0.004096183646133859,"Gradients_by_loss rec_from_latent_pretrain/: encoder9":0,"Rec/R2_var_train":0.9878981709480286,"Gradients_by_loss recover_latent/: encoder2":0.0030891223243120895,"r2_var_criterion/20_all":0.30926195599816064,"Gradients_by_loss rec_from_latent_pretrain/: encoder_pretrain":0.17522719172605322,"Gradients_by_loss rec_from_latent_pretrain/: encoder0":0,"r2_mean_criterion/100_all":0.7169356671246615,"Gradients_by_loss rec_from_latent_pretrain/: mapper6":0,"Gradients_by_loss recover_latent/: encoder15":0.003249563729945066,"Rec/Pearson_sample_train":0.949494481086731,"Gradients_by_loss rec_from_latent_pretrain/: mapper12":0,"Gradients_by_loss rec_from_latent_pretrain/: donor_embedder":0,"Gradients_by_loss recover_latent/: mapper14":0.003938929562655729,"Gradients_by_loss recover_latent/: mapper_donor_mapper":4.292319358582847e-05}