{"wass_dist/20":0.6231018038214644,"r2_mean/100":0.19379669427871704,"wass_dist/10":0.6246839808861668,"r2_delta/200":0.9787853360176086,"r2_var/200":0,"r2_delta/10":0,"r2_var/100":0,"r2_mean/20":0.4440162777900696,"r2_var/50":0,"_wandb":{"runtime":0},"pear_var/50":0.4085312715302606,"r2_var/20000":0,"r2_delta/20":0.9961504936218262,"_timestamp":1.7438243803688052e+09,"_step":0,"r2_mean/10":0,"pear_var/20":0.2815491972538072,"pear_var/200":0.21439293164078232,"r2_mean/20000":0.3026505708694458,"pear_var/20000":0.3311541018432128,"pear_var/100":0.18669951437506024,"pear_var/10":0.2576398558543229,"r2_delta/20000":0.9823898673057556,"wass_dist/100":0.5164629198206719,"r2_delta/100":0.985901951789856,"_runtime":0.655251174,"r2_mean/200":0.16688311100006104,"r2_delta/50":0.9937998056411743,"r2_var/20":0,"r2_var/10":0,"r2_mean/50":0.42519277334213257}