{"r2_delta_OOD/50_all":0.5594210624694824,"r2_delta_criterion/10_all":0.383712962269783,"_step":521,"r2_var_OOD/10_all":0.7437516450881958,"Gradients_by_loss recover_latent/: mapper3":0.0033413408110147366,"_timestamp":1.7681340135843973e+09,"Gradients_by_loss recover_latent/: mapper6":0.0032374808792310114,"Gradients_by_loss rec_from_latent_pretrain/: encoder9":0,"r2_delta_OOD/20_all":0.3718722462654114,"r2_delta_criterion/50_all":0.5306661278009415,"MIG_BINNED/dis_latent_stack_tissue_train":0.6630898536757481,"Gradients_by_loss recover_latent/: mapper_donor_mapper":8.952808332375464e-05,"_wandb":{"runtime":1285},"Gradients_by_loss rec_from_latent_pretrain/: mapper14":0,"r2_mean_criterion/100_all":0.7991003394126892,"Gradients_by_loss rec_from_latent_pretrain/: mapper10":0,"r2_mean_criterion/20_all":0.5974346548318863,"Gradients_by_loss rec_from_latent_pretrain/: donor_embedder":0,"r2_var_criterion/50_all":0.19555357098579407,"r2_var_criterion/10_all":0.19956939667463303,"Gradients_by_loss rec_from_latent_pretrain/: encoder5":0,"Gradients_by_loss rec_from_latent_pretrain/: mapper2":0,"r2_mean_OOD/20_all":0.8514890074729919,"Gradients_by_loss recover_latent/: encoder_pretrain":0.0007655137236974034,"Gradients_by_loss recover_latent/: mapper8":0.003605508440024484,"Gradients_by_loss rec_from_latent_pretrain/: mapper12":0,"Gradients_by_loss recover_latent/: encoder14":0.008301489834435358,"Gradients_by_loss recover_latent/: mapper2":0.003807766333689253,"Gradients_by_loss recover_latent/: mapper11":0.003392954970158312,"r2_delta_criterion/20_all":0.48151348531246185,"Gradients_by_loss recover_latent/: encoder13":0.0033786610321534087,"Gradients_by_loss recover_latent/: encoder5":0.0054435326451909025,"r2_var_OOD/100_all":0.5441548824310303,"Gradients_by_loss recover_latent/: encoder0":0.0030338838856376906,"Gradients_by_loss rec_from_latent_pretrain/: mapper11":0,"Gradients_by_loss recover_latent/: mapper9":0.0034391763061326235,"r2_mean_criterion/50_all":0.7453899756073952,"r2_mean_OOD/50_all":0.8656209111213684,"wasserstein_OOD/10_all":0.5265913208386814,"Rec/R2_mean_train":0.998317539691925,"Gradients_by_loss rec_from_latent_pretrain/: encoder_pretrain":0.233207959772767,"Rec/Pearson_gene_train":0.7513224482536316,"Gradients_by_loss recover_latent/: mapper10":0.003390000528038296,"Gradients_by_loss recover_latent/: mapper12":0.00351777139383194,"Gradients_by_loss rec_from_latent_pretrain/: mapper9":0,"Gradients_by_loss rec_from_latent_pretrain/: encoder14":0,"Gradients_by_loss recover_latent/: mapper5":0.0031556575493670953,"Gradients_by_loss rec_from_latent_pretrain/: mapper0":0,"Gradients_by_loss recover_latent/: encoder7":0.008311341705576625,"r2_var_criterion/20_all":0.1985747590661049,"Gradients_by_loss rec_from_latent_pretrain/: mapper_donor_mapper":0,"losses/recover_latent":3.8688124191197216e-05,"important_notes":{"_type":"html-file","sha256":"f59f429a9de32248435b9db1e23c11178a7b7a4376eba755fbf17a5c7d2bdcd4","size":7813,"path":"media/html/important_notes_0_f59f429a9de32248435b.html"},"Gradients_by_loss rec_from_latent_pretrain/: encoder4":0,"Gradients_by_loss rec_from_latent_pretrain/: encoder10":0,"Gradients_by_loss rec_from_latent_pretrain/: encoder6":0,"Gradients_by_loss recover_latent/: px_r":0,"Gradients_by_loss recover_latent/: mapper0":0.00017707333512120393,"Gradients_by_loss recover_latent/: encoder15":0.0018037069759646398,"Gradients_by_loss rec_from_latent_pretrain/: encoder8":0,"Gradients_by_loss rec_from_latent_pretrain/: mapper3":0,"Gradients_by_loss recover_latent/: encoder10":0.001303549257227661,"Gradients_by_loss rec_from_latent_pretrain/: encoder3":0,"Gradients_by_loss rec_from_latent_pretrain/: encoder2":0,"r2_mean_OOD/100_all":0.8817808628082275,"Gradients_by_loss rec_from_latent_pretrain/: encoder7":0,"Gradients_by_loss rec_from_latent_pretrain/: decoder":0.5676626786814652,"Gradients_by_loss rec_from_latent_pretrain/: encoder11":0,"Gradients_by_loss recover_latent/: encoder6":0.004196681827145335,"r2_var_OOD/50_all":0.504112184047699,"Gradients_by_loss recover_latent/: encoder2":0.012987271617410786,"Gradients_by_loss rec_from_latent_pretrain/: mapper_tissue_mapper":0,"Gradients_by_loss rec_from_latent_pretrain/: tissue_embedder":0,"Gradients_by_loss recover_latent/: mapper7":0.003513632285023674,"Gradients_by_loss rec_from_latent_pretrain/: mapper4":0,"Rec/Pearson_sample_train":0.9475237727165222,"Gradients_by_loss rec_from_latent_pretrain/: encoder13":0,"Gradients_by_loss rec_from_latent_pretrain/: encoder0":0,"Gradients_by_loss recover_latent/: tissue_embedder":0.000491030456032604,"Gradients_by_loss rec_from_latent_pretrain/: mapper6":0,"Gradients_by_loss recover_latent/: donor_embedder":0.00026517570950090885,"Gradients_by_loss recover_latent/: encoder3":0.001926841312312726,"Gradients_by_loss rec_from_latent_pretrain/: mapper13":0,"Gradients_by_loss recover_latent/: mapper_tissue_mapper":5.4382087375317866e-05,"_runtime":1285.972586774,"Gradients_by_loss recover_latent/: encoder8":0.003515690402451414,"Gradients_by_loss recover_latent/: mapper1":0.0015679034323205989,"Gradients_by_loss rec_from_latent_pretrain/: mapper8":0,"Gradients_by_loss rec_from_latent_pretrain/: encoder15":0,"r2_delta_OOD/100_all":0.5576736927032471,"Gradients_by_loss recover_latent/: encoder12":0.003760979540985879,"Gradients_by_loss recover_latent/: decoder":0,"losses/rec_from_latent_pretrain":0.5957911308807663,"wasserstein_criterion/10_all":0.621570113180057,"r2_delta_criterion/100_all":0.5415345802903175,"Gradients_by_loss rec_from_latent_pretrain/: mapper5":0,"r2_var_OOD/20_all":0.2952879071235657,"Gradients_by_loss rec_from_latent_pretrain/: mapper15":0,"Gradients_by_loss recover_latent/: mapper13":0.0036357331872979566,"Gradients_by_loss rec_from_latent_pretrain/: mapper1":0,"r2_delta_OOD/10_all":0.2853066921234131,"pear_var_criterion/avg_all":NaN,"Gradients_by_loss recover_latent/: mapper4":0.0030548971880338,"Gradients_by_loss recover_latent/: mapper15":0.004560121420267204,"Gradients_by_loss recover_latent/: encoder1":0.005440928917005475,"r2_mean_OOD/10_all":0.8053418397903442,"Rec/R2_var_train":0.993364155292511,"Gradients_by_loss recover_latent/: mapper14":0.004872046260770436,"Gradients_by_loss recover_latent/: encoder9":0.0012283793331329524,"Gradients_by_loss rec_from_latent_pretrain/: encoder1":0,"r2_var_criterion/100_all":0.2218416929244995,"r2_mean_criterion/10_all":0.40178895741701126,"Gradients_by_loss recover_latent/: encoder4":0.0016093064668986582,"Gradients_by_loss rec_from_latent_pretrain/: px_r":6.305336864897981e-05,"Gradients_by_loss rec_from_latent_pretrain/: encoder12":0,"Gradients_by_loss recover_latent/: encoder11":0.0014518244762914251,"Gradients_by_loss rec_from_latent_pretrain/: mapper7":0}