{"Gradients_by_loss rec_from_latent_pretrain/: encoder14":0,"Rec/R2_mean_train":0.9974708557128906,"Gradients_by_loss recover_latent/: encoder0":0.002582928848897302,"Gradients_by_loss recover_latent/: encoder14":0.000263535455025653,"Rec/R2_var_train":0.9892538189888,"Gradients_by_loss rec_from_latent_pretrain/: mapper10":0,"r2_mean_OOD/100_all":0.45089972019195557,"Gradients_by_loss recover_latent/: encoder2":0.0007778897834249517,"Gradients_by_loss recover_latent/: mapper9":0.0010174845248506013,"Gradients_by_loss recover_latent/: mapper7":0.0011313131704612915,"r2_delta_criterion/100_all":0.6376654803752899,"Gradients_by_loss recover_latent/: encoder5":0.0027764412566788433,"Gradients_by_loss rec_from_latent_pretrain/: encoder3":0,"Gradients_by_loss recover_latent/: decoder":0,"r2_delta_OOD/50_all":0.08099424839019775,"r2_var_OOD/100_all":0.5096617937088013,"Gradients_by_loss rec_from_latent_pretrain/: donor_embedder":0,"Gradients_by_loss rec_from_latent_pretrain/: encoder4":0,"Gradients_by_loss recover_latent/: mapper3":0.0006211990000832868,"wasserstein_criterion/10_all":0.4626508939214486,"wasserstein_OOD/10_all":0.7640026872262836,"r2_var_criterion/100_all":0.3124430254101753,"Gradients_by_loss rec_from_latent_pretrain/: encoder10":0,"r2_mean_criterion/10_all":0.6084296032786369,"Gradients_by_loss rec_from_latent_pretrain/: encoder11":0,"Gradients_by_loss rec_from_latent_pretrain/: encoder7":0,"Gradients_by_loss recover_latent/: mapper2":0.000617832940330718,"Gradients_by_loss recover_latent/: mapper1":0.0006128262166735337,"Gradients_by_loss recover_latent/: encoder15":9.096781896436134e-05,"Gradients_by_loss rec_from_latent_pretrain/: encoder13":0,"r2_mean_criterion/100_all":0.8681528344750404,"r2_mean_criterion/20_all":0.7732488587498665,"Rec/Pearson_sample_train":0.9472174644470215,"Gradients_by_loss recover_latent/: donor_embedder":0.00019925749802496284,"Gradients_by_loss rec_from_latent_pretrain/: mapper12":0,"Gradients_by_loss recover_latent/: mapper0":0.0003655514180755813,"Gradients_by_loss recover_latent/: encoder13":0.00088338172783635,"MIG_BINNED/dis_latent_stack_tissue_train":0.6760309416552723,"r2_mean_OOD/20_all":0,"Gradients_by_loss recover_latent/: mapper_tissue_mapper":3.0208639279041846e-05,"Gradients_by_loss rec_from_latent_pretrain/: encoder6":0,"Gradients_by_loss recover_latent/: encoder9":0.0005043329682547136,"pear_var_criterion/avg_all":NaN,"r2_delta_criterion/20_all":0.5995612218976021,"Gradients_by_loss recover_latent/: mapper15":0.00111521916920544,"_wandb":{"runtime":1322},"r2_delta_OOD/100_all":0.0858880877494812,"Gradients_by_loss rec_from_latent_pretrain/: mapper14":0,"Gradients_by_loss rec_from_latent_pretrain/: encoder8":0,"Gradients_by_loss rec_from_latent_pretrain/: encoder0":0,"Gradients_by_loss rec_from_latent_pretrain/: mapper6":0,"Gradients_by_loss recover_latent/: mapper10":0.0011559464065482201,"r2_delta_OOD/10_all":0.4376223087310791,"Gradients_by_loss rec_from_latent_pretrain/: mapper8":0,"Gradients_by_loss rec_from_latent_pretrain/: encoder2":0,"Gradients_by_loss rec_from_latent_pretrain/: mapper1":0,"r2_var_criterion/50_all":0.2516172081232071,"r2_delta_criterion/50_all":0.63717070966959,"r2_mean_OOD/50_all":0.36401277780532837,"losses/recover_latent":3.580589830712194e-05,"Gradients_by_loss recover_latent/: px_r":0,"_runtime":1322.713595494,"Gradients_by_loss recover_latent/: encoder12":0.001027398362887016,"r2_mean_OOD/10_all":0.07803893089294434,"Gradients_by_loss rec_from_latent_pretrain/: encoder9":0,"r2_var_OOD/20_all":0.16616684198379517,"r2_var_OOD/50_all":0.48543429374694824,"Gradients_by_loss recover_latent/: mapper4":0.0006288601461095156,"Gradients_by_loss recover_latent/: mapper8":0.0010733787390670136,"losses/rec_from_latent_pretrain":0.5963736904572837,"r2_var_criterion/20_all":0.3779975548386574,"Gradients_by_loss rec_from_latent_pretrain/: mapper9":0,"_timestamp":1.7681084243516243e+09,"Gradients_by_loss rec_from_latent_pretrain/: encoder15":0,"Gradients_by_loss rec_from_latent_pretrain/: encoder12":0,"r2_delta_OOD/20_all":0.05696457624435425,"Gradients_by_loss recover_latent/: encoder11":0.0017271597963077012,"Gradients_by_loss recover_latent/: mapper13":0.0011679666854951302,"Gradients_by_loss rec_from_latent_pretrain/: mapper13":0,"Gradients_by_loss recover_latent/: encoder8":0.00027159029026083397,"Gradients_by_loss recover_latent/: encoder7":0.002161893090439463,"Gradients_by_loss rec_from_latent_pretrain/: encoder5":0,"Gradients_by_loss recover_latent/: mapper14":0.0011527124222477285,"_step":521,"Gradients_by_loss rec_from_latent_pretrain/: mapper0":0,"Gradients_by_loss recover_latent/: encoder1":0.0019151469885409782,"Gradients_by_loss rec_from_latent_pretrain/: tissue_embedder":0,"Gradients_by_loss recover_latent/: encoder4":0.0010920457960086768,"r2_var_criterion/10_all":0.4082959368824959,"Gradients_by_loss rec_from_latent_pretrain/: mapper_tissue_mapper":0,"r2_delta_criterion/10_all":0.4200158342719078,"Gradients_by_loss rec_from_latent_pretrain/: mapper5":0,"Gradients_by_loss recover_latent/: encoder6":0.0018598734359560416,"Gradients_by_loss rec_from_latent_pretrain/: mapper11":0,"Gradients_by_loss rec_from_latent_pretrain/: encoder_pretrain":0.15313472200652045,"Gradients_by_loss recover_latent/: mapper6":0.0010034997108648337,"Gradients_by_loss rec_from_latent_pretrain/: mapper_donor_mapper":0,"Gradients_by_loss recover_latent/: mapper12":0.001198945747219384,"Gradients_by_loss rec_from_latent_pretrain/: mapper3":0,"Gradients_by_loss rec_from_latent_pretrain/: decoder":0.3143898238465284,"important_notes":{"path":"media/html/important_notes_0_3039149698891c17318b.html","_type":"html-file","sha256":"3039149698891c17318b578d85efe0c33ee11464af4ccc39884bd387c574bb97","size":7813},"Rec/Pearson_gene_train":0.7426227331161499,"Gradients_by_loss recover_latent/: mapper_donor_mapper":5.829736147850187e-05,"Gradients_by_loss recover_latent/: encoder3":0.0011606506211297954,"Gradients_by_loss recover_latent/: mapper11":0.001181935702973972,"Gradients_by_loss rec_from_latent_pretrain/: mapper15":0,"Gradients_by_loss recover_latent/: tissue_embedder":0.00018070504302158952,"r2_var_OOD/10_all":0.45561110973358154,"Gradients_by_loss recover_latent/: encoder_pretrain":0.0004924515942997835,"Gradients_by_loss rec_from_latent_pretrain/: mapper2":0,"Gradients_by_loss rec_from_latent_pretrain/: mapper4":0,"Gradients_by_loss rec_from_latent_pretrain/: mapper7":0,"r2_mean_criterion/50_all":0.8329392597079277,"Gradients_by_loss rec_from_latent_pretrain/: px_r":4.267299300408922e-05,"Gradients_by_loss rec_from_latent_pretrain/: encoder1":0,"Gradients_by_loss recover_latent/: encoder10":0.0019060636712817038,"Gradients_by_loss recover_latent/: mapper5":0.0009849750697720344}