{"r2_mean/20000": 0.9392375349998474, "r2_var/20000": 0, "pear_var/20000": 0.6129909473987573, "r2_delta/20000": 0.5180298686027527, "r2_mean/200": 0.9107520580291748, "r2_var/200": 0, "pear_var/200": 0.431989786621001, "r2_delta/200": 0.7658487558364868, "r2_mean/100": 0.9040142297744751, "r2_var/100": 0, "pear_var/100": 0.31010939231854806, "r2_delta/100": 0.7611252069473267, "wass_dist/100": 0.4297588354190022, "r2_mean/50": 0.911414623260498, "r2_var/50": 0, "pear_var/50": 0.4952570072551633, "r2_delta/50": 0.7647260427474976, "r2_mean/20": 0.8931496739387512, "r2_var/20": 0, "pear_var/20": 0.12291128478873198, "r2_delta/20": 0.6678659915924072, "wass_dist/20": 0.47730802337826994, "r2_mean/10": 0.7680090069770813, "r2_var/10": 0, "pear_var/10": 0.05479751319595024, "r2_delta/10": 0.6690040230751038, "wass_dist/10": 0.45770325769338643, "_timestamp": 1744114569.7544186, "_runtime": 1.6925156116485596, "_step": 0, "_wandb": {"runtime": 1}}