{"Rec/R2_mean_train":0.9994152188301086,"r2_delta_OOD/100_all":0.6102393269538879,"Gradients_by_loss rec_from_latent_pretrain/: encoder2":0,"Gradients_by_loss recover_latent/: decoder":0,"Gradients_by_loss recover_latent/: encoder3":0.002295704365508749,"r2_var_OOD/50_all":0.41270118951797485,"Gradients_by_loss rec_from_latent_pretrain/: encoder6":0,"Gradients_by_loss recover_latent/: mapper_tissue_mapper":2.7624189280778353e-05,"_timestamp":1.7674491540563881e+09,"Gradients_by_loss recover_latent/: tissue_embedder":0.0001419065665686503,"Gradients_by_loss recover_latent/: encoder15":0.0016282112602174455,"Gradients_by_loss rec_from_latent_pretrain/: encoder9":0,"Gradients_by_loss recover_latent/: donor_embedder":0.0001277308037970215,"Gradients_by_loss recover_latent/: encoder14":0.002479791718051807,"Gradients_by_loss rec_from_latent_pretrain/: mapper_donor_mapper":0,"Gradients_by_loss recover_latent/: mapper4":0.0010537036081654347,"Gradients_by_loss rec_from_latent_pretrain/: encoder_pretrain":0.12049880965825653,"Gradients_by_loss rec_from_latent_pretrain/: encoder12":0,"r2_delta_criterion/10_all":0.4416792392730713,"Gradients_by_loss recover_latent/: encoder4":0.004563775161229363,"r2_var_criterion/20_all":0.38769693808122113,"Gradients_by_loss rec_from_latent_pretrain/: encoder15":0,"losses/rec_from_latent_pretrain":0.6220855579247924,"r2_var_criterion/100_all":0.3563375743952664,"Rec/Pearson_sample_train":0.9495242834091187,"Gradients_by_loss rec_from_latent_pretrain/: decoder":0.24284879394665954,"wasserstein_OOD/10_all":0.22560696117590145,"r2_mean_criterion/100_all":0.7592547806826505,"Gradients_by_loss recover_latent/: mapper_donor_mapper":4.087657058504696e-05,"Gradients_by_loss recover_latent/: encoder11":0.0011674331560418553,"Gradients_by_loss rec_from_latent_pretrain/: mapper9":0,"Gradients_by_loss recover_latent/: mapper12":0.0010644888105920205,"Gradients_by_loss recover_latent/: mapper5":0.0009852994903070285,"Gradients_by_loss rec_from_latent_pretrain/: encoder5":0,"Gradients_by_loss recover_latent/: mapper8":0.0010474589518432718,"Gradients_by_loss rec_from_latent_pretrain/: encoder3":0,"Gradients_by_loss rec_from_latent_pretrain/: encoder4":0,"r2_delta_OOD/20_all":0.5613997578620911,"r2_delta_OOD/10_all":0.4728020429611206,"r2_var_criterion/10_all":0.5129413929852572,"_wandb":{"runtime":3765},"Gradients_by_loss rec_from_latent_pretrain/: encoder7":0,"Gradients_by_loss recover_latent/: mapper3":0.0009239458932059278,"r2_delta_OOD/50_all":0.6173781156539917,"Gradients_by_loss rec_from_latent_pretrain/: mapper1":0,"r2_mean_OOD/20_all":0.692491888999939,"Rec/Pearson_gene_train":0.6933825016021729,"pear_var_criterion/avg_all":NaN,"Gradients_by_loss recover_latent/: mapper15":0.0013451781866365606,"Gradients_by_loss rec_from_latent_pretrain/: mapper12":0,"important_notes":{"size":7784,"path":"media/html/important_notes_0_8baded1928962b0715b2.html","_type":"html-file","sha256":"8baded1928962b0715b288292d2074e2ed3eb107c852fbe04adf9ae4daa0bc55"},"Gradients_by_loss rec_from_latent_pretrain/: mapper5":0,"Gradients_by_loss recover_latent/: mapper14":0.0011717785834092066,"r2_var_OOD/20_all":0.3749614357948303,"Gradients_by_loss rec_from_latent_pretrain/: tissue_embedder":0,"Gradients_by_loss recover_latent/: mapper1":0.0007139337812622234,"Gradients_by_loss rec_from_latent_pretrain/: mapper13":0,"Gradients_by_loss recover_latent/: mapper10":0.0010646879323563253,"r2_var_OOD/10_all":0.306044340133667,"Gradients_by_loss rec_from_latent_pretrain/: mapper_tissue_mapper":0,"MIG_BINNED/dis_latent_stack_tissue_train":0.6655818812282742,"r2_delta_criterion/100_all":0.4904454404657537,"Gradients_by_loss rec_from_latent_pretrain/: encoder8":0,"Gradients_by_loss recover_latent/: encoder2":0.001710933183536852,"Gradients_by_loss recover_latent/: mapper0":0.0003386239449723147,"Gradients_by_loss recover_latent/: mapper7":0.0011084904168539107,"_step":521,"Gradients_by_loss recover_latent/: px_r":0,"Gradients_by_loss recover_latent/: encoder10":0.0014490341983002938,"Gradients_by_loss recover_latent/: encoder7":0.0015373683376800713,"Gradients_by_loss rec_from_latent_pretrain/: mapper7":0,"Gradients_by_loss recover_latent/: encoder5":0.0010417380762709318,"Gradients_by_loss rec_from_latent_pretrain/: mapper8":0,"Gradients_by_loss recover_latent/: encoder12":0.00037222828038076136,"Gradients_by_loss rec_from_latent_pretrain/: mapper14":0,"r2_var_OOD/100_all":0.42552292346954346,"r2_mean_OOD/100_all":0.6988000869750977,"r2_mean_criterion/10_all":0.5273646983233365,"Gradients_by_loss recover_latent/: encoder_pretrain":0.00048413852000022366,"r2_delta_criterion/20_all":0.44208723306655884,"Gradients_by_loss recover_latent/: mapper13":0.0010734919305478428,"Gradients_by_loss recover_latent/: encoder1":0.0022311547407291806,"Gradients_by_loss rec_from_latent_pretrain/: mapper15":0,"Gradients_by_loss rec_from_latent_pretrain/: encoder14":0,"Gradients_by_loss rec_from_latent_pretrain/: mapper4":0,"r2_mean_OOD/50_all":0.6962571144104004,"Gradients_by_loss recover_latent/: encoder6":0.0016413577004075162,"Gradients_by_loss rec_from_latent_pretrain/: mapper0":0,"Gradients_by_loss recover_latent/: encoder0":0.0020311878288203277,"r2_mean_OOD/10_all":0.5830705761909485,"Gradients_by_loss rec_from_latent_pretrain/: encoder11":0,"Gradients_by_loss rec_from_latent_pretrain/: mapper10":0,"Gradients_by_loss recover_latent/: mapper9":0.0011012664734352646,"_runtime":3765.886751625,"Gradients_by_loss recover_latent/: mapper2":0.0007862495618679784,"Gradients_by_loss rec_from_latent_pretrain/: donor_embedder":0,"Gradients_by_loss recover_latent/: encoder9":0.0017641362512610512,"Gradients_by_loss recover_latent/: mapper6":0.0010237782901884205,"Gradients_by_loss rec_from_latent_pretrain/: mapper6":0,"Gradients_by_loss recover_latent/: mapper11":0.0011095343873047093,"Gradients_by_loss rec_from_latent_pretrain/: encoder13":0,"r2_mean_criterion/20_all":0.6257933378219604,"Gradients_by_loss rec_from_latent_pretrain/: px_r":8.669134695082903e-05,"Rec/R2_var_train":0.9963935017585754,"Gradients_by_loss rec_from_latent_pretrain/: encoder10":0,"r2_var_criterion/50_all":0.33492794361981476,"Gradients_by_loss recover_latent/: encoder13":0.00025937777162375207,"Gradients_by_loss rec_from_latent_pretrain/: mapper11":0,"Gradients_by_loss rec_from_latent_pretrain/: mapper3":0,"Gradients_by_loss rec_from_latent_pretrain/: mapper2":0,"Gradients_by_loss recover_latent/: encoder8":0.0015219030141258004,"Gradients_by_loss rec_from_latent_pretrain/: encoder1":0,"r2_delta_criterion/50_all":0.49184217236258765,"r2_mean_criterion/50_all":0.753258076581088,"wasserstein_criterion/10_all":0.34400971658060375,"Gradients_by_loss rec_from_latent_pretrain/: encoder0":0,"losses/recover_latent":4.782136706852003e-05}