{"Gradients_by_loss recover_latent/: encoder10":0.006301395619463365,"Gradients_by_loss recover_latent/: encoder4":0.006642336951528775,"Gradients_by_loss rec_from_latent_pretrain/: mapper8":0,"Rec/R2_mean_train":0.999500572681427,"Gradients_by_loss recover_latent/: encoder8":0.0016013391379668923,"Gradients_by_loss recover_latent/: encoder11":0.002564149756755049,"Gradients_by_loss rec_from_latent_pretrain/: mapper14":0,"losses/recover_latent":6.744786042737417e-05,"Gradients_by_loss recover_latent/: encoder12":0.005128657918153814,"Gradients_by_loss rec_from_latent_pretrain/: encoder10":0,"Gradients_by_loss recover_latent/: mapper1":0.0009433028879252854,"Gradients_by_loss rec_from_latent_pretrain/: encoder15":0,"Gradients_by_loss rec_from_latent_pretrain/: encoder_pretrain":0.6885196714795819,"Gradients_by_loss recover_latent/: px_r":0,"Gradients_by_loss recover_latent/: encoder13":0.00041567448592457244,"Gradients_by_loss recover_latent/: encoder15":0.0031646258560676386,"Gradients_by_loss recover_latent/: mapper12":0.0030945556577761037,"Gradients_by_loss rec_from_latent_pretrain/: encoder1":0,"_step":521,"Gradients_by_loss recover_latent/: encoder5":0.0020751113593674222,"r2_delta_criterion/50_all":0.8774375489779881,"losses/rec_from_latent_pretrain":2.3552838005918137,"r2_delta_OOD/10_all":0.7287368774414062,"r2_delta_OOD/100_all":0.9315706491470337,"Gradients_by_loss rec_from_latent_pretrain/: mapper11":0,"Gradients_by_loss recover_latent/: mapper8":0.002349222198423603,"Gradients_by_loss rec_from_latent_pretrain/: mapper6":0,"MIG_BINNED/dis_latent_stack_condition_train":0.685316553190753,"r2_mean_OOD/100_all":0.9171842932701111,"Gradients_by_loss recover_latent/: mapper2":0.0012788780945681166,"Gradients_by_loss rec_from_latent_pretrain/: cell_type_embedder":0,"r2_mean_OOD/50_all":0.8600343465805054,"important_notes":{"size":7783,"path":"media/html/important_notes_0_a98197c8f1c983119eed.html","_type":"html-file","sha256":"a98197c8f1c983119eed8b8eef0cd2e5a3d14afbe4d08d4d99fee12c89e8f892"},"Rec/R2_var_train":0.9918769598007202,"Gradients_by_loss rec_from_latent_pretrain/: mapper12":0,"Gradients_by_loss recover_latent/: mapper13":0.0029426671217829313,"_runtime":1831.481387796,"Gradients_by_loss recover_latent/: encoder6":0.00491996796360458,"Gradients_by_loss rec_from_latent_pretrain/: mapper_cell_type_mapper":0,"Gradients_by_loss recover_latent/: encoder0":0.0035876216593433746,"Gradients_by_loss recover_latent/: mapper15":0.0033583493835326987,"wasserstein_OOD/100_all":0.21026134259808255,"Gradients_by_loss recover_latent/: mapper9":0.002251149762929192,"Gradients_by_loss rec_from_latent_pretrain/: encoder3":0,"Gradients_by_loss recover_latent/: encoder3":0.004860624471703908,"Gradients_by_loss rec_from_latent_pretrain/: encoder7":0,"Gradients_by_loss rec_from_latent_pretrain/: mapper10":0,"Gradients_by_loss recover_latent/: mapper0":0.0005066069177540098,"Gradients_by_loss rec_from_latent_pretrain/: encoder4":0,"wasserstein_criterion/10_all":0.19702106972456,"Gradients_by_loss recover_latent/: mapper10":0.0027558448789231065,"Gradients_by_loss rec_from_latent_pretrain/: mapper9":0,"Gradients_by_loss rec_from_latent_pretrain/: mapper1":0,"r2_delta_OOD/20_all":0.7594099640846252,"Gradients_by_loss recover_latent/: mapper3":0.0016400593001168705,"Gradients_by_loss rec_from_latent_pretrain/: mapper5":0,"Gradients_by_loss recover_latent/: condition_embedder":0.00012520921882241964,"Gradients_by_loss recover_latent/: mapper6":0.002485831166592327,"Gradients_by_loss rec_from_latent_pretrain/: encoder12":0,"Gradients_by_loss rec_from_latent_pretrain/: encoder14":0,"Gradients_by_loss recover_latent/: mapper5":0.002189458829951894,"Gradients_by_loss rec_from_latent_pretrain/: mapper0":0,"wasserstein_OOD/10_all":0.3050563298550931,"Gradients_by_loss rec_from_latent_pretrain/: encoder0":0,"_timestamp":1.7683817182026434e+09,"Gradients_by_loss rec_from_latent_pretrain/: px_r":0.0003264947154093534,"Gradients_by_loss rec_from_latent_pretrain/: encoder9":0,"Gradients_by_loss rec_from_latent_pretrain/: condition_embedder":0,"Gradients_by_loss recover_latent/: mapper7":0.002391555047926975,"Gradients_by_loss recover_latent/: encoder9":0.0020561660502936676,"r2_delta_OOD/50_all":0.8953080177307129,"Gradients_by_loss rec_from_latent_pretrain/: encoder8":0,"r2_mean_criterion/100_all":0.962885354246412,"Gradients_by_loss recover_latent/: encoder14":0.002695032338893558,"pear_var_criterion/avg_all":NaN,"r2_delta_criterion/100_all":0.9067064779145377,"Gradients_by_loss rec_from_latent_pretrain/: encoder13":0,"wasserstein_criterion/100_all":0.2242352404155265,"Gradients_by_loss recover_latent/: encoder7":0.002561338055959265,"Gradients_by_loss recover_latent/: mapper_condition_mapper":2.5297191312970896e-05,"r2_mean_criterion/20_all":0.9229773793901715,"Gradients_by_loss recover_latent/: encoder1":0.003315050086484193,"Gradients_by_loss rec_from_latent_pretrain/: decoder":0.7366952823994078,"Gradients_by_loss recover_latent/: encoder_pretrain":0.00041393940729222967,"Gradients_by_loss rec_from_latent_pretrain/: mapper15":0,"Rec/Pearson_gene_train":0.7130149151463984,"Gradients_by_loss recover_latent/: mapper11":0.0027766222517020185,"Gradients_by_loss recover_latent/: mapper14":0.0030337704403890883,"Gradients_by_loss recover_latent/: decoder":0,"r2_mean_criterion/50_all":0.9530690312385559,"_wandb":{"runtime":1831},"Gradients_by_loss rec_from_latent_pretrain/: encoder5":0,"Gradients_by_loss recover_latent/: encoder2":0.0039039295172399622,"Gradients_by_loss recover_latent/: cell_type_embedder":0.0001283860910916701,"r2_mean_criterion/10_all":0.9027109231267657,"Gradients_by_loss rec_from_latent_pretrain/: encoder11":0,"Rec/Pearson_sample_train":0.9585914015769958,"Gradients_by_loss rec_from_latent_pretrain/: encoder2":0,"r2_mean_OOD/20_all":0.7683913707733154,"Gradients_by_loss rec_from_latent_pretrain/: mapper3":0,"r2_delta_criterion/20_all":0.8032886556216648,"Gradients_by_loss rec_from_latent_pretrain/: mapper4":0,"Gradients_by_loss recover_latent/: mapper_cell_type_mapper":4.417919946894316e-05,"Gradients_by_loss rec_from_latent_pretrain/: mapper7":0,"Gradients_by_loss rec_from_latent_pretrain/: mapper13":0,"Gradients_by_loss recover_latent/: mapper4":0.0024387510744579475,"Gradients_by_loss rec_from_latent_pretrain/: mapper2":0,"r2_mean_OOD/10_all":0.7847253084182739,"r2_delta_criterion/10_all":0.7734714491026742,"Gradients_by_loss rec_from_latent_pretrain/: mapper_condition_mapper":0,"Gradients_by_loss rec_from_latent_pretrain/: encoder6":0}