{"Gradients_by_loss recover_latent/: mapper13":0.002453746408926882,"_timestamp":1.7674599662944028e+09,"Gradients_by_loss rec_from_latent_pretrain/: encoder10":0,"Gradients_by_loss recover_latent/: encoder4":0.0055094685421984806,"Gradients_by_loss recover_latent/: mapper15":0.0023975836456182984,"r2_delta_OOD/100_all":0.7022629976272583,"Gradients_by_loss recover_latent/: mapper0":0.0012359963355159185,"_runtime":3759.971145052,"Gradients_by_loss recover_latent/: encoder15":0.0007383702111979779,"Gradients_by_loss recover_latent/: tissue_embedder":0.00014049354649614543,"losses/rec_from_latent_pretrain":0.6206823135705272,"Gradients_by_loss rec_from_latent_pretrain/: encoder15":0,"Gradients_by_loss rec_from_latent_pretrain/: mapper12":0,"Gradients_by_loss rec_from_latent_pretrain/: encoder3":0,"Gradients_by_loss recover_latent/: encoder3":0.004953312348348903,"Gradients_by_loss rec_from_latent_pretrain/: mapper2":0,"r2_var_OOD/100_all":0.5086537599563599,"r2_mean_OOD/10_all":0.6720730662345886,"losses/recover_latent":2.4638115790554618e-05,"r2_var_OOD/20_all":0.46182096004486084,"Gradients_by_loss recover_latent/: mapper2":0.0019911537264776067,"Gradients_by_loss rec_from_latent_pretrain/: encoder0":0,"r2_mean_criterion/100_all":0.769983790137551,"r2_var_criterion/100_all":0.3124790462580594,"Gradients_by_loss rec_from_latent_pretrain/: mapper14":0,"r2_var_criterion/50_all":0.27899985963648016,"Gradients_by_loss rec_from_latent_pretrain/: mapper13":0,"Gradients_by_loss rec_from_latent_pretrain/: mapper7":0,"Gradients_by_loss recover_latent/: mapper11":0.00238912163801568,"Gradients_by_loss recover_latent/: encoder1":0.0010066220637898306,"Gradients_by_loss rec_from_latent_pretrain/: encoder13":0,"Gradients_by_loss rec_from_latent_pretrain/: encoder1":0,"Gradients_by_loss recover_latent/: encoder13":0.0019067704619280628,"r2_mean_criterion/10_all":0.5452661676840349,"Gradients_by_loss recover_latent/: px_r":0,"Gradients_by_loss recover_latent/: encoder8":0.0003685848607574711,"r2_delta_criterion/100_all":0.5238829146731984,"wasserstein_criterion/10_all":0.3405031193719123,"Rec/R2_var_train":0.9980016350746155,"Gradients_by_loss rec_from_latent_pretrain/: mapper6":0,"Gradients_by_loss rec_from_latent_pretrain/: encoder4":0,"Gradients_by_loss recover_latent/: mapper9":0.0023340747039239727,"r2_delta_criterion/20_all":0.47490894252603705,"Gradients_by_loss rec_from_latent_pretrain/: encoder9":0,"Gradients_by_loss recover_latent/: encoder2":0.006686386678875774,"Rec/Pearson_gene_train":0.6989439725875854,"Gradients_by_loss recover_latent/: mapper8":0.0024298223190693203,"Gradients_by_loss recover_latent/: encoder5":0.0016841530452295867,"Gradients_by_loss recover_latent/: mapper5":0.0025159717248847916,"Gradients_by_loss rec_from_latent_pretrain/: mapper15":0,"Gradients_by_loss rec_from_latent_pretrain/: encoder5":0,"Gradients_by_loss recover_latent/: encoder_pretrain":0.00030610194062749926,"Rec/Pearson_sample_train":0.9494526982307434,"Gradients_by_loss recover_latent/: mapper14":0.002414973254700906,"Gradients_by_loss recover_latent/: mapper3":0.0023385016187001265,"MIG_BINNED/dis_latent_stack_tissue_train":0.6704537576959956,"r2_mean_OOD/50_all":0.7703251838684082,"Gradients_by_loss recover_latent/: mapper10":0.0023296101495086266,"Gradients_by_loss rec_from_latent_pretrain/: mapper8":0,"Gradients_by_loss recover_latent/: encoder11":0.0021431323961819495,"Gradients_by_loss rec_from_latent_pretrain/: decoder":0.2762068275976436,"r2_delta_OOD/10_all":0.5853437185287476,"Gradients_by_loss recover_latent/: encoder6":0.0014270787528459583,"Rec/R2_mean_train":0.9989421367645264,"Gradients_by_loss rec_from_latent_pretrain/: encoder2":0,"Gradients_by_loss recover_latent/: mapper4":0.0026665275087546666,"_wandb":{"runtime":3759},"r2_delta_OOD/50_all":0.7106808423995972,"Gradients_by_loss recover_latent/: donor_embedder":0.00012913045065943152,"Gradients_by_loss rec_from_latent_pretrain/: px_r":0.00010701941209845245,"Gradients_by_loss rec_from_latent_pretrain/: tissue_embedder":0,"r2_delta_OOD/20_all":0.6750872135162354,"r2_delta_criterion/10_all":0.470203849402341,"Gradients_by_loss rec_from_latent_pretrain/: mapper0":0,"Gradients_by_loss recover_latent/: decoder":0,"Gradients_by_loss recover_latent/: mapper1":0.0012888972286027316,"Gradients_by_loss recover_latent/: encoder14":0.0006024962521794232,"Gradients_by_loss rec_from_latent_pretrain/: encoder12":0,"Gradients_by_loss recover_latent/: mapper6":0.0023394690681891837,"Gradients_by_loss rec_from_latent_pretrain/: encoder14":0,"Gradients_by_loss recover_latent/: mapper_donor_mapper":2.224870490881506e-05,"Gradients_by_loss rec_from_latent_pretrain/: encoder6":0,"_step":521,"Gradients_by_loss recover_latent/: encoder10":0.0007852730008553935,"r2_mean_OOD/20_all":0.7721996307373047,"Gradients_by_loss rec_from_latent_pretrain/: mapper11":0,"Gradients_by_loss rec_from_latent_pretrain/: encoder8":0,"r2_mean_criterion/50_all":0.7662071314725009,"Gradients_by_loss recover_latent/: encoder7":0.005603932952654462,"Gradients_by_loss recover_latent/: encoder0":0.0056315037550188195,"Gradients_by_loss rec_from_latent_pretrain/: encoder7":0,"r2_var_OOD/10_all":0.3850367069244385,"pear_var_criterion/avg_all":NaN,"r2_var_criterion/10_all":0.4464643651788885,"Gradients_by_loss rec_from_latent_pretrain/: mapper9":0,"Gradients_by_loss rec_from_latent_pretrain/: mapper_donor_mapper":0,"Gradients_by_loss recover_latent/: encoder12":0.0017340099540604746,"Gradients_by_loss rec_from_latent_pretrain/: mapper3":0,"Gradients_by_loss rec_from_latent_pretrain/: mapper4":0,"r2_delta_criterion/50_all":0.5336443023248152,"Gradients_by_loss recover_latent/: mapper12":0.0024392622777160166,"r2_mean_criterion/20_all":0.6426078352061185,"Gradients_by_loss recover_latent/: mapper_tissue_mapper":2.103663891354113e-05,"r2_var_criterion/20_all":0.3145542632449757,"r2_mean_OOD/100_all":0.7699142694473267,"important_notes":{"sha256":"13593a20ac18315d903a422882c05f8e4ff1f9dd01a93d6f08d201195ad71e83","size":7784,"path":"media/html/important_notes_0_13593a20ac18315d903a.html","_type":"html-file"},"Gradients_by_loss rec_from_latent_pretrain/: encoder11":0,"Gradients_by_loss rec_from_latent_pretrain/: mapper10":0,"Gradients_by_loss rec_from_latent_pretrain/: encoder_pretrain":0.20159855199523855,"Gradients_by_loss rec_from_latent_pretrain/: mapper1":0,"r2_var_OOD/50_all":0.49745070934295654,"Gradients_by_loss rec_from_latent_pretrain/: mapper_tissue_mapper":0,"Gradients_by_loss recover_latent/: encoder9":0.0005405360804292393,"Gradients_by_loss recover_latent/: mapper7":0.00261060108060957,"wasserstein_OOD/10_all":0.20650265503675383,"Gradients_by_loss rec_from_latent_pretrain/: mapper5":0,"Gradients_by_loss rec_from_latent_pretrain/: donor_embedder":0}