{"Gradients_by_loss recover_latent/: mapper14":0.0016499285582442678,"Rec/Pearson_gene_train":0.7441715598106384,"Gradients_by_loss rec_from_latent_pretrain/: encoder6":0,"Gradients_by_loss rec_from_latent_pretrain/: mapper_tissue_mapper":0,"Gradients_by_loss rec_from_latent_pretrain/: encoder7":0,"Gradients_by_loss rec_from_latent_pretrain/: encoder10":0,"Gradients_by_loss rec_from_latent_pretrain/: mapper_donor_mapper":0,"r2_delta_OOD/50_all":0.1190493106842041,"Gradients_by_loss rec_from_latent_pretrain/: encoder1":0,"r2_delta_criterion/20_all":0.585705503821373,"Gradients_by_loss rec_from_latent_pretrain/: encoder8":0,"pear_var_criterion/avg_all":NaN,"r2_var_criterion/50_all":0.3347832188010216,"Gradients_by_loss recover_latent/: encoder0":0.0011423471258569372,"r2_var_OOD/100_all":0.5027042031288147,"Rec/Pearson_sample_train":0.9451700448989868,"MIG_BINNED/dis_latent_stack_tissue_train":0.6617969370887974,"Gradients_by_loss rec_from_latent_pretrain/: encoder14":0,"Gradients_by_loss rec_from_latent_pretrain/: encoder15":0,"_runtime":1312.100799259,"Gradients_by_loss rec_from_latent_pretrain/: mapper12":0,"_timestamp":1.768105794290176e+09,"Gradients_by_loss recover_latent/: mapper13":0.0016745866559289065,"Gradients_by_loss rec_from_latent_pretrain/: mapper8":0,"Gradients_by_loss recover_latent/: mapper1":0.001068914095872325,"losses/rec_from_latent_pretrain":0.5941558942387376,"Gradients_by_loss rec_from_latent_pretrain/: decoder":0.318044690787483,"r2_delta_criterion/100_all":0.6478661969304085,"Gradients_by_loss recover_latent/: encoder9":0.0009132074519574776,"r2_var_OOD/20_all":0.08319360017776489,"Gradients_by_loss recover_latent/: encoder15":6.88381391797954e-05,"_wandb":{"runtime":1312},"r2_var_criterion/100_all":0.384616456925869,"Gradients_by_loss recover_latent/: mapper7":0.001596741185502249,"Gradients_by_loss recover_latent/: encoder5":0.001135703408184969,"Gradients_by_loss recover_latent/: mapper15":0.0016942443618386963,"r2_delta_criterion/10_all":0.3909416124224663,"Gradients_by_loss recover_latent/: mapper3":0.0010624942176833986,"Gradients_by_loss recover_latent/: encoder6":0.0006957685072268663,"r2_delta_OOD/10_all":0.44852620363235474,"important_notes":{"_type":"html-file","sha256":"0d0876d2a5cedbff1ff9896f934b13b4aca46b11bc40ff0676b11ca57f833052","size":7813,"path":"media/html/important_notes_0_0d0876d2a5cedbff1ff9.html"},"Gradients_by_loss rec_from_latent_pretrain/: mapper2":0,"r2_mean_OOD/100_all":0.4796336889266968,"Gradients_by_loss rec_from_latent_pretrain/: encoder3":0,"Gradients_by_loss recover_latent/: encoder2":0.0005928275645624808,"wasserstein_criterion/10_all":0.4862134852496732,"Gradients_by_loss rec_from_latent_pretrain/: mapper3":0,"Gradients_by_loss rec_from_latent_pretrain/: encoder9":0,"Gradients_by_loss rec_from_latent_pretrain/: mapper1":0,"Gradients_by_loss recover_latent/: encoder14":0.0006307551085845148,"r2_delta_criterion/50_all":0.6532292813062668,"Gradients_by_loss rec_from_latent_pretrain/: mapper13":0,"Gradients_by_loss recover_latent/: decoder":0,"Gradients_by_loss recover_latent/: encoder11":0.00046953688548658694,"Gradients_by_loss rec_from_latent_pretrain/: mapper11":0,"Gradients_by_loss recover_latent/: mapper12":0.0016756078230953594,"Gradients_by_loss recover_latent/: mapper_tissue_mapper":7.335961524838391e-05,"Gradients_by_loss recover_latent/: mapper10":0.0017249977267640795,"Gradients_by_loss recover_latent/: encoder4":0.0058404334416027786,"Gradients_by_loss recover_latent/: encoder8":0.003331510982843333,"Gradients_by_loss recover_latent/: encoder_pretrain":0.0005706791573794865,"r2_mean_OOD/50_all":0.3903483748435974,"r2_mean_OOD/20_all":0.05395948886871338,"r2_mean_criterion/20_all":0.7657593786716461,"Gradients_by_loss recover_latent/: encoder1":0.004543521543167088,"Gradients_by_loss recover_latent/: mapper5":0.001698268001148619,"Gradients_by_loss recover_latent/: encoder13":0.0004246109627941762,"Gradients_by_loss rec_from_latent_pretrain/: mapper15":0,"r2_var_criterion/20_all":0.3706125468015671,"losses/recover_latent":3.9549973988397154e-05,"Gradients_by_loss rec_from_latent_pretrain/: mapper0":0,"Gradients_by_loss rec_from_latent_pretrain/: donor_embedder":0,"Gradients_by_loss recover_latent/: tissue_embedder":0.0003123189671896398,"Gradients_by_loss recover_latent/: encoder12":0.0005719570738798271,"Gradients_by_loss recover_latent/: px_r":0,"Gradients_by_loss recover_latent/: mapper6":0.0016188705985007807,"Gradients_by_loss recover_latent/: mapper9":0.0017480067669650998,"Gradients_by_loss rec_from_latent_pretrain/: encoder4":0,"Rec/R2_var_train":0.9579293727874756,"Gradients_by_loss recover_latent/: mapper8":0.0017995374558025603,"Gradients_by_loss rec_from_latent_pretrain/: mapper14":0,"Gradients_by_loss rec_from_latent_pretrain/: encoder0":0,"Gradients_by_loss rec_from_latent_pretrain/: mapper7":0,"Gradients_by_loss recover_latent/: encoder3":0.000707736560116028,"Rec/R2_mean_train":0.9946035146713257,"r2_delta_OOD/100_all":0.13372278213500977,"Gradients_by_loss rec_from_latent_pretrain/: px_r":5.1668241212610155e-05,"Gradients_by_loss rec_from_latent_pretrain/: tissue_embedder":0,"Gradients_by_loss recover_latent/: encoder7":0.00047452054575409283,"Gradients_by_loss rec_from_latent_pretrain/: encoder11":0,"Gradients_by_loss recover_latent/: mapper2":0.001024787569743685,"r2_var_OOD/10_all":0.2571479082107544,"Gradients_by_loss rec_from_latent_pretrain/: encoder13":0,"Gradients_by_loss rec_from_latent_pretrain/: mapper9":0,"r2_mean_criterion/100_all":0.873162105679512,"r2_mean_OOD/10_all":0.09591490030288696,"r2_mean_criterion/10_all":0.5999636724591255,"Gradients_by_loss rec_from_latent_pretrain/: encoder2":0,"Gradients_by_loss rec_from_latent_pretrain/: mapper5":0,"Gradients_by_loss recover_latent/: encoder10":0.00040110007927529666,"Gradients_by_loss recover_latent/: donor_embedder":0.0003222456725779921,"Gradients_by_loss rec_from_latent_pretrain/: encoder12":0,"Gradients_by_loss rec_from_latent_pretrain/: mapper10":0,"Gradients_by_loss rec_from_latent_pretrain/: encoder5":0,"Gradients_by_loss rec_from_latent_pretrain/: mapper4":0,"Gradients_by_loss rec_from_latent_pretrain/: encoder_pretrain":0.08738352674705299,"wasserstein_OOD/10_all":0.7705402210293577,"Gradients_by_loss recover_latent/: mapper11":0.0016902596710740047,"Gradients_by_loss recover_latent/: mapper_donor_mapper":0.00011257055001972904,"Gradients_by_loss recover_latent/: mapper4":0.0017098504668917533,"_step":521,"Gradients_by_loss rec_from_latent_pretrain/: mapper6":0,"Gradients_by_loss recover_latent/: mapper0":7.483385673719602e-05,"r2_delta_OOD/20_all":0.11039197444915771,"r2_var_OOD/50_all":0.5011597871780396,"r2_var_criterion/10_all":0.38438403606414795,"r2_mean_criterion/50_all":0.8458797708153725}