{"r2_mean/20000": 0.9250152111053467, "r2_var/20000": 0, "pear_var/20000": 0.6057798932734042, "r2_delta/20000": 0.40521806478500366, "r2_mean/200": 0.8918427228927612, "r2_var/200": 0, "pear_var/200": 0.39941865490438017, "r2_delta/200": 0.716238260269165, "r2_mean/100": 0.8810239434242249, "r2_var/100": 0, "pear_var/100": 0.254734392405778, "r2_delta/100": 0.7039105892181396, "wass_dist/100": 0.4504140727790795, "r2_mean/50": 0.8808149099349976, "r2_var/50": 0, "pear_var/50": 0.42788371547672754, "r2_delta/50": 0.6834560632705688, "r2_mean/20": 0.8543168306350708, "r2_var/20": 0, "pear_var/20": -0.025061798528544232, "r2_delta/20": 0.5471579432487488, "wass_dist/20": 0.5292086216119057, "r2_mean/10": 0.685286283493042, "r2_var/10": 0, "pear_var/10": 0.16144155658490109, "r2_delta/10": 0.5509783029556274, "wass_dist/10": 0.5155763044794145, "_timestamp": 1744114930.029151, "_runtime": 1.6333019733428955, "_step": 0, "_wandb": {"runtime": 1}}