{"Gradients_by_loss recover_latent/: mapper5":0.002289204525290456,"Gradients_by_loss rec_from_latent_pretrain/: encoder2":0,"Gradients_by_loss recover_latent/: mapper_donor_mapper":5.1890395654723624e-05,"r2_mean_criterion/20_all":0.4407999949021773,"Gradients_by_loss rec_from_latent_pretrain/: mapper_donor_mapper":0,"Rec/Pearson_sample_train":0.9529357552528381,"Gradients_by_loss rec_from_latent_pretrain/: encoder1":0,"r2_delta_OOD/10_all":0.5181288719177246,"Gradients_by_loss recover_latent/: encoder14":0.0007039965659505846,"Gradients_by_loss recover_latent/: decoder":0,"r2_mean_criterion/50_all":0.6410766839981079,"Gradients_by_loss recover_latent/: encoder4":0.001636434679665443,"r2_var_criterion/20_all":0.06955743377858942,"Rec/R2_mean_train":0.998601496219635,"Gradients_by_loss rec_from_latent_pretrain/: tissue_embedder":0,"Gradients_by_loss recover_latent/: mapper7":0.0031045275860670097,"_step":521,"Gradients_by_loss recover_latent/: mapper15":0.003312093034308132,"Gradients_by_loss rec_from_latent_pretrain/: mapper11":0,"Gradients_by_loss recover_latent/: mapper2":0.0018555731253285714,"r2_mean_OOD/100_all":0.7106161713600159,"Gradients_by_loss rec_from_latent_pretrain/: encoder15":0,"Gradients_by_loss rec_from_latent_pretrain/: encoder3":0,"Gradients_by_loss rec_from_latent_pretrain/: encoder0":0,"Gradients_by_loss rec_from_latent_pretrain/: encoder13":0,"r2_delta_OOD/20_all":0.4502509832382202,"Gradients_by_loss recover_latent/: encoder9":0.0005864222743269837,"r2_delta_criterion/20_all":0.3191946257244457,"Gradients_by_loss rec_from_latent_pretrain/: mapper10":0,"Gradients_by_loss recover_latent/: tissue_embedder":0.0001068276324076578,"r2_delta_criterion/100_all":0.35724313150752673,"r2_mean_OOD/50_all":0.5938167572021484,"r2_var_OOD/50_all":0,"Gradients_by_loss recover_latent/: mapper9":0.003079626071252293,"Gradients_by_loss recover_latent/: mapper3":0.002656336951628214,"Gradients_by_loss rec_from_latent_pretrain/: mapper_tissue_mapper":0,"losses/recover_latent":3.63303114666497e-05,"r2_var_criterion/100_all":0.08588157458738847,"Rec/Pearson_gene_train":0.6708551645278931,"r2_var_OOD/100_all":0,"Gradients_by_loss recover_latent/: mapper8":0.003206122813103861,"Gradients_by_loss recover_latent/: encoder11":0.002776998632417318,"Gradients_by_loss rec_from_latent_pretrain/: mapper14":0,"Gradients_by_loss recover_latent/: mapper10":0.0030509074323375883,"Gradients_by_loss recover_latent/: encoder13":0.00598014540880662,"r2_delta_criterion/50_all":0.36561304330825806,"Gradients_by_loss recover_latent/: mapper11":0.003119030395890771,"r2_mean_criterion/100_all":0.7056579264727506,"Gradients_by_loss rec_from_latent_pretrain/: mapper4":0,"Gradients_by_loss rec_from_latent_pretrain/: mapper15":0,"Gradients_by_loss recover_latent/: encoder5":0.003338477632405686,"r2_mean_criterion/10_all":0.2343388633294539,"Gradients_by_loss rec_from_latent_pretrain/: encoder8":0,"Gradients_by_loss rec_from_latent_pretrain/: mapper13":0,"Gradients_by_loss rec_from_latent_pretrain/: donor_embedder":0,"Gradients_by_loss rec_from_latent_pretrain/: encoder4":0,"r2_delta_criterion/10_all":0.27410823648626154,"Gradients_by_loss rec_from_latent_pretrain/: encoder7":0,"r2_delta_OOD/50_all":0.3488306999206543,"Gradients_by_loss recover_latent/: mapper13":0.0036438274020593555,"Gradients_by_loss rec_from_latent_pretrain/: encoder14":0,"Gradients_by_loss recover_latent/: encoder1":0.000989259944914003,"r2_mean_OOD/10_all":0,"r2_var_criterion/50_all":0.06784462386911566,"Gradients_by_loss rec_from_latent_pretrain/: mapper5":0,"Gradients_by_loss rec_from_latent_pretrain/: mapper3":0,"Gradients_by_loss rec_from_latent_pretrain/: encoder_pretrain":0.17190759987164891,"losses/rec_from_latent_pretrain":0.6830219074157672,"Gradients_by_loss rec_from_latent_pretrain/: mapper7":0,"r2_var_OOD/10_all":0.5202188491821289,"Gradients_by_loss rec_from_latent_pretrain/: mapper9":0,"Gradients_by_loss rec_from_latent_pretrain/: mapper1":0,"Rec/R2_var_train":0.9981041550636292,"_wandb":{"runtime":2909},"Gradients_by_loss recover_latent/: encoder0":0.0022033031114822702,"r2_mean_OOD/20_all":0,"r2_delta_OOD/100_all":0.32431304454803467,"r2_var_OOD/20_all":0,"wasserstein_criterion/10_all":0.7683589001309881,"Gradients_by_loss recover_latent/: mapper1":0.0004643941027183282,"Gradients_by_loss recover_latent/: mapper0":0.00041725960320538393,"Gradients_by_loss rec_from_latent_pretrain/: mapper8":0,"Gradients_by_loss recover_latent/: encoder7":0.007406121571564661,"Gradients_by_loss rec_from_latent_pretrain/: mapper0":0,"Gradients_by_loss recover_latent/: encoder6":0.004995509992264022,"Gradients_by_loss rec_from_latent_pretrain/: px_r":0.00011186838673893362,"_runtime":2909.926333723,"Gradients_by_loss recover_latent/: encoder2":0.007906267752908636,"Gradients_by_loss rec_from_latent_pretrain/: mapper6":0,"Gradients_by_loss recover_latent/: encoder10":0.0032633658732365697,"Gradients_by_loss recover_latent/: px_r":0,"Gradients_by_loss rec_from_latent_pretrain/: encoder5":0,"wasserstein_OOD/10_all":0.8334647855338778,"important_notes":{"path":"media/html/important_notes_0_26a5a175b52db904a168.html","_type":"html-file","sha256":"26a5a175b52db904a168ed750cbddbfed40c02f3362903b7100a559b164e0b6c","size":7775},"Gradients_by_loss rec_from_latent_pretrain/: encoder11":0,"r2_var_criterion/10_all":0.18352826616980814,"Gradients_by_loss recover_latent/: mapper_tissue_mapper":3.0931038186730856e-05,"Gradients_by_loss rec_from_latent_pretrain/: mapper2":0,"Gradients_by_loss rec_from_latent_pretrain/: encoder6":0,"Gradients_by_loss recover_latent/: encoder12":0.002215881446584007,"Gradients_by_loss recover_latent/: encoder_pretrain":0.00045270435391712397,"Gradients_by_loss rec_from_latent_pretrain/: encoder12":0,"Gradients_by_loss recover_latent/: mapper12":0.0030729712438800766,"Gradients_by_loss rec_from_latent_pretrain/: mapper12":0,"Gradients_by_loss recover_latent/: encoder15":0.0006935493765086749,"Gradients_by_loss recover_latent/: mapper14":0.0033934409877303742,"Gradients_by_loss recover_latent/: encoder3":0.006423287521197139,"Gradients_by_loss rec_from_latent_pretrain/: encoder9":0,"MIG_BINNED/dis_latent_stack_tissue_train":0.6625963238231061,"_timestamp":1.7670774076394417e+09,"pear_var_criterion/avg_all":NaN,"Gradients_by_loss rec_from_latent_pretrain/: encoder10":0,"Gradients_by_loss recover_latent/: mapper6":0.0026067977186147034,"Gradients_by_loss recover_latent/: encoder8":0.00476373258158733,"Gradients_by_loss recover_latent/: mapper4":0.002464770026273522,"Gradients_by_loss rec_from_latent_pretrain/: decoder":0.3065887835687579,"Gradients_by_loss recover_latent/: donor_embedder":9.171656711259857e-05}