{"r2_mean/20000": 0.8804723024368286, "r2_var/20000": 0, "pear_var/20000": 0.39918565896476205, "r2_delta/20000": 0, "r2_mean/200": 0.8218446373939514, "r2_var/200": 0, "pear_var/200": 0.1750918756577057, "r2_delta/200": 0.23851174116134644, "r2_mean/100": 0.8108316659927368, "r2_var/100": 0, "pear_var/100": -0.04518916290912303, "r2_delta/100": 0.3555677533149719, "wass_dist/100": 0.45655327616983454, "r2_mean/50": 0.7555385828018188, "r2_var/50": 0, "pear_var/50": -0.19438478464199482, "r2_delta/50": 0.20636463165283203, "r2_mean/20": 0.8679060339927673, "r2_var/20": 0, "pear_var/20": -0.2736686502647522, "r2_delta/20": 0.46150195598602295, "wass_dist/20": 0.5120483740016842, "r2_mean/10": 0.8436053991317749, "r2_var/10": 0, "pear_var/10": 0.07033083101638905, "r2_delta/10": 0.744361162185669, "wass_dist/10": 0.4691036211294465, "_timestamp": 1744124890.5986292, "_runtime": 1.2863562107086182, "_step": 0, "_wandb": {"runtime": 1}}