{"r2_mean/20000": 0.9397966265678406, "r2_var/20000": 0.0126875638961792, "pear_var/20000": 0.585493966675204, "r2_delta/20000": 0.766389787197113, "r2_mean/200": 0.9212469458580017, "r2_var/200": 0, "pear_var/200": 0.4515452344796051, "r2_delta/200": 0.9083030223846436, "r2_mean/100": 0.9218576550483704, "r2_var/100": 0, "pear_var/100": 0.5664318581844624, "r2_delta/100": 0.9268431663513184, "wass_dist/100": 0.32097324589696913, "r2_mean/50": 0.9032300114631653, "r2_var/50": 0, "pear_var/50": 0.7447742736794254, "r2_delta/50": 0.8918612003326416, "r2_mean/20": 0.9425445199012756, "r2_var/20": 0, "pear_var/20": 0.6915200570398895, "r2_delta/20": 0.9359132051467896, "wass_dist/20": 0.34867915780473313, "r2_mean/10": 0.9642566442489624, "r2_var/10": 0, "pear_var/10": 0.19728260932680763, "r2_delta/10": 0.9572181701660156, "wass_dist/10": 0.29882880778280035, "_timestamp": 1743900492.5308645, "_runtime": 1.3610365390777588, "_step": 0, "_wandb": {"runtime": 1}}