{"Gradients_by_loss rec_from_latent_pretrain/: mapper13":0,"r2_var_OOD/10_all":0,"Gradients_by_loss recover_latent/: encoder10":0.002042440662466816,"_runtime":1274.433840506,"wasserstein_OOD/10_all":0.6736935655986007,"Gradients_by_loss rec_from_latent_pretrain/: mapper11":0,"Gradients_by_loss rec_from_latent_pretrain/: mapper8":0,"Gradients_by_loss recover_latent/: encoder8":0.0017060265492081857,"Gradients_by_loss recover_latent/: encoder_pretrain":0.000909288326043806,"r2_var_criterion/100_all":0.24736572802066803,"Gradients_by_loss recover_latent/: mapper9":0.002263524647601832,"r2_delta_criterion/100_all":0.51063272356987,"_timestamp":1.7681197535524693e+09,"Gradients_by_loss recover_latent/: encoder6":0.002190876230450024,"Gradients_by_loss rec_from_latent_pretrain/: encoder11":0,"Gradients_by_loss recover_latent/: encoder13":0.004859854141910055,"Rec/Pearson_sample_train":0.9466612339019775,"Gradients_by_loss recover_latent/: mapper1":0.001273190248029421,"MIG_BINNED/dis_latent_stack_tissue_train":0.6513658409222034,"r2_mean_criterion/100_all":0.7890893369913101,"Gradients_by_loss rec_from_latent_pretrain/: mapper9":0,"Gradients_by_loss recover_latent/: encoder3":0.0019072143162200772,"Gradients_by_loss recover_latent/: encoder1":0.005273725209349665,"r2_var_criterion/20_all":0.19379104673862457,"Gradients_by_loss rec_from_latent_pretrain/: encoder15":0,"Gradients_by_loss recover_latent/: mapper3":0.0019039233861906386,"Rec/R2_var_train":0.9847344160079956,"r2_delta_OOD/20_all":0,"r2_delta_OOD/10_all":0,"r2_delta_OOD/50_all":0.22857224941253662,"r2_var_OOD/20_all":0,"Gradients_by_loss recover_latent/: mapper8":0.0023363904968702006,"Gradients_by_loss recover_latent/: mapper15":0.002798584544911733,"Gradients_by_loss rec_from_latent_pretrain/: decoder":0.5107941671976609,"Gradients_by_loss recover_latent/: encoder0":0.0037689811387741647,"Rec/R2_mean_train":0.9981846213340759,"Gradients_by_loss recover_latent/: mapper14":0.0027678566676032574,"Gradients_by_loss rec_from_latent_pretrain/: encoder5":0,"Gradients_by_loss rec_from_latent_pretrain/: px_r":6.979367753956467e-05,"Gradients_by_loss recover_latent/: mapper6":0.0022192539178214014,"Gradients_by_loss recover_latent/: mapper11":0.002347225906518098,"Gradients_by_loss rec_from_latent_pretrain/: mapper1":0,"Gradients_by_loss rec_from_latent_pretrain/: encoder7":0,"Gradients_by_loss recover_latent/: encoder2":0.007972785729269216,"important_notes":{"path":"media/html/important_notes_0_8fa7c0becfbb4bb5a43c.html","_type":"html-file","sha256":"8fa7c0becfbb4bb5a43c31b1309aaef6218437335ff2f0191a6f135586a54103","size":7816},"Gradients_by_loss rec_from_latent_pretrain/: mapper4":0,"Gradients_by_loss recover_latent/: mapper13":0.002848078813780515,"Gradients_by_loss recover_latent/: mapper5":0.002370335076744325,"r2_mean_OOD/50_all":0.7432130575180054,"losses/rec_from_latent_pretrain":0.5899930149316788,"Gradients_by_loss recover_latent/: mapper4":0.001968816000665696,"Gradients_by_loss rec_from_latent_pretrain/: mapper6":0,"Gradients_by_loss rec_from_latent_pretrain/: encoder4":0,"Gradients_by_loss recover_latent/: mapper0":0.00021363362479612908,"_wandb":{"runtime":1274},"Gradients_by_loss rec_from_latent_pretrain/: encoder6":0,"r2_mean_OOD/20_all":0.7055094242095947,"r2_mean_criterion/20_all":0.5518757924437523,"Gradients_by_loss rec_from_latent_pretrain/: mapper10":0,"Gradients_by_loss rec_from_latent_pretrain/: mapper0":0,"Gradients_by_loss rec_from_latent_pretrain/: encoder1":0,"Gradients_by_loss rec_from_latent_pretrain/: mapper2":0,"r2_delta_criterion/20_all":0.42006247490644455,"wasserstein_criterion/10_all":0.6469326677234339,"Gradients_by_loss rec_from_latent_pretrain/: encoder9":0,"Gradients_by_loss recover_latent/: encoder12":0.002159765048420648,"losses/recover_latent":3.601101980166277e-05,"Gradients_by_loss rec_from_latent_pretrain/: encoder8":0,"r2_var_OOD/100_all":0,"Gradients_by_loss recover_latent/: decoder":0,"r2_mean_OOD/100_all":0.7425003051757812,"Gradients_by_loss rec_from_latent_pretrain/: encoder_pretrain":0.18945126171282367,"r2_mean_OOD/10_all":0.6099293231964111,"Gradients_by_loss recover_latent/: encoder4":0.004329616085962258,"_step":521,"Gradients_by_loss rec_from_latent_pretrain/: mapper_donor_mapper":0,"Gradients_by_loss recover_latent/: encoder14":0.0009569940177129504,"Gradients_by_loss recover_latent/: mapper7":0.0023448696218465355,"Gradients_by_loss recover_latent/: encoder7":0.004328003335043994,"r2_mean_criterion/10_all":0.36471521109342575,"Gradients_by_loss rec_from_latent_pretrain/: mapper14":0,"Gradients_by_loss rec_from_latent_pretrain/: mapper_tissue_mapper":0,"Gradients_by_loss rec_from_latent_pretrain/: mapper3":0,"Rec/Pearson_gene_train":0.7506194191992283,"Gradients_by_loss rec_from_latent_pretrain/: encoder3":0,"Gradients_by_loss rec_from_latent_pretrain/: mapper15":0,"Gradients_by_loss recover_latent/: encoder5":0.005175004012418188,"Gradients_by_loss recover_latent/: mapper2":0.0019242343620087205,"Gradients_by_loss recover_latent/: mapper10":0.002274638867823751,"Gradients_by_loss recover_latent/: encoder11":0.0024026165174632426,"r2_delta_criterion/50_all":0.5019279941916466,"Gradients_by_loss rec_from_latent_pretrain/: mapper7":0,"Gradients_by_loss rec_from_latent_pretrain/: encoder12":0,"Gradients_by_loss recover_latent/: mapper_donor_mapper":9.950755978144775e-05,"Gradients_by_loss recover_latent/: donor_embedder":0.00020947339362464845,"Gradients_by_loss rec_from_latent_pretrain/: encoder10":0,"Gradients_by_loss rec_from_latent_pretrain/: mapper5":0,"Gradients_by_loss rec_from_latent_pretrain/: tissue_embedder":0,"Gradients_by_loss rec_from_latent_pretrain/: encoder14":0,"r2_mean_criterion/50_all":0.7397112622857094,"r2_delta_criterion/10_all":0.3599483370780945,"r2_var_criterion/50_all":0.18914806842803955,"pear_var_criterion/avg_all":NaN,"Gradients_by_loss recover_latent/: encoder9":0.004269863435462933,"Gradients_by_loss rec_from_latent_pretrain/: mapper12":0,"r2_delta_OOD/100_all":0.03975069522857666,"r2_var_OOD/50_all":0,"Gradients_by_loss recover_latent/: tissue_embedder":0.00016337880515493453,"Gradients_by_loss recover_latent/: mapper_tissue_mapper":9.371114156140502e-05,"Gradients_by_loss rec_from_latent_pretrain/: encoder2":0,"Gradients_by_loss recover_latent/: px_r":0,"r2_var_criterion/10_all":0.33648547530174255,"Gradients_by_loss rec_from_latent_pretrain/: encoder0":0,"Gradients_by_loss rec_from_latent_pretrain/: encoder13":0,"Gradients_by_loss recover_latent/: encoder15":0.0013175780819511844,"Gradients_by_loss rec_from_latent_pretrain/: donor_embedder":0,"Gradients_by_loss recover_latent/: mapper12":0.002316456966175618}