{"Gradients_by_loss recover_latent/: encoder_pretrain":0.0001105646529520769,"r2_delta_OOD/100_all":0.8875606060028076,"Gradients_by_loss rec_from_latent_pretrain/: mapper10":0,"Gradients_by_loss recover_latent/: encoder13":0.0006135563303801443,"Gradients_by_loss rec_from_latent_pretrain/: cell_type_embedder":0,"Gradients_by_loss recover_latent/: mapper0":0.00012108236647158049,"r2_mean_OOD/50_all":0.9496832489967346,"r2_mean_criterion/10_all":0.8903879863875253,"Gradients_by_loss recover_latent/: condition_embedder":6.670900620520115e-05,"Gradients_by_loss rec_from_latent_pretrain/: mapper13":0,"r2_delta_criterion/100_all":0.9058299830981663,"Gradients_by_loss recover_latent/: encoder1":0.0012465235452146237,"Gradients_by_loss recover_latent/: mapper10":0.00047385700656776657,"Gradients_by_loss rec_from_latent_pretrain/: mapper2":0,"Gradients_by_loss recover_latent/: mapper2":0.00029900618657002396,"Rec/R2_mean_train":0.9983602166175842,"Gradients_by_loss rec_from_latent_pretrain/: encoder0":0,"Gradients_by_loss recover_latent/: encoder8":0.0006143347658018198,"wasserstein_criterion/10_all":0.23082943968456732,"Rec/Pearson_sample_train":0.958369255065918,"Gradients_by_loss recover_latent/: encoder12":0.0003197532292971797,"_timestamp":1.7683622967591572e+09,"r2_mean_criterion/100_all":0.9528913923672268,"Gradients_by_loss rec_from_latent_pretrain/: mapper7":0,"Gradients_by_loss rec_from_latent_pretrain/: mapper15":0,"Gradients_by_loss recover_latent/: encoder9":0.0002600995858588899,"Gradients_by_loss rec_from_latent_pretrain/: encoder2":0,"r2_delta_OOD/50_all":0.882915198802948,"Gradients_by_loss recover_latent/: mapper14":0.000589256472605251,"r2_delta_criterion/10_all":0.7925107734543937,"Gradients_by_loss rec_from_latent_pretrain/: encoder10":0,"Gradients_by_loss recover_latent/: encoder4":0.001135496333356413,"Gradients_by_loss recover_latent/: encoder2":0.00023974884354437774,"Rec/Pearson_gene_train":0.7148374319076538,"r2_delta_criterion/50_all":0.8821625454085213,"wasserstein_OOD/100_all":0.2839092353345193,"Gradients_by_loss recover_latent/: encoder3":0.0003734031735425409,"pear_var_criterion/avg_all":NaN,"Gradients_by_loss rec_from_latent_pretrain/: encoder6":0,"r2_mean_OOD/100_all":0.9369886517524719,"Gradients_by_loss rec_from_latent_pretrain/: mapper11":0,"Gradients_by_loss rec_from_latent_pretrain/: encoder1":0,"Gradients_by_loss rec_from_latent_pretrain/: encoder7":0,"_step":521,"Gradients_by_loss recover_latent/: mapper7":0.0004899974604057678,"Gradients_by_loss recover_latent/: encoder5":0.0016208714745591783,"r2_mean_OOD/10_all":0.8242123126983643,"Gradients_by_loss recover_latent/: encoder0":0.0010558157306120607,"Gradients_by_loss rec_from_latent_pretrain/: encoder12":0,"Gradients_by_loss rec_from_latent_pretrain/: mapper4":0,"Rec/R2_var_train":0.9839272499084473,"r2_mean_OOD/20_all":0.9379136562347412,"Gradients_by_loss rec_from_latent_pretrain/: decoder":0.2930486017703259,"Gradients_by_loss rec_from_latent_pretrain/: encoder14":0,"Gradients_by_loss rec_from_latent_pretrain/: mapper9":0,"r2_delta_OOD/10_all":0.7491926550865173,"Gradients_by_loss recover_latent/: mapper4":0.0004107576487579165,"Gradients_by_loss rec_from_latent_pretrain/: encoder4":0,"Gradients_by_loss recover_latent/: decoder":0,"Gradients_by_loss rec_from_latent_pretrain/: mapper1":0,"r2_mean_criterion/20_all":0.8748407193592617,"Gradients_by_loss rec_from_latent_pretrain/: condition_embedder":0,"Gradients_by_loss recover_latent/: encoder11":0.001451612982093914,"Gradients_by_loss rec_from_latent_pretrain/: mapper14":0,"Gradients_by_loss rec_from_latent_pretrain/: mapper12":0,"Gradients_by_loss rec_from_latent_pretrain/: encoder9":0,"wasserstein_OOD/10_all":0.3207478276785889,"wasserstein_criterion/100_all":0.22125774316813837,"Gradients_by_loss recover_latent/: mapper_cell_type_mapper":7.65466936731222e-06,"Gradients_by_loss recover_latent/: mapper9":0.000480597252457262,"Gradients_by_loss recover_latent/: mapper_condition_mapper":7.017419190114372e-06,"Gradients_by_loss recover_latent/: mapper3":0.00027554169299317486,"Gradients_by_loss recover_latent/: mapper15":0.0005706288737187568,"Gradients_by_loss rec_from_latent_pretrain/: mapper6":0,"Gradients_by_loss rec_from_latent_pretrain/: encoder_pretrain":0.23541508897404514,"Gradients_by_loss recover_latent/: encoder14":0.0002751838192328163,"Gradients_by_loss rec_from_latent_pretrain/: mapper_condition_mapper":0,"Gradients_by_loss recover_latent/: encoder10":0.000417670920257958,"Gradients_by_loss recover_latent/: px_r":0,"MIG_BINNED/dis_latent_stack_condition_train":0.6871441929693154,"Gradients_by_loss rec_from_latent_pretrain/: encoder5":0,"_runtime":1939.601294655,"Gradients_by_loss rec_from_latent_pretrain/: px_r":0.00014203216414898634,"Gradients_by_loss recover_latent/: mapper13":0.000599174457434663,"Gradients_by_loss recover_latent/: encoder15":0.0003138237018989452,"Gradients_by_loss rec_from_latent_pretrain/: mapper_cell_type_mapper":0,"r2_mean_criterion/50_all":0.9326255066054208,"losses/rec_from_latent_pretrain":2.361663157635547,"Gradients_by_loss rec_from_latent_pretrain/: encoder3":0,"Gradients_by_loss recover_latent/: mapper5":0.0005918173912452372,"Gradients_by_loss recover_latent/: mapper11":0.0006311147533767891,"Gradients_by_loss rec_from_latent_pretrain/: encoder13":0,"Gradients_by_loss recover_latent/: mapper1":0.00034494988803465134,"Gradients_by_loss rec_from_latent_pretrain/: encoder8":0,"Gradients_by_loss rec_from_latent_pretrain/: mapper0":0,"losses/recover_latent":5.4465600829218525e-05,"important_notes":{"path":"media/html/important_notes_0_6c17f03828828f1e60df.html","_type":"html-file","sha256":"6c17f03828828f1e60df04afbc4bd7ce5102a0ed4f4022ed64f0f56a7ef38c78","size":7783},"r2_delta_OOD/20_all":0.8135582804679871,"_wandb":{"runtime":1939},"Gradients_by_loss rec_from_latent_pretrain/: mapper8":0,"Gradients_by_loss recover_latent/: mapper6":0.0005289931314039551,"Gradients_by_loss recover_latent/: mapper8":0.0005113547506214087,"Gradients_by_loss recover_latent/: cell_type_embedder":5.137335028848611e-05,"Gradients_by_loss recover_latent/: encoder6":9.619599592680996e-05,"Gradients_by_loss rec_from_latent_pretrain/: mapper5":0,"Gradients_by_loss recover_latent/: encoder7":0.00026109312039751943,"r2_delta_criterion/20_all":0.7812038574899945,"Gradients_by_loss rec_from_latent_pretrain/: mapper3":0,"Gradients_by_loss recover_latent/: mapper12":0.0005977641516006369,"Gradients_by_loss rec_from_latent_pretrain/: encoder11":0,"Gradients_by_loss rec_from_latent_pretrain/: encoder15":0}