{"r2_mean/20000": 0.8676431775093079, "r2_var/20000": 0, "pear_var/20000": 0.46847260193080736, "r2_delta/20000": 0, "r2_mean/200": 0.8861470222473145, "r2_var/200": 0, "pear_var/200": 0.3633398979046047, "r2_delta/200": 0.7012948989868164, "r2_mean/100": 0.8595936894416809, "r2_var/100": 0, "pear_var/100": 0.2120670937523146, "r2_delta/100": 0.6505782604217529, "wass_dist/100": 0.46485346897875623, "r2_mean/50": 0.8421714901924133, "r2_var/50": 0, "pear_var/50": 0.17299263328970077, "r2_delta/50": 0.5808228850364685, "r2_mean/20": 0.8153631687164307, "r2_var/20": 0, "pear_var/20": -0.1989047785609243, "r2_delta/20": 0.4260737895965576, "wass_dist/20": 0.5402288275272693, "r2_mean/10": 0.7784996032714844, "r2_var/10": 0, "pear_var/10": -0.1519160539148449, "r2_delta/10": 0.6839715242385864, "wass_dist/10": 0.47159592180321963, "_timestamp": 1743888215.1352654, "_runtime": 2.031970262527466, "_step": 0, "_wandb": {"runtime": 1}}