{"r2_mean/20000": 0.9772782921791077, "r2_var/20000": 0.0042528510093688965, "pear_var/20000": 0.6288591391552513, "r2_delta/20000": 0.7179895639419556, "r2_mean/200": 0.96673983335495, "r2_var/200": 0, "pear_var/200": 0.5146889594251738, "r2_delta/200": 0.8578363060951233, "r2_mean/100": 0.9514382481575012, "r2_var/100": 0, "pear_var/100": 0.3056749315909572, "r2_delta/100": 0.834566593170166, "wass_dist/100": 0.36445275083510686, "r2_mean/50": 0.9232606887817383, "r2_var/50": 0, "pear_var/50": 0.24409853157130165, "r2_delta/50": 0.7508686184883118, "r2_mean/20": 0.9459725022315979, "r2_var/20": 0, "pear_var/20": 0.40105780351061177, "r2_delta/20": 0.7797499299049377, "wass_dist/20": 0.3965335279638319, "r2_mean/10": 0.9187278151512146, "r2_var/10": 0, "pear_var/10": 0.09898175271817121, "r2_delta/10": 0.8671544790267944, "wass_dist/10": 0.3677973588489125, "_timestamp": 1744124322.949722, "_runtime": 1.3082900047302246, "_step": 0, "_wandb": {"runtime": 1}}