{"r2_mean_OOD/10_all":0,"Gradients_by_loss recover_latent/: encoder1":0.007126701232751191,"Gradients_by_loss recover_latent/: encoder6":0.010126488687653368,"Rec/Pearson_gene_train":0.7519952058792114,"Gradients_by_loss rec_from_latent_pretrain/: mapper0":0,"Gradients_by_loss rec_from_latent_pretrain/: mapper11":0,"Gradients_by_loss recover_latent/: mapper15":0.004279439073854526,"r2_delta_OOD/20_all":0.130886971950531,"Gradients_by_loss rec_from_latent_pretrain/: mapper3":0,"Gradients_by_loss rec_from_latent_pretrain/: encoder9":0,"Gradients_by_loss recover_latent/: mapper0":0.002424074054053739,"r2_var_OOD/10_all":0,"r2_mean_OOD/20_all":0.35259079933166504,"Gradients_by_loss rec_from_latent_pretrain/: encoder13":0,"Gradients_by_loss recover_latent/: encoder9":0.001959075950484726,"Gradients_by_loss recover_latent/: encoder8":0.008321088133724362,"r2_delta_criterion/50_all":0.521806612610817,"r2_delta_OOD/10_all":0,"Gradients_by_loss recover_latent/: encoder15":0.002283835422780049,"Gradients_by_loss recover_latent/: encoder11":0.006325105544451498,"Gradients_by_loss recover_latent/: mapper7":0.003766608119434985,"Rec/R2_mean_train":0.996863603591919,"Gradients_by_loss rec_from_latent_pretrain/: encoder11":0,"Gradients_by_loss rec_from_latent_pretrain/: mapper8":0,"r2_mean_OOD/100_all":0.7695046663284302,"r2_mean_OOD/50_all":0.7092329263687134,"r2_var_criterion/100_all":0.27066320180892944,"r2_delta_OOD/100_all":0.35509586334228516,"Gradients_by_loss recover_latent/: encoder12":0.0036054387563350843,"r2_delta_criterion/20_all":0.43701138347387314,"Gradients_by_loss rec_from_latent_pretrain/: encoder8":0,"Gradients_by_loss rec_from_latent_pretrain/: mapper1":0,"Gradients_by_loss recover_latent/: donor_embedder":0.00022137106861919165,"_runtime":1327.365888865,"Gradients_by_loss recover_latent/: mapper11":0.004353714760157038,"Gradients_by_loss recover_latent/: encoder13":0.0028241703259942867,"Gradients_by_loss rec_from_latent_pretrain/: encoder15":0,"Gradients_by_loss recover_latent/: mapper4":0.003178512524797017,"Gradients_by_loss recover_latent/: mapper12":0.00425270942714631,"r2_delta_criterion/10_all":0.40577511489391327,"Gradients_by_loss rec_from_latent_pretrain/: encoder0":0,"Gradients_by_loss recover_latent/: encoder5":0.001842340709117924,"r2_delta_OOD/50_all":0.28444206714630127,"Gradients_by_loss rec_from_latent_pretrain/: mapper4":0,"Gradients_by_loss rec_from_latent_pretrain/: mapper_donor_mapper":0,"Gradients_by_loss recover_latent/: encoder_pretrain":0.0006285315578630043,"Gradients_by_loss recover_latent/: mapper3":0.0028999305557772317,"Gradients_by_loss rec_from_latent_pretrain/: mapper15":0,"Gradients_by_loss recover_latent/: encoder10":0.002672184533771088,"Gradients_by_loss recover_latent/: encoder0":0.011343426938409543,"Gradients_by_loss rec_from_latent_pretrain/: encoder_pretrain":0.3858463541477712,"Gradients_by_loss recover_latent/: mapper14":0.004334569759034158,"Gradients_by_loss rec_from_latent_pretrain/: mapper13":0,"Gradients_by_loss recover_latent/: encoder7":0.003156319865458369,"r2_var_criterion/10_all":0.3044738918542862,"Gradients_by_loss rec_from_latent_pretrain/: mapper12":0,"Rec/R2_var_train":0.9941930174827576,"Gradients_by_loss recover_latent/: mapper10":0.003967141034566393,"Gradients_by_loss recover_latent/: encoder14":0.0027301015476202876,"Gradients_by_loss rec_from_latent_pretrain/: mapper14":0,"Gradients_by_loss recover_latent/: mapper8":0.004249265532019264,"wasserstein_OOD/10_all":0.7587560339382754,"r2_mean_criterion/100_all":0.7996326237916946,"_timestamp":1.7681229697353878e+09,"Gradients_by_loss rec_from_latent_pretrain/: encoder4":0,"Gradients_by_loss rec_from_latent_pretrain/: mapper10":0,"Gradients_by_loss recover_latent/: encoder4":0.0061943098242163075,"wasserstein_criterion/10_all":0.611316365877326,"Rec/Pearson_sample_train":0.9492149949073792,"important_notes":{"_type":"html-file","sha256":"f406cfc699fa9c5a8383fb0d0b089c95f14db72d694866388ad4100b0a377ce8","size":7813,"path":"media/html/important_notes_0_f406cfc699fa9c5a8383.html"},"Gradients_by_loss recover_latent/: encoder2":0.0032614137158716847,"Gradients_by_loss recover_latent/: mapper13":0.004244404378517319,"pear_var_criterion/avg_all":NaN,"Gradients_by_loss rec_from_latent_pretrain/: encoder12":0,"Gradients_by_loss rec_from_latent_pretrain/: encoder2":0,"Gradients_by_loss recover_latent/: mapper9":0.004033797249807055,"losses/rec_from_latent_pretrain":0.5967643962630743,"Gradients_by_loss rec_from_latent_pretrain/: encoder14":0,"Gradients_by_loss rec_from_latent_pretrain/: mapper7":0,"Gradients_by_loss rec_from_latent_pretrain/: encoder5":0,"Gradients_by_loss rec_from_latent_pretrain/: encoder6":0,"Gradients_by_loss rec_from_latent_pretrain/: mapper2":0,"Gradients_by_loss rec_from_latent_pretrain/: encoder1":0,"r2_var_OOD/20_all":0,"Gradients_by_loss rec_from_latent_pretrain/: px_r":5.6922239309642464e-05,"Gradients_by_loss recover_latent/: decoder":0,"Gradients_by_loss recover_latent/: mapper2":0.0028487249640887628,"Gradients_by_loss rec_from_latent_pretrain/: mapper_tissue_mapper":0,"Gradients_by_loss recover_latent/: mapper_donor_mapper":7.438303335180531e-05,"Gradients_by_loss rec_from_latent_pretrain/: mapper5":0,"Gradients_by_loss recover_latent/: mapper_tissue_mapper":3.9324078844911765e-05,"Gradients_by_loss rec_from_latent_pretrain/: encoder10":0,"Gradients_by_loss rec_from_latent_pretrain/: mapper9":0,"Gradients_by_loss rec_from_latent_pretrain/: encoder7":0,"Gradients_by_loss recover_latent/: tissue_embedder":0.0002601726446300745,"losses/recover_latent":4.7454770630125336e-05,"Gradients_by_loss recover_latent/: mapper6":0.003907340903686236,"r2_var_OOD/100_all":0,"Gradients_by_loss rec_from_latent_pretrain/: encoder3":0,"Gradients_by_loss recover_latent/: mapper5":0.002984089824134843,"_step":521,"r2_var_criterion/50_all":0.24492233246564865,"r2_var_criterion/20_all":0.2023530825972557,"Gradients_by_loss rec_from_latent_pretrain/: mapper6":0,"MIG_BINNED/dis_latent_stack_tissue_train":0.6649522863686356,"Gradients_by_loss recover_latent/: px_r":0,"Gradients_by_loss recover_latent/: mapper1":0.003071442792751738,"Gradients_by_loss rec_from_latent_pretrain/: donor_embedder":0,"_wandb":{"runtime":1327},"r2_mean_criterion/10_all":0.4548420235514641,"r2_mean_criterion/20_all":0.6490947008132935,"r2_var_OOD/50_all":0,"Gradients_by_loss rec_from_latent_pretrain/: tissue_embedder":0,"Gradients_by_loss rec_from_latent_pretrain/: decoder":0.7169588796445512,"r2_mean_criterion/50_all":0.7616359665989876,"Gradients_by_loss recover_latent/: encoder3":0.00572347302715628,"r2_delta_criterion/100_all":0.5016896352171898}