{"r2_mean/20000": 0.8825196027755737, "r2_var/20000": 0, "pear_var/20000": 0.5127182927928868, "r2_delta/20000": 0, "r2_mean/200": 0.7658668160438538, "r2_var/200": 0, "pear_var/200": 0.4935574550591752, "r2_delta/200": 0.4087257385253906, "r2_mean/100": 0.7430131435394287, "r2_var/100": 0, "pear_var/100": 0.6403932608920115, "r2_delta/100": 0.30860209465026855, "wass_dist/100": 0.4399634900592842, "r2_mean/50": 0.7205952405929565, "r2_var/50": 0, "pear_var/50": 0.5771823750231987, "r2_delta/50": 0.186415433883667, "r2_mean/20": 0.26732468605041504, "r2_var/20": 0, "pear_var/20": 0.8290222627607055, "r2_delta/20": 0.005297720432281494, "wass_dist/20": 0.5738253700969345, "r2_mean/10": 0.5469380617141724, "r2_var/10": 0, "pear_var/10": 0.7672255416342425, "r2_delta/10": 0.32975274324417114, "wass_dist/10": 0.5720035443947211, "_timestamp": 1743878365.8869128, "_runtime": 1.3124747276306152, "_step": 0, "_wandb": {"runtime": 1}}