{"r2_mean_criterion/50_all":0.9582751935178583,"Gradients_by_loss rec_from_latent_pretrain/: encoder3":0,"CEBPE+KLF1/Pearson Delta_50_all":0.5631083038928144,"Gradients_by_loss recover_latent/: mapper4":0.00016172746743795853,"TGFBR2+IGDCC3/R2_combo_specific_10_all":0.9509846568107605,"Gradients_by_loss recover_latent/: encoder4":0.0005146873553730443,"MAP2K3+IKZF3/R2_combo_specific_100_all":0.9556741714477539,"FEV+ISL2/R2_10_all":0.929169237613678,"SAMD1+UBASH3B/Pearson Delta_combo_specific_10_all":0.947142212173761,"ETS2+MAP7D1/Wass_combo_specific_10_all":0.3304442389635422,"Gradients_by_loss rec_from_latent_pretrain/: mapper3":0,"MAP2K3+IKZF3/Pearson Delta_combo_specific_20_all":0.916195181947691,"FEV+CBFA2T3/Pearson Delta_20_all":0.9669451540356887,"Gradients_by_loss rec_from_latent_pretrain/: mapper_perturbation2_mapper":0,"MAPK1+IKZF3/Pearson Delta_combo_specific_20_all":0.9716637895389337,"MAP2K3+IKZF3/R2_20_all":0.9067412614822388,"Gradients_by_loss recover_latent/: encoder8":0.0007788912351799543,"Gradients_by_loss rec_from_latent_pretrain/: mapper0":0,"CEBPE+KLF1/Pearson Delta_combo_specific_50_all":0.6423442645161707,"FOXA3+HOXB9/Pearson Delta_combo_specific_10_all":0.9228676050575738,"MAPK1+IKZF3/R2_combo_specific_20_all":0.9533732533454895,"MAP2K3+IKZF3/Pearson Delta_50_all":0.9383773660067258,"MAPK1+IKZF3/R2_50_all":0.9759913086891174,"IGDCC3+MAPK1/Pearson Delta_10_all":0.6004965990262532,"FEV+CBFA2T3/Wass_10_all":0.49863378179348705,"FEV+CBFA2T3/R2_10_all":0.8527722358703613,"Gradients_by_loss recover_latent/: mapper8":0.0002829059203689717,"Gradients_by_loss recover_latent/: mapper2":8.875095448153614e-05,"Gradients_by_loss recover_latent/: px_r":0,"FEV+ISL2/R2_20_all":0.9525319933891296,"FEV+CBFA2T3/Pearson Delta_50_all":0.9689914517315935,"ETS2+MAP7D1/Pearson Delta_combo_specific_100_all":0.8701161789147411,"TGFBR2+IGDCC3/R2_combo_specific_20_all":0.9760217070579529,"Gradients_by_loss rec_from_latent_pretrain/: encoder10":0,"SAMD1+UBASH3B/Wass_combo_specific_10_all":0.3041926311175905,"MAP2K3+IKZF3/Pearson Delta_100_all":0.9311479037698623,"losses/recover_latent":2.9585671044452117e-05,"CEBPE+KLF1/R2_10_all":0.734015941619873,"IGDCC3+MAPK1/Pearson Delta_combo_specific_10_all":0.2925954486112546,"IGDCC3+MAPK1/R2_20_all":0.9532195925712585,"SAMD1+UBASH3B/R2_combo_specific_100_all":0.9576377868652344,"ETS2+MAP7D1/R2_combo_specific_50_all":0.9770818948745728,"MAPK1+IKZF3/R2_combo_specific_100_all":0.9835764169692993,"Gradients_by_loss rec_from_latent_pretrain/: mapper8":0,"Gradients_by_loss rec_from_latent_pretrain/: mapper4":0,"FEV+ISL2/R2_100_all":0.961365282535553,"MAPK1+IKZF3/R2_20_all":0.9717862606048584,"MIG_BINNED/dis_latent_stack_condition_train":0.6519220251069001,"Gradients_by_loss recover_latent/: mapper15":0.00029676779849149723,"FEV+ISL2/Pearson Delta_100_all":0.9757479112711211,"Gradients_by_loss rec_from_latent_pretrain/: encoder14":0,"TGFBR2+IGDCC3/Wass_10_all":0.3359366019008904,"FEV+ISL2/Pearson Delta_10_all":0.9946301632499953,"SAMD1+UBASH3B/Wass_10_all":0.3141125763039599,"FEV+CBFA2T3/R2_combo_specific_50_all":0.7860748767852783,"MAPK1+IKZF3/Pearson Delta_10_all":0.9496614931322431,"IGDCC3+MAPK1/Wass_10_all":0.3384480851427729,"MAP2K3+IKZF3/Pearson Delta_combo_specific_100_all":0.9205904197486211,"Gradients_by_loss rec_from_latent_pretrain/: mapper13":0,"Gradients_by_loss recover_latent/: encoder_pretrain":0.0001142847686427336,"MAP2K3+IKZF3/Pearson Delta_combo_specific_50_all":0.9343284028386093,"MAPK1+IKZF3/Pearson Delta_combo_specific_10_all":0.9758060307139446,"SAMD1+UBASH3B/Pearson Delta_10_all":0.9517018914250719,"Gradients_by_loss recover_latent/: mapper10":0.0003062963018537266,"FOXA3+HOXB9/Pearson Delta_combo_specific_20_all":0.9461360982067364,"Gradients_by_loss rec_from_latent_pretrain/: px_r":0.00011738716420950368,"FOXA3+HOXB9/Pearson Delta_100_all":0.9618318302500191,"IGDCC3+MAPK1/Pearson Delta_combo_specific_100_all":0.6961111492906772,"MAP2K3+IKZF3/R2_100_all":0.9471477270126343,"Gradients_by_loss recover_latent/: mapper3":8.925027274291847e-05,"Gradients_by_loss rec_from_latent_pretrain/: encoder9":0,"TGFBR2+IGDCC3/Pearson Delta_20_all":0.9457219734532639,"FOXA3+HOXB9/R2_combo_specific_50_all":0.9498876929283142,"TGFBR2+IGDCC3/Wass_combo_specific_10_all":0.3432152835262515,"Gradients_by_loss rec_from_latent_pretrain/: mapper1":0,"FEV+ISL2/R2_combo_specific_20_all":0.9120730757713318,"Rec/Pearson_gene_train":0.559387957164556,"FOXA3+HOXB9/Pearson Delta_10_all":0.9402207633161995,"r2_mean_criterion/10_all":0.8925997181372209,"IGDCC3+MAPK1/Pearson Delta_20_all":0.7687569290070826,"Gradients_by_loss rec_from_latent_pretrain/: mapper10":0,"_wandb":{"runtime":43365},"Gradients_by_loss rec_from_latent_pretrain/: mapper12":0,"FOXA3+HOXB9/R2_50_all":0.9447195529937744,"IGDCC3+MAPK1/Pearson Delta_combo_specific_50_all":0.7168321131012237,"TGFBR2+IGDCC3/Pearson Delta_combo_specific_20_all":0.9345264801452753,"IGDCC3+MAPK1/R2_combo_specific_20_all":0.9533586502075195,"ETS2+MAP7D1/R2_20_all":0.9164497256278992,"Gradients_by_loss rec_from_latent_pretrain/: mapper7":0,"SAMD1+UBASH3B/R2_combo_specific_50_all":0.9422745108604431,"CEBPE+KLF1/R2_combo_specific_50_all":0.9644519686698914,"Gradients_by_loss recover_latent/: decoder":0,"Gradients_by_loss rec_from_latent_pretrain/: decoder":0.04585408968992019,"important_notes":{"size":7275,"path":"media/html/important_notes_0_64b8179f6e21fe9521f3.html","_type":"html-file","sha256":"64b8179f6e21fe9521f3056576332104f640af47426a78fac7aa0e97b01b5b6c"},"MAP2K3+IKZF3/Pearson Delta_combo_specific_10_all":0.9094007312677487,"FEV+CBFA2T3/Pearson Delta_100_all":0.9511605207401851,"Gradients_by_loss recover_latent/: encoder5":9.271820548304599e-05,"Gradients_by_loss rec_from_latent_pretrain/: encoder2":0,"FEV+ISL2/Pearson Delta_combo_specific_100_all":0.9655728082575624,"Gradients_by_loss recover_latent/: encoder12":0.00020655824024499265,"FEV+CBFA2T3/Pearson Delta_combo_specific_100_all":0.9385989285450334,"Gradients_by_loss rec_from_latent_pretrain/: encoder11":0,"TGFBR2+IGDCC3/Pearson Delta_50_all":0.9297891359230482,"CEBPE+KLF1/R2_combo_specific_100_all":0.9755634665489197,"CEBPE+KLF1/Pearson Delta_100_all":0.5571271859508857,"ETS2+MAP7D1/Pearson Delta_10_all":0.7955516836523645,"CEBPE+KLF1/Wass_combo_specific_10_all":0.3869510787141668,"MAP2K3+IKZF3/R2_combo_specific_20_all":0.9056615233421326,"Rec/R2_mean_train":0.999819815158844,"ETS2+MAP7D1/Pearson Delta_100_all":0.8299084632898457,"FOXA3+HOXB9/Pearson Delta_combo_specific_100_all":0.9466371130356904,"ETS2+MAP7D1/Pearson Delta_combo_specific_50_all":0.911061983526369,"MAPK1+IKZF3/Pearson Delta_combo_specific_100_all":0.9308442044971772,"Gradients_by_loss recover_latent/: mapper9":0.0002839872020173835,"IGDCC3+MAPK1/Pearson Delta_combo_specific_20_all":0.5438485453373681,"FEV+ISL2/Pearson Delta_combo_specific_10_all":0.9871175265433682,"FEV+CBFA2T3/Pearson Delta_combo_specific_50_all":0.967409379618784,"MAPK1+IKZF3/R2_combo_specific_10_all":0.9385345578193665,"Gradients_by_loss rec_from_latent_pretrain/: mapper6":0,"SAMD1+UBASH3B/R2_50_all":0.9531426429748535,"TGFBR2+IGDCC3/Pearson Delta_combo_specific_100_all":0.9044754686135175,"TGFBR2+IGDCC3/Pearson Delta_combo_specific_50_all":0.9203611344931772,"r2_mean_criterion/avg_all":0.939301303841851,"CEBPE+KLF1/R2_100_all":0.9621002078056335,"Gradients_by_loss rec_from_latent_pretrain/: mapper5":0,"Gradients_by_loss rec_from_latent_pretrain/: mapper_perturbation1_mapper":0,"TGFBR2+IGDCC3/Pearson Delta_combo_specific_10_all":0.9373874519142772,"MAPK1+IKZF3/Wass_10_all":0.28825547060151824,"Gradients_by_loss recover_latent/: condition_embedder":2.8686359655694105e-05,"TGFBR2+IGDCC3/R2_20_all":0.9798077344894409,"IGDCC3+MAPK1/R2_50_all":0.983718752861023,"Gradients_by_loss recover_latent/: mapper1":6.00974361674036e-05,"FOXA3+HOXB9/Wass_10_all":0.49044057104934247,"_step":521,"losses/rec_from_latent_pretrain":2.8124302674014614,