{"Gradients_by_loss recover_latent/: encoder8":0.00610261701766083,"Gradients_by_loss recover_latent/: encoder3":0.004234593644203858,"Rec/Pearson_gene_train":0.6976913213729858,"Gradients_by_loss rec_from_latent_pretrain/: donor_embedder":0,"Gradients_by_loss recover_latent/: mapper_donor_mapper":4.0043830233983304e-05,"Gradients_by_loss rec_from_latent_pretrain/: encoder15":0,"Gradients_by_loss recover_latent/: tissue_embedder":0.00026390745188109577,"Gradients_by_loss recover_latent/: mapper3":0.0025309451230728364,"r2_delta_criterion/10_all":0.5464428961277008,"Gradients_by_loss rec_from_latent_pretrain/: encoder1":0,"Gradients_by_loss recover_latent/: mapper4":0.002467926402899645,"Gradients_by_loss recover_latent/: encoder7":0.0015017218182333614,"r2_mean_OOD/10_all":0.7247422337532043,"r2_var_criterion/10_all":0.662459800640742,"Gradients_by_loss rec_from_latent_pretrain/: encoder11":0,"losses/recover_latent":4.663747089816834e-05,"wasserstein_criterion/10_all":0.3715845027486177,"r2_mean_criterion/50_all":0.8386128147443136,"_timestamp":1.7678018379584577e+09,"Gradients_by_loss rec_from_latent_pretrain/: decoder":0.23997448684913275,"Gradients_by_loss recover_latent/: encoder5":0.0013772401505095933,"Gradients_by_loss rec_from_latent_pretrain/: px_r":7.458200707333162e-05,"Gradients_by_loss recover_latent/: encoder13":0.0030400742340507994,"r2_delta_criterion/100_all":0.6026077469189962,"Gradients_by_loss rec_from_latent_pretrain/: mapper14":0,"_step":521,"r2_var_criterion/20_all":0.4521070222059886,"r2_delta_OOD/100_all":0.7200156450271606,"Gradients_by_loss rec_from_latent_pretrain/: encoder0":0,"r2_var_criterion/100_all":0.43068427840868634,"Gradients_by_loss recover_latent/: encoder10":0.0020507157468970826,"r2_mean_criterion/100_all":0.8539804518222809,"Gradients_by_loss rec_from_latent_pretrain/: encoder14":0,"Gradients_by_loss rec_from_latent_pretrain/: mapper3":0,"Gradients_by_loss rec_from_latent_pretrain/: encoder6":0,"Gradients_by_loss recover_latent/: encoder0":0.006865088062806531,"r2_var_OOD/100_all":0.5579135417938232,"Gradients_by_loss recover_latent/: encoder15":0.001767157514682413,"r2_mean_criterion/10_all":0.5842996835708618,"r2_delta_OOD/10_all":0.6519427299499512,"Gradients_by_loss rec_from_latent_pretrain/: encoder_pretrain":0.2026682888533188,"r2_delta_OOD/20_all":0.7123547792434692,"Gradients_by_loss rec_from_latent_pretrain/: tissue_embedder":0,"Gradients_by_loss recover_latent/: mapper12":0.004423591889803312,"r2_delta_criterion/20_all":0.5638748705387115,"Gradients_by_loss rec_from_latent_pretrain/: encoder9":0,"Gradients_by_loss rec_from_latent_pretrain/: mapper6":0,"r2_mean_OOD/50_all":0.784037172794342,"Gradients_by_loss recover_latent/: mapper9":0.003532879774208134,"Gradients_by_loss rec_from_latent_pretrain/: mapper1":0,"Gradients_by_loss recover_latent/: mapper8":0.002816863280427582,"Gradients_by_loss rec_from_latent_pretrain/: encoder8":0,"Gradients_by_loss recover_latent/: encoder11":0.0056888925294255955,"Gradients_by_loss rec_from_latent_pretrain/: encoder4":0,"Gradients_by_loss recover_latent/: mapper13":0.004017639304397177,"Gradients_by_loss recover_latent/: encoder12":0.008420134200017262,"Gradients_by_loss recover_latent/: mapper14":0.004002994359892437,"r2_var_OOD/50_all":0.5481206178665161,"Rec/Pearson_sample_train":0.9498413801193237,"Gradients_by_loss rec_from_latent_pretrain/: encoder3":0,"r2_var_criterion/50_all":0.39805736144383747,"Gradients_by_loss rec_from_latent_pretrain/: mapper4":0,"Gradients_by_loss recover_latent/: decoder":0,"r2_var_OOD/10_all":0.45202362537384033,"Gradients_by_loss recover_latent/: encoder_pretrain":0.0005473331512767856,"r2_var_OOD/20_all":0.5173572301864624,"r2_delta_OOD/50_all":0.7279537916183472,"Gradients_by_loss rec_from_latent_pretrain/: mapper_tissue_mapper":0,"MIG_BINNED/dis_latent_stack_tissue_train":0.6548450505818563,"Gradients_by_loss recover_latent/: mapper6":0.002458723211414174,"losses/rec_from_latent_pretrain":0.6196701411709122,"Gradients_by_loss recover_latent/: encoder2":0.006520061337800586,"r2_delta_criterion/50_all":0.6061342557271322,"Gradients_by_loss recover_latent/: mapper7":0.0024586969773805543,"pear_var_criterion/avg_all":NaN,"Gradients_by_loss recover_latent/: mapper10":0.0032931878954787414,"Gradients_by_loss rec_from_latent_pretrain/: mapper12":0,"Gradients_by_loss recover_latent/: mapper1":0.0019780233341622957,"Gradients_by_loss rec_from_latent_pretrain/: mapper7":0,"Gradients_by_loss recover_latent/: mapper0":0.0011909160767099528,"Gradients_by_loss recover_latent/: mapper11":0.0035407273170173295,"Gradients_by_loss rec_from_latent_pretrain/: mapper10":0,"Gradients_by_loss recover_latent/: mapper5":0.00243509079735837,"Gradients_by_loss recover_latent/: mapper_tissue_mapper":3.228846312939804e-05,"Gradients_by_loss recover_latent/: encoder1":0.007439844907660942,"Gradients_by_loss rec_from_latent_pretrain/: encoder12":0,"Gradients_by_loss recover_latent/: encoder4":0.004818094135338273,"Gradients_by_loss recover_latent/: mapper2":0.002522304433835423,"Gradients_by_loss recover_latent/: px_r":0,"r2_mean_OOD/100_all":0.7836331725120544,"Gradients_by_loss recover_latent/: encoder6":0.003949892964006459,"Rec/R2_mean_train":0.9987876415252686,"Gradients_by_loss recover_latent/: encoder14":0.002779588632692818,"Gradients_by_loss rec_from_latent_pretrain/: mapper13":0,"Gradients_by_loss rec_from_latent_pretrain/: mapper_donor_mapper":0,"Gradients_by_loss rec_from_latent_pretrain/: encoder10":0,"Gradients_by_loss rec_from_latent_pretrain/: encoder13":0,"Gradients_by_loss rec_from_latent_pretrain/: mapper8":0,"Gradients_by_loss rec_from_latent_pretrain/: encoder7":0,"Gradients_by_loss rec_from_latent_pretrain/: mapper9":0,"Gradients_by_loss rec_from_latent_pretrain/: mapper0":0,"Gradients_by_loss rec_from_latent_pretrain/: mapper11":0,"r2_mean_OOD/20_all":0.7983283996582031,"Gradients_by_loss rec_from_latent_pretrain/: mapper2":0,"wasserstein_OOD/10_all":0.1807588770883783,"Gradients_by_loss rec_from_latent_pretrain/: encoder5":0,"Gradients_by_loss recover_latent/: mapper15":0.0036908786111432097,"Gradients_by_loss rec_from_latent_pretrain/: mapper15":0,"Gradients_by_loss recover_latent/: encoder9":0.00888088752969125,"important_notes":{"_type":"html-file","sha256":"352ee1fdb69411f66ed6fc4ecc619235927c8c114e0d1c095b35403bd0e9eb11","size":8030,"path":"media/html/important_notes_0_352ee1fdb69411f66ed6.html"},"Rec/R2_var_train":0.9973837733268738,"r2_mean_criterion/20_all":0.7796284159024557,"Gradients_by_loss recover_latent/: donor_embedder":0.00012643264199141413,"Gradients_by_loss rec_from_latent_pretrain/: encoder2":0,"Gradients_by_loss rec_from_latent_pretrain/: mapper5":0,"_wandb":{"runtime":3813},"_runtime":3813.129949612}