{"Gradients_by_loss rec_from_latent_pretrain/: encoder0":0,"Gradients_by_loss recover_latent/: encoder5":0.0030922728776148468,"Gradients_by_loss recover_latent/: encoder15":0.000689173914035376,"r2_mean_OOD/10_all":0.8050507307052612,"Gradients_by_loss recover_latent/: mapper_donor_mapper":2.4398830598612556e-05,"Gradients_by_loss recover_latent/: mapper3":0.0011521818883862614,"r2_mean_criterion/100_all":0.840046634276708,"Gradients_by_loss rec_from_latent_pretrain/: encoder8":0,"losses/rec_from_latent_pretrain":0.6207671500909488,"Gradients_by_loss rec_from_latent_pretrain/: encoder2":0,"r2_mean_criterion/10_all":0.6062914331754049,"Gradients_by_loss recover_latent/: mapper8":0.0013713572428136049,"Rec/R2_mean_train":0.9978979229927063,"Rec/Pearson_gene_train":0.6937136650085449,"Gradients_by_loss recover_latent/: mapper4":0.0014943757247561135,"r2_var_criterion/20_all":0.5703374246756235,"Gradients_by_loss rec_from_latent_pretrain/: mapper7":0,"r2_var_OOD/10_all":0.6009340286254883,"Gradients_by_loss rec_from_latent_pretrain/: mapper3":0,"Rec/Pearson_sample_train":0.9493562579154968,"Gradients_by_loss rec_from_latent_pretrain/: mapper5":0,"Gradients_by_loss recover_latent/: mapper7":0.0014507306460871277,"Gradients_by_loss recover_latent/: mapper5":0.0016414325601980064,"Gradients_by_loss recover_latent/: encoder3":0.0039049042703153953,"Gradients_by_loss rec_from_latent_pretrain/: encoder14":0,"Gradients_by_loss recover_latent/: mapper13":0.0014429107487694635,"r2_delta_OOD/50_all":0.3970494866371155,"Gradients_by_loss rec_from_latent_pretrain/: encoder13":0,"Gradients_by_loss recover_latent/: encoder8":0.0010145514565107162,"Gradients_by_loss recover_latent/: mapper12":0.0012817398979177652,"Gradients_by_loss rec_from_latent_pretrain/: tissue_embedder":0,"Gradients_by_loss rec_from_latent_pretrain/: mapper_donor_mapper":0,"Gradients_by_loss recover_latent/: encoder13":0.001835387087441627,"r2_delta_OOD/10_all":0.28683698177337646,"r2_var_criterion/50_all":0.5161036650339762,"Gradients_by_loss rec_from_latent_pretrain/: mapper9":0,"Gradients_by_loss recover_latent/: encoder14":0.0010383677379823884,"r2_mean_criterion/50_all":0.8309893508752187,"r2_var_criterion/10_all":0.6782960295677185,"r2_mean_OOD/50_all":0.8876150846481323,"Gradients_by_loss recover_latent/: mapper15":0.0014177877479105174,"Gradients_by_loss rec_from_latent_pretrain/: donor_embedder":0,"Gradients_by_loss rec_from_latent_pretrain/: px_r":6.827666220488027e-05,"Gradients_by_loss recover_latent/: mapper14":0.0014277968670566414,"Gradients_by_loss recover_latent/: encoder1":0.0009797904270591672,"Gradients_by_loss rec_from_latent_pretrain/: mapper10":0,"_runtime":3821.910156101,"Gradients_by_loss rec_from_latent_pretrain/: encoder_pretrain":0.09985725243127314,"Gradients_by_loss recover_latent/: mapper9":0.0012950704567059365,"losses/recover_latent":4.702201891273381e-05,"Gradients_by_loss rec_from_latent_pretrain/: mapper13":0,"MIG_BINNED/dis_latent_stack_tissue_train":0.6620944553078383,"r2_delta_criterion/50_all":0.6596870223681132,"Gradients_by_loss rec_from_latent_pretrain/: encoder11":0,"Gradients_by_loss rec_from_latent_pretrain/: mapper12":0,"Gradients_by_loss rec_from_latent_pretrain/: mapper4":0,"r2_var_OOD/20_all":0.40563178062438965,"Gradients_by_loss recover_latent/: mapper1":0.0003792473790796463,"r2_mean_OOD/20_all":0.8525781631469727,"Gradients_by_loss recover_latent/: mapper11":0.0012869719452173582,"Gradients_by_loss recover_latent/: mapper0":0.0003617356551249316,"Gradients_by_loss rec_from_latent_pretrain/: mapper0":0,"Gradients_by_loss recover_latent/: donor_embedder":6.521589966723695e-05,"Gradients_by_loss rec_from_latent_pretrain/: encoder1":0,"Gradients_by_loss recover_latent/: px_r":0,"Gradients_by_loss recover_latent/: mapper2":0.0005776608748249712,"Gradients_by_loss recover_latent/: encoder7":0.0006077980523402044,"r2_delta_criterion/10_all":0.6340161363283793,"Gradients_by_loss rec_from_latent_pretrain/: encoder5":0,"Gradients_by_loss recover_latent/: encoder10":0.001613110793496924,"Gradients_by_loss rec_from_latent_pretrain/: mapper2":0,"Gradients_by_loss rec_from_latent_pretrain/: mapper11":0,"Gradients_by_loss recover_latent/: encoder_pretrain":0.0002947183416777234,"Gradients_by_loss rec_from_latent_pretrain/: encoder15":0,"r2_delta_criterion/100_all":0.6382833321889242,"important_notes":{"path":"media/html/important_notes_0_2eb9c6bdca586f469d8d.html","_type":"html-file","sha256":"2eb9c6bdca586f469d8d0c827ab89a254cd4595ec8606d7183c370c1221c6e1f","size":8038},"_wandb":{"runtime":3821},"Gradients_by_loss recover_latent/: encoder2":0.002213021038239161,"r2_mean_OOD/100_all":0.9000422954559326,"Gradients_by_loss rec_from_latent_pretrain/: encoder4":0,"Gradients_by_loss rec_from_latent_pretrain/: encoder10":0,"Gradients_by_loss rec_from_latent_pretrain/: mapper1":0,"Gradients_by_loss recover_latent/: mapper6":0.001539562781927564,"Gradients_by_loss rec_from_latent_pretrain/: mapper15":0,"Gradients_by_loss recover_latent/: encoder12":0.0009994665154801484,"Gradients_by_loss recover_latent/: encoder6":0.0013084181802008777,"r2_delta_OOD/100_all":0.44009244441986084,"Gradients_by_loss recover_latent/: encoder0":0.0022715146679563635,"r2_var_OOD/100_all":0.5452740788459778,"Gradients_by_loss rec_from_latent_pretrain/: encoder7":0,"wasserstein_OOD/10_all":0.4903133871103226,"pear_var_criterion/avg_all":NaN,"Gradients_by_loss rec_from_latent_pretrain/: encoder9":0,"Rec/R2_var_train":0.9909558296203613,"r2_delta_OOD/20_all":0.3736756443977356,"_step":521,"Gradients_by_loss recover_latent/: decoder":0,"r2_var_OOD/50_all":0.32716798782348633,"r2_mean_criterion/20_all":0.7591911454995474,"wasserstein_criterion/10_all":0.3204343657811117,"Gradients_by_loss recover_latent/: tissue_embedder":0.00013187331205699593,"Gradients_by_loss recover_latent/: encoder4":0.004217459380556557,"_timestamp":1.7677953627892268e+09,"Gradients_by_loss rec_from_latent_pretrain/: mapper8":0,"Gradients_by_loss recover_latent/: mapper_tissue_mapper":1.5050763841322423e-05,"Gradients_by_loss rec_from_latent_pretrain/: encoder3":0,"r2_var_criterion/100_all":0.5062609910964966,"Gradients_by_loss rec_from_latent_pretrain/: decoder":0.1876013559478551,"Gradients_by_loss rec_from_latent_pretrain/: mapper14":0,"Gradients_by_loss rec_from_latent_pretrain/: encoder6":0,"Gradients_by_loss recover_latent/: encoder9":0.00026555645396021937,"Gradients_by_loss rec_from_latent_pretrain/: mapper6":0,"Gradients_by_loss rec_from_latent_pretrain/: mapper_tissue_mapper":0,"Gradients_by_loss recover_latent/: encoder11":0.0005245349092743011,"Gradients_by_loss recover_latent/: mapper10":0.001288206719585175,"Gradients_by_loss rec_from_latent_pretrain/: encoder12":0,"r2_delta_criterion/20_all":0.6000773310661316}