{"r2_mean/20000": 0.9522106647491455, "r2_var/20000": 0, "pear_var/20000": 0.6145380497479109, "r2_delta/20000": 0.6209333539009094, "r2_mean/200": 0.9380070567131042, "r2_var/200": 0, "pear_var/200": 0.4560208148620608, "r2_delta/200": 0.8373550176620483, "r2_mean/100": 0.9249277710914612, "r2_var/100": 0, "pear_var/100": 0.4078097273106508, "r2_delta/100": 0.8131716251373291, "wass_dist/100": 0.42485493403722985, "r2_mean/50": 0.9238631129264832, "r2_var/50": 0, "pear_var/50": 0.5908992489307516, "r2_delta/50": 0.7977879047393799, "r2_mean/20": 0.9034491181373596, "r2_var/20": 0, "pear_var/20": 0.24935014377412207, "r2_delta/20": 0.6998808979988098, "wass_dist/20": 0.47103290897242134, "r2_mean/10": 0.7845142483711243, "r2_var/10": 0, "pear_var/10": -0.048145766544807976, "r2_delta/10": 0.6925530433654785, "wass_dist/10": 0.4567803497773767, "_timestamp": 1744117516.5383751, "_runtime": 8.282396078109741, "_step": 0, "_wandb": {"runtime": 2}}