{"r2_mean/20000": 0.8895613551139832, "r2_var/20000": 0, "pear_var/20000": 0.44460255418400263, "r2_delta/20000": 0.12399697303771973, "r2_mean/200": 0.8725835084915161, "r2_var/200": 0, "pear_var/200": 0.3185580391276122, "r2_delta/200": 0.6657096147537231, "r2_mean/100": 0.8586010336875916, "r2_var/100": 0, "pear_var/100": 0.1763924890661991, "r2_delta/100": 0.6481078267097473, "wass_dist/100": 0.46882206093152057, "r2_mean/50": 0.8312282562255859, "r2_var/50": 0, "pear_var/50": 0.2116114748118575, "r2_delta/50": 0.5517586469650269, "r2_mean/20": 0.8107513189315796, "r2_var/20": 0, "pear_var/20": -0.11652755312557235, "r2_delta/20": 0.41173839569091797, "wass_dist/20": 0.576766673116356, "r2_mean/10": 0.6953940391540527, "r2_var/10": 0, "pear_var/10": 0.12308600154955213, "r2_delta/10": 0.5653996467590332, "wass_dist/10": 0.5488614312513864, "_timestamp": 1743884518.140162, "_runtime": 1.5753049850463867, "_step": 0, "_wandb": {"runtime": 1}}