{"Gradients_by_loss rec_from_latent_pretrain/: mapper0":0,"Gradients_by_loss rec_from_latent_pretrain/: tissue_embedder":0,"Gradients_by_loss recover_latent/: mapper11":0.0011708550778825144,"r2_delta_OOD/10_all":0.4355044960975647,"Gradients_by_loss rec_from_latent_pretrain/: mapper3":0,"Gradients_by_loss rec_from_latent_pretrain/: mapper10":0,"Gradients_by_loss recover_latent/: mapper3":0.001095367102743161,"Gradients_by_loss rec_from_latent_pretrain/: mapper7":0,"r2_var_criterion/100_all":0.42335857450962067,"losses/recover_latent":8.107084309652041e-05,"Gradients_by_loss recover_latent/: encoder_pretrain":0.00022396594343343775,"r2_delta_OOD/100_all":0.1266595721244812,"_wandb":{"runtime":1303},"r2_var_OOD/100_all":0.5394119620323181,"r2_mean_criterion/10_all":0.6259160861372948,"Gradients_by_loss rec_from_latent_pretrain/: encoder10":0,"Gradients_by_loss recover_latent/: mapper1":0.0008985340540583568,"Gradients_by_loss rec_from_latent_pretrain/: mapper12":0,"r2_var_criterion/20_all":0.31286098062992096,"Gradients_by_loss recover_latent/: encoder5":0.002629399463672973,"Gradients_by_loss rec_from_latent_pretrain/: encoder14":0,"Gradients_by_loss recover_latent/: encoder13":0.0005748223508564469,"Gradients_by_loss recover_latent/: mapper0":0.0005674451246864893,"wasserstein_OOD/10_all":0.758372120344416,"r2_delta_OOD/20_all":0.022402644157409668,"r2_delta_criterion/20_all":0.6496072113513947,"Gradients_by_loss recover_latent/: encoder11":0.0009237992889063766,"Gradients_by_loss rec_from_latent_pretrain/: mapper14":0,"losses/rec_from_latent_pretrain":0.5902826497449151,"Gradients_by_loss rec_from_latent_pretrain/: encoder_pretrain":0.13074354519751039,"Gradients_by_loss rec_from_latent_pretrain/: mapper13":0,"r2_delta_criterion/100_all":0.6769256815314293,"_runtime":1303.85854312,"Gradients_by_loss rec_from_latent_pretrain/: donor_embedder":0,"Gradients_by_loss recover_latent/: mapper4":0.001032467366920294,"Gradients_by_loss recover_latent/: mapper8":0.0011985060589873855,"_step":521,"Gradients_by_loss rec_from_latent_pretrain/: mapper15":0,"Gradients_by_loss recover_latent/: mapper2":0.0011163514442848216,"pear_var_criterion/avg_all":NaN,"r2_delta_criterion/50_all":0.6919520050287247,"Gradients_by_loss recover_latent/: mapper14":0.0012435140033557773,"Gradients_by_loss recover_latent/: decoder":0,"Gradients_by_loss rec_from_latent_pretrain/: encoder1":0,"Rec/R2_var_train":0.9971312284469604,"Gradients_by_loss recover_latent/: encoder12":0.0015899885473558224,"Gradients_by_loss rec_from_latent_pretrain/: encoder6":0,"Gradients_by_loss recover_latent/: mapper5":0.0012426856054937594,"Gradients_by_loss recover_latent/: encoder10":0.00035232404694084926,"r2_delta_criterion/10_all":0.4150336980819702,"Gradients_by_loss rec_from_latent_pretrain/: mapper11":0,"Gradients_by_loss rec_from_latent_pretrain/: encoder4":0,"Gradients_by_loss recover_latent/: encoder0":0.002663414808416195,"_timestamp":1.7681057860450392e+09,"Gradients_by_loss recover_latent/: mapper12":0.0012841193999533675,"Gradients_by_loss rec_from_latent_pretrain/: mapper6":0,"r2_mean_criterion/100_all":0.8822015300393105,"Rec/Pearson_gene_train":0.7534310221672058,"r2_var_criterion/10_all":0.32255320250988007,"Gradients_by_loss recover_latent/: mapper9":0.001172493993494464,"Gradients_by_loss rec_from_latent_pretrain/: encoder12":0,"Gradients_by_loss recover_latent/: mapper_donor_mapper":1.4515606589949725e-05,"Gradients_by_loss rec_from_latent_pretrain/: mapper_tissue_mapper":0,"Gradients_by_loss rec_from_latent_pretrain/: mapper4":0,"Gradients_by_loss rec_from_latent_pretrain/: mapper_donor_mapper":0,"Gradients_by_loss recover_latent/: encoder14":0.0004010789374079806,"Gradients_by_loss rec_from_latent_pretrain/: encoder15":0,"r2_var_OOD/10_all":0.5230245590209961,"r2_mean_OOD/10_all":0.07456707954406738,"Gradients_by_loss rec_from_latent_pretrain/: encoder9":0,"Gradients_by_loss recover_latent/: mapper6":0.0012476570992251553,"r2_mean_criterion/20_all":0.7908397689461708,"Gradients_by_loss recover_latent/: px_r":0,"Gradients_by_loss rec_from_latent_pretrain/: encoder0":0,"Gradients_by_loss rec_from_latent_pretrain/: mapper8":0,"Gradients_by_loss rec_from_latent_pretrain/: px_r":3.928702790290117e-05,"Gradients_by_loss rec_from_latent_pretrain/: encoder13":0,"Gradients_by_loss recover_latent/: mapper7":0.001195755697796701,"Gradients_by_loss rec_from_latent_pretrain/: mapper1":0,"r2_var_OOD/50_all":0.5343701839447021,"Gradients_by_loss recover_latent/: encoder6":0.0017633816923494762,"Gradients_by_loss rec_from_latent_pretrain/: mapper2":0,"MIG_BINNED/dis_latent_stack_tissue_train":0.6779217074811665,"Gradients_by_loss recover_latent/: tissue_embedder":4.3856591219082475e-05,"important_notes":{"sha256":"eeed17b79e8b532d659aac7c490c0fb36e003e05374da9bce2f9724b2a04f098","size":7813,"path":"media/html/important_notes_0_eeed17b79e8b532d659a.html","_type":"html-file"},"Rec/R2_mean_train":0.9974609613418579,"Gradients_by_loss rec_from_latent_pretrain/: encoder3":0,"Gradients_by_loss recover_latent/: mapper_tissue_mapper":1.3756313416021423e-05,"r2_var_OOD/20_all":0.2338058352470398,"r2_mean_OOD/100_all":0.47539085149765015,"r2_var_criterion/50_all":0.3727039396762848,"wasserstein_criterion/10_all":0.45401980626157123,"Gradients_by_loss recover_latent/: mapper15":0.0012314413752934025,"Gradients_by_loss rec_from_latent_pretrain/: encoder2":0,"Gradients_by_loss recover_latent/: encoder15":0.0003417300623337918,"Gradients_by_loss recover_latent/: mapper13":0.0012483690727596649,"Gradients_by_loss rec_from_latent_pretrain/: decoder":0.26662371033892546,"r2_delta_OOD/50_all":0.11432135105133057,"Gradients_by_loss recover_latent/: donor_embedder":4.269959754310548e-05,"Rec/Pearson_sample_train":0.9481462240219116,"Gradients_by_loss recover_latent/: encoder3":0.001122895178074971,"Gradients_by_loss recover_latent/: encoder8":0.0012361272496056958,"Gradients_by_loss recover_latent/: encoder9":0.0007597331407859365,"Gradients_by_loss rec_from_latent_pretrain/: mapper5":0,"Gradients_by_loss recover_latent/: encoder2":0.002665494790846211,"r2_mean_OOD/20_all":0,"r2_mean_criterion/50_all":0.859452486038208,"r2_mean_OOD/50_all":0.3870764374732971,"Gradients_by_loss rec_from_latent_pretrain/: mapper9":0,"Gradients_by_loss recover_latent/: mapper10":0.0011673861714669364,"Gradients_by_loss rec_from_latent_pretrain/: encoder5":0,"Gradients_by_loss recover_latent/: encoder7":0.000906201468657806,"Gradients_by_loss rec_from_latent_pretrain/: encoder8":0,"Gradients_by_loss rec_from_latent_pretrain/: encoder11":0,"Gradients_by_loss rec_from_latent_pretrain/: encoder7":0,"Gradients_by_loss recover_latent/: encoder4":0.0006618260875563702,"Gradients_by_loss recover_latent/: encoder1":0.0024070128472863813}