{"r2_mean_criterion/100_all":0.9529743450028556,"Gradients_by_loss rec_from_latent_pretrain/: mapper6":0,"Gradients_by_loss recover_latent/: mapper12":0.0005597381097759566,"Gradients_by_loss recover_latent/: encoder3":0.0015599416487506932,"Gradients_by_loss recover_latent/: encoder11":0.00032778306615027986,"Gradients_by_loss rec_from_latent_pretrain/: encoder1":0,"Gradients_by_loss recover_latent/: mapper13":0.0005647588394491451,"r2_mean_OOD/20_all":0.9076200723648071,"Gradients_by_loss rec_from_latent_pretrain/: mapper10":0,"important_notes":{"sha256":"50cda724612dc4d412f924f98dec699b9c339896087ca5409f772ae2eea76608","size":7783,"path":"media/html/important_notes_0_50cda724612dc4d412f9.html","_type":"html-file"},"r2_delta_criterion/100_all":0.8920065079416547,"Gradients_by_loss recover_latent/: mapper7":0.0006015414099498681,"Gradients_by_loss rec_from_latent_pretrain/: encoder15":0,"Gradients_by_loss rec_from_latent_pretrain/: mapper8":0,"Gradients_by_loss recover_latent/: decoder":0,"losses/rec_from_latent_pretrain":2.3619480767148606,"r2_delta_OOD/50_all":0.8235337734222412,"Gradients_by_loss recover_latent/: mapper5":0.0005815283232272408,"wasserstein_criterion/100_all":0.2244696333522725,"_runtime":1874.998005243,"Gradients_by_loss rec_from_latent_pretrain/: mapper5":0,"Rec/R2_mean_train":0.998537540435791,"r2_delta_criterion/20_all":0.7696176171302795,"Gradients_by_loss rec_from_latent_pretrain/: encoder14":0,"_wandb":{"runtime":1874},"Gradients_by_loss recover_latent/: condition_embedder":7.399961032206193e-05,"Gradients_by_loss recover_latent/: encoder15":0.0005464037218684146,"Gradients_by_loss rec_from_latent_pretrain/: mapper0":0,"r2_delta_criterion/10_all":0.7644078390938895,"r2_mean_OOD/50_all":0.9241642951965332,"Gradients_by_loss recover_latent/: encoder_pretrain":0.00018440387000481946,"Gradients_by_loss recover_latent/: mapper6":0.0005513193942061266,"Gradients_by_loss rec_from_latent_pretrain/: mapper4":0,"Gradients_by_loss recover_latent/: mapper_condition_mapper":1.063992977702129e-05,"Gradients_by_loss recover_latent/: mapper3":0.0005422940991064519,"Gradients_by_loss rec_from_latent_pretrain/: decoder":0.3151502674269355,"Gradients_by_loss recover_latent/: cell_type_embedder":3.8515379856107756e-05,"wasserstein_criterion/10_all":0.23526104402979595,"Gradients_by_loss rec_from_latent_pretrain/: encoder11":0,"pear_var_criterion/avg_all":NaN,"Gradients_by_loss recover_latent/: encoder6":0.0006284218282565284,"r2_delta_OOD/100_all":0.8529030084609985,"Gradients_by_loss recover_latent/: encoder14":0.00022330525432211854,"Gradients_by_loss rec_from_latent_pretrain/: encoder13":0,"r2_mean_criterion/10_all":0.89246894632067,"Gradients_by_loss rec_from_latent_pretrain/: encoder7":0,"Gradients_by_loss rec_from_latent_pretrain/: encoder8":0,"Gradients_by_loss rec_from_latent_pretrain/: encoder12":0,"Gradients_by_loss recover_latent/: encoder8":0.0005724133255007711,"Rec/Pearson_sample_train":0.9577696919441223,"r2_delta_OOD/20_all":0.7225884199142456,"Gradients_by_loss rec_from_latent_pretrain/: encoder2":0,"wasserstein_OOD/10_all":0.27102733995350625,"Gradients_by_loss recover_latent/: encoder0":0.0018651316846558653,"Rec/Pearson_gene_train":0.7147657871246338,"Gradients_by_loss recover_latent/: mapper8":0.0005796935454135945,"Gradients_by_loss rec_from_latent_pretrain/: encoder9":0,"Gradients_by_loss recover_latent/: mapper2":0.0003760736148918784,"Gradients_by_loss rec_from_latent_pretrain/: condition_embedder":0,"Gradients_by_loss recover_latent/: encoder2":0.0005741362347467166,"Gradients_by_loss rec_from_latent_pretrain/: encoder10":0,"Gradients_by_loss recover_latent/: px_r":0,"Gradients_by_loss recover_latent/: encoder7":0.001065534736087363,"Gradients_by_loss rec_from_latent_pretrain/: mapper3":0,"MIG_BINNED/dis_latent_stack_condition_train":0.6864653151453233,"losses/recover_latent":4.792858747234587e-05,"r2_delta_OOD/10_all":0.7751743793487549,"_step":521,"Gradients_by_loss recover_latent/: encoder9":0.0002587748589754838,"Gradients_by_loss rec_from_latent_pretrain/: mapper15":0,"Gradients_by_loss recover_latent/: encoder10":0.0003252395703118484,"Gradients_by_loss rec_from_latent_pretrain/: mapper2":0,"wasserstein_OOD/100_all":0.29570507443741095,"Gradients_by_loss rec_from_latent_pretrain/: mapper14":0,"r2_mean_criterion/20_all":0.8897536396980286,"Gradients_by_loss rec_from_latent_pretrain/: mapper11":0,"Gradients_by_loss rec_from_latent_pretrain/: mapper12":0,"Gradients_by_loss rec_from_latent_pretrain/: mapper7":0,"Gradients_by_loss rec_from_latent_pretrain/: cell_type_embedder":0,"Gradients_by_loss recover_latent/: mapper_cell_type_mapper":1.7170351436905042e-05,"Gradients_by_loss recover_latent/: mapper4":0.0005743638261154168,"r2_delta_criterion/50_all":0.8712256806237357,"Gradients_by_loss recover_latent/: encoder1":0.0002545651669256151,"Gradients_by_loss recover_latent/: encoder4":0.0011116332888909753,"Rec/R2_var_train":0.9965878129005432,"r2_mean_criterion/50_all":0.9389963320323399,"Gradients_by_loss rec_from_latent_pretrain/: encoder6":0,"Gradients_by_loss rec_from_latent_pretrain/: encoder0":0,"Gradients_by_loss recover_latent/: mapper14":0.0005585053564686956,"Gradients_by_loss rec_from_latent_pretrain/: encoder3":0,"Gradients_by_loss recover_latent/: mapper10":0.0005494076052516008,"r2_mean_OOD/10_all":0.8424224853515625,"Gradients_by_loss rec_from_latent_pretrain/: mapper9":0,"_timestamp":1.7683641743902137e+09,"Gradients_by_loss recover_latent/: mapper9":0.0005539169158630096,"Gradients_by_loss recover_latent/: mapper15":0.0006135969565329337,"r2_mean_OOD/100_all":0.9175664186477661,"Gradients_by_loss rec_from_latent_pretrain/: mapper1":0,"Gradients_by_loss rec_from_latent_pretrain/: mapper13":0,"Gradients_by_loss recover_latent/: mapper0":0.0003530716964256765,"Gradients_by_loss rec_from_latent_pretrain/: px_r":0.00015717264614067972,"Gradients_by_loss recover_latent/: encoder5":0.0006929437022563776,"Gradients_by_loss recover_latent/: encoder13":0.0002839354884252786,"Gradients_by_loss recover_latent/: mapper11":0.0005491232234057909,"Gradients_by_loss rec_from_latent_pretrain/: encoder4":0,"Gradients_by_loss rec_from_latent_pretrain/: encoder5":0,"Gradients_by_loss recover_latent/: encoder12":0.0004160713969622209,"Gradients_by_loss recover_latent/: mapper1":0.0003248029927137271,"Gradients_by_loss rec_from_latent_pretrain/: encoder_pretrain":0.24433809350204483,"Gradients_by_loss rec_from_latent_pretrain/: mapper_cell_type_mapper":0,"Gradients_by_loss rec_from_latent_pretrain/: mapper_condition_mapper":0}