{"r2_mean/20000": 0.9025270342826843, "r2_var/20000": 0, "pear_var/20000": 0.44477604828357226, "r2_delta/20000": 0.22684115171432495, "r2_mean/200": 0.9062305688858032, "r2_var/200": 0, "pear_var/200": 0.31383545517766825, "r2_delta/200": 0.7539861798286438, "r2_mean/100": 0.8827950954437256, "r2_var/100": 0, "pear_var/100": 0.1556626985967265, "r2_delta/100": 0.708318293094635, "wass_dist/100": 0.4550504221619805, "r2_mean/50": 0.8358689546585083, "r2_var/50": 0, "pear_var/50": 0.01412979917593737, "r2_delta/50": 0.5640839338302612, "r2_mean/20": 0.8107955455780029, "r2_var/20": 0, "pear_var/20": -0.4108927198231307, "r2_delta/20": 0.41187584400177, "wass_dist/20": 0.5546681264494089, "r2_mean/10": 0.5471217632293701, "r2_var/10": 0, "pear_var/10": -0.43248083841042667, "r2_delta/10": 0.3538503050804138, "wass_dist/10": 0.5262574921404805, "_timestamp": 1743885057.1646392, "_runtime": 1.5419392585754395, "_step": 0, "_wandb": {"runtime": 1}}