{"r2_var/50":0,"r2_mean/20000":0.7697776556015015,"r2_delta/100":0.9990538954734802,"r2_delta/50":0.9293376803398132,"r2_delta/200":0.9997408986091614,"r2_delta/20000":0.9985721707344055,"r2_var/10":0,"r2_mean/200":0.8497040271759033,"r2_delta/20":0.7960114479064941,"pear_var/200":0.5006690016750824,"r2_var/20":0,"r2_mean/20":0.8634079098701477,"r2_mean/50":0.8690247535705566,"_wandb":{"runtime":0},"wass_dist/100":0.4948361741181289,"pear_var/20":0.6244612261150388,"r2_var/200":0,"wass_dist/10":0.38321219146864866,"r2_mean/100":0.8519042730331421,"_timestamp":1.7438279644279864e+09,"_runtime":0.624162466,"wass_dist/20":0.46448746836764954,"_step":0,"r2_var/20000":0,"r2_delta/10":0.8083211779594421,"r2_var/100":0,"pear_var/100":0.5843778485604635,"r2_mean/10":0.9275888800621033,"pear_var/50":0.6351162119170009,"pear_var/10":-0.3158942141850112,"pear_var/20000":0.6739688538521628}