{"Gradients_by_loss recover_latent/: mapper_tissue_mapper":1.6837908888728573e-05,"r2_var_criterion/100_all":0.29033010452985764,"pear_var_criterion/avg_all":NaN,"Gradients_by_loss rec_from_latent_pretrain/: encoder10":0,"Gradients_by_loss recover_latent/: mapper0":0.0006858773741346302,"Gradients_by_loss recover_latent/: tissue_embedder":6.411677895812318e-05,"r2_delta_OOD/10_all":0.030849337577819824,"Gradients_by_loss rec_from_latent_pretrain/: encoder11":0,"Gradients_by_loss rec_from_latent_pretrain/: encoder13":0,"r2_var_OOD/50_all":0.4090614914894104,"Gradients_by_loss recover_latent/: mapper12":0.001956887185984508,"Gradients_by_loss recover_latent/: mapper15":0.0019006115190796117,"Gradients_by_loss rec_from_latent_pretrain/: mapper15":0,"Gradients_by_loss recover_latent/: mapper10":0.001953593919803193,"Gradients_by_loss recover_latent/: encoder11":0.0016830120411983817,"r2_var_criterion/50_all":0.2399611547589302,"losses/rec_from_latent_pretrain":0.5787693213058424,"Gradients_by_loss rec_from_latent_pretrain/: encoder6":0,"Rec/Pearson_gene_train":0.7680357098579407,"r2_mean_criterion/20_all":0.5544396564364433,"r2_var_OOD/10_all":0.4648028612136841,"_runtime":1149.463696164,"r2_mean_OOD/20_all":0.8051989078521729,"Gradients_by_loss recover_latent/: encoder_pretrain":0.0003399255480824476,"Gradients_by_loss rec_from_latent_pretrain/: mapper1":0,"Gradients_by_loss recover_latent/: encoder12":0.0007207251281709299,"Gradients_by_loss rec_from_latent_pretrain/: encoder8":0,"Gradients_by_loss rec_from_latent_pretrain/: mapper11":0,"r2_var_criterion/10_all":0.31253593415021896,"_timestamp":1.768132725066022e+09,"Rec/Pearson_sample_train":0.9485929012298584,"r2_delta_OOD/50_all":0.3600580096244812,"Rec/R2_mean_train":0.9956530928611755,"Gradients_by_loss recover_latent/: encoder2":0.0012484276740656337,"Gradients_by_loss rec_from_latent_pretrain/: mapper6":0,"r2_delta_OOD/20_all":0.17608797550201416,"Gradients_by_loss rec_from_latent_pretrain/: encoder3":0,"Gradients_by_loss recover_latent/: mapper7":0.00220493743598178,"r2_delta_criterion/50_all":0.48136648535728455,"Gradients_by_loss rec_from_latent_pretrain/: encoder4":0,"Gradients_by_loss rec_from_latent_pretrain/: mapper4":0,"Gradients_by_loss rec_from_latent_pretrain/: donor_embedder":0,"Gradients_by_loss rec_from_latent_pretrain/: mapper0":0,"Gradients_by_loss recover_latent/: mapper11":0.001962541376363498,"Gradients_by_loss rec_from_latent_pretrain/: px_r":8.504667493980378e-05,"Gradients_by_loss rec_from_latent_pretrain/: mapper8":0,"wasserstein_criterion/10_all":0.6697179076645985,"Gradients_by_loss recover_latent/: mapper13":0.0019562174242386825,"Gradients_by_loss recover_latent/: px_r":0,"_wandb":{"runtime":1149},"losses/recover_latent":5.9514727478086526e-05,"Gradients_by_loss recover_latent/: mapper1":0.0006968567166053848,"r2_delta_criterion/20_all":0.3897784650325775,"Gradients_by_loss rec_from_latent_pretrain/: mapper_tissue_mapper":0,"Gradients_by_loss rec_from_latent_pretrain/: mapper10":0,"Gradients_by_loss rec_from_latent_pretrain/: encoder9":0,"Gradients_by_loss recover_latent/: encoder6":0.0011494285244764387,"Gradients_by_loss recover_latent/: mapper14":0.0019471279852166501,"Gradients_by_loss recover_latent/: encoder9":0.0009426073974266137,"Gradients_by_loss recover_latent/: encoder8":0.0013596639522985455,"Gradients_by_loss rec_from_latent_pretrain/: encoder0":0,"Gradients_by_loss rec_from_latent_pretrain/: mapper13":0,"r2_mean_OOD/50_all":0.8048140406608582,"r2_mean_criterion/10_all":0.310586154460907,"r2_delta_criterion/100_all":0.5026814937591553,"Gradients_by_loss rec_from_latent_pretrain/: mapper5":0,"Gradients_by_loss recover_latent/: mapper_donor_mapper":2.8390338830122357e-05,"Gradients_by_loss recover_latent/: encoder15":0.0001283902448518281,"_step":521,"r2_mean_OOD/100_all":0.8280580043792725,"Gradients_by_loss recover_latent/: encoder4":0.0053396386918320125,"Gradients_by_loss recover_latent/: encoder14":0.0008587586389663126,"Gradients_by_loss recover_latent/: encoder3":0.0032670289153512192,"Gradients_by_loss rec_from_latent_pretrain/: mapper7":0,"r2_mean_criterion/50_all":0.7289682030677795,"Gradients_by_loss rec_from_latent_pretrain/: mapper14":0,"Gradients_by_loss recover_latent/: mapper6":0.0020845840190507913,"Gradients_by_loss rec_from_latent_pretrain/: mapper2":0,"Gradients_by_loss recover_latent/: mapper5":0.0023109099554961734,"r2_delta_criterion/10_all":0.3304772824048996,"r2_mean_criterion/100_all":0.7883053421974182,"r2_var_OOD/100_all":0.4585387706756592,"Gradients_by_loss rec_from_latent_pretrain/: mapper_donor_mapper":0,"Gradients_by_loss rec_from_latent_pretrain/: tissue_embedder":0,"Gradients_by_loss recover_latent/: encoder7":0.004153676316402108,"Gradients_by_loss recover_latent/: mapper8":0.0020736946045697337,"r2_delta_OOD/100_all":0.3566654324531555,"Gradients_by_loss rec_from_latent_pretrain/: mapper9":0,"Gradients_by_loss recover_latent/: encoder0":0.0050012096011202,"Gradients_by_loss recover_latent/: mapper3":0.0011111894019497203,"Gradients_by_loss rec_from_latent_pretrain/: encoder5":0,"Gradients_by_loss rec_from_latent_pretrain/: decoder":0.5878818316429786,"Gradients_by_loss rec_from_latent_pretrain/: encoder12":0,"Gradients_by_loss recover_latent/: encoder13":0.0007430982991557388,"Gradients_by_loss recover_latent/: encoder10":0.00024100979556072378,"Rec/R2_var_train":0.9851996302604675,"Gradients_by_loss recover_latent/: encoder1":0.0012888800850024403,"Gradients_by_loss recover_latent/: mapper9":0.002034705653014002,"Gradients_by_loss recover_latent/: mapper2":0.000695956457004494,"Gradients_by_loss rec_from_latent_pretrain/: encoder1":0,"r2_var_OOD/20_all":0.19715166091918945,"Gradients_by_loss rec_from_latent_pretrain/: encoder15":0,"Gradients_by_loss rec_from_latent_pretrain/: encoder_pretrain":0.3380828651393518,"important_notes":{"_type":"html-file","sha256":"b05de9419500ad37bb13eb98dba13792480ee556404c5b893af150e80057afc8","size":7813,"path":"media/html/important_notes_0_b05de9419500ad37bb13.html"},"Gradients_by_loss rec_from_latent_pretrain/: encoder2":0,"wasserstein_OOD/10_all":0.6344125727997654,"Gradients_by_loss recover_latent/: encoder5":0.005749499160369764,"MIG_BINNED/dis_latent_stack_tissue_train":0.6761165927006514,"Gradients_by_loss rec_from_latent_pretrain/: mapper12":0,"Gradients_by_loss recover_latent/: donor_embedder":0.00013169014710001647,"Gradients_by_loss rec_from_latent_pretrain/: encoder7":0,"r2_var_criterion/20_all":0.23992832750082016,"Gradients_by_loss recover_latent/: mapper4":0.001780712114879766,"Gradients_by_loss rec_from_latent_pretrain/: mapper3":0,"r2_mean_OOD/10_all":0.7360363006591797,"Gradients_by_loss rec_from_latent_pretrain/: encoder14":0,"Gradients_by_loss recover_latent/: decoder":0}