{"r2_mean/20000": 0.9742050170898438, "r2_var/20000": 0, "pear_var/20000": 0.5760659510445674, "r2_delta/20000": 0.6017024517059326, "r2_mean/200": 0.9557610154151917, "r2_var/200": 0, "pear_var/200": 0.7018811462833917, "r2_delta/200": 0.8190653324127197, "r2_mean/100": 0.9393543601036072, "r2_var/100": 0, "pear_var/100": 0.7935848469837061, "r2_delta/100": 0.8070495128631592, "wass_dist/100": 0.3884987901261124, "r2_mean/50": 0.9192712903022766, "r2_var/50": 0, "pear_var/50": 0.4738703998044573, "r2_delta/50": 0.7446024417877197, "r2_mean/20": 0.9587791562080383, "r2_var/20": 0, "pear_var/20": 0.06101053479527243, "r2_delta/20": 0.8396962285041809, "wass_dist/20": 0.4135909837407306, "r2_mean/10": 0.9171456098556519, "r2_var/10": 0, "pear_var/10": -0.34435475504368723, "r2_delta/10": 0.8842170238494873, "wass_dist/10": 0.38309187561206137, "_timestamp": 1744123626.571747, "_runtime": 1.3491671085357666, "_step": 0, "_wandb": {"runtime": 1}}