{"Gradients_by_loss recover_latent/: encoder10":0.010313017126235982,"Gradients_by_loss recover_latent/: encoder7":0.011488183548182955,"Gradients_by_loss recover_latent/: encoder12":0.007962548220660554,"r2_delta_criterion/20_all":0.30853374979712744,"Gradients_by_loss rec_from_latent_pretrain/: encoder12":0,"Gradients_by_loss rec_from_latent_pretrain/: encoder15":0,"r2_mean_criterion/50_all":0.4889147173274647,"r2_var_criterion/20_all":0.09878652204166759,"r2_delta_criterion/100_all":0.29247689788991754,"Gradients_by_loss rec_from_latent_pretrain/: encoder6":0,"Gradients_by_loss rec_from_latent_pretrain/: encoder4":0,"Gradients_by_loss recover_latent/: mapper9":0.016207005338092505,"r2_var_OOD/100_all":0,"Gradients_by_loss recover_latent/: encoder8":0.00509053075652541,"Gradients_by_loss recover_latent/: mapper2":0.005433945838222459,"Gradients_by_loss recover_latent/: encoder_pretrain":0.007251177639389162,"Gradients_by_loss recover_latent/: mapper15":0.017308080544153476,"r2_mean_criterion/100_all":0.569618821144104,"r2_mean_criterion/20_all":0.2508016391233964,"Gradients_by_loss rec_from_latent_pretrain/: mapper7":0,"Gradients_by_loss rec_from_latent_pretrain/: mapper2":0,"Gradients_by_loss recover_latent/: mapper3":0.007095334755825274,"Rec/Pearson_gene_train":0.8925020694732666,"r2_mean_OOD/10_all":0,"Gradients_by_loss recover_latent/: encoder9":0.006489877253216788,"r2_delta_criterion/50_all":0.34006312218579376,"Gradients_by_loss recover_latent/: mapper11":0.01666946317600599,"Gradients_by_loss rec_from_latent_pretrain/: px_r":0.0005513319629244506,"Gradients_by_loss rec_from_latent_pretrain/: mapper1":0,"Gradients_by_loss rec_from_latent_pretrain/: encoder5":0,"Gradients_by_loss rec_from_latent_pretrain/: mapper14":0,"pear_var_criterion/avg_all":NaN,"Gradients_by_loss rec_from_latent_pretrain/: encoder9":0,"losses/rec_from_latent_pretrain":0.7596578763590919,"Rec/R2_var_train":0.9387397766113281,"Gradients_by_loss recover_latent/: mapper10":0.01677320559410353,"Rec/R2_mean_train":0.9933584928512573,"important_notes":{"_type":"html-file","sha256":"4ba95532a427ba09ecacc4f9cb7ca74b360993b730098e99360e99e0ae0e1e6b","size":7816,"path":"media/html/important_notes_0_4ba95532a427ba09ecac.html"},"Gradients_by_loss recover_latent/: mapper_donor_mapper":0.0005175824450573474,"Gradients_by_loss recover_latent/: px_r":0,"Gradients_by_loss recover_latent/: mapper12":0.016962969508671863,"Gradients_by_loss recover_latent/: mapper1":0.004858958196541328,"r2_delta_OOD/100_all":0.10150599479675293,"r2_mean_OOD/50_all":0.20418071746826172,"Gradients_by_loss rec_from_latent_pretrain/: mapper0":0,"Gradients_by_loss recover_latent/: encoder4":0.01521665823698567,"Gradients_by_loss rec_from_latent_pretrain/: mapper8":0,"Gradients_by_loss rec_from_latent_pretrain/: encoder1":0,"Gradients_by_loss recover_latent/: encoder14":0.001375547637303511,"Gradients_by_loss rec_from_latent_pretrain/: decoder":0.6366548317806027,"r2_delta_OOD/50_all":0.07524693012237549,"Gradients_by_loss rec_from_latent_pretrain/: encoder2":0,"Gradients_by_loss recover_latent/: mapper14":0.017193902758182618,"_step":521,"Gradients_by_loss rec_from_latent_pretrain/: encoder13":0,"r2_mean_OOD/100_all":0.5230021476745605,"Gradients_by_loss rec_from_latent_pretrain/: mapper10":0,"Gradients_by_loss recover_latent/: encoder0":0.017189966474859136,"Gradients_by_loss rec_from_latent_pretrain/: encoder0":0,"r2_delta_OOD/10_all":0.5356382131576538,"Gradients_by_loss rec_from_latent_pretrain/: encoder14":0,"_runtime":161.002719275,"Gradients_by_loss rec_from_latent_pretrain/: encoder8":0,"wasserstein_OOD/10_all":0.9397439182454977,"r2_var_criterion/10_all":0.07630593126470392,"r2_var_OOD/20_all":0,"r2_var_criterion/100_all":0.09149856459010731,"Gradients_by_loss rec_from_latent_pretrain/: mapper3":0,"Gradients_by_loss recover_latent/: mapper13":0.017079996882976213,"r2_mean_criterion/10_all":0.22120211341164328,"Gradients_by_loss recover_latent/: decoder":0,"Gradients_by_loss rec_from_latent_pretrain/: mapper_donor_mapper":0,"Gradients_by_loss rec_from_latent_pretrain/: mapper11":0,"r2_mean_OOD/20_all":0,"Gradients_by_loss rec_from_latent_pretrain/: encoder11":0,"Rec/Pearson_sample_train":0.9203147888183594,"r2_var_criterion/50_all":0.05675175515088168,"_timestamp":1.7677546130412886e+09,"Gradients_by_loss recover_latent/: encoder13":0.009237651072922449,"Gradients_by_loss recover_latent/: mapper6":0.015555789439805824,"r2_var_OOD/50_all":0,"Gradients_by_loss recover_latent/: mapper5":0.010965783675605398,"Gradients_by_loss recover_latent/: mapper7":0.015603939363895609,"r2_var_OOD/10_all":0.03608590364456177,"Gradients_by_loss rec_from_latent_pretrain/: mapper4":0,"Gradients_by_loss recover_latent/: mapper8":0.01627647383028428,"Gradients_by_loss rec_from_latent_pretrain/: tissue_embedder":0,"Gradients_by_loss recover_latent/: mapper0":0.0012805041272356634,"losses/recover_latent":0.0015788443722865647,"Gradients_by_loss rec_from_latent_pretrain/: mapper6":0,"Gradients_by_loss recover_latent/: encoder2":0.0066008428338932565,"Gradients_by_loss rec_from_latent_pretrain/: encoder10":0,"wasserstein_criterion/10_all":0.8121419983849877,"Gradients_by_loss recover_latent/: mapper4":0.010808448139769491,"r2_delta_criterion/10_all":0.30791442502628674,"Gradients_by_loss recover_latent/: encoder11":0.0056672667920929405,"r2_delta_OOD/20_all":0.31418025493621826,"Gradients_by_loss rec_from_latent_pretrain/: encoder_pretrain":0.45866703816960347,"Gradients_by_loss rec_from_latent_pretrain/: encoder3":0,"Gradients_by_loss rec_from_latent_pretrain/: donor_embedder":0,"Gradients_by_loss recover_latent/: encoder6":0.019705930053717007,"Gradients_by_loss recover_latent/: mapper_tissue_mapper":0.0005018295702305108,"Gradients_by_loss recover_latent/: tissue_embedder":0.0010154347401112318,"Gradients_by_loss rec_from_latent_pretrain/: encoder7":0,"Gradients_by_loss rec_from_latent_pretrain/: mapper12":0,"Gradients_by_loss rec_from_latent_pretrain/: mapper5":0,"Gradients_by_loss rec_from_latent_pretrain/: mapper15":0,"Gradients_by_loss recover_latent/: encoder5":0.01222740113456458,"Gradients_by_loss rec_from_latent_pretrain/: mapper9":0,"_wandb":{"runtime":161},"MIG_BINNED/dis_latent_stack_tissue_train":0.6576943246087222,"Gradients_by_loss rec_from_latent_pretrain/: mapper13":0,"Gradients_by_loss recover_latent/: encoder3":0.01165690352174777,"Gradients_by_loss recover_latent/: encoder1":0.013822296612206011,"Gradients_by_loss recover_latent/: donor_embedder":0.00023868204152677208,"Gradients_by_loss recover_latent/: encoder15":0.0014715795100751145,"Gradients_by_loss rec_from_latent_pretrain/: mapper_tissue_mapper":0}