{"_runtime":0.665103463,"r2_mean/10":0.663006067276001,"r2_var/10":0,"_timestamp":1.743829402034291e+09,"r2_delta/50":0.999934196472168,"r2_mean/200":0.7445404529571533,"pear_var/50":0.2297396328005891,"r2_delta/100":0.999891996383667,"r2_mean/100":0.748056173324585,"r2_var/20000":0,"wass_dist/100":0.5468029666326855,"_wandb":{"runtime":0},"pear_var/100":0.4207179008997601,"r2_delta/20":0.9999563694000244,"r2_var/50":0,"pear_var/200":0.42056741285800225,"r2_mean/50":0.7178317904472351,"_step":0,"r2_mean/20000":0.7973008155822754,"r2_delta/10":0,"r2_mean/20":0.6380325555801392,"pear_var/20":0.2780842087429809,"wass_dist/20":0.6538499894059153,"r2_delta/200":0.9998185038566589,"r2_delta/20000":0.9994233846664429,"r2_var/200":0,"pear_var/20000":0.5088402429791806,"pear_var/10":0.6430291012673324,"r2_var/20":0,"r2_var/100":0,"wass_dist/10":0.5183192135939518}