{"Gradients_by_loss rec_from_latent_pretrain/: mapper10":0,"r2_var_criterion/10_all":0.2651411443948746,"Gradients_by_loss recover_latent/: encoder14":0.0006078703956089704,"r2_var_criterion/20_all":0.2844120189547539,"Gradients_by_loss rec_from_latent_pretrain/: mapper13":0,"Gradients_by_loss recover_latent/: encoder2":0.004077461351879391,"Gradients_by_loss recover_latent/: encoder7":0.004362613067061291,"important_notes":{"sha256":"6e1ed55bf2d5340c9261eef04ba5ad348907614fc70f1946d4ff5849b4035499","size":7813,"path":"media/html/important_notes_0_6e1ed55bf2d5340c9261.html","_type":"html-file"},"r2_mean_OOD/100_all":0.8393678665161133,"r2_mean_OOD/50_all":0.8177372813224792,"Rec/R2_mean_train":0.9988209009170532,"Gradients_by_loss recover_latent/: encoder10":0.0006812635157255842,"Gradients_by_loss rec_from_latent_pretrain/: mapper0":0,"r2_var_OOD/50_all":0.6731148958206177,"Gradients_by_loss recover_latent/: mapper5":0.001855798642839355,"r2_var_OOD/10_all":0.49952226877212524,"losses/rec_from_latent_pretrain":0.6036647116836114,"r2_var_OOD/100_all":0.6890450716018677,"Gradients_by_loss rec_from_latent_pretrain/: donor_embedder":0,"Gradients_by_loss rec_from_latent_pretrain/: encoder4":0,"Gradients_by_loss recover_latent/: mapper12":0.002330392549736437,"Gradients_by_loss recover_latent/: decoder":0,"r2_delta_OOD/10_all":0.10693198442459106,"r2_var_OOD/20_all":0.6412099003791809,"Gradients_by_loss recover_latent/: mapper10":0.002038877360202275,"Gradients_by_loss recover_latent/: encoder4":0.004043454860233773,"losses/recover_latent":5.8091056462792866e-05,"Gradients_by_loss rec_from_latent_pretrain/: encoder3":0,"Gradients_by_loss recover_latent/: mapper1":0.001053709200499202,"r2_var_criterion/50_all":0.2639918923377991,"wasserstein_criterion/10_all":0.6161548355342097,"Gradients_by_loss recover_latent/: encoder13":0.0009786711630571147,"MIG_BINNED/dis_latent_stack_tissue_train":0.6685594795512356,"r2_mean_criterion/20_all":0.6065670475363731,"Gradients_by_loss recover_latent/: donor_embedder":0.00014018124784342945,"Gradients_by_loss recover_latent/: mapper_tissue_mapper":3.246578288966505e-05,"_wandb":{"runtime":1313},"Gradients_by_loss recover_latent/: mapper9":0.0021429123937005737,"Gradients_by_loss rec_from_latent_pretrain/: mapper1":0,"r2_delta_OOD/20_all":0.2233399748802185,"Gradients_by_loss recover_latent/: encoder8":0.0016020333315444647,"Gradients_by_loss rec_from_latent_pretrain/: encoder10":0,"Gradients_by_loss recover_latent/: mapper13":0.0022854612502578543,"Gradients_by_loss rec_from_latent_pretrain/: mapper11":0,"Gradients_by_loss rec_from_latent_pretrain/: px_r":8.39016938698478e-05,"Gradients_by_loss recover_latent/: px_r":0,"Gradients_by_loss rec_from_latent_pretrain/: mapper9":0,"_timestamp":1.7681269741690059e+09,"Gradients_by_loss rec_from_latent_pretrain/: encoder13":0,"Gradients_by_loss recover_latent/: mapper4":0.0018601697428490716,"Gradients_by_loss rec_from_latent_pretrain/: mapper4":0,"r2_delta_criterion/100_all":0.5509348660707474,"Gradients_by_loss recover_latent/: mapper2":0.0015620505811039308,"Gradients_by_loss recover_latent/: encoder3":0.004508021352330653,"Gradients_by_loss recover_latent/: encoder1":0.001959660985162979,"Gradients_by_loss recover_latent/: encoder5":0.0015379885233367536,"Gradients_by_loss rec_from_latent_pretrain/: encoder9":0,"Gradients_by_loss rec_from_latent_pretrain/: mapper15":0,"Gradients_by_loss recover_latent/: tissue_embedder":0.00022835229174233973,"Gradients_by_loss rec_from_latent_pretrain/: mapper3":0,"Gradients_by_loss recover_latent/: mapper0":0.000994039783111118,"Rec/R2_var_train":0.9929765462875366,"Gradients_by_loss recover_latent/: encoder11":0.004920278046417267,"r2_delta_OOD/50_all":0.4024283289909363,"Gradients_by_loss rec_from_latent_pretrain/: encoder5":0,"Gradients_by_loss rec_from_latent_pretrain/: mapper14":0,"Gradients_by_loss recover_latent/: mapper3":0.0018424137045577166,"Gradients_by_loss rec_from_latent_pretrain/: encoder0":0,"Gradients_by_loss rec_from_latent_pretrain/: mapper8":0,"_step":521,"Gradients_by_loss rec_from_latent_pretrain/: mapper_donor_mapper":0,"Gradients_by_loss rec_from_latent_pretrain/: encoder12":0,"Gradients_by_loss rec_from_latent_pretrain/: encoder2":0,"Gradients_by_loss rec_from_latent_pretrain/: mapper5":0,"Gradients_by_loss rec_from_latent_pretrain/: mapper7":0,"r2_mean_criterion/10_all":0.37731359153985977,"Gradients_by_loss rec_from_latent_pretrain/: encoder6":0,"Gradients_by_loss rec_from_latent_pretrain/: encoder11":0,"Gradients_by_loss rec_from_latent_pretrain/: mapper_tissue_mapper":0,"r2_mean_OOD/20_all":0.8163709044456482,"Gradients_by_loss rec_from_latent_pretrain/: encoder14":0,"r2_delta_criterion/10_all":0.356522873044014,"Gradients_by_loss rec_from_latent_pretrain/: mapper12":0,"Gradients_by_loss recover_latent/: mapper6":0.0018888332200151545,"r2_mean_criterion/100_all":0.8025855123996735,"Gradients_by_loss recover_latent/: encoder9":0.0019136460920024501,"Gradients_by_loss rec_from_latent_pretrain/: encoder7":0,"Gradients_by_loss recover_latent/: mapper_donor_mapper":5.705025255691339e-05,"r2_var_criterion/100_all":0.30584991723299026,"Gradients_by_loss rec_from_latent_pretrain/: tissue_embedder":0,"Gradients_by_loss recover_latent/: mapper7":0.002196994534980084,"Gradients_by_loss recover_latent/: mapper11":0.002356960473269478,"r2_delta_criterion/20_all":0.4780147522687912,"Gradients_by_loss rec_from_latent_pretrain/: decoder":0.7032908829460065,"r2_delta_criterion/50_all":0.5521635115146637,"Gradients_by_loss rec_from_latent_pretrain/: encoder8":0,"r2_mean_criterion/50_all":0.7570722252130508,"Gradients_by_loss recover_latent/: mapper8":0.002076004743824795,"Rec/Pearson_sample_train":0.946491539478302,"Gradients_by_loss recover_latent/: encoder6":0.0016945570098064377,"Gradients_by_loss recover_latent/: encoder15":0.0031598010850771787,"r2_delta_OOD/100_all":0.3989821672439575,"Gradients_by_loss recover_latent/: encoder0":0.006005199627415095,"Gradients_by_loss rec_from_latent_pretrain/: encoder1":0,"Gradients_by_loss recover_latent/: encoder12":0.000289373899053083,"Gradients_by_loss rec_from_latent_pretrain/: encoder15":0,"r2_mean_OOD/10_all":0.7567586302757263,"Rec/Pearson_gene_train":0.7367225289344788,"Gradients_by_loss recover_latent/: mapper14":0.0022060433831732943,"_runtime":1313.629113131,"pear_var_criterion/avg_all":NaN,"Gradients_by_loss rec_from_latent_pretrain/: encoder_pretrain":0.31146736162016503,"Gradients_by_loss rec_from_latent_pretrain/: mapper2":0,"Gradients_by_loss recover_latent/: mapper15":0.002725133268127097,"wasserstein_OOD/10_all":0.5942209120810531,"Gradients_by_loss recover_latent/: encoder_pretrain":0.0004840351253531518,"Gradients_by_loss rec_from_latent_pretrain/: mapper6":0}