{"r2_mean/20000": 0.927960991859436, "r2_var/20000": 0, "pear_var/20000": 0.4638500347551162, "r2_delta/20000": 0.28362900018692017, "r2_mean/200": 0.8648210167884827, "r2_var/200": 0, "pear_var/200": 0.31670016715392846, "r2_delta/200": 0.5852572917938232, "r2_mean/100": 0.789456844329834, "r2_var/100": 0, "pear_var/100": 0.19191372250765332, "r2_delta/100": 0.44047319889068604, "wass_dist/100": 0.455952488934811, "r2_mean/50": 0.7200523614883423, "r2_var/50": 0, "pear_var/50": 0.24575764694499014, "r2_delta/50": 0.2766055464744568, "r2_mean/20": 0.6748040914535522, "r2_var/20": 0, "pear_var/20": 0.02541954160643741, "r2_delta/20": 0, "wass_dist/20": 0.6237578668284074, "r2_mean/10": 0.47126901149749756, "r2_var/10": 0, "pear_var/10": -0.5323472491863077, "r2_delta/10": 0.13557404279708862, "wass_dist/10": 0.5899166369617398, "_timestamp": 1743877220.7475944, "_runtime": 1.327289342880249, "_step": 0, "_wandb": {"runtime": 1}}