{"r2_mean/20000": 0.7823718786239624, "r2_var/20000": 0, "pear_var/20000": 0.43491875660833046, "r2_delta/20000": 0.011644542217254639, "r2_mean/200": 0.5788437128067017, "r2_var/200": 0, "pear_var/200": 0.2671647005120581, "r2_delta/200": 0.31786900758743286, "r2_mean/100": 0.5361007452011108, "r2_var/100": 0, "pear_var/100": 0.2872007142788673, "r2_delta/100": 0.3609324097633362, "wass_dist/100": 0.5270297943042992, "r2_mean/50": 0.365608274936676, "r2_var/50": 0, "pear_var/50": 0.27862610771612845, "r2_delta/50": 0.11378586292266846, "r2_mean/20": 0.2018706202507019, "r2_var/20": 0, "pear_var/20": 0.24319761927187333, "r2_delta/20": 0, "wass_dist/20": 0.7897690682325442, "r2_mean/10": 0, "r2_var/10": 0, "pear_var/10": 0.5570525576462183, "r2_delta/10": 0, "wass_dist/10": 0.6593524932209476, "_timestamp": 1743909908.462302, "_runtime": 1.506908893585205, "_step": 0, "_wandb": {"runtime": 1}}