{"wasserstein_OOD/10_all":0.9793665310370165,"Gradients_by_loss rec_from_latent_pretrain/: mapper15":0,"Gradients_by_loss rec_from_latent_pretrain/: donor_embedder":0,"Gradients_by_loss recover_latent/: mapper4":0.005713686023234852,"r2_var_criterion/10_all":0.19834942370653152,"Gradients_by_loss rec_from_latent_pretrain/: encoder0":0,"Gradients_by_loss rec_from_latent_pretrain/: encoder9":0,"Gradients_by_loss rec_from_latent_pretrain/: encoder5":0,"r2_delta_criterion/50_all":0.5725348964333534,"r2_var_OOD/20_all":0,"Gradients_by_loss recover_latent/: encoder10":0.0020479387157337544,"r2_delta_OOD/20_all":0.42064368724823,"r2_delta_OOD/100_all":0.3404899835586548,"Rec/R2_mean_train":0.9941886067390442,"r2_var_OOD/100_all":0,"Gradients_by_loss rec_from_latent_pretrain/: encoder11":0,"Gradients_by_loss rec_from_latent_pretrain/: encoder_pretrain":0.29855120939064544,"Gradients_by_loss rec_from_latent_pretrain/: encoder4":0,"Gradients_by_loss recover_latent/: encoder2":0.010725976625809226,"Gradients_by_loss recover_latent/: encoder5":0.007523726333219283,"Gradients_by_loss recover_latent/: encoder11":0.007269906150755815,"r2_var_criterion/20_all":0.1613062471151352,"_wandb":{"runtime":1235},"Gradients_by_loss rec_from_latent_pretrain/: mapper0":0,"Gradients_by_loss rec_from_latent_pretrain/: decoder":0.6085734856151743,"Gradients_by_loss recover_latent/: encoder6":0.004227171189367196,"r2_mean_criterion/50_all":0.7988641411066055,"Gradients_by_loss recover_latent/: encoder14":0.007514056123882834,"Gradients_by_loss recover_latent/: encoder0":0.009676878993701418,"Gradients_by_loss recover_latent/: mapper_tissue_mapper":0.00012336601096783848,"r2_var_criterion/100_all":0.2655232846736908,"Gradients_by_loss recover_latent/: mapper2":0.0053036151644202745,"losses/rec_from_latent_pretrain":0.5849433290330988,"Gradients_by_loss rec_from_latent_pretrain/: mapper13":0,"Gradients_by_loss recover_latent/: encoder13":0.0029831776362760983,"Gradients_by_loss recover_latent/: encoder7":0.008587187943673798,"Gradients_by_loss recover_latent/: mapper7":0.005948567096371694,"Gradients_by_loss recover_latent/: encoder3":0.010902216953102771,"r2_var_OOD/10_all":0,"Gradients_by_loss rec_from_latent_pretrain/: encoder15":0,"r2_delta_criterion/100_all":0.5816149190068245,"Gradients_by_loss rec_from_latent_pretrain/: encoder7":0,"r2_var_criterion/50_all":0.2174077257514,"MIG_BINNED/dis_latent_stack_tissue_train":0.6734024029246632,"Gradients_by_loss rec_from_latent_pretrain/: mapper2":0,"Gradients_by_loss rec_from_latent_pretrain/: encoder14":0,"Gradients_by_loss rec_from_latent_pretrain/: encoder12":0,"Rec/Pearson_gene_train":0.7643877856492997,"Gradients_by_loss rec_from_latent_pretrain/: mapper6":0,"Gradients_by_loss recover_latent/: encoder_pretrain":0.0018109264283921686,"Gradients_by_loss rec_from_latent_pretrain/: mapper_tissue_mapper":0,"Gradients_by_loss recover_latent/: mapper13":0.0068324493732288384,"Gradients_by_loss rec_from_latent_pretrain/: mapper10":0,"Gradients_by_loss rec_from_latent_pretrain/: px_r":6.408261833712459e-05,"Gradients_by_loss rec_from_latent_pretrain/: encoder8":0,"Gradients_by_loss recover_latent/: encoder8":0.0009387350819755839,"r2_delta_OOD/50_all":0.31337910890579224,"Gradients_by_loss rec_from_latent_pretrain/: encoder3":0,"Gradients_by_loss recover_latent/: mapper6":0.0056659060348718225,"Gradients_by_loss rec_from_latent_pretrain/: mapper8":0,"Gradients_by_loss rec_from_latent_pretrain/: encoder10":0,"r2_mean_criterion/100_all":0.8388406783342361,"r2_delta_criterion/10_all":0.38040728121995926,"r2_delta_criterion/20_all":0.4627118334174156,"Gradients_by_loss recover_latent/: mapper1":0.005033394821342914,"Gradients_by_loss rec_from_latent_pretrain/: mapper12":0,"r2_mean_OOD/100_all":0.6617554426193237,"Gradients_by_loss recover_latent/: mapper0":0.0019317395991318375,"Gradients_by_loss recover_latent/: mapper12":0.006916047030559369,"Gradients_by_loss recover_latent/: encoder12":0.009653537972869471,"Gradients_by_loss recover_latent/: px_r":0,"Gradients_by_loss recover_latent/: encoder4":0.012303360981853223,"Gradients_by_loss recover_latent/: donor_embedder":0.0003667101846076548,"Gradients_by_loss recover_latent/: mapper8":0.005768404211692566,"Gradients_by_loss recover_latent/: decoder":0,"Gradients_by_loss rec_from_latent_pretrain/: mapper_donor_mapper":0,"Gradients_by_loss recover_latent/: mapper_donor_mapper":0.00015362195186620033,"Gradients_by_loss recover_latent/: tissue_embedder":0.00013988051796332002,"Gradients_by_loss rec_from_latent_pretrain/: mapper3":0,"_timestamp":1.768130635757732e+09,"Gradients_by_loss rec_from_latent_pretrain/: mapper14":0,"Gradients_by_loss recover_latent/: mapper14":0.007140258957487789,"Rec/R2_var_train":0.9888123869895935,"Gradients_by_loss rec_from_latent_pretrain/: mapper7":0,"Gradients_by_loss recover_latent/: mapper3":0.005460374309149129,"Gradients_by_loss recover_latent/: mapper11":0.006249398026264864,"Gradients_by_loss recover_latent/: mapper15":0.007505800211150497,"Gradients_by_loss rec_from_latent_pretrain/: encoder1":0,"Gradients_by_loss rec_from_latent_pretrain/: tissue_embedder":0,"r2_mean_OOD/10_all":0,"_runtime":1235.253931515,"Gradients_by_loss recover_latent/: mapper10":0.005930019808814913,"Gradients_by_loss recover_latent/: mapper9":0.006168992640808395,"Gradients_by_loss rec_from_latent_pretrain/: encoder2":0,"Gradients_by_loss rec_from_latent_pretrain/: mapper4":0,"r2_var_OOD/50_all":0,"Gradients_by_loss rec_from_latent_pretrain/: mapper11":0,"r2_mean_criterion/20_all":0.7017251700162888,"pear_var_criterion/avg_all":NaN,"Gradients_by_loss recover_latent/: encoder15":0.005773081561059965,"r2_mean_OOD/50_all":0.5242308974266052,"Gradients_by_loss rec_from_latent_pretrain/: mapper5":0,"r2_delta_OOD/10_all":0.44450944662094116,"Gradients_by_loss rec_from_latent_pretrain/: mapper1":0,"Gradients_by_loss recover_latent/: encoder1":0.01873758218370467,"important_notes":{"_type":"html-file","sha256":"480d6d065d30d51c169b8e194b7d7aa0d648e3c555efa9bb8bcc555e0367a77c","size":7813,"path":"media/html/important_notes_0_480d6d065d30d51c169b.html"},"Gradients_by_loss rec_from_latent_pretrain/: mapper9":0,"r2_mean_criterion/10_all":0.4924772083759308,"Rec/Pearson_sample_train":0.9478206038475037,"Gradients_by_loss rec_from_latent_pretrain/: encoder6":0,"Gradients_by_loss recover_latent/: mapper5":0.005972619504935869,"losses/recover_latent":8.617417303244828e-05,"r2_mean_OOD/20_all":0,"wasserstein_criterion/10_all":0.5862224965042963,"Gradients_by_loss recover_latent/: encoder9":0.00765259903779197,"_step":521,"Gradients_by_loss rec_from_latent_pretrain/: encoder13":0}