{"r2_var_OOD/50_all":0,"Gradients_by_loss recover_latent/: decoder":0,"Gradients_by_loss rec_from_latent_pretrain/: mapper13":0,"_wandb":{"runtime":3089},"Gradients_by_loss recover_latent/: mapper2":0.002307993436163301,"pear_var_criterion/100_all":0.8485459324505615,"Rec/R2_var_train":0.9984661936759949,"Gradients_by_loss rec_from_latent_pretrain/: encoder_pretrain":0.5779527494351063,"r2_mean_OOD/50_all":0.9851368069648743,"r2_mean_criterion/20_all":0.979033887386322,"Gradients_by_loss recover_latent/: mapper6":0.0028240839697071156,"Gradients_by_loss recover_latent/: encoder5":0.009265862026640795,"Gradients_by_loss recover_latent/: mapper12":0.0027039153881957753,"Gradients_by_loss rec_from_latent_pretrain/: mapper6":0,"Gradients_by_loss recover_latent/: encoder11":0.0029478764425348264,"r2_mean_criterion/50_all":0.9793625473976135,"Gradients_by_loss recover_latent/: mapper13":0.002942946136669901,"Gradients_by_loss recover_latent/: encoder2":0.005658226146713649,"Gradients_by_loss rec_from_latent_pretrain/: encoder13":0,"Gradients_by_loss rec_from_latent_pretrain/: mapper10":0,"_timestamp":1.7685265701372406e+09,"Gradients_by_loss rec_from_latent_pretrain/: infected_embedder":0,"Gradients_by_loss recover_latent/: encoder8":0.0011934835011211133,"_step":521,"Gradients_by_loss recover_latent/: encoder1":0.007142803619446353,"Gradients_by_loss rec_from_latent_pretrain/: encoder9":0,"Gradients_by_loss rec_from_latent_pretrain/: encoder5":0,"r2_mean_OOD/10_all":0.9807412624359131,"Gradients_by_loss recover_latent/: mapper4":0.0028037509616249574,"Gradients_by_loss recover_latent/: mapper_zone_mapper":4.890534994242516e-05,"pear_var_criterion/10_all":0.9174037918313519,"pear_var_criterion/50_all":0.7591149056761791,"Gradients_by_loss recover_latent/: encoder14":0.00425493926087879,"important_notes":{"sha256":"c643242406d14d23dfb9ff34f33714b468d90df0d32dc518ecee91e9c3bf4b61","size":7837,"path":"media/html/important_notes_0_c643242406d14d23dfb9.html","_type":"html-file"},"Gradients_by_loss recover_latent/: px_r":0,"r2_delta_OOD/10_all":0.823039174079895,"Gradients_by_loss rec_from_latent_pretrain/: encoder12":0,"Gradients_by_loss rec_from_latent_pretrain/: encoder15":0,"r2_mean_criterion/10_all":0.9922620058059692,"Gradients_by_loss rec_from_latent_pretrain/: encoder1":0,"r2_var_OOD/10_all":0,"Gradients_by_loss recover_latent/: mapper7":0.002793065039198523,"Gradients_by_loss recover_latent/: encoder0":0.01308509040595249,"Gradients_by_loss rec_from_latent_pretrain/: encoder8":0,"Gradients_by_loss recover_latent/: encoder15":0.006562926692630602,"r2_delta_OOD/50_all":0.7481751441955566,"r2_delta_OOD/100_all":0.5990660190582275,"Gradients_by_loss rec_from_latent_pretrain/: mapper15":0,"losses/rec_from_latent_pretrain":6.436312173974925,"_runtime":3089.742128544,"r2_delta_criterion/10_all":0.8731082677841187,"MIG_BINNED/dis_latent_stack_infected_train":0.6750538696297541,"pear_var_criterion/avg_all":0.8405122138801349,"r2_delta_criterion/50_all":0.739522397518158,"Gradients_by_loss rec_from_latent_pretrain/: mapper11":0,"Gradients_by_loss rec_from_latent_pretrain/: mapper4":0,"Gradients_by_loss rec_from_latent_pretrain/: mapper0":0,"Gradients_by_loss recover_latent/: mapper8":0.0026084144613326378,"Gradients_by_loss rec_from_latent_pretrain/: decoder":0.4581034242002758,"Gradients_by_loss recover_latent/: mapper9":0.0028086436156198004,"pear_var_OOD/20_all":0.7188540392029714,"r2_delta_OOD/20_all":0.773590087890625,"r2_mean_OOD/100_all":0.9766089916229248,"Gradients_by_loss recover_latent/: mapper_infected_mapper":4.953441023481804e-05,"Gradients_by_loss recover_latent/: mapper10":0.002803569814709254,"losses/recover_latent":0.0001386643260298899,"Gradients_by_loss rec_from_latent_pretrain/: encoder11":0,"Gradients_by_loss recover_latent/: mapper0":0.0008904434589239973,"Gradients_by_loss rec_from_latent_pretrain/: encoder10":0,"Gradients_by_loss rec_from_latent_pretrain/: encoder14":0,"wasserstein_criterion/100_all":0.2173690006922891,"Gradients_by_loss rec_from_latent_pretrain/: encoder6":0,"Gradients_by_loss rec_from_latent_pretrain/: zone_embedder":0,"wasserstein_criterion/10_all":0.19110918294493834,"Gradients_by_loss rec_from_latent_pretrain/: mapper8":0,"pear_var_criterion/20_all":0.8369842255624468,"Gradients_by_loss rec_from_latent_pretrain/: encoder3":0,"Gradients_by_loss rec_from_latent_pretrain/: encoder0":0,"r2_var_OOD/100_all":0,"Gradients_by_loss recover_latent/: mapper14":0.003136522155937274,"Gradients_by_loss recover_latent/: encoder3":0.010400624453005602,"Gradients_by_loss recover_latent/: mapper1":0.0014069616592543037,"Gradients_by_loss recover_latent/: encoder7":0.004082349010031816,"wasserstein_OOD/10_all":0.21929045005210096,"Gradients_by_loss recover_latent/: mapper5":0.002953322395895685,"r2_var_criterion/10_all":0,"Gradients_by_loss rec_from_latent_pretrain/: mapper5":0,"Gradients_by_loss rec_from_latent_pretrain/: mapper14":0,"r2_delta_criterion/100_all":0.5514141321182251,"r2_var_OOD/20_all":0,"pear_var_OOD/100_all":0.7729251668389939,"Gradients_by_loss rec_from_latent_pretrain/: mapper3":0,"Gradients_by_loss recover_latent/: encoder4":0.0035480162743988623,"Gradients_by_loss recover_latent/: mapper11":0.0028875397432787837,"Gradients_by_loss rec_from_latent_pretrain/: encoder4":0,"Gradients_by_loss recover_latent/: encoder13":0.0031409279472004773,"r2_mean_criterion/100_all":0.9794920086860657,"Gradients_by_loss rec_from_latent_pretrain/: mapper_infected_mapper":0,"Gradients_by_loss recover_latent/: encoder_pretrain":0.0019404955911857267,"Rec/Pearson_gene_train":0.552960991859436,"Gradients_by_loss recover_latent/: infected_embedder":7.804547931300476e-05,"Gradients_by_loss rec_from_latent_pretrain/: px_r":0.0003309106978122145,"pear_var_OOD/10_all":0.8733801443626402,"Gradients_by_loss recover_latent/: encoder12":0.00045789122499773814,"r2_var_criterion/50_all":0,"Gradients_by_loss rec_from_latent_pretrain/: mapper7":0,"Rec/Pearson_sample_train":0.9804908633232117,"r2_mean_OOD/20_all":0.9834790825843811,"Gradients_by_loss rec_from_latent_pretrain/: mapper9":0,"Gradients_by_loss recover_latent/: encoder9":0.005991016306763844,"r2_var_criterion/20_all":0,"Rec/R2_mean_train":0.9994789958000183,"Gradients_by_loss recover_latent/: encoder10":0.002516590002253605,"Gradients_by_loss rec_from_latent_pretrain/: mapper1":0,"Gradients_by_loss rec_from_latent_pretrain/: mapper2":0,"Gradients_by_loss rec_from_latent_pretrain/: mapper12":0,"Gradients_by_loss rec_from_latent_pretrain/: encoder7":0,"Gradients_by_loss recover_latent/: mapper15":0.0037847399169120585,"wasserstein_OOD/100_all":0.24630601429400584,"Gradients_by_loss recover_latent/: mapper3":0.0028191083486715186,"r2_delta_criterion/20_all":0.8237946033477783,"Gradients_by_loss recover_latent/: encoder6":0.004381240075384045,"pear_var_OOD/50_all":0.7902203762771693,"r2_var_criterion/100_all":0,"Gradients_by_loss recover_latent/: zone_embedder":0.00014921733236405998,"Gradients_by_loss rec_from_latent_pretrain/: encoder2":0,"Gradients_by_loss rec_from_latent_pretrain/: mapper_zone_mapper":0}