{"r2_mean/20000": 0.8586357235908508, "r2_var/20000": 0.09375441074371338, "pear_var/20000": 0.6226034067967651, "r2_delta/20000": 0.5816882848739624, "r2_mean/200": 0.570100724697113, "r2_var/200": 0, "pear_var/200": 0.33093953991992003, "r2_delta/200": 0.5502994060516357, "r2_mean/100": 0.40639376640319824, "r2_var/100": 0, "pear_var/100": 0.43332272505720043, "r2_delta/100": 0.4822250008583069, "wass_dist/100": 0.5558291758896499, "r2_mean/50": 0, "r2_var/50": 0, "pear_var/50": 0.3803941744434227, "r2_delta/50": 0, "r2_mean/20": 0, "r2_var/20": 0, "pear_var/20": -0.03175893222383534, "r2_delta/20": 0, "wass_dist/20": 1.1403334602832116, "r2_mean/10": 0, "r2_var/10": 0, "pear_var/10": 0.28653865237970566, "r2_delta/10": 0, "wass_dist/10": 1.2358270605981552, "_timestamp": 1744208022.2028024, "_runtime": 1.6058804988861084, "_step": 0, "_wandb": {"runtime": 1}}