{"r2_delta/50":0.992259681224823,"wass_dist/10":0.6121403493705729,"pear_var/20":0.848345936564023,"r2_mean/10":0,"r2_delta/100":0.9920908808708191,"r2_mean/200":0.6005687713623047,"_step":0,"r2_mean/100":0.5357950925827026,"r2_delta/200":0.9919446110725403,"r2_delta/20000":0.9923990368843079,"_runtime":0.568912776,"r2_mean/50":0.3832019567489624,"pear_var/50":0.8368996866386422,"pear_var/100":0.7668378330202701,"_wandb":{"runtime":0},"pear_var/20000":0.5246486949590374,"wass_dist/100":0.4939011034218984,"r2_var/20":0,"r2_var/100":0,"r2_var/20000":0,"r2_mean/20000":0.6884320378303528,"r2_delta/10":0,"r2_var/50":0,"r2_delta/20":0.9965085387229919,"wass_dist/20":0.5729242561125163,"_timestamp":1.7438221541307468e+09,"r2_var/10":0,"pear_var/200":0.6581000918300038,"r2_var/200":0,"pear_var/10":-0.06077586124526277,"r2_mean/20":0.5735602378845215}