{"r2_mean/20000": 0.869613528251648, "r2_var/20000": 0, "pear_var/20000": 0.5140998465094073, "r2_delta/20000": 0.6141726970672607, "r2_mean/200": 0.7342169284820557, "r2_var/200": 0, "pear_var/200": 0.1867359378984324, "r2_delta/200": 0.7219748497009277, "r2_mean/100": 0.6576220989227295, "r2_var/100": 0, "pear_var/100": 0.19604621681000542, "r2_delta/100": 0.701359748840332, "wass_dist/100": 0.43660546969040476, "r2_mean/50": 0.40172672271728516, "r2_var/50": 0, "pear_var/50": 0.09305476603518524, "r2_delta/50": 0.44456422328948975, "r2_mean/20": 0, "r2_var/20": 0, "pear_var/20": -0.08932202392708667, "r2_delta/20": 0, "wass_dist/20": 0.6617167027974995, "r2_mean/10": 0.5474206805229187, "r2_var/10": 0, "pear_var/10": 0.29217646661270524, "r2_delta/10": 0.47066086530685425, "wass_dist/10": 0.547488894774302, "_timestamp": 1743905701.149796, "_runtime": 1.9264700412750244, "_step": 0, "_wandb": {"runtime": 1}}