{"Gradients_by_loss recover_latent/: mapper7":0.015027622852654509,"Rec/R2_var_train":0.9904659390449524,"Gradients_by_loss recover_latent/: mapper11":0.01747388088906185,"Gradients_by_loss recover_latent/: mapper_tissue_mapper":0.0006767882285499113,"Gradients_by_loss recover_latent/: encoder9":0.002404245113701545,"Gradients_by_loss recover_latent/: mapper12":0.016819232708718938,"Gradients_by_loss recover_latent/: mapper6":0.01565001949467521,"Rec/Pearson_gene_train":0.8932781219482422,"Gradients_by_loss rec_from_latent_pretrain/: px_r":0.00045372944441623986,"Gradients_by_loss recover_latent/: encoder1":0.005407433651242045,"Gradients_by_loss rec_from_latent_pretrain/: decoder":0.697835831166069,"Gradients_by_loss rec_from_latent_pretrain/: mapper15":0,"Gradients_by_loss recover_latent/: mapper4":0.01338620278075406,"r2_delta_criterion/20_all":0.40778705748644745,"important_notes":{"sha256":"2e0cb4aaa6cbcb1eee467756a79a3276da81e08673574da6d81f1992ce35c2f1","size":7816,"path":"media/html/important_notes_0_2e0cb4aaa6cbcb1eee46.html","_type":"html-file"},"Gradients_by_loss rec_from_latent_pretrain/: mapper0":0,"Gradients_by_loss recover_latent/: encoder7":0.004441409684528133,"Gradients_by_loss rec_from_latent_pretrain/: mapper3":0,"Gradients_by_loss rec_from_latent_pretrain/: mapper12":0,"r2_var_OOD/10_all":0.1556309461593628,"r2_delta_criterion/100_all":0.4251248673959212,"Gradients_by_loss rec_from_latent_pretrain/: mapper5":0,"Gradients_by_loss rec_from_latent_pretrain/: encoder12":0,"r2_mean_OOD/20_all":0,"Gradients_by_loss recover_latent/: encoder5":0.012225397997018076,"r2_var_OOD/20_all":0,"Gradients_by_loss recover_latent/: encoder8":0.010223253238785732,"Gradients_by_loss rec_from_latent_pretrain/: tissue_embedder":0,"_runtime":159.210903679,"Gradients_by_loss rec_from_latent_pretrain/: mapper13":0,"Gradients_by_loss recover_latent/: encoder_pretrain":0.007129211101769172,"_step":521,"wasserstein_OOD/10_all":0.8000288013130495,"Gradients_by_loss rec_from_latent_pretrain/: encoder5":0,"r2_mean_criterion/100_all":0.6614717841148376,"Gradients_by_loss rec_from_latent_pretrain/: encoder4":0,"r2_mean_OOD/50_all":0.1616707444190979,"Gradients_by_loss recover_latent/: donor_embedder":0.00013344477338250726,"Gradients_by_loss rec_from_latent_pretrain/: encoder7":0,"Gradients_by_loss recover_latent/: mapper9":0.01716200208936362,"Gradients_by_loss recover_latent/: encoder2":0.009132759412913728,"r2_delta_OOD/10_all":0.6235331296920776,"Rec/Pearson_sample_train":0.9168660044670105,"Gradients_by_loss rec_from_latent_pretrain/: encoder13":0,"r2_delta_OOD/20_all":0.31120842695236206,"r2_mean_criterion/20_all":0.3341094201261347,"Gradients_by_loss rec_from_latent_pretrain/: encoder6":0,"Gradients_by_loss rec_from_latent_pretrain/: mapper9":0,"Gradients_by_loss recover_latent/: mapper13":0.01808318974048088,"Gradients_by_loss rec_from_latent_pretrain/: mapper10":0,"r2_var_criterion/10_all":0.17767920277335428,"Gradients_by_loss recover_latent/: mapper14":0.01786678913917081,"Gradients_by_loss rec_from_latent_pretrain/: encoder_pretrain":0.4207181112906025,"_wandb":{"runtime":159},"Gradients_by_loss recover_latent/: px_r":0,"Gradients_by_loss recover_latent/: encoder4":0.011665833585804166,"Gradients_by_loss rec_from_latent_pretrain/: encoder0":0,"Gradients_by_loss rec_from_latent_pretrain/: mapper_donor_mapper":0,"Gradients_by_loss recover_latent/: tissue_embedder":0.000391253677662462,"Gradients_by_loss rec_from_latent_pretrain/: mapper11":0,"r2_mean_OOD/100_all":0.500873863697052,"Gradients_by_loss rec_from_latent_pretrain/: encoder2":0,"r2_var_OOD/50_all":0,"Gradients_by_loss rec_from_latent_pretrain/: mapper7":0,"r2_mean_criterion/50_all":0.5887144804000854,"r2_delta_OOD/50_all":0.02584981918334961,"r2_mean_criterion/10_all":0.34852144393053924,"Gradients_by_loss rec_from_latent_pretrain/: encoder8":0,"Gradients_by_loss recover_latent/: encoder10":0.0046604074427158155,"MIG_BINNED/dis_latent_stack_tissue_train":0.6543548922641323,"Gradients_by_loss recover_latent/: mapper2":0.008380316277509322,"_timestamp":1.7677548124877868e+09,"Gradients_by_loss recover_latent/: mapper1":0.006243649645563303,"wasserstein_criterion/10_all":0.7104600961938236,"Gradients_by_loss recover_latent/: mapper_donor_mapper":0.0009599803094587785,"Gradients_by_loss recover_latent/: encoder15":0.0007711487855878625,"Gradients_by_loss recover_latent/: encoder6":0.009813632402067372,"pear_var_criterion/avg_all":NaN,"r2_var_criterion/20_all":0.14201959696683017,"r2_var_criterion/50_all":0.13262042674151334,"r2_delta_criterion/10_all":0.43008524721319025,"Gradients_by_loss recover_latent/: encoder13":0.005668590414781232,"Gradients_by_loss rec_from_latent_pretrain/: encoder14":0,"r2_var_criterion/100_all":0.14044806632128629,"Gradients_by_loss recover_latent/: decoder":0,"Gradients_by_loss rec_from_latent_pretrain/: mapper_tissue_mapper":0,"Gradients_by_loss rec_from_latent_pretrain/: encoder10":0,"Gradients_by_loss recover_latent/: encoder0":0.014077362601153734,"r2_var_OOD/100_all":0,"Gradients_by_loss recover_latent/: encoder3":0.015184153778428666,"Gradients_by_loss rec_from_latent_pretrain/: encoder1":0,"Gradients_by_loss rec_from_latent_pretrain/: encoder9":0,"Gradients_by_loss rec_from_latent_pretrain/: mapper1":0,"losses/recover_latent":0.001705627442182352,"Gradients_by_loss recover_latent/: mapper8":0.016499043642592477,"losses/rec_from_latent_pretrain":0.7636903789308336,"Gradients_by_loss rec_from_latent_pretrain/: encoder15":0,"Gradients_by_loss rec_from_latent_pretrain/: mapper6":0,"Gradients_by_loss rec_from_latent_pretrain/: encoder11":0,"Gradients_by_loss rec_from_latent_pretrain/: mapper4":0,"Gradients_by_loss rec_from_latent_pretrain/: encoder3":0,"Gradients_by_loss rec_from_latent_pretrain/: mapper14":0,"Gradients_by_loss recover_latent/: mapper10":0.016326544604853648,"Gradients_by_loss recover_latent/: mapper0":0.003966299908585168,"Gradients_by_loss recover_latent/: mapper3":0.010298037320671938,"Gradients_by_loss rec_from_latent_pretrain/: donor_embedder":0,"Gradients_by_loss rec_from_latent_pretrain/: mapper2":0,"r2_delta_OOD/100_all":0.05982416868209839,"Gradients_by_loss recover_latent/: mapper15":0.018074964319380563,"Gradients_by_loss recover_latent/: encoder12":0.0025287339405695337,"r2_delta_criterion/50_all":0.4484262358058583,"r2_mean_OOD/10_all":0,"Gradients_by_loss rec_from_latent_pretrain/: mapper8":0,"Gradients_by_loss recover_latent/: encoder11":0.008400065775486605,"Gradients_by_loss recover_latent/: mapper5":0.014614782192393979,"Rec/R2_mean_train":0.9883214235305786,"Gradients_by_loss recover_latent/: encoder14":0.0024198878109625037}