{"Gradients_by_loss rec_from_latent_pretrain/: mapper2":0,"Rec/Pearson_gene_train":0.6872875094413757,"Gradients_by_loss recover_latent/: encoder7":0.00354480998917859,"Gradients_by_loss recover_latent/: encoder2":0.0056980275492387504,"r2_delta_OOD/20_all":0.06050372123718262,"Gradients_by_loss recover_latent/: mapper6":0.0018101167896891026,"Gradients_by_loss recover_latent/: mapper11":0.001886218199817124,"Gradients_by_loss recover_latent/: decoder":0,"Gradients_by_loss rec_from_latent_pretrain/: mapper3":0,"Gradients_by_loss recover_latent/: encoder10":0.0016934141156520674,"Gradients_by_loss recover_latent/: mapper15":0.001884433199137918,"Gradients_by_loss recover_latent/: mapper14":0.00197210296793163,"Gradients_by_loss recover_latent/: encoder1":0.003516937832147844,"Gradients_by_loss recover_latent/: encoder5":0.0031756105475122505,"Gradients_by_loss rec_from_latent_pretrain/: encoder14":0,"r2_delta_OOD/100_all":0.0066719651222229,"Gradients_by_loss rec_from_latent_pretrain/: mapper6":0,"Gradients_by_loss rec_from_latent_pretrain/: encoder6":0,"Gradients_by_loss recover_latent/: mapper_donor_mapper":1.334883875696038e-05,"r2_delta_OOD/50_all":0.06809324026107788,"r2_var_OOD/100_all":0.22436928749084473,"r2_delta_criterion/50_all":0.4059111638502641,"Gradients_by_loss rec_from_latent_pretrain/: encoder1":0,"Gradients_by_loss recover_latent/: mapper5":0.0016344931563864523,"r2_delta_OOD/10_all":0,"_timestamp":1.7671161362187362e+09,"Gradients_by_loss rec_from_latent_pretrain/: encoder12":0,"Gradients_by_loss recover_latent/: mapper12":0.0019413778500346826,"Gradients_by_loss rec_from_latent_pretrain/: tissue_embedder":0,"Gradients_by_loss recover_latent/: mapper3":0.00158811143239961,"Gradients_by_loss rec_from_latent_pretrain/: decoder":0.30372082141957685,"important_notes":{"size":7775,"path":"media/html/important_notes_0_1e007317fdc849d49567.html","_type":"html-file","sha256":"1e007317fdc849d495672b890fa092e6e2e5211f6b9a1e675ca8a76677405ee3"},"r2_var_criterion/50_all":0.032062042843211784,"r2_delta_criterion/10_all":0.33623592961918225,"Gradients_by_loss rec_from_latent_pretrain/: mapper14":0,"Rec/R2_mean_train":0.9987019300460815,"Gradients_by_loss rec_from_latent_pretrain/: px_r":7.132288010325283e-05,"r2_var_criterion/20_all":0.08075264367190274,"Gradients_by_loss recover_latent/: encoder13":0.0008212995964973392,"Rec/R2_var_train":0.9980968236923218,"Gradients_by_loss recover_latent/: encoder_pretrain":0.00022771709558966927,"Gradients_by_loss recover_latent/: mapper_tissue_mapper":1.2456825447308222e-05,"Gradients_by_loss rec_from_latent_pretrain/: encoder9":0,"Gradients_by_loss recover_latent/: donor_embedder":4.3473839468788356e-05,"Gradients_by_loss recover_latent/: encoder6":0.00309716949418195,"losses/rec_from_latent_pretrain":0.6729106978419122,"r2_delta_criterion/100_all":0.40468722581863403,"r2_mean_OOD/10_all":0.4740121364593506,"Gradients_by_loss rec_from_latent_pretrain/: mapper1":0,"Gradients_by_loss rec_from_latent_pretrain/: mapper9":0,"Gradients_by_loss rec_from_latent_pretrain/: encoder8":0,"Gradients_by_loss recover_latent/: mapper9":0.0019487534860600736,"Gradients_by_loss rec_from_latent_pretrain/: mapper12":0,"r2_mean_OOD/20_all":0.6519556045532227,"wasserstein_criterion/10_all":0.7742041816192174,"Gradients_by_loss recover_latent/: mapper8":0.0019608415096537186,"Gradients_by_loss rec_from_latent_pretrain/: encoder5":0,"r2_var_criterion/10_all":0.1783728762106462,"Gradients_by_loss rec_from_latent_pretrain/: mapper4":0,"Rec/Pearson_sample_train":0.9530379176139832,"r2_var_OOD/10_all":0.46357035636901855,"Gradients_by_loss rec_from_latent_pretrain/: encoder2":0,"Gradients_by_loss recover_latent/: mapper1":0.001284017554619338,"Gradients_by_loss rec_from_latent_pretrain/: encoder10":0,"r2_mean_criterion/10_all":0.14637618173252454,"Gradients_by_loss recover_latent/: encoder15":0.0012221788979341805,"_runtime":3069.907221726,"Gradients_by_loss recover_latent/: mapper0":0.0008415611892292186,"Gradients_by_loss rec_from_latent_pretrain/: encoder15":0,"Gradients_by_loss rec_from_latent_pretrain/: mapper7":0,"Gradients_by_loss recover_latent/: mapper7":0.0019909130352989703,"_step":521,"r2_mean_criterion/50_all":0.6484152349558744,"Gradients_by_loss rec_from_latent_pretrain/: encoder0":0,"losses/recover_latent":4.527864893021983e-05,"Gradients_by_loss rec_from_latent_pretrain/: encoder_pretrain":0.16603322981543747,"Gradients_by_loss rec_from_latent_pretrain/: encoder4":0,"_wandb":{"runtime":3069},"Gradients_by_loss rec_from_latent_pretrain/: mapper11":0,"Gradients_by_loss rec_from_latent_pretrain/: encoder3":0,"Gradients_by_loss recover_latent/: mapper13":0.0018815756170863862,"Gradients_by_loss recover_latent/: encoder12":0.001203629160431766,"Gradients_by_loss rec_from_latent_pretrain/: encoder11":0,"Gradients_by_loss rec_from_latent_pretrain/: mapper_donor_mapper":0,"Gradients_by_loss recover_latent/: mapper4":0.0015375644904347028,"r2_var_criterion/100_all":0.05838573520833796,"Gradients_by_loss rec_from_latent_pretrain/: mapper_tissue_mapper":0,"r2_mean_criterion/20_all":0.4038984071124684,"Gradients_by_loss recover_latent/: encoder8":0.0017078025115266939,"Gradients_by_loss recover_latent/: encoder14":0.0009168935791570149,"pear_var_criterion/avg_all":NaN,"Gradients_by_loss recover_latent/: encoder0":0.003555968451513137,"r2_mean_OOD/100_all":0.6632230281829834,"Gradients_by_loss recover_latent/: encoder4":0.0010778905861774408,"Gradients_by_loss rec_from_latent_pretrain/: mapper15":0,"Gradients_by_loss recover_latent/: encoder3":0.0011447097483005802,"Gradients_by_loss rec_from_latent_pretrain/: donor_embedder":0,"Gradients_by_loss recover_latent/: encoder9":0.001982671356140054,"Gradients_by_loss rec_from_latent_pretrain/: mapper5":0,"r2_mean_criterion/100_all":0.7185911644588817,"Gradients_by_loss recover_latent/: tissue_embedder":4.631923729903065e-05,"r2_delta_criterion/20_all":0.3567870476029136,"Gradients_by_loss rec_from_latent_pretrain/: mapper10":0,"Gradients_by_loss rec_from_latent_pretrain/: mapper0":0,"Gradients_by_loss recover_latent/: px_r":0,"Gradients_by_loss recover_latent/: mapper10":0.0019420993655348317,"Gradients_by_loss rec_from_latent_pretrain/: encoder7":0,"Gradients_by_loss rec_from_latent_pretrain/: mapper13":0,"Gradients_by_loss rec_from_latent_pretrain/: encoder13":0,"r2_var_OOD/20_all":0.5980464220046997,"MIG_BINNED/dis_latent_stack_tissue_train":0.6599811696512357,"Gradients_by_loss recover_latent/: encoder11":0.0015880926537388184,"wasserstein_OOD/10_all":0.5838693476960443,"Gradients_by_loss rec_from_latent_pretrain/: mapper8":0,"r2_var_OOD/50_all":0.172612726688385,"r2_mean_OOD/50_all":0.6239209771156311,"Gradients_by_loss recover_latent/: mapper2":0.0016978247132690225}