{"r2_mean/20000": 0.9630500674247742, "r2_var/20000": 0, "pear_var/20000": 0.6516268718690291, "r2_delta/20000": 0.6325623393058777, "r2_mean/200": 0.9444429874420166, "r2_var/200": 0, "pear_var/200": 0.5657700401715405, "r2_delta/200": 0.8295455574989319, "r2_mean/100": 0.9398302435874939, "r2_var/100": 0, "pear_var/100": 0.635617276093893, "r2_delta/100": 0.8400964736938477, "wass_dist/100": 0.3938437680482925, "r2_mean/50": 0.9342201352119446, "r2_var/50": 0, "pear_var/50": 0.772428020771171, "r2_delta/50": 0.8300225734710693, "r2_mean/20": 0.9674369692802429, "r2_var/20": 0, "pear_var/20": 0.7761951932298187, "r2_delta/20": 0.8936731219291687, "wass_dist/20": 0.421816175116169, "r2_mean/10": 0.9014808535575867, "r2_var/10": 0, "pear_var/10": -0.35007778401485545, "r2_delta/10": 0.8389303684234619, "wass_dist/10": 0.4003844159215856, "_timestamp": 1744059150.230342, "_runtime": 2.0217599868774414, "_step": 0, "_wandb": {"runtime": 1}}