{"Gradients_by_loss recover_latent/: mapper2":0.0016854758557449366,"Gradients_by_loss rec_from_latent_pretrain/: encoder9":0,"Gradients_by_loss rec_from_latent_pretrain/: mapper_tissue_mapper":0,"Gradients_by_loss recover_latent/: encoder11":0.0011683136814112627,"r2_delta_OOD/50_all":0.5786150693893433,"losses/rec_from_latent_pretrain":0.6207289358960139,"Gradients_by_loss rec_from_latent_pretrain/: encoder15":0,"Gradients_by_loss recover_latent/: mapper5":0.0020636199798185753,"Gradients_by_loss rec_from_latent_pretrain/: encoder11":0,"Gradients_by_loss recover_latent/: mapper11":0.002132133649220733,"r2_delta_OOD/10_all":0.9230556488037109,"Gradients_by_loss recover_latent/: encoder0":0.002949098160684647,"Gradients_by_loss recover_latent/: mapper4":0.0015864850647253279,"Gradients_by_loss rec_from_latent_pretrain/: mapper7":0,"Gradients_by_loss rec_from_latent_pretrain/: encoder5":0,"r2_var_OOD/100_all":0.7678288221359253,"r2_mean_criterion/50_all":0.7361317710442976,"Gradients_by_loss rec_from_latent_pretrain/: encoder0":0,"Gradients_by_loss rec_from_latent_pretrain/: mapper6":0,"Gradients_by_loss recover_latent/: mapper_tissue_mapper":3.6615433895504555e-05,"Gradients_by_loss recover_latent/: encoder7":0.0037431862187424668,"r2_mean_OOD/100_all":0.8329752087593079,"r2_delta_criterion/20_all":0.41883189569820056,"Gradients_by_loss recover_latent/: encoder8":0.0053534011983287525,"r2_mean_OOD/50_all":0.8575329780578613,"Gradients_by_loss rec_from_latent_pretrain/: encoder13":0,"r2_mean_criterion/10_all":0.48782648281617597,"Gradients_by_loss rec_from_latent_pretrain/: encoder2":0,"Gradients_by_loss recover_latent/: mapper9":0.002187506779563894,"Gradients_by_loss recover_latent/: donor_embedder":0.00015044391329865903,"Gradients_by_loss recover_latent/: encoder13":0.0012520728206220327,"Rec/Pearson_sample_train":0.9494372606277466,"MIG_BINNED/dis_latent_stack_tissue_train":0.6561210249353553,"Gradients_by_loss rec_from_latent_pretrain/: mapper8":0,"Gradients_by_loss recover_latent/: mapper1":0.0005071944684064803,"Gradients_by_loss rec_from_latent_pretrain/: mapper4":0,"Rec/R2_mean_train":0.9987560510635376,"r2_delta_OOD/20_all":0.6784816980361938,"Rec/R2_var_train":0.9942340850830078,"Gradients_by_loss rec_from_latent_pretrain/: mapper5":0,"Gradients_by_loss recover_latent/: encoder1":0.0016035010143663803,"r2_var_OOD/10_all":0.8857887983322144,"Gradients_by_loss recover_latent/: encoder4":0.0026309108968525703,"losses/recover_latent":3.715560901806963e-05,"Gradients_by_loss recover_latent/: mapper8":0.0023285937883692227,"Gradients_by_loss recover_latent/: mapper12":0.002115799118780341,"r2_delta_criterion/10_all":0.40041112899780273,"Gradients_by_loss recover_latent/: encoder5":0.005407312466431141,"Gradients_by_loss recover_latent/: px_r":0,"Gradients_by_loss recover_latent/: mapper3":0.0016543231214399172,"r2_mean_criterion/100_all":0.7446825233372775,"r2_mean_criterion/20_all":0.61059785972942,"Gradients_by_loss rec_from_latent_pretrain/: encoder4":0,"Gradients_by_loss recover_latent/: mapper15":0.0022895813593743473,"Gradients_by_loss recover_latent/: encoder6":0.0005902130533784787,"Gradients_by_loss rec_from_latent_pretrain/: decoder":0.23510381369616457,"Gradients_by_loss recover_latent/: mapper0":0.00034367054702384627,"Gradients_by_loss rec_from_latent_pretrain/: mapper10":0,"Gradients_by_loss rec_from_latent_pretrain/: mapper14":0,"Gradients_by_loss recover_latent/: encoder2":0.006455571487860978,"important_notes":{"_type":"html-file","sha256":"587994194fea1ed7c3415d5701de2a1dbeaae6c566bd38694fe9fcd0c80ffb16","size":7789,"path":"media/html/important_notes_0_587994194fea1ed7c341.html"},"Gradients_by_loss rec_from_latent_pretrain/: mapper3":0,"r2_var_OOD/50_all":0.8285396099090576,"pear_var_criterion/avg_all":NaN,"Gradients_by_loss rec_from_latent_pretrain/: mapper11":0,"Gradients_by_loss rec_from_latent_pretrain/: encoder14":0,"r2_mean_OOD/20_all":0.8103225231170654,"r2_delta_criterion/50_all":0.49186933582479303,"Gradients_by_loss recover_latent/: mapper10":0.0021084640115328185,"Gradients_by_loss rec_from_latent_pretrain/: encoder7":0,"Gradients_by_loss rec_from_latent_pretrain/: mapper1":0,"Gradients_by_loss recover_latent/: tissue_embedder":0.0001441426866222173,"Gradients_by_loss rec_from_latent_pretrain/: encoder3":0,"Rec/Pearson_gene_train":0.6962708579212427,"Gradients_by_loss rec_from_latent_pretrain/: encoder_pretrain":0.18869259486758144,"Gradients_by_loss rec_from_latent_pretrain/: encoder8":0,"r2_delta_criterion/100_all":0.4958719448609786,"Gradients_by_loss recover_latent/: encoder15":0.0005013099577354719,"Gradients_by_loss recover_latent/: encoder_pretrain":0.0006532029966503758,"_step":521,"wasserstein_OOD/10_all":0.08122579946533161,"Gradients_by_loss rec_from_latent_pretrain/: mapper15":0,"r2_var_criterion/50_all":0.300362381068143,"Gradients_by_loss recover_latent/: mapper13":0.002085177184046801,"r2_delta_OOD/100_all":0.5027815103530884,"Gradients_by_loss rec_from_latent_pretrain/: mapper9":0,"_runtime":3761.596006032,"Gradients_by_loss rec_from_latent_pretrain/: donor_embedder":0,"Gradients_by_loss rec_from_latent_pretrain/: mapper_donor_mapper":0,"Gradients_by_loss rec_from_latent_pretrain/: tissue_embedder":0,"Gradients_by_loss rec_from_latent_pretrain/: encoder6":0,"Gradients_by_loss rec_from_latent_pretrain/: mapper12":0,"r2_var_criterion/10_all":0.4250977472825484,"Gradients_by_loss rec_from_latent_pretrain/: mapper0":0,"r2_var_criterion/100_all":0.31235621734098956,"_wandb":{"runtime":3761},"Gradients_by_loss rec_from_latent_pretrain/: mapper13":0,"Gradients_by_loss recover_latent/: decoder":0,"r2_mean_OOD/10_all":0.9681308269500732,"Gradients_by_loss recover_latent/: encoder9":0.001643299070097854,"Gradients_by_loss rec_from_latent_pretrain/: encoder1":0,"_timestamp":1.767449672558091e+09,"Gradients_by_loss recover_latent/: mapper14":0.0023818689982795602,"Gradients_by_loss recover_latent/: encoder14":0.0032353925364728042,"Gradients_by_loss recover_latent/: mapper6":0.001890805875942435,"Gradients_by_loss rec_from_latent_pretrain/: px_r":8.633251127321273e-05,"Gradients_by_loss recover_latent/: mapper7":0.002049792202892767,"Gradients_by_loss rec_from_latent_pretrain/: encoder12":0,"Gradients_by_loss rec_from_latent_pretrain/: mapper2":0,"r2_var_OOD/20_all":0.9328292608261108,"Gradients_by_loss recover_latent/: encoder10":0.00033221298201391433,"Gradients_by_loss recover_latent/: encoder3":0.001763856848097687,"Gradients_by_loss rec_from_latent_pretrain/: encoder10":0,"r2_var_criterion/20_all":0.3443432396108454,"Gradients_by_loss recover_latent/: mapper_donor_mapper":4.683444295673132e-05,"wasserstein_criterion/10_all":0.373403008212899,"Gradients_by_loss recover_latent/: encoder12":0.001197606852651542}