{"pear_var/10":0.4030400756781374,"r2_delta/50":0.9931569695472717,"r2_var/20":0,"pear_var/200":0.40729060998038275,"_step":0,"r2_mean/20000":0.8019002676010132,"r2_mean/10":0,"pear_var/100":0.18882085161762271,"r2_var/20000":0,"r2_delta/20000":0.9956780076026917,"wass_dist/10":0.5954141957967571,"r2_mean/200":0.7102643251419067,"r2_delta/10":0,"r2_mean/100":0.5849578380584717,"r2_delta/20":0.9976036548614502,"r2_var/50":0,"r2_var/100":0,"r2_mean/20":0.678189218044281,"_runtime":0.640006731,"r2_delta/200":0.9945291876792908,"_timestamp":1.743826454717076e+09,"wass_dist/20":0.5469866811833043,"pear_var/20000":0.48965605384435096,"pear_var/50":0.03953459925756629,"wass_dist/100":0.4733816747038042,"pear_var/20":0.1542980133153421,"r2_var/200":0,"r2_delta/100":0.9928608536720276,"_wandb":{"runtime":0},"r2_mean/50":0.34208667278289795,"r2_var/10":0}