{"r2_delta/10":0.6302975416183472,"r2_delta/50":0.9988314509391785,"r2_var/20":0,"_step":0,"wass_dist/100":0.38180985790337524,"r2_var/50":0,"r2_var/100":0,"pear_var/100":0.6129543179106202,"r2_delta/200":0.9978814721107483,"r2_mean/100":0.9235743284225464,"wass_dist/10":0.43878856587336024,"r2_delta/100":0.9986978769302368,"pear_var/200":0.5295291441984299,"r2_mean/20000":0.9371892213821411,"_timestamp":1.7438226680960476e+09,"r2_var/20000":0,"r2_mean/20":0.9343299865722656,"r2_delta/20000":0.9984676837921143,"pear_var/10":-0.14430714148992482,"r2_mean/200":0.8949503898620605,"_wandb":{"runtime":0},"pear_var/50":0.6244650752918166,"pear_var/20":0.5673779763518485,"r2_delta/20":0.9994623064994812,"r2_mean/10":0.8429768681526184,"r2_var/200":0,"r2_mean/50":0.9068846702575684,"r2_var/10":0,"wass_dist/20":0.43998550729236097,"_runtime":0.585362492,"pear_var/20000":0.4975770751145507}