{"r2_mean/20000": 0.7529798746109009, "r2_var/20000": 0, "pear_var/20000": 0.4956832865429578, "r2_delta/20000": 0.04147523641586304, "r2_mean/200": 0.545958399772644, "r2_var/200": 0, "pear_var/200": 0.36432182927728524, "r2_delta/200": 0.47133171558380127, "r2_mean/100": 0.44770026206970215, "r2_var/100": 0, "pear_var/100": 0.4911264119051232, "r2_delta/100": 0.48293691873550415, "wass_dist/100": 0.5104875279490703, "r2_mean/50": 0, "r2_var/50": 0, "pear_var/50": 0.8057989230676428, "r2_delta/50": 0, "r2_mean/20": 0, "r2_var/20": 0, "pear_var/20": 0.8442335804930795, "r2_delta/20": 0, "wass_dist/20": 0.8217928625167167, "r2_mean/10": 0, "r2_var/10": 0, "pear_var/10": 0.054049187628788596, "r2_delta/10": 0, "wass_dist/10": 0.8662643671324007, "_timestamp": 1743899141.1877701, "_runtime": 1.3952250480651855, "_step": 0, "_wandb": {"runtime": 1}}