{"r2_mean/20000": 0.9721110463142395, "r2_var/20000": 0.1309831142425537, "pear_var/20000": 0.716911283596313, "r2_delta/20000": 0.6985973119735718, "r2_mean/200": 0.937679648399353, "r2_var/200": 0, "pear_var/200": 0.7274167997481898, "r2_delta/200": 0.8426176905632019, "r2_mean/100": 0.9365571737289429, "r2_var/100": 0, "pear_var/100": 0.8237664623834693, "r2_delta/100": 0.829313337802887, "wass_dist/100": 0.3653123836722494, "r2_mean/50": 0.9280034303665161, "r2_var/50": 0, "pear_var/50": 0.8085728298932403, "r2_delta/50": 0.7903568744659424, "r2_mean/20": 0.8701833486557007, "r2_var/20": 0, "pear_var/20": 0.8021783475216098, "r2_delta/20": 0.8237569332122803, "wass_dist/20": 0.4404202221494852, "r2_mean/10": 0.9507232308387756, "r2_var/10": 0, "pear_var/10": 0.6417921771311574, "r2_delta/10": 0.9271013140678406, "wass_dist/10": 0.418821589423103, "_timestamp": 1744066139.5863276, "_runtime": 2.135197639465332, "_step": 0, "_wandb": {"runtime": 1}}