{"r2_mean/20000": 0.7770308256149292, "r2_var/20000": 0, "pear_var/20000": 0.4724710494540524, "r2_delta/20000": 0, "r2_mean/200": 0.6447573900222778, "r2_var/200": 0, "pear_var/200": 0.29709577389817865, "r2_delta/200": 0.06798434257507324, "r2_mean/100": 0.48653560876846313, "r2_var/100": 0, "pear_var/100": 0.09457664376637515, "r2_delta/100": 0, "wass_dist/100": 0.5562102976937685, "r2_mean/50": 0.2946960926055908, "r2_var/50": 0, "pear_var/50": -0.07167677993277752, "r2_delta/50": 0, "r2_mean/20": 0.14665281772613525, "r2_var/20": 0, "pear_var/20": -0.49683889317740326, "r2_delta/20": 0, "wass_dist/20": 0.8816728076639715, "r2_mean/10": 0, "r2_var/10": 0, "pear_var/10": -0.35577783756133585, "r2_delta/10": 0, "wass_dist/10": 0.9451327865270948, "_timestamp": 1743883051.8025298, "_runtime": 1.626006841659546, "_step": 0, "_wandb": {"runtime": 1}}