{"pear_var/10":0.26574817616442437,"r2_mean/50":0.7263143062591553,"_step":0,"r2_var/100":0,"r2_mean/200":0.8313332200050354,"r2_mean/100":0.770017683506012,"wass_dist/10":0.48253596337359833,"r2_delta/10":0,"r2_mean/20000":0.9167584776878357,"r2_var/50":0,"r2_var/20000":0,"wass_dist/20":0.4428822378734393,"wass_dist/100":0.3799874008729274,"_runtime":0.730512281,"pear_var/50":0.23327405342757662,"r2_var/10":0,"r2_var/200":0,"_wandb":{"runtime":0},"pear_var/20000":0.40551694647089204,"r2_delta/100":0.9972740411758423,"pear_var/100":0.2361106395183849,"pear_var/20":0.15848341469842087,"r2_mean/10":0.3412371277809143,"r2_mean/20":0.8581948280334473,"r2_var/20":0,"pear_var/200":0.29172115941657834,"r2_delta/50":0.9954952597618103,"r2_delta/20":0.998425304889679,"r2_delta/200":0.9968332648277283,"_timestamp":1.7438251682743511e+09,"r2_delta/20000":0.9980503916740417}