{"wasserstein_OOD/10_all":0.15224080592000394,"Rec/R2_mean_train":0.9985751509666443,"Gradients_by_loss recover_latent/: encoder4":0.0005062166745277392,"r2_delta_criterion/20_all":0.801149708884103,"Gradients_by_loss rec_from_latent_pretrain/: px_r":0.00018967135110870004,"Gradients_by_loss rec_from_latent_pretrain/: mapper3":0,"r2_delta_OOD/20_all":0.8957271575927734,"Gradients_by_loss rec_from_latent_pretrain/: mapper1":0,"r2_mean_OOD/10_all":0.99420166015625,"Gradients_by_loss recover_latent/: mapper6":0.0017142550619669104,"Rec/Pearson_gene_train":0.7265569567680359,"Gradients_by_loss recover_latent/: px_r":0,"Gradients_by_loss recover_latent/: mapper2":0.0016418066561935526,"Gradients_by_loss rec_from_latent_pretrain/: condition_embedder":0,"Gradients_by_loss rec_from_latent_pretrain/: encoder2":0,"Gradients_by_loss rec_from_latent_pretrain/: encoder9":0,"Gradients_by_loss recover_latent/: mapper1":0.0004416065691673959,"Gradients_by_loss rec_from_latent_pretrain/: encoder0":0,"r2_mean_criterion/100_all":0.9496641073908124,"r2_delta_criterion/100_all":0.9052963852882385,"Gradients_by_loss rec_from_latent_pretrain/: encoder7":0,"Gradients_by_loss recover_latent/: mapper9":0.001826437200034283,"Gradients_by_loss rec_from_latent_pretrain/: mapper11":0,"Gradients_by_loss rec_from_latent_pretrain/: mapper5":0,"r2_delta_criterion/10_all":0.7867549913270133,"Gradients_by_loss recover_latent/: encoder_pretrain":0.0008252599154305475,"Gradients_by_loss recover_latent/: encoder1":0.001004425290687879,"Gradients_by_loss recover_latent/: encoder3":0.0017153670784298598,"r2_delta_OOD/100_all":0.8568635582923889,"wasserstein_criterion/100_all":0.22890609103791157,"losses/recover_latent":0.00014261544363969596,"r2_delta_OOD/50_all":0.882862389087677,"Gradients_by_loss recover_latent/: encoder5":0.00019165376936705915,"_wandb":{"runtime":1629},"Rec/Pearson_sample_train":0.957818865776062,"Gradients_by_loss rec_from_latent_pretrain/: mapper6":0,"Gradients_by_loss rec_from_latent_pretrain/: encoder_pretrain":0.4314629625396444,"wasserstein_criterion/10_all":0.2297667961739121,"Gradients_by_loss rec_from_latent_pretrain/: encoder1":0,"Gradients_by_loss recover_latent/: encoder2":0.006083599599906139,"Gradients_by_loss recover_latent/: encoder7":0.0012580412115411584,"Gradients_by_loss recover_latent/: mapper4":0.0014544996099782653,"Gradients_by_loss rec_from_latent_pretrain/: mapper13":0,"Gradients_by_loss recover_latent/: mapper10":0.0021549059779845054,"pear_var_criterion/avg_all":NaN,"Gradients_by_loss recover_latent/: encoder11":0.005477955582076224,"Gradients_by_loss rec_from_latent_pretrain/: mapper8":0,"Gradients_by_loss rec_from_latent_pretrain/: decoder":0.45769255858002506,"Gradients_by_loss recover_latent/: mapper0":0.00039281330155904823,"Gradients_by_loss rec_from_latent_pretrain/: encoder14":0,"r2_mean_criterion/10_all":0.8743317723274231,"Gradients_by_loss recover_latent/: mapper_cell_type_mapper":0.0003056357028430672,"Gradients_by_loss recover_latent/: encoder0":0.0017621644082541955,"important_notes":{"path":"media/html/important_notes_0_5d2ea2a15d43d0596299.html","_type":"html-file","sha256":"5d2ea2a15d43d0596299bdf0fa5e63f3219a496af4a06fb84fabdcbd95459a70","size":7798},"Gradients_by_loss recover_latent/: encoder14":0.0018803673711657275,"_runtime":1629.875958693,"wasserstein_OOD/100_all":0.26068971481872427,"Gradients_by_loss rec_from_latent_pretrain/: mapper9":0,"Gradients_by_loss recover_latent/: mapper_condition_mapper":0.00030006899915845293,"Gradients_by_loss recover_latent/: mapper15":0.002615934352051126,"Gradients_by_loss recover_latent/: decoder":0,"Gradients_by_loss rec_from_latent_pretrain/: encoder15":0,"r2_mean_OOD/50_all":0.9568925499916077,"Gradients_by_loss recover_latent/: encoder13":0.00247211173314293,"Gradients_by_loss rec_from_latent_pretrain/: mapper10":0,"Gradients_by_loss recover_latent/: mapper7":0.001754074615371041,"Gradients_by_loss recover_latent/: mapper8":0.0018034483908537288,"losses/rec_from_latent_pretrain":2.4041835680792603,"Gradients_by_loss rec_from_latent_pretrain/: encoder8":0,"Gradients_by_loss rec_from_latent_pretrain/: encoder12":0,"Gradients_by_loss recover_latent/: mapper13":0.0025668548181848635,"Gradients_by_loss rec_from_latent_pretrain/: encoder6":0,"Gradients_by_loss recover_latent/: cell_type_embedder":3.9189868402900174e-05,"Gradients_by_loss rec_from_latent_pretrain/: mapper4":0,"Gradients_by_loss rec_from_latent_pretrain/: mapper14":0,"Gradients_by_loss rec_from_latent_pretrain/: encoder11":0,"Gradients_by_loss recover_latent/: condition_embedder":0.0009708398720249534,"Gradients_by_loss recover_latent/: encoder6":0.0038123412682856362,"Gradients_by_loss rec_from_latent_pretrain/: mapper2":0,"r2_mean_OOD/100_all":0.9550232291221619,"Gradients_by_loss rec_from_latent_pretrain/: encoder5":0,"Gradients_by_loss rec_from_latent_pretrain/: mapper7":0,"Gradients_by_loss rec_from_latent_pretrain/: encoder3":0,"Gradients_by_loss rec_from_latent_pretrain/: mapper_condition_mapper":0,"Rec/R2_var_train":0.9855031967163086,"Gradients_by_loss rec_from_latent_pretrain/: mapper12":0,"r2_mean_OOD/20_all":0.9742162227630615,"r2_delta_criterion/50_all":0.8813311542783465,"Gradients_by_loss recover_latent/: mapper5":0.0014179979243724985,"Gradients_by_loss rec_from_latent_pretrain/: mapper_cell_type_mapper":0,"Gradients_by_loss recover_latent/: encoder8":0.0005622080469906072,"Gradients_by_loss rec_from_latent_pretrain/: mapper15":0,"Gradients_by_loss recover_latent/: encoder10":0.00367575793092544,"Gradients_by_loss recover_latent/: mapper14":0.0027785137823183475,"Gradients_by_loss rec_from_latent_pretrain/: cell_type_embedder":0,"Gradients_by_loss rec_from_latent_pretrain/: encoder10":0,"_step":521,"_timestamp":1.768367031418975e+09,"Gradients_by_loss rec_from_latent_pretrain/: encoder4":0,"Gradients_by_loss recover_latent/: encoder12":0.00281547499493828,"Gradients_by_loss recover_latent/: encoder15":0.0006810308702219576,"Gradients_by_loss rec_from_latent_pretrain/: encoder13":0,"r2_mean_criterion/50_all":0.9305360657828194,"MIG_BINNED/dis_latent_stack_condition_train":0.6803068249082481,"Gradients_by_loss rec_from_latent_pretrain/: mapper0":0,"Gradients_by_loss recover_latent/: mapper3":0.0016939373660510829,"Gradients_by_loss recover_latent/: mapper12":0.0026854112304382826,"r2_mean_criterion/20_all":0.8813471368380955,"Gradients_by_loss recover_latent/: encoder9":0.002890915966302923,"r2_delta_OOD/10_all":0.9725529551506042,"Gradients_by_loss recover_latent/: mapper11":0.002556706460663976}