{"r2_mean/20000": 0.8074796795845032, "r2_var/20000": 0.13411182165145874, "pear_var/20000": 0.504438349160105, "r2_delta/20000": 0.4303121566772461, "r2_mean/200": 0.38570213317871094, "r2_var/200": 0, "pear_var/200": 0.21965352272235308, "r2_delta/200": 0.3574073314666748, "r2_mean/100": 0.14532190561294556, "r2_var/100": 0, "pear_var/100": 0.29240448855635975, "r2_delta/100": 0.25450414419174194, "wass_dist/100": 0.6312749627177211, "r2_mean/50": 0, "r2_var/50": 0, "pear_var/50": 0.2024767963023879, "r2_delta/50": 0, "r2_mean/20": 0, "r2_var/20": 0, "pear_var/20": -0.15276284802314638, "r2_delta/20": 0, "wass_dist/20": 1.3939072453337558, "r2_mean/10": 0, "r2_var/10": 0, "pear_var/10": 0.031190765788304937, "r2_delta/10": 0, "wass_dist/10": 1.5706568906460396, "_timestamp": 1744203844.8436964, "_runtime": 2.0373504161834717, "_step": 0, "_wandb": {"runtime": 1}}