{"wasserstein_OOD/10_all":0.4369285642354006,"Gradients_by_loss rec_from_latent_pretrain/: mapper3":0,"r2_mean_criterion/100_all":0.8649385273456573,"Gradients_by_loss rec_from_latent_pretrain/: mapper4":0,"Gradients_by_loss recover_latent/: mapper3":0.0003965505342764196,"Gradients_by_loss rec_from_latent_pretrain/: encoder6":0,"Gradients_by_loss recover_latent/: encoder14":0.0002865581693970923,"Gradients_by_loss recover_latent/: encoder4":0.0007562398394048453,"r2_var_criterion/20_all":0.5218012928962708,"wasserstein_criterion/10_all":0.3497860384086245,"Gradients_by_loss recover_latent/: encoder15":0.0003894297919229939,"Gradients_by_loss rec_from_latent_pretrain/: mapper_donor_mapper":0,"Gradients_by_loss rec_from_latent_pretrain/: mapper7":0,"Rec/Pearson_gene_train":0.6902759671211243,"Gradients_by_loss rec_from_latent_pretrain/: mapper15":0,"r2_mean_OOD/20_all":0.5366235971450806,"Gradients_by_loss recover_latent/: mapper15":0.0006562334218693282,"r2_var_criterion/50_all":0.40514348944028217,"Gradients_by_loss recover_latent/: encoder1":0.0011797390192392167,"Gradients_by_loss recover_latent/: encoder12":0.0007164986964323228,"Gradients_by_loss recover_latent/: encoder0":0.0012891637659409262,"_step":521,"Gradients_by_loss rec_from_latent_pretrain/: mapper13":0,"Gradients_by_loss recover_latent/: encoder2":0.00040482621667852896,"Gradients_by_loss recover_latent/: encoder13":0.00042192342133526176,"Gradients_by_loss recover_latent/: encoder_pretrain":0.00019112536082050295,"Gradients_by_loss recover_latent/: mapper9":0.00040808566818140656,"Gradients_by_loss recover_latent/: encoder8":0.00022598217268364855,"Gradients_by_loss recover_latent/: encoder6":0.0007687663940943888,"Gradients_by_loss rec_from_latent_pretrain/: encoder8":0,"Gradients_by_loss recover_latent/: mapper_tissue_mapper":1.218261558992275e-05,"Gradients_by_loss recover_latent/: mapper1":0.00045121637197781953,"pear_var_criterion/avg_all":NaN,"r2_mean_criterion/10_all":0.5819532871246338,"r2_mean_criterion/20_all":0.7961942950884501,"r2_mean_OOD/50_all":0.4790993928909302,"Gradients_by_loss rec_from_latent_pretrain/: encoder_pretrain":0.08054416278601798,"_wandb":{"runtime":3788},"r2_mean_OOD/100_all":0.5455837249755859,"Gradients_by_loss rec_from_latent_pretrain/: mapper5":0,"_timestamp":1.7677791726598208e+09,"Gradients_by_loss recover_latent/: px_r":0,"Rec/Pearson_sample_train":0.9496350884437561,"r2_var_criterion/100_all":0.444295197725296,"Gradients_by_loss rec_from_latent_pretrain/: mapper12":0,"Gradients_by_loss recover_latent/: mapper13":0.0006726299700606496,"Gradients_by_loss rec_from_latent_pretrain/: encoder15":0,"Gradients_by_loss rec_from_latent_pretrain/: encoder4":0,"r2_delta_OOD/100_all":0.44392722845077515,"Gradients_by_loss recover_latent/: decoder":0,"Gradients_by_loss recover_latent/: mapper2":0.0004033632549061318,"Gradients_by_loss rec_from_latent_pretrain/: encoder13":0,"r2_var_OOD/50_all":0.5139122009277344,"Gradients_by_loss rec_from_latent_pretrain/: mapper_tissue_mapper":0,"Gradients_by_loss rec_from_latent_pretrain/: mapper9":0,"Gradients_by_loss recover_latent/: mapper10":0.000741550027221131,"r2_delta_criterion/50_all":0.6224179565906525,"Gradients_by_loss recover_latent/: mapper_donor_mapper":1.3907152709265078e-05,"r2_var_OOD/20_all":0.5381577014923096,"r2_mean_criterion/50_all":0.8569431404272715,"Gradients_by_loss rec_from_latent_pretrain/: mapper1":0,"Gradients_by_loss recover_latent/: encoder7":0.00032086683477650123,"r2_delta_criterion/20_all":0.5714086592197418,"important_notes":{"size":8035,"path":"media/html/important_notes_0_3eacaf9f31c4cb232a11.html","_type":"html-file","sha256":"3eacaf9f31c4cb232a1148f41ab8082221effef902de2db6947a44be4eb17497"},"Gradients_by_loss recover_latent/: encoder9":0.0003075908242695788,"Gradients_by_loss rec_from_latent_pretrain/: mapper8":0,"Gradients_by_loss rec_from_latent_pretrain/: encoder11":0,"Gradients_by_loss rec_from_latent_pretrain/: decoder":0.1358541992548459,"Gradients_by_loss recover_latent/: encoder10":0.0022449193742117316,"Gradients_by_loss recover_latent/: mapper4":0.0003952991788227206,"Gradients_by_loss rec_from_latent_pretrain/: encoder12":0,"Gradients_by_loss rec_from_latent_pretrain/: tissue_embedder":0,"Gradients_by_loss rec_from_latent_pretrain/: mapper14":0,"Gradients_by_loss recover_latent/: mapper7":0.0004443854844571958,"Gradients_by_loss rec_from_latent_pretrain/: mapper10":0,"Gradients_by_loss recover_latent/: encoder5":0.0011576548265817103,"Gradients_by_loss rec_from_latent_pretrain/: encoder2":0,"r2_var_OOD/100_all":0.5358436107635498,"Gradients_by_loss recover_latent/: mapper6":0.00046566644123579367,"Rec/R2_var_train":0.9961990714073181,"Gradients_by_loss rec_from_latent_pretrain/: mapper11":0,"Gradients_by_loss rec_from_latent_pretrain/: encoder9":0,"r2_var_criterion/10_all":0.6145369708538055,"r2_delta_criterion/10_all":0.5404801964759827,"Gradients_by_loss rec_from_latent_pretrain/: encoder3":0,"Gradients_by_loss recover_latent/: mapper11":0.0007235242349192177,"_runtime":3788.719563792,"Gradients_by_loss recover_latent/: tissue_embedder":2.8375807232805528e-05,"r2_delta_OOD/10_all":0.5848196744918823,"Gradients_by_loss rec_from_latent_pretrain/: encoder0":0,"Gradients_by_loss rec_from_latent_pretrain/: encoder1":0,"Gradients_by_loss recover_latent/: mapper14":0.0006296109769086967,"Gradients_by_loss recover_latent/: mapper5":0.0004641997306448833,"Gradients_by_loss recover_latent/: encoder11":0.0006263568355434624,"Gradients_by_loss rec_from_latent_pretrain/: mapper6":0,"Gradients_by_loss recover_latent/: mapper12":0.0006960445528540965,"Gradients_by_loss recover_latent/: mapper0":0.00031525341413075674,"r2_delta_criterion/100_all":0.6228219370047251,"Gradients_by_loss rec_from_latent_pretrain/: encoder7":0,"Gradients_by_loss recover_latent/: encoder3":0.0006561970179794575,"Gradients_by_loss recover_latent/: mapper8":0.00043827027597432135,"Gradients_by_loss rec_from_latent_pretrain/: mapper2":0,"Gradients_by_loss recover_latent/: donor_embedder":4.841663394472562e-05,"r2_delta_OOD/20_all":0.5780034065246582,"Gradients_by_loss rec_from_latent_pretrain/: donor_embedder":0,"r2_var_OOD/10_all":0.5375715494155884,"r2_delta_OOD/50_all":0.4373660087585449,"Gradients_by_loss rec_from_latent_pretrain/: encoder14":0,"Gradients_by_loss rec_from_latent_pretrain/: mapper0":0,"losses/rec_from_latent_pretrain":0.6200746845771379,"MIG_BINNED/dis_latent_stack_tissue_train":0.6594402625844463,"losses/recover_latent":4.395237904609204e-05,"Gradients_by_loss rec_from_latent_pretrain/: encoder5":0,"Rec/R2_mean_train":0.998908281326294,"r2_mean_OOD/10_all":0.66602623462677,"Gradients_by_loss rec_from_latent_pretrain/: px_r":4.9254242185270414e-05,"Gradients_by_loss rec_from_latent_pretrain/: encoder10":0}