{"r2_mean_criterion/100_all":0.8383522629737854,"Gradients_by_loss recover_latent/: encoder12":0.0004011029195234854,"Gradients_by_loss rec_from_latent_pretrain/: mapper_donor_mapper":0,"Gradients_by_loss rec_from_latent_pretrain/: encoder3":0,"Gradients_by_loss recover_latent/: mapper13":0.00033707825032116466,"Gradients_by_loss recover_latent/: mapper1":0.00021444393489954288,"wasserstein_OOD/10_all":0.6305917024121308,"Gradients_by_loss rec_from_latent_pretrain/: mapper1":0,"r2_delta_criterion/20_all":0.5670292178789774,"Gradients_by_loss rec_from_latent_pretrain/: px_r":3.535426367307082e-05,"Rec/Pearson_sample_train":0.9502283930778503,"r2_var_OOD/100_all":0,"_step":521,"Gradients_by_loss rec_from_latent_pretrain/: mapper7":0,"Gradients_by_loss recover_latent/: encoder8":0.00039910859668171853,"Gradients_by_loss rec_from_latent_pretrain/: encoder4":0,"Gradients_by_loss recover_latent/: encoder7":0.00014042776442929543,"r2_var_criterion/10_all":0.5898598035176595,"Gradients_by_loss recover_latent/: mapper4":0.00030191256832485874,"Gradients_by_loss recover_latent/: px_r":0,"Gradients_by_loss rec_from_latent_pretrain/: encoder_pretrain":0.04758184988373083,"Gradients_by_loss recover_latent/: mapper3":0.00030491315463365346,"r2_mean_criterion/10_all":0.7102772891521454,"Gradients_by_loss recover_latent/: encoder10":0.0005328647053119845,"r2_delta_criterion/10_all":0.6072342693805695,"Rec/R2_mean_train":0.9986639022827148,"Gradients_by_loss rec_from_latent_pretrain/: encoder8":0,"Gradients_by_loss recover_latent/: mapper12":0.0003312954758861614,"Gradients_by_loss rec_from_latent_pretrain/: decoder":0.09426711852602566,"Gradients_by_loss recover_latent/: encoder6":9.773324145764681e-05,"Gradients_by_loss recover_latent/: mapper10":0.00032915896636238694,"Gradients_by_loss recover_latent/: donor_embedder":2.968681656057015e-05,"Gradients_by_loss recover_latent/: mapper6":0.00029032537263593786,"losses/rec_from_latent_pretrain":0.6179548132136397,"Gradients_by_loss rec_from_latent_pretrain/: encoder10":0,"Gradients_by_loss recover_latent/: encoder4":0.00024619731597448565,"Gradients_by_loss recover_latent/: encoder11":0.00010645567527354713,"Gradients_by_loss rec_from_latent_pretrain/: mapper9":0,"Gradients_by_loss rec_from_latent_pretrain/: encoder0":0,"r2_mean_OOD/50_all":0.7246795892715454,"Gradients_by_loss recover_latent/: mapper7":0.00028191110859149867,"Gradients_by_loss recover_latent/: mapper2":0.000320708534151539,"Gradients_by_loss rec_from_latent_pretrain/: mapper_tissue_mapper":0,"Gradients_by_loss recover_latent/: encoder5":0.0003325984205738945,"Gradients_by_loss rec_from_latent_pretrain/: encoder7":0,"Gradients_by_loss rec_from_latent_pretrain/: encoder14":0,"r2_delta_OOD/20_all":0.23296427726745605,"r2_var_OOD/20_all":0,"Gradients_by_loss rec_from_latent_pretrain/: mapper5":0,"Gradients_by_loss recover_latent/: encoder0":0.0004772285220528457,"Gradients_by_loss rec_from_latent_pretrain/: mapper13":0,"Gradients_by_loss rec_from_latent_pretrain/: mapper15":0,"r2_mean_OOD/10_all":0,"Gradients_by_loss rec_from_latent_pretrain/: mapper3":0,"Gradients_by_loss rec_from_latent_pretrain/: encoder11":0,"Gradients_by_loss rec_from_latent_pretrain/: mapper11":0,"Gradients_by_loss rec_from_latent_pretrain/: encoder2":0,"Gradients_by_loss rec_from_latent_pretrain/: encoder5":0,"r2_var_OOD/50_all":0,"Gradients_by_loss recover_latent/: mapper0":0.00011543702907817226,"Gradients_by_loss rec_from_latent_pretrain/: mapper6":0,"Gradients_by_loss rec_from_latent_pretrain/: encoder1":0,"r2_var_criterion/20_all":0.3435405492782593,"Gradients_by_loss rec_from_latent_pretrain/: donor_embedder":0,"Gradients_by_loss rec_from_latent_pretrain/: encoder12":0,"Gradients_by_loss rec_from_latent_pretrain/: mapper4":0,"Gradients_by_loss rec_from_latent_pretrain/: encoder15":0,"r2_var_criterion/100_all":0.4322392741839091,"Gradients_by_loss recover_latent/: mapper_donor_mapper":1.1467428868501653e-05,"r2_delta_criterion/50_all":0.6204292972882589,"r2_var_OOD/10_all":0.38396912813186646,"Gradients_by_loss recover_latent/: mapper5":0.00030180593382644216,"Gradients_by_loss rec_from_latent_pretrain/: mapper14":0,"important_notes":{"size":8035,"path":"media/html/important_notes_0_17629c78fd32f07ad68e.html","_type":"html-file","sha256":"17629c78fd32f07ad68ef0f22ea331b1a273c9c8eb70608f22e08c2f09c73798"},"r2_mean_OOD/20_all":0.3763309121131897,"pear_var_criterion/avg_all":NaN,"wasserstein_criterion/10_all":0.3290980497702514,"MIG_BINNED/dis_latent_stack_tissue_train":0.6338597864609987,"Gradients_by_loss recover_latent/: mapper11":0.00032288761940775767,"Gradients_by_loss recover_latent/: mapper9":0.0002806915215274245,"Gradients_by_loss rec_from_latent_pretrain/: mapper0":0,"Gradients_by_loss recover_latent/: mapper15":0.00040025892479562947,"r2_delta_OOD/10_all":0.1899978518486023,"Gradients_by_loss recover_latent/: mapper14":0.000436353531934994,"Gradients_by_loss rec_from_latent_pretrain/: mapper12":0,"Gradients_by_loss rec_from_latent_pretrain/: encoder9":0,"r2_mean_criterion/50_all":0.8273424307505289,"Gradients_by_loss recover_latent/: encoder15":7.638315337495129e-05,"Gradients_by_loss recover_latent/: tissue_embedder":3.22081868944224e-05,"_runtime":3792.410324514,"Gradients_by_loss recover_latent/: encoder13":0.0004172310978826292,"r2_delta_OOD/50_all":0.3105846643447876,"Gradients_by_loss recover_latent/: encoder1":0.0007258881147060855,"Gradients_by_loss recover_latent/: encoder3":0.00042927196054883394,"_wandb":{"runtime":3792},"Gradients_by_loss recover_latent/: encoder_pretrain":0.00014082723860535666,"losses/recover_latent":3.864544121997865e-05,"Gradients_by_loss recover_latent/: encoder9":0.00025946398355235537,"Gradients_by_loss rec_from_latent_pretrain/: mapper10":0,"Gradients_by_loss rec_from_latent_pretrain/: mapper2":0,"Rec/R2_var_train":0.9960599541664124,"_timestamp":1.7677762362921364e+09,"Gradients_by_loss recover_latent/: mapper8":0.0002863754452321977,"Gradients_by_loss rec_from_latent_pretrain/: encoder13":0,"Gradients_by_loss rec_from_latent_pretrain/: encoder6":0,"Gradients_by_loss recover_latent/: mapper_tissue_mapper":7.425560148607839e-06,"Gradients_by_loss rec_from_latent_pretrain/: tissue_embedder":0,"r2_delta_OOD/100_all":0.2867034077644348,"Gradients_by_loss recover_latent/: encoder14":0.0006928565436170723,"r2_mean_OOD/100_all":0.7802652716636658,"Gradients_by_loss rec_from_latent_pretrain/: mapper8":0,"Rec/Pearson_gene_train":0.697594404220581,"r2_var_criterion/50_all":0.3478867808977763,"r2_mean_criterion/20_all":0.793586939573288,"r2_delta_criterion/100_all":0.6295191744963328,"Gradients_by_loss recover_latent/: decoder":0,"Gradients_by_loss recover_latent/: encoder2":0.0010992554291797383}