{"r2_delta_OOD/10_all":0.926575779914856,"Gradients_by_loss rec_from_latent_pretrain/: encoder11":0,"r2_var_criterion/20_all":0.139501690864563,"Gradients_by_loss rec_from_latent_pretrain/: encoder1":0,"Rec/Pearson_gene_train":0.7407041192054749,"Gradients_by_loss recover_latent/: encoder3":0.0004211153966810473,"r2_mean_criterion/10_all":0.5008564218878746,"Gradients_by_loss recover_latent/: encoder8":2.6160897661439705e-05,"r2_delta_criterion/50_all":0.6094145327806473,"Gradients_by_loss rec_from_latent_pretrain/: encoder0":0,"r2_delta_OOD/100_all":0.6515751481056213,"Gradients_by_loss recover_latent/: mapper2":6.433018248515942e-05,"Gradients_by_loss rec_from_latent_pretrain/: mapper12":0,"Gradients_by_loss rec_from_latent_pretrain/: mapper9":0,"Gradients_by_loss recover_latent/: encoder6":0.00035369946250844443,"Gradients_by_loss rec_from_latent_pretrain/: encoder3":0,"Gradients_by_loss recover_latent/: mapper_donor_mapper":8.655936566552784e-06,"Gradients_by_loss recover_latent/: encoder1":0.0002115083380036095,"r2_delta_criterion/100_all":0.6087049096822739,"Gradients_by_loss recover_latent/: encoder9":0.00012688693389395793,"r2_mean_OOD/50_all":0.7195495963096619,"Gradients_by_loss recover_latent/: encoder14":3.143822002518717e-05,"losses/recover_latent":0.004430750572038278,"Gradients_by_loss rec_from_latent_pretrain/: mapper_tissue_mapper":0,"Gradients_by_loss recover_latent/: encoder10":0.0002128946275798394,"Gradients_by_loss recover_latent/: encoder2":0.00010020355755428097,"Gradients_by_loss recover_latent/: mapper5":0.00017114678212902708,"Gradients_by_loss recover_latent/: mapper14":0.00019929719951538335,"r2_delta_criterion/20_all":0.5540634170174599,"Gradients_by_loss recover_latent/: mapper11":0.0002372526941831907,"_timestamp":1.7681202296804016e+09,"Gradients_by_loss rec_from_latent_pretrain/: mapper0":0,"r2_delta_criterion/10_all":0.36151909828186035,"r2_delta_OOD/20_all":0.8982060551643372,"MIG_BINNED/dis_latent_stack_tissue_train":0.6393947250830988,"Gradients_by_loss rec_from_latent_pretrain/: encoder7":0,"Rec/Pearson_sample_train":0.9433187246322632,"r2_mean_OOD/10_all":0.9573559761047363,"Gradients_by_loss rec_from_latent_pretrain/: encoder5":0,"Gradients_by_loss rec_from_latent_pretrain/: encoder_pretrain":0.03161669382220171,"wasserstein_OOD/10_all":0.08353818216160888,"Gradients_by_loss recover_latent/: mapper3":0.00012491074613572926,"Gradients_by_loss recover_latent/: decoder":0,"_runtime":1317.190233415,"Gradients_by_loss recover_latent/: encoder12":1.2455884600732046e-05,"Gradients_by_loss rec_from_latent_pretrain/: mapper5":0,"Gradients_by_loss rec_from_latent_pretrain/: mapper6":0,"r2_mean_criterion/20_all":0.684975229203701,"wasserstein_criterion/10_all":0.5459962222582534,"Gradients_by_loss recover_latent/: mapper_tissue_mapper":8.40859892634531e-06,"Gradients_by_loss rec_from_latent_pretrain/: encoder14":0,"losses/rec_from_latent_pretrain":0.5883443638682365,"Gradients_by_loss recover_latent/: tissue_embedder":6.0872920585097745e-05,"Gradients_by_loss recover_latent/: encoder13":3.035835791168796e-05,"r2_delta_OOD/50_all":0.6517771482467651,"Gradients_by_loss recover_latent/: mapper12":0.00020184343518342657,"Gradients_by_loss rec_from_latent_pretrain/: mapper_donor_mapper":0,"Gradients_by_loss recover_latent/: mapper7":0.00018154383032371584,"r2_var_criterion/10_all":0.21504557877779007,"Gradients_by_loss rec_from_latent_pretrain/: encoder12":0,"Gradients_by_loss recover_latent/: mapper9":0.00018612696103934047,"_wandb":{"runtime":1317},"Gradients_by_loss recover_latent/: px_r":0,"Gradients_by_loss recover_latent/: encoder_pretrain":8.586855299823771e-05,"Gradients_by_loss rec_from_latent_pretrain/: px_r":1.8094096958520822e-05,"Gradients_by_loss recover_latent/: mapper8":0.0001750191152436066,"r2_var_OOD/50_all":0.5486728549003601,"Gradients_by_loss rec_from_latent_pretrain/: mapper1":0,"r2_mean_criterion/50_all":0.8016204312443733,"Gradients_by_loss rec_from_latent_pretrain/: donor_embedder":0,"r2_var_OOD/10_all":0.899339497089386,"Gradients_by_loss rec_from_latent_pretrain/: encoder13":0,"Gradients_by_loss recover_latent/: mapper0":5.742175612844401e-05,"Gradients_by_loss rec_from_latent_pretrain/: mapper13":0,"Gradients_by_loss rec_from_latent_pretrain/: mapper14":0,"Gradients_by_loss recover_latent/: mapper13":0.00020178253748422768,"Gradients_by_loss rec_from_latent_pretrain/: encoder8":0,"Gradients_by_loss rec_from_latent_pretrain/: mapper2":0,"pear_var_criterion/avg_all":NaN,"Gradients_by_loss recover_latent/: encoder0":0.0004877878834317816,"Gradients_by_loss rec_from_latent_pretrain/: mapper15":0,"Gradients_by_loss rec_from_latent_pretrain/: encoder6":0,"_step":521,"Gradients_by_loss recover_latent/: donor_embedder":2.3044165573082864e-05,"Gradients_by_loss rec_from_latent_pretrain/: encoder15":0,"r2_var_OOD/100_all":0.570986270904541,"Gradients_by_loss recover_latent/: mapper15":0.00020420907647342493,"Gradients_by_loss rec_from_latent_pretrain/: encoder9":0,"Gradients_by_loss recover_latent/: mapper1":6.017643766203915e-05,"Gradients_by_loss rec_from_latent_pretrain/: decoder":0.1001753806841231,"Gradients_by_loss rec_from_latent_pretrain/: encoder4":0,"Gradients_by_loss recover_latent/: mapper6":0.00019586114130006174,"r2_var_criterion/50_all":0.15927307307720184,"Gradients_by_loss rec_from_latent_pretrain/: mapper3":0,"Rec/R2_var_train":0.986741840839386,"Gradients_by_loss recover_latent/: encoder5":0.0001387312562594281,"Rec/R2_mean_train":0.9944080114364624,"Gradients_by_loss rec_from_latent_pretrain/: mapper7":0,"Gradients_by_loss recover_latent/: encoder7":0.0001689449242424197,"r2_var_OOD/20_all":0.9090961217880249,"r2_mean_OOD/20_all":0.9100315570831299,"Gradients_by_loss recover_latent/: mapper4":0.00017250592438955003,"Gradients_by_loss rec_from_latent_pretrain/: mapper10":0,"r2_var_criterion/100_all":0.2159479558467865,"Gradients_by_loss rec_from_latent_pretrain/: mapper4":0,"Gradients_by_loss rec_from_latent_pretrain/: encoder2":0,"r2_mean_OOD/100_all":0.8255617022514343,"important_notes":{"sha256":"462af83b7f6321f748385c413cefbae93bc9bfb91b082322ea77156f7d1bc9ca","size":7808,"path":"media/html/important_notes_0_462af83b7f6321f74838.html","_type":"html-file"},"Gradients_by_loss rec_from_latent_pretrain/: mapper8":0,"Gradients_by_loss rec_from_latent_pretrain/: encoder10":0,"Gradients_by_loss rec_from_latent_pretrain/: tissue_embedder":0,"Gradients_by_loss recover_latent/: encoder11":0.00012681834292285394,"Gradients_by_loss recover_latent/: encoder4":0.0004964516591337969,"Gradients_by_loss recover_latent/: mapper10":0.000200670848717195,"r2_mean_criterion/100_all":0.8358995541930199,"Gradients_by_loss recover_latent/: encoder15":8.928139976608618e-05,"Gradients_by_loss rec_from_latent_pretrain/: mapper11":0}