{"r2_mean/20000": 0.7346867322921753, "r2_var/20000": 0, "pear_var/20000": 0.4864135982911698, "r2_delta/20000": 0.21491014957427979, "r2_mean/200": 0.48701012134552, "r2_var/200": 0, "pear_var/200": 0.13545485560216397, "r2_delta/200": 0.4633815884590149, "r2_mean/100": 0.3563999533653259, "r2_var/100": 0, "pear_var/100": 0.11700984402898709, "r2_delta/100": 0.4386177062988281, "wass_dist/100": 0.5369662544376506, "r2_mean/50": 0, "r2_var/50": 0, "pear_var/50": -0.015063323356441616, "r2_delta/50": 0, "r2_mean/20": 0, "r2_var/20": 0, "pear_var/20": -0.21160717670331913, "r2_delta/20": 0, "wass_dist/20": 0.981365374588637, "r2_mean/10": 0, "r2_var/10": 0, "pear_var/10": 0.015453528081704242, "r2_delta/10": 0, "wass_dist/10": 0.9020093590012352, "_timestamp": 1743906071.9211254, "_runtime": 1.336125373840332, "_step": 0, "_wandb": {"runtime": 1}}