{"wass_dist/10":0.6398208378225834,"r2_mean/200":0.4317304491996765,"r2_mean/100":0.3709549903869629,"r2_var/20000":0,"_wandb":{"runtime":0},"r2_var/20":0,"r2_delta/10":0,"pear_var/20":0.879016773457742,"_runtime":0.631026139,"pear_var/50":0.6603753764977933,"r2_delta/100":0.9864972829818726,"pear_var/200":0.5724045192578835,"r2_delta/50":0.9839159250259399,"wass_dist/100":0.4849806923026436,"pear_var/20000":0.5313936107137386,"r2_var/200":0,"r2_delta/20000":0.9893525838851929,"r2_delta/20":0,"r2_mean/10":0,"r2_var/50":0,"wass_dist/20":0.5880351717753095,"pear_var/100":0.6596806786783973,"r2_var/10":0,"_timestamp":1.7438234744505858e+09,"pear_var/10":0.8239783120081562,"r2_var/100":0,"r2_delta/200":0.9827730655670166,"r2_mean/20":0,"r2_mean/50":0.32149720191955566,"r2_mean/20000":0.6264806985855103,"_step":0}