{"MIG_BINNED/dis_latent_stack_tissue_train":0.6505887337035922,"Gradients_by_loss rec_from_latent_pretrain/: mapper13":0,"Gradients_by_loss recover_latent/: mapper0":0.0001024195983764406,"Gradients_by_loss recover_latent/: encoder7":0.0010431452165042651,"Gradients_by_loss recover_latent/: mapper_tissue_mapper":5.840749108443209e-06,"r2_var_criterion/10_all":0.5277466972668966,"pear_var_criterion/avg_all":NaN,"Gradients_by_loss recover_latent/: encoder3":0.00017814079604145828,"Gradients_by_loss recover_latent/: mapper3":0.00019930249969658315,"r2_var_OOD/20_all":0.015216469764709473,"Gradients_by_loss rec_from_latent_pretrain/: mapper8":0,"Gradients_by_loss rec_from_latent_pretrain/: encoder13":0,"Rec/R2_var_train":0.9921901226043701,"Gradients_by_loss recover_latent/: mapper_donor_mapper":7.861497133242453e-06,"r2_var_OOD/50_all":0,"Gradients_by_loss recover_latent/: mapper2":0.00020650108807274654,"Gradients_by_loss rec_from_latent_pretrain/: mapper11":0,"Gradients_by_loss rec_from_latent_pretrain/: mapper4":0,"r2_delta_OOD/20_all":0.37865954637527466,"Gradients_by_loss recover_latent/: mapper7":0.0005883226528054359,"r2_mean_criterion/10_all":0.7014466722806295,"Gradients_by_loss rec_from_latent_pretrain/: mapper0":0,"Gradients_by_loss recover_latent/: encoder9":0.00013714859789714759,"r2_mean_OOD/20_all":0.4947943091392517,"r2_delta_criterion/20_all":0.5494179824988047,"r2_var_criterion/100_all":0.36759010950724286,"Gradients_by_loss rec_from_latent_pretrain/: encoder2":0,"Gradients_by_loss recover_latent/: encoder10":0.0005584966356093337,"Gradients_by_loss recover_latent/: mapper1":0.00011547442974873435,"Rec/Pearson_gene_train":0.6969812512397766,"r2_var_OOD/100_all":0,"Gradients_by_loss rec_from_latent_pretrain/: encoder11":0,"losses/rec_from_latent_pretrain":0.6180832590992095,"Gradients_by_loss recover_latent/: mapper6":0.0005253859093383482,"Gradients_by_loss recover_latent/: mapper5":0.0005225427472980575,"Gradients_by_loss recover_latent/: encoder0":0.0004590080792005105,"Gradients_by_loss rec_from_latent_pretrain/: mapper2":0,"Gradients_by_loss recover_latent/: mapper13":0.0004984077144252825,"Gradients_by_loss recover_latent/: encoder12":0.0002047329671892158,"Gradients_by_loss rec_from_latent_pretrain/: encoder10":0,"Gradients_by_loss recover_latent/: encoder5":0.001074131286866804,"wasserstein_OOD/10_all":0.6063504928194774,"Gradients_by_loss recover_latent/: mapper8":0.0005754253997293565,"r2_delta_criterion/100_all":0.5485047598679861,"r2_mean_criterion/20_all":0.7755100627740225,"Gradients_by_loss rec_from_latent_pretrain/: encoder15":0,"Gradients_by_loss recover_latent/: encoder11":0.0002547301551189394,"r2_delta_criterion/10_all":0.5769398808479309,"Gradients_by_loss rec_from_latent_pretrain/: encoder5":0,"Gradients_by_loss recover_latent/: encoder6":0.000861124922031436,"Gradients_by_loss rec_from_latent_pretrain/: mapper6":0,"Rec/Pearson_sample_train":0.9497596621513367,"Gradients_by_loss recover_latent/: mapper15":0.0005400771030851937,"Gradients_by_loss rec_from_latent_pretrain/: mapper_donor_mapper":0,"Gradients_by_loss rec_from_latent_pretrain/: mapper5":0,"Gradients_by_loss rec_from_latent_pretrain/: encoder12":0,"Gradients_by_loss rec_from_latent_pretrain/: donor_embedder":0,"_step":521,"important_notes":{"path":"media/html/important_notes_0_8db1a8dbc5004d2a631f.html","_type":"html-file","sha256":"8db1a8dbc5004d2a631f47a4e2501e37209dd9c0d0db41bf7dee4bd19ac3218e","size":8035},"Gradients_by_loss rec_from_latent_pretrain/: tissue_embedder":0,"_wandb":{"runtime":3711},"Gradients_by_loss recover_latent/: mapper9":0.0005609904112209417,"Gradients_by_loss rec_from_latent_pretrain/: encoder9":0,"Gradients_by_loss recover_latent/: encoder15":0.0005011647433399796,"Gradients_by_loss recover_latent/: mapper14":0.0004871413667648302,"Gradients_by_loss recover_latent/: encoder8":0.0006780318065985373,"Gradients_by_loss recover_latent/: mapper11":0.0005216394857686242,"Gradients_by_loss rec_from_latent_pretrain/: mapper12":0,"Gradients_by_loss recover_latent/: donor_embedder":5.894151399843395e-05,"Gradients_by_loss rec_from_latent_pretrain/: decoder":0.09441992334765098,"Gradients_by_loss rec_from_latent_pretrain/: px_r":3.989567267126404e-05,"Gradients_by_loss rec_from_latent_pretrain/: encoder0":0,"Gradients_by_loss rec_from_latent_pretrain/: encoder4":0,"Gradients_by_loss recover_latent/: encoder_pretrain":9.679444363592443e-05,"Gradients_by_loss recover_latent/: encoder2":0.0007618223650083863,"Gradients_by_loss rec_from_latent_pretrain/: encoder14":0,"r2_mean_criterion/100_all":0.8187642892201742,"Gradients_by_loss rec_from_latent_pretrain/: mapper1":0,"r2_mean_OOD/50_all":0.7680431008338928,"r2_delta_criterion/50_all":0.5549826323986053,"wasserstein_criterion/10_all":0.3492793082826913,"Gradients_by_loss recover_latent/: encoder14":0.0002861797596572882,"r2_delta_OOD/100_all":0.37542402744293213,"Gradients_by_loss recover_latent/: encoder4":0.0020720679281169808,"Gradients_by_loss recover_latent/: tissue_embedder":9.794440302357543e-06,"Gradients_by_loss rec_from_latent_pretrain/: encoder7":0,"r2_delta_OOD/50_all":0.41916894912719727,"r2_mean_OOD/100_all":0.8075960874557495,"r2_mean_criterion/50_all":0.8128403127193451,"Gradients_by_loss rec_from_latent_pretrain/: encoder6":0,"Gradients_by_loss recover_latent/: mapper4":0.00044576106835236335,"Gradients_by_loss rec_from_latent_pretrain/: mapper10":0,"Gradients_by_loss rec_from_latent_pretrain/: encoder1":0,"r2_delta_OOD/10_all":0.3513872027397156,"r2_var_OOD/10_all":0,"losses/recover_latent":4.4295676997127915e-05,"Gradients_by_loss rec_from_latent_pretrain/: mapper9":0,"r2_var_criterion/50_all":0.357400506734848,"Gradients_by_loss rec_from_latent_pretrain/: mapper3":0,"Gradients_by_loss recover_latent/: px_r":0,"Rec/R2_mean_train":0.9987220764160156,"r2_mean_OOD/10_all":0,"Gradients_by_loss rec_from_latent_pretrain/: encoder8":0,"r2_var_criterion/20_all":0.2909567654132843,"Gradients_by_loss rec_from_latent_pretrain/: encoder_pretrain":0.07163619794537723,"Gradients_by_loss rec_from_latent_pretrain/: mapper7":0,"Gradients_by_loss recover_latent/: mapper10":0.0005092180944271857,"Gradients_by_loss recover_latent/: decoder":0,"Gradients_by_loss recover_latent/: mapper12":0.0005051103100894086,"Gradients_by_loss recover_latent/: encoder13":0.0001715641274367456,"_timestamp":1.7677611212169366e+09,"_runtime":3711.999886112,"Gradients_by_loss rec_from_latent_pretrain/: mapper_tissue_mapper":0,"Gradients_by_loss recover_latent/: encoder1":0.00046346484516483576,"Gradients_by_loss rec_from_latent_pretrain/: mapper14":0,"Gradients_by_loss rec_from_latent_pretrain/: encoder3":0,"Gradients_by_loss rec_from_latent_pretrain/: mapper15":0}