{"r2_mean/20000": 0.9599344730377197, "r2_var/20000": 0.08947676420211792, "pear_var/20000": 0.7422583928849509, "r2_delta/20000": 0.8180429935455322, "r2_mean/200": 0.9057122468948364, "r2_var/200": 0, "pear_var/200": 0.7555161542194281, "r2_delta/200": 0.8472856879234314, "r2_mean/100": 0.8880620002746582, "r2_var/100": 0, "pear_var/100": 0.7803116884835637, "r2_delta/100": 0.8457942605018616, "wass_dist/100": 0.3498994855693484, "r2_mean/50": 0.8357000350952148, "r2_var/50": 0, "pear_var/50": 0.7359509838845736, "r2_delta/50": 0.7704810500144958, "r2_mean/20": 0.7738268971443176, "r2_var/20": 0, "pear_var/20": 0.7611292044655996, "r2_delta/20": 0.6513888835906982, "wass_dist/20": 0.48936107243931304, "r2_mean/10": 0.5260506868362427, "r2_var/10": 0, "pear_var/10": 0.9030952029623345, "r2_delta/10": 0.36940622329711914, "wass_dist/10": 0.533646180590179, "_timestamp": 1744212604.570446, "_runtime": 2.191080093383789, "_step": 0, "_wandb": {"runtime": 1}}