{"r2_mean/10":0,"pear_var/200":0.33311666851747035,"r2_mean/100":0.48341888189315796,"wass_dist/20":0.9621200492148674,"r2_delta/10":0,"r2_delta/100":0.9997785687446594,"r2_var/50":0,"_runtime":0.643109837,"pear_var/50":0.25394890821102895,"r2_mean/200":0.5635033845901489,"r2_mean/50":0.23819321393966675,"r2_var/100":0,"pear_var/10":0.845401214392939,"pear_var/100":0.43773846120147053,"wass_dist/10":0.8763456599194279,"r2_var/20000":0,"r2_delta/20000":0.9994221925735474,"pear_var/20000":0.47474967655872935,"_step":0,"_timestamp":1.7438302865368783e+09,"r2_var/20":0,"r2_delta/20":0.9998853206634521,"r2_mean/20000":0.7968981862068176,"r2_delta/50":0.9998223185539246,"r2_var/200":0,"r2_delta/200":0.9996898174285889,"wass_dist/100":0.6756796763938232,"r2_mean/20":0.048250555992126465,"pear_var/20":0.34400737347722643,"_wandb":{"runtime":0},"r2_var/10":0}