{"r2_mean/20000": 0.8985267877578735, "r2_var/20000": 0, "pear_var/20000": 0.37853639257986194, "r2_delta/20000": 0, "r2_mean/200": 0.8426719903945923, "r2_var/200": 0, "pear_var/200": 0.13767915256982977, "r2_delta/200": 0.5173018574714661, "r2_mean/100": 0.7631100416183472, "r2_var/100": 0, "pear_var/100": -0.0006536033332140993, "r2_delta/100": 0.3704555630683899, "wass_dist/100": 0.4626113841585439, "r2_mean/50": 0.697312593460083, "r2_var/50": 0, "pear_var/50": 0.02265399166369996, "r2_delta/50": 0.2178451418876648, "r2_mean/20": 0.6713600158691406, "r2_var/20": 0, "pear_var/20": -0.2680787835955738, "r2_delta/20": 0, "wass_dist/20": 0.6424992542999395, "r2_mean/10": 0.22046434879302979, "r2_var/10": 0, "pear_var/10": -0.39227793494860763, "r2_delta/10": 0, "wass_dist/10": 0.6715041483201988, "_timestamp": 1743875565.7587256, "_runtime": 1.3825457096099854, "_step": 0, "_wandb": {"runtime": 1}}