{"Gradients_by_loss recover_latent/: mapper2":0.0015081930603576504,"r2_var_criterion/10_all":0.2519775480031967,"Gradients_by_loss recover_latent/: encoder2":0.0028338868453737756,"Gradients_by_loss rec_from_latent_pretrain/: mapper0":0,"Gradients_by_loss rec_from_latent_pretrain/: encoder9":0,"Gradients_by_loss rec_from_latent_pretrain/: encoder2":0,"r2_mean_criterion/50_all":0.7565085142850876,"Gradients_by_loss recover_latent/: px_r":0,"Gradients_by_loss rec_from_latent_pretrain/: decoder":0.5881115265828804,"r2_var_OOD/10_all":0,"Gradients_by_loss rec_from_latent_pretrain/: mapper1":0,"Gradients_by_loss rec_from_latent_pretrain/: encoder5":0,"r2_mean_OOD/50_all":0.6300848722457886,"Gradients_by_loss recover_latent/: encoder9":0.0014463142184523773,"Gradients_by_loss recover_latent/: mapper15":0.003535971971674833,"_runtime":1302.009787725,"Gradients_by_loss rec_from_latent_pretrain/: mapper7":0,"Gradients_by_loss recover_latent/: encoder14":0.00195322933767813,"Gradients_by_loss recover_latent/: mapper_tissue_mapper":4.2677362372483655e-05,"Gradients_by_loss recover_latent/: encoder5":0.008891149364801124,"Gradients_by_loss rec_from_latent_pretrain/: mapper13":0,"r2_var_criterion/20_all":0.19546107947826385,"Gradients_by_loss recover_latent/: mapper12":0.0036066896744726003,"_timestamp":1.7681279446581724e+09,"Gradients_by_loss rec_from_latent_pretrain/: mapper9":0,"Gradients_by_loss recover_latent/: mapper8":0.004375032361698102,"_step":521,"r2_mean_criterion/100_all":0.8039091899991035,"losses/rec_from_latent_pretrain":0.5892516563210306,"Gradients_by_loss recover_latent/: mapper5":0.0025160879938305597,"Gradients_by_loss rec_from_latent_pretrain/: px_r":7.378304871963337e-05,"r2_delta_criterion/50_all":0.5099602565169334,"r2_delta_criterion/10_all":0.34529535472393036,"r2_mean_criterion/10_all":0.4193408340215683,"Gradients_by_loss rec_from_latent_pretrain/: encoder11":0,"Gradients_by_loss recover_latent/: donor_embedder":0.00018247922707814723,"r2_delta_OOD/50_all":0.46123069524765015,"Gradients_by_loss rec_from_latent_pretrain/: encoder4":0,"wasserstein_criterion/10_all":0.6034042211221914,"Gradients_by_loss recover_latent/: mapper6":0.0024168297802173964,"Gradients_by_loss rec_from_latent_pretrain/: encoder12":0,"Gradients_by_loss recover_latent/: encoder3":0.004729799843855515,"r2_mean_OOD/20_all":0.497935950756073,"Gradients_by_loss rec_from_latent_pretrain/: mapper10":0,"Gradients_by_loss recover_latent/: encoder13":0.0026596204817845013,"Gradients_by_loss rec_from_latent_pretrain/: mapper6":0,"Gradients_by_loss recover_latent/: mapper1":0.001531535629897213,"r2_mean_criterion/20_all":0.6283952221274376,"Gradients_by_loss recover_latent/: encoder12":0.002552442953201897,"Gradients_by_loss rec_from_latent_pretrain/: mapper_tissue_mapper":0,"Gradients_by_loss rec_from_latent_pretrain/: encoder0":0,"Gradients_by_loss recover_latent/: encoder15":0.0011853021964959528,"Gradients_by_loss rec_from_latent_pretrain/: mapper8":0,"Gradients_by_loss rec_from_latent_pretrain/: mapper12":0,"Gradients_by_loss recover_latent/: tissue_embedder":0.00011036440264433622,"losses/recover_latent":7.054162636484739e-05,"Gradients_by_loss recover_latent/: encoder11":0.0007473575615887243,"Gradients_by_loss rec_from_latent_pretrain/: encoder10":0,"Rec/R2_mean_train":0.9984265565872192,"_wandb":{"runtime":1302},"Gradients_by_loss rec_from_latent_pretrain/: donor_embedder":0,"Gradients_by_loss rec_from_latent_pretrain/: encoder15":0,"pear_var_criterion/avg_all":NaN,"r2_delta_criterion/100_all":0.50871791690588,"Gradients_by_loss rec_from_latent_pretrain/: mapper14":0,"r2_delta_OOD/100_all":0.5135836601257324,"Gradients_by_loss rec_from_latent_pretrain/: encoder6":0,"Rec/Pearson_gene_train":0.7607014179229736,"Gradients_by_loss recover_latent/: mapper11":0.0035526902850330573,"Rec/R2_var_train":0.9955477714538574,"Gradients_by_loss rec_from_latent_pretrain/: mapper4":0,"r2_var_OOD/50_all":0,"Gradients_by_loss recover_latent/: mapper7":0.0023646621171831738,"Gradients_by_loss recover_latent/: mapper13":0.0036796452018258096,"r2_var_OOD/100_all":0.18250393867492676,"Gradients_by_loss recover_latent/: encoder4":0.005996131987790683,"wasserstein_OOD/10_all":0.8275347815370562,"r2_var_criterion/100_all":0.23174770176410675,"Gradients_by_loss rec_from_latent_pretrain/: encoder3":0,"Gradients_by_loss recover_latent/: encoder_pretrain":0.0008592072747087029,"Gradients_by_loss recover_latent/: encoder0":0.005591997111097612,"Gradients_by_loss recover_latent/: mapper4":0.0023367745945470646,"Gradients_by_loss recover_latent/: mapper3":0.0018519972475840223,"Gradients_by_loss recover_latent/: mapper10":0.003693313043294727,"Gradients_by_loss rec_from_latent_pretrain/: encoder8":0,"Gradients_by_loss rec_from_latent_pretrain/: mapper5":0,"Gradients_by_loss rec_from_latent_pretrain/: encoder7":0,"Gradients_by_loss recover_latent/: encoder8":0.010040887067404344,"Gradients_by_loss recover_latent/: encoder6":0.0015780334146000689,"Gradients_by_loss recover_latent/: decoder":0,"Gradients_by_loss rec_from_latent_pretrain/: encoder_pretrain":0.21858956738362545,"Gradients_by_loss recover_latent/: encoder1":0.005524706732899662,"Gradients_by_loss recover_latent/: mapper0":0.0003986064133584889,"Gradients_by_loss recover_latent/: encoder7":0.0024606368634933783,"Rec/Pearson_sample_train":0.951292872428894,"Gradients_by_loss rec_from_latent_pretrain/: mapper3":0,"Gradients_by_loss rec_from_latent_pretrain/: mapper2":0,"r2_delta_OOD/10_all":0.47923290729522705,"r2_mean_OOD/100_all":0.7275711297988892,"Gradients_by_loss rec_from_latent_pretrain/: tissue_embedder":0,"Gradients_by_loss rec_from_latent_pretrain/: mapper11":0,"Gradients_by_loss rec_from_latent_pretrain/: mapper_donor_mapper":0,"r2_mean_OOD/10_all":0.38681507110595703,"Gradients_by_loss rec_from_latent_pretrain/: encoder13":0,"r2_var_OOD/20_all":0,"r2_delta_OOD/20_all":0.4429539442062378,"Gradients_by_loss rec_from_latent_pretrain/: mapper15":0,"r2_var_criterion/50_all":0.20448894053697586,"r2_delta_criterion/20_all":0.439358651638031,"MIG_BINNED/dis_latent_stack_tissue_train":0.6779848345483804,"Gradients_by_loss recover_latent/: encoder10":0.003576167342369717,"Gradients_by_loss recover_latent/: mapper_donor_mapper":6.124742294859522e-05,"Gradients_by_loss recover_latent/: mapper9":0.0037863446406697495,"important_notes":{"size":7816,"path":"media/html/important_notes_0_18c518a9c9577f0301ac.html","_type":"html-file","sha256":"18c518a9c9577f0301ac88a74fbff14977ac71fb5bf04553b36d1760468e3c8b"},"Gradients_by_loss rec_from_latent_pretrain/: encoder1":0,"Gradients_by_loss recover_latent/: mapper14":0.0038112203929830915,"Gradients_by_loss rec_from_latent_pretrain/: encoder14":0}