{"r2_mean/20000": 0.9109733700752258, "r2_var/20000": 0, "pear_var/20000": 0.38622180862390915, "r2_delta/20000": 0, "r2_mean/200": 0.8638286590576172, "r2_var/200": 0, "pear_var/200": 0.30535462880638575, "r2_delta/200": 0.4430680274963379, "r2_mean/100": 0.8282102346420288, "r2_var/100": 0, "pear_var/100": 0.39909432444740034, "r2_delta/100": 0.4534327983856201, "wass_dist/100": 0.4447651084553715, "r2_mean/50": 0.8055121302604675, "r2_var/50": 0, "pear_var/50": 0.27222168445281425, "r2_delta/50": 0.3847079873085022, "r2_mean/20": 0.8595550060272217, "r2_var/20": 0, "pear_var/20": -0.2033173348143036, "r2_delta/20": 0.4538230895996094, "wass_dist/20": 0.5194999586292737, "r2_mean/10": 0.5470018982887268, "r2_var/10": 0, "pear_var/10": -0.357023273075553, "r2_delta/10": 0.36696815490722656, "wass_dist/10": 0.5099925897622539, "_timestamp": 1743889054.154854, "_runtime": 1.6285960674285889, "_step": 0, "_wandb": {"runtime": 1}}