{"r2_var_OOD/10_all":0,"Rec/R2_mean_train":0.9996886849403381,"Rec/R2_var_train":0.998358964920044,"Gradients_by_loss rec_from_latent_pretrain/: mapper5":0,"r2_var_criterion/20_all":0,"Gradients_by_loss recover_latent/: encoder5":9.765761110928875e-05,"Gradients_by_loss rec_from_latent_pretrain/: encoder7":0,"Gradients_by_loss rec_from_latent_pretrain/: mapper14":0,"pear_var_OOD/50_all":0.7292854623577292,"Gradients_by_loss recover_latent/: mapper9":0.00022883467689653857,"r2_delta_OOD/10_all":0.9087141752243042,"Gradients_by_loss recover_latent/: mapper4":0.0002239706847396996,"Gradients_by_loss rec_from_latent_pretrain/: mapper6":0,"Gradients_by_loss recover_latent/: decoder":0,"Gradients_by_loss rec_from_latent_pretrain/: decoder":0.07154907497697478,"r2_var_OOD/50_all":0,"r2_mean_criterion/50_all":0.9852491617202759,"Gradients_by_loss recover_latent/: zone_embedder":1.8627581084729172e-05,"r2_mean_criterion/100_all":0.978780210018158,"wasserstein_criterion/10_all":0.1367566290672775,"r2_delta_criterion/100_all":0.6376358866691589,"Gradients_by_loss rec_from_latent_pretrain/: mapper3":0,"Gradients_by_loss rec_from_latent_pretrain/: encoder13":0,"Gradients_by_loss recover_latent/: mapper8":0.00021539648708308287,"Gradients_by_loss recover_latent/: mapper3":0.00019119941926963604,"pear_var_criterion/avg_all":0.8591275943912319,"r2_delta_OOD/100_all":0.6787087917327881,"Gradients_by_loss rec_from_latent_pretrain/: encoder9":0,"Gradients_by_loss recover_latent/: encoder2":0.00014406888977791955,"Gradients_by_loss recover_latent/: encoder11":0.00015306230529321197,"Gradients_by_loss rec_from_latent_pretrain/: mapper10":0,"_timestamp":1.7685298743622506e+09,"Gradients_by_loss recover_latent/: mapper1":0.0002118016965660111,"Gradients_by_loss recover_latent/: encoder0":0.00019487768617680175,"Gradients_by_loss rec_from_latent_pretrain/: mapper7":0,"r2_var_criterion/10_all":0,"Gradients_by_loss recover_latent/: encoder4":0.0005941171392032604,"Gradients_by_loss rec_from_latent_pretrain/: encoder1":0,"Gradients_by_loss recover_latent/: mapper12":0.00022538136689582514,"Gradients_by_loss recover_latent/: encoder6":0.00019227177972258792,"r2_mean_criterion/10_all":0.9940181374549866,"Gradients_by_loss rec_from_latent_pretrain/: encoder5":0,"Gradients_by_loss rec_from_latent_pretrain/: zone_embedder":0,"losses/recover_latent":8.126414959516267e-05,"Gradients_by_loss rec_from_latent_pretrain/: encoder6":0,"r2_delta_criterion/10_all":0.9450885653495789,"Gradients_by_loss recover_latent/: mapper6":0.00019451851609896667,"r2_var_OOD/20_all":0,"Gradients_by_loss recover_latent/: mapper5":0.00019457625905975085,"pear_var_criterion/100_all":0.8195343398078919,"wasserstein_OOD/100_all":0.2001835894669756,"Gradients_by_loss recover_latent/: encoder7":0.0005709524942727882,"r2_mean_OOD/20_all":0.9892141819000244,"r2_mean_OOD/50_all":0.9858798384666443,"_wandb":{"runtime":3291},"r2_delta_OOD/20_all":0.9095602631568909,"Gradients_by_loss rec_from_latent_pretrain/: mapper15":0,"Gradients_by_loss rec_from_latent_pretrain/: px_r":8.19477645563893e-05,"Gradients_by_loss recover_latent/: encoder1":0.0010913502147677652,"Gradients_by_loss rec_from_latent_pretrain/: mapper2":0,"r2_mean_OOD/10_all":0.9944247603416443,"Gradients_by_loss recover_latent/: encoder_pretrain":6.603754193714997e-05,"losses/rec_from_latent_pretrain":6.455299057547124,"r2_mean_OOD/100_all":0.9852718114852905,"pear_var_criterion/50_all":0.8303182023593777,"r2_delta_criterion/20_all":0.9079527854919434,"Gradients_by_loss rec_from_latent_pretrain/: mapper4":0,"r2_delta_OOD/50_all":0.8220685720443726,"Gradients_by_loss rec_from_latent_pretrain/: encoder8":0,"important_notes":{"_type":"html-file","sha256":"822b5d039f4ca0b56a0bdb63b21f7a3388050d227f133887fef19ff50da04fd5","size":7842,"path":"media/html/important_notes_0_822b5d039f4ca0b56a0b.html"},"Gradients_by_loss rec_from_latent_pretrain/: encoder10":0,"Gradients_by_loss recover_latent/: encoder12":0.00017918854552668686,"Rec/Pearson_sample_train":0.9812952280044556,"Gradients_by_loss rec_from_latent_pretrain/: mapper8":0,"r2_var_criterion/100_all":0,"Gradients_by_loss recover_latent/: encoder13":0.00019079418474647378,"r2_var_OOD/100_all":0,"r2_mean_criterion/20_all":0.9932745099067688,"Gradients_by_loss recover_latent/: mapper_infected_mapper":3.0022642613864307e-06,"_step":521,"Gradients_by_loss recover_latent/: mapper7":0.00022051162864800928,"Gradients_by_loss rec_from_latent_pretrain/: encoder11":0,"Gradients_by_loss recover_latent/: mapper_zone_mapper":2.977742524436407e-06,"Gradients_by_loss rec_from_latent_pretrain/: infected_embedder":0,"MIG_BINNED/dis_latent_stack_infected_train":0.6737465851350007,"Gradients_by_loss recover_latent/: encoder3":0.00011358602919179122,"Gradients_by_loss rec_from_latent_pretrain/: encoder_pretrain":0.057791329147770104,"Gradients_by_loss recover_latent/: encoder10":0.00043754185760608847,"Gradients_by_loss rec_from_latent_pretrain/: mapper_zone_mapper":0,"Gradients_by_loss rec_from_latent_pretrain/: encoder14":0,"Gradients_by_loss rec_from_latent_pretrain/: encoder2":0,"r2_var_criterion/50_all":0,"Gradients_by_loss rec_from_latent_pretrain/: encoder0":0,"pear_var_OOD/20_all":0.7810711549455507,"Gradients_by_loss rec_from_latent_pretrain/: mapper_infected_mapper":0,"Gradients_by_loss recover_latent/: px_r":0,"Gradients_by_loss recover_latent/: encoder14":4.260452563394207e-05,"Gradients_by_loss recover_latent/: mapper0":2.844161564967755e-05,"Gradients_by_loss recover_latent/: mapper15":0.00023235480519358067,"Gradients_by_loss recover_latent/: infected_embedder":1.9879811588907614e-05,"Gradients_by_loss recover_latent/: mapper11":0.00022628502494094908,"Gradients_by_loss recover_latent/: encoder8":0.00018065927148408576,"Gradients_by_loss rec_from_latent_pretrain/: mapper1":0,"Gradients_by_loss rec_from_latent_pretrain/: mapper0":0,"wasserstein_OOD/10_all":0.17305941523882745,"Gradients_by_loss recover_latent/: mapper10":0.000233344099330132,"pear_var_criterion/10_all":0.9609317558440245,"Gradients_by_loss rec_from_latent_pretrain/: encoder3":0,"Gradients_by_loss rec_from_latent_pretrain/: mapper12":0,"Gradients_by_loss rec_from_latent_pretrain/: encoder12":0,"Gradients_by_loss recover_latent/: mapper13":0.00022264629342497188,"Gradients_by_loss recover_latent/: mapper14":0.00021539910829330606,"Rec/Pearson_gene_train":0.5495807528495789,"pear_var_OOD/10_all":0.8872131651059322,"Gradients_by_loss recover_latent/: encoder9":0.0003641271548844911,"pear_var_criterion/20_all":0.8257260795536334,"r2_delta_criterion/50_all":0.7509384155273438,"Gradients_by_loss recover_latent/: mapper2":0.00020671969559958643,"Gradients_by_loss recover_latent/: encoder15":0.0002537273232307325,"pear_var_OOD/100_all":0.8217655181904768,"Gradients_by_loss rec_from_latent_pretrain/: mapper11":0,"Gradients_by_loss rec_from_latent_pretrain/: mapper9":0,"_runtime":3291.702530057,"wasserstein_criterion/100_all":0.22314401568631162,"Gradients_by_loss rec_from_latent_pretrain/: mapper13":0,"Gradients_by_loss rec_from_latent_pretrain/: encoder15":0,"Gradients_by_loss rec_from_latent_pretrain/: encoder4":0}