{"r2_mean/20000": 0.9601661562919617, "r2_var/20000": 0.08741992712020874, "pear_var/20000": 0.7050595934713253, "r2_delta/20000": 0.5695055723190308, "r2_mean/200": 0.9107639789581299, "r2_var/200": 0, "pear_var/200": 0.7257461112278076, "r2_delta/200": 0.7746454477310181, "r2_mean/100": 0.9127135276794434, "r2_var/100": 0, "pear_var/100": 0.8123081710123303, "r2_delta/100": 0.765164315700531, "wass_dist/100": 0.3722995491829223, "r2_mean/50": 0.9110122323036194, "r2_var/50": 0, "pear_var/50": 0.7750295876637354, "r2_delta/50": 0.740881085395813, "r2_mean/20": 0.8700646162033081, "r2_var/20": 0, "pear_var/20": 0.7543283748479062, "r2_delta/20": 0.8235957622528076, "wass_dist/20": 0.43657618802257847, "r2_mean/10": 0.9655059576034546, "r2_var/10": 0, "pear_var/10": 0.64919080370014, "r2_delta/10": 0.9489704370498657, "wass_dist/10": 0.40878211655094104, "_timestamp": 1744111438.9115508, "_runtime": 1.8262507915496826, "_step": 0, "_wandb": {"runtime": 1}}