{"r2_mean/20000": 0.9407169818878174, "r2_var/20000": 0.05034232139587402, "pear_var/20000": 0.6885699622420128, "r2_delta/20000": 0.7699611783027649, "r2_mean/200": 0.8673791289329529, "r2_var/200": 0, "pear_var/200": 0.6337062610312816, "r2_delta/200": 0.8455814123153687, "r2_mean/100": 0.8264654874801636, "r2_var/100": 0, "pear_var/100": 0.7266567843882343, "r2_delta/100": 0.8375369906425476, "wass_dist/100": 0.37199300245030975, "r2_mean/50": 0.6884939670562744, "r2_var/50": 0, "pear_var/50": 0.7884059216486681, "r2_delta/50": 0.6518973112106323, "r2_mean/20": 0.5855875611305237, "r2_var/20": 0, "pear_var/20": 0.8317133083720201, "r2_delta/20": 0.5377576351165771, "wass_dist/20": 0.534244370372661, "r2_mean/10": 0.4202626347541809, "r2_var/10": 0, "pear_var/10": 0.17764157969040834, "r2_delta/10": 0.306102991104126, "wass_dist/10": 0.5781690207773219, "_timestamp": 1743903113.3269708, "_runtime": 1.363097906112671, "_step": 0, "_wandb": {"runtime": 1}}