{"r2_delta_criterion/10_all":0.5110031366348267,"Gradients_by_loss recover_latent/: encoder11":0.00157091326801996,"r2_delta_OOD/50_all":0.7961187362670898,"pear_var_criterion/100_all":0.7347578959047875,"Gradients_by_loss recover_latent/: mapper_status_control_mapper":4.6504477884212434e-05,"_timestamp":1.7684561539403405e+09,"_runtime":2356.170783746,"Gradients_by_loss recover_latent/: encoder5":0.0035439399507722264,"Gradients_by_loss rec_from_latent_pretrain/: encoder_pretrain":0.7031870829184772,"Gradients_by_loss recover_latent/: mapper3":0.0011016669762392594,"Gradients_by_loss rec_from_latent_pretrain/: mapper_status_control_mapper":0,"important_notes":{"_type":"html-file","sha256":"2f2cb0ccc1fce528a0a1fdc6968f968aa5c208fa259cac0813f0ad0876332d25","size":8420,"path":"media/html/important_notes_0_2f2cb0ccc1fce528a0a1.html"},"r2_mean_criterion/100_all":0.9306039214134216,"_wandb":{"runtime":2356},"Rec/R2_var_train":0.9995535612106323,"Gradients_by_loss recover_latent/: encoder2":0.0025680949110140376,"r2_mean_criterion/10_all":0.804476797580719,"Gradients_by_loss recover_latent/: mapper14":0.0026461448158654564,"Gradients_by_loss recover_latent/: mapper7":0.00236883916686448,"Gradients_by_loss rec_from_latent_pretrain/: mapper6":0,"Gradients_by_loss recover_latent/: mapper2":0.0011390169087849332,"wasserstein_criterion/10_all":0.2957384935542668,"Gradients_by_loss recover_latent/: encoder8":0.004910575947971702,"Gradients_by_loss recover_latent/: mapper8":0.0023358331803091732,"MIG_BINNED/dis_latent_stack_status_control_train":0.6745944300971273,"Gradients_by_loss recover_latent/: mapper6":0.002465563736444754,"wasserstein_OOD/10_all":0.21555317507938185,"Gradients_by_loss recover_latent/: px_r":0,"Gradients_by_loss recover_latent/: encoder_pretrain":0.0025974602973376708,"Gradients_by_loss rec_from_latent_pretrain/: px_r":0.0003188684640917927,"r2_mean_OOD/20_all":0.9223504066467285,"Gradients_by_loss rec_from_latent_pretrain/: encoder3":0,"Gradients_by_loss recover_latent/: mapper1":0.0008760712219530095,"Gradients_by_loss recover_latent/: encoder0":0.005979255392543978,"Gradients_by_loss rec_from_latent_pretrain/: encoder12":0,"Gradients_by_loss recover_latent/: mapper9":0.0025042625959286746,"losses/rec_from_latent_pretrain":6.462515834690064,"pear_var_OOD/10_all":0.9664402963850003,"Gradients_by_loss recover_latent/: mapper0":0.0002231217737596733,"Gradients_by_loss rec_from_latent_pretrain/: mapper_coarse_time_mapper":0,"r2_mean_criterion/50_all":0.9082076549530029,"Gradients_by_loss rec_from_latent_pretrain/: encoder13":0,"Gradients_by_loss recover_latent/: mapper13":0.0026467957620257584,"Gradients_by_loss rec_from_latent_pretrain/: mapper_zone_mapper":0,"r2_delta_OOD/20_all":0.8239502906799316,"Gradients_by_loss rec_from_latent_pretrain/: encoder0":0,"Gradients_by_loss rec_from_latent_pretrain/: mapper10":0,"Gradients_by_loss recover_latent/: mapper15":0.003183582325847565,"r2_var_OOD/100_all":0,"Gradients_by_loss recover_latent/: encoder3":0.003946093185691987,"r2_mean_OOD/10_all":0.9382395148277283,"r2_delta_OOD/10_all":0.9042849540710449,"Gradients_by_loss recover_latent/: mapper_zone_mapper":6.966380358257363e-05,"pear_var_OOD/50_all":0.7512866325049264,"Gradients_by_loss rec_from_latent_pretrain/: encoder14":0,"Gradients_by_loss recover_latent/: coarse_time_embedder":0.00038266743649728596,"Gradients_by_loss recover_latent/: status_control_embedder":0.00029447596170939505,"Gradients_by_loss rec_from_latent_pretrain/: encoder6":0,"Gradients_by_loss rec_from_latent_pretrain/: encoder5":0,"r2_mean_OOD/50_all":0.9332716464996338,"Gradients_by_loss rec_from_latent_pretrain/: mapper9":0,"pear_var_criterion/20_all":0.9194096501462192,"Gradients_by_loss rec_from_latent_pretrain/: encoder15":0,"Gradients_by_loss recover_latent/: mapper12":0.0024604192164577278,"Gradients_by_loss rec_from_latent_pretrain/: encoder2":0,"Gradients_by_loss recover_latent/: mapper11":0.0024688245823539204,"Gradients_by_loss rec_from_latent_pretrain/: zone_embedder":0,"pear_var_OOD/100_all":0.6844642030423722,"r2_var_OOD/20_all":0.002200186252593994,"Gradients_by_loss recover_latent/: mapper_coarse_time_mapper":6.0553873811823166e-05,"Gradients_by_loss recover_latent/: encoder7":0.0038011644207570027,"wasserstein_OOD/100_all":0.2830054515531846,"Gradients_by_loss rec_from_latent_pretrain/: mapper3":0,"Gradients_by_loss rec_from_latent_pretrain/: encoder10":0,"wasserstein_criterion/100_all":0.28211984422983644,"r2_delta_criterion/100_all":0.7625392079353333,"r2_mean_OOD/100_all":0.9538456201553345,"Gradients_by_loss rec_from_latent_pretrain/: encoder9":0,"Gradients_by_loss recover_latent/: encoder10":0.004547573182951129,"Gradients_by_loss rec_from_latent_pretrain/: mapper13":0,"losses/recover_latent":0.00010392493271682224,"Gradients_by_loss recover_latent/: encoder4":0.0028079891430136186,"Gradients_by_loss rec_from_latent_pretrain/: mapper14":0,"Gradients_by_loss recover_latent/: encoder9":0.0044692557282708534,"pear_var_criterion/10_all":0.927876465559604,"Gradients_by_loss recover_latent/: encoder14":0.0030990502840264385,"r2_delta_criterion/50_all":0.7579555511474609,"Gradients_by_loss recover_latent/: mapper4":0.0009617606636871659,"Gradients_by_loss recover_latent/: decoder":0,"Gradients_by_loss rec_from_latent_pretrain/: encoder7":0,"Gradients_by_loss rec_from_latent_pretrain/: encoder1":0,"Gradients_by_loss recover_latent/: mapper5":0.0012085610968534226,"r2_var_OOD/10_all":0.5166618824005127,"r2_delta_criterion/20_all":0.7451496124267578,"Gradients_by_loss rec_from_latent_pretrain/: mapper8":0,"Gradients_by_loss recover_latent/: zone_embedder":0.0002999230055138469,"Gradients_by_loss recover_latent/: encoder12":0.0016514362170200008,"Rec/Pearson_sample_train":0.9806621670722961,"Gradients_by_loss recover_latent/: mapper10":0.002492415048229708,"Gradients_by_loss rec_from_latent_pretrain/: mapper7":0,"Gradients_by_loss recover_latent/: encoder15":0.003905482455182513,"r2_var_criterion/50_all":0,"Gradients_by_loss rec_from_latent_pretrain/: encoder11":0,"Gradients_by_loss rec_from_latent_pretrain/: encoder4":0,"Gradients_by_loss rec_from_latent_pretrain/: encoder8":0,"Gradients_by_loss rec_from_latent_pretrain/: mapper0":0,"Gradients_by_loss rec_from_latent_pretrain/: mapper11":0,"Gradients_by_loss recover_latent/: encoder1":0.003551010017969913,"Gradients_by_loss rec_from_latent_pretrain/: decoder":0.45221483802662593,"Gradients_by_loss recover_latent/: encoder6":0.01023206129842165,"Gradients_by_loss rec_from_latent_pretrain/: mapper2":0,"Gradients_by_loss recover_latent/: encoder13":0.0030767131414110404,"_step":521,"Gradients_by_loss rec_from_latent_pretrain/: mapper5":0,"Rec/R2_mean_train":0.9998663663864136,"r2_var_OOD/50_all":0,"r2_var_criterion/10_all":0.35075801610946655,"Gradients_by_loss rec_from_latent_pretrain/: mapper1":0,"Gradients_by_loss rec_from_latent_pretrain/: mapper12":0,"Gradients_by_loss rec_from_latent_pretrain/: mapper4":0,"pear_var_OOD/20_all":0.9178977052864981,"Gradients_by_loss rec_from_latent_pretrain/: mapper15":0,"r2_var_criterion/100_all":0,"Rec/Pearson_gene_train":0.5471940636634827,"r2_var_criterion/20_all":0.11050111055374146,"Gradients_by_loss rec_from_latent_pretrain/: coarse_time_embedder":0,"r2_delta_OOD/100_all":0.8029247522354126,"Gradients_by_loss rec_from_latent_pretrain/: status_control_embedder":0,"pear_var_criterion/avg_all":0.8416025035491352,"r2_mean_criterion/20_all":0.8585684895515442,"pear_var_criterion/50_all":0.7843660025859305}