{"r2_mean/20000": 0.9414274096488953, "r2_var/20000": 0.23116779327392578, "pear_var/20000": 0.7242652874509484, "r2_delta/20000": 0.7727177739143372, "r2_mean/200": 0.8383873701095581, "r2_var/200": 0, "pear_var/200": 0.710082227755763, "r2_delta/200": 0.8118245601654053, "r2_mean/100": 0.7802876234054565, "r2_var/100": 0, "pear_var/100": 0.7567740841234482, "r2_delta/100": 0.7943052649497986, "wass_dist/100": 0.35452573816349164, "r2_mean/50": 0.5542416572570801, "r2_var/50": 0, "pear_var/50": 0.7980299744332262, "r2_delta/50": 0.5018726587295532, "r2_mean/20": 0.3111135959625244, "r2_var/20": 0, "pear_var/20": 0.7909158082777674, "r2_delta/20": 0.23160463571548462, "wass_dist/20": 0.5755891461097935, "r2_mean/10": 0.27014344930648804, "r2_var/10": 0, "pear_var/10": 0.05024077311312962, "r2_delta/10": 0.1264227032661438, "wass_dist/10": 0.6005009917838543, "_timestamp": 1744127703.7184215, "_runtime": 1.5839605331420898, "_step": 0, "_wandb": {"runtime": 1}}