{"Gradients_by_loss rec_from_latent_pretrain/: mapper13":0,"Gradients_by_loss rec_from_latent_pretrain/: encoder_pretrain":0.21061763825576338,"Gradients_by_loss recover_latent/: mapper15":0.0011152752734324028,"wasserstein_OOD/100_all":0.2865637085500428,"Gradients_by_loss rec_from_latent_pretrain/: mapper14":0,"Gradients_by_loss recover_latent/: encoder12":0.002762314091728418,"Rec/R2_var_train":0.9878072142601013,"Gradients_by_loss recover_latent/: encoder_pretrain":0.00030560599526542403,"Gradients_by_loss recover_latent/: mapper13":0.0012152902531616314,"Gradients_by_loss rec_from_latent_pretrain/: encoder0":0,"wasserstein_OOD/10_all":0.2991789160406221,"Gradients_by_loss recover_latent/: mapper12":0.0012266979203661536,"Gradients_by_loss recover_latent/: encoder0":0.001252581084840751,"Gradients_by_loss rec_from_latent_pretrain/: mapper7":0,"Gradients_by_loss recover_latent/: mapper5":0.0007161827687433126,"Gradients_by_loss rec_from_latent_pretrain/: encoder9":0,"r2_delta_criterion/100_all":0.9242513690676007,"wasserstein_criterion/10_all":0.18630038468870458,"Gradients_by_loss recover_latent/: mapper1":0.0008714078771009273,"wasserstein_criterion/100_all":0.20771826516728134,"r2_mean_criterion/50_all":0.9592755947794233,"Gradients_by_loss rec_from_latent_pretrain/: mapper10":0,"_runtime":2063.803442114,"Gradients_by_loss recover_latent/: encoder2":0.000868901511706158,"Gradients_by_loss rec_from_latent_pretrain/: mapper9":0,"Gradients_by_loss recover_latent/: encoder1":0.0033370356845028697,"Gradients_by_loss recover_latent/: encoder8":0.0005583099517423364,"Gradients_by_loss recover_latent/: encoder14":0.00022603673934757905,"Gradients_by_loss recover_latent/: mapper_condition_mapper":1.4766568628977828e-05,"r2_delta_criterion/50_all":0.9130949548312596,"Gradients_by_loss recover_latent/: encoder15":0.0001411324643122739,"Gradients_by_loss recover_latent/: encoder11":0.00015826329942322302,"Gradients_by_loss rec_from_latent_pretrain/: encoder5":0,"Gradients_by_loss recover_latent/: encoder13":0.00021382295272711683,"Gradients_by_loss rec_from_latent_pretrain/: encoder6":0,"Gradients_by_loss rec_from_latent_pretrain/: mapper2":0,"r2_delta_OOD/50_all":0.8428093791007996,"Gradients_by_loss recover_latent/: encoder9":0.0021280034136930202,"r2_mean_OOD/50_all":0.9324479103088379,"r2_mean_criterion/10_all":0.9356653605188642,"Gradients_by_loss rec_from_latent_pretrain/: mapper12":0,"r2_mean_OOD/20_all":0.933876633644104,"Gradients_by_loss rec_from_latent_pretrain/: encoder14":0,"Gradients_by_loss recover_latent/: decoder":0,"r2_delta_criterion/10_all":0.8414778964860099,"Gradients_by_loss rec_from_latent_pretrain/: encoder13":0,"Gradients_by_loss rec_from_latent_pretrain/: encoder11":0,"Gradients_by_loss rec_from_latent_pretrain/: mapper_condition_mapper":0,"Gradients_by_loss rec_from_latent_pretrain/: mapper0":0,"Gradients_by_loss recover_latent/: mapper14":0.0011690396226240799,"r2_delta_OOD/20_all":0.8014354109764099,"Gradients_by_loss rec_from_latent_pretrain/: encoder1":0,"Gradients_by_loss rec_from_latent_pretrain/: encoder12":0,"Gradients_by_loss rec_from_latent_pretrain/: encoder4":0,"Gradients_by_loss recover_latent/: encoder7":0.001109149985456763,"important_notes":{"sha256":"43d38c7547e3490dedf658357b01b458cfc1aa81803aaf1144ada65f19e3ef2b","size":7783,"path":"media/html/important_notes_0_43d38c7547e3490dedf6.html","_type":"html-file"},"Gradients_by_loss recover_latent/: mapper8":0.0007759291689436082,"_step":521,"Rec/Pearson_gene_train":0.7250173091888428,"r2_mean_criterion/100_all":0.9676595755985805,"Rec/R2_mean_train":0.9975854158401489,"losses/rec_from_latent_pretrain":2.3378305432010205,"r2_delta_OOD/100_all":0.8853541016578674,"Gradients_by_loss recover_latent/: encoder5":0.0007555332656542856,"Gradients_by_loss rec_from_latent_pretrain/: encoder3":0,"r2_mean_OOD/10_all":0.7717826962471008,"Gradients_by_loss recover_latent/: mapper6":0.0007685685593879682,"Gradients_by_loss recover_latent/: mapper11":0.0009660319017939353,"Gradients_by_loss rec_from_latent_pretrain/: mapper11":0,"r2_delta_criterion/20_all":0.840461960860661,"Gradients_by_loss recover_latent/: mapper_cell_type_mapper":2.303759281693958e-05,"Gradients_by_loss rec_from_latent_pretrain/: px_r":0.0001378464075969532,"Gradients_by_loss recover_latent/: mapper10":0.0010166938755445042,"Gradients_by_loss recover_latent/: mapper9":0.0010076334232330235,"Gradients_by_loss rec_from_latent_pretrain/: mapper6":0,"Gradients_by_loss rec_from_latent_pretrain/: encoder2":0,"Gradients_by_loss rec_from_latent_pretrain/: condition_embedder":0,"Rec/Pearson_sample_train":0.9580737352371216,"Gradients_by_loss recover_latent/: mapper0":6.316957253575152e-05,"Gradients_by_loss recover_latent/: mapper2":0.0007467545080082958,"Gradients_by_loss recover_latent/: encoder4":0.0007270253173784568,"_timestamp":1.7683678354744658e+09,"Gradients_by_loss rec_from_latent_pretrain/: encoder15":0,"Gradients_by_loss rec_from_latent_pretrain/: mapper1":0,"Gradients_by_loss recover_latent/: encoder6":0.0015271032611286963,"r2_mean_OOD/100_all":0.9357521533966064,"Gradients_by_loss rec_from_latent_pretrain/: mapper3":0,"Gradients_by_loss rec_from_latent_pretrain/: encoder7":0,"Gradients_by_loss rec_from_latent_pretrain/: mapper_cell_type_mapper":0,"Gradients_by_loss recover_latent/: mapper4":0.0007935895348992741,"MIG_BINNED/dis_latent_stack_condition_train":0.6867773571191029,"r2_mean_criterion/20_all":0.9302599940981183,"pear_var_criterion/avg_all":NaN,"Gradients_by_loss rec_from_latent_pretrain/: mapper5":0,"r2_delta_OOD/10_all":0.6743881702423096,"Gradients_by_loss rec_from_latent_pretrain/: encoder10":0,"Gradients_by_loss recover_latent/: encoder10":0.001448155071567578,"_wandb":{"runtime":2063},"Gradients_by_loss recover_latent/: mapper7":0.0007868470683209508,"Gradients_by_loss rec_from_latent_pretrain/: decoder":0.3104841156289166,"Gradients_by_loss recover_latent/: condition_embedder":7.701957656536251e-05,"Gradients_by_loss rec_from_latent_pretrain/: mapper8":0,"Gradients_by_loss recover_latent/: px_r":0,"Gradients_by_loss recover_latent/: cell_type_embedder":5.935205990681425e-05,"Gradients_by_loss rec_from_latent_pretrain/: encoder8":0,"Gradients_by_loss rec_from_latent_pretrain/: mapper4":0,"Gradients_by_loss recover_latent/: mapper3":0.0008046493750458239,"Gradients_by_loss rec_from_latent_pretrain/: cell_type_embedder":0,"Gradients_by_loss rec_from_latent_pretrain/: mapper15":0,"Gradients_by_loss recover_latent/: encoder3":0.0014597111756021845,"losses/recover_latent":7.25846192197307e-05}