{"Gradients_by_loss rec_from_latent_pretrain/: encoder5":0,"Gradients_by_loss recover_latent/: mapper3":0.0004652182717952232,"Gradients_by_loss rec_from_latent_pretrain/: encoder9":0,"Gradients_by_loss rec_from_latent_pretrain/: mapper5":0,"Gradients_by_loss rec_from_latent_pretrain/: mapper3":0,"r2_delta_criterion/50_all":0.8484344226973397,"Gradients_by_loss rec_from_latent_pretrain/: mapper12":0,"r2_mean_OOD/50_all":0.9346169233322144,"Gradients_by_loss rec_from_latent_pretrain/: decoder":0.2882754271622568,"Gradients_by_loss recover_latent/: mapper7":0.0005790892176915856,"Gradients_by_loss recover_latent/: encoder12":0.001117700751699462,"Gradients_by_loss rec_from_latent_pretrain/: mapper13":0,"Gradients_by_loss recover_latent/: condition_embedder":5.3261675930116326e-05,"Gradients_by_loss recover_latent/: mapper_cell_type_mapper":2.0131076946473282e-05,"Gradients_by_loss recover_latent/: mapper15":0.0007905909988787445,"r2_delta_OOD/20_all":0.6697190999984741,"wasserstein_criterion/10_all":0.2535611043473867,"r2_mean_OOD/100_all":0.9364573955535889,"Gradients_by_loss rec_from_latent_pretrain/: mapper0":0,"Rec/R2_var_train":0.9779499173164368,"Gradients_by_loss rec_from_latent_pretrain/: mapper_condition_mapper":0,"Gradients_by_loss rec_from_latent_pretrain/: mapper6":0,"Gradients_by_loss rec_from_latent_pretrain/: encoder14":0,"wasserstein_OOD/10_all":0.2577907177168085,"Gradients_by_loss recover_latent/: mapper6":0.0005870844827615306,"Gradients_by_loss recover_latent/: mapper0":0.00039403218516226134,"Gradients_by_loss rec_from_latent_pretrain/: encoder3":0,"Gradients_by_loss rec_from_latent_pretrain/: mapper_cell_type_mapper":0,"r2_mean_criterion/100_all":0.9412404894828796,"Gradients_by_loss rec_from_latent_pretrain/: encoder_pretrain":0.2068601348818444,"Gradients_by_loss recover_latent/: encoder10":0.0022598359571279715,"Gradients_by_loss recover_latent/: encoder7":0.0008617562650790497,"r2_delta_OOD/100_all":0.7947766184806824,"wasserstein_OOD/100_all":0.27924217377802807,"Rec/Pearson_sample_train":0.9585888385772705,"r2_mean_OOD/20_all":0.9185692071914673,"r2_delta_criterion/10_all":0.6895945838519505,"Gradients_by_loss recover_latent/: encoder14":0.00037264079054702377,"Gradients_by_loss recover_latent/: mapper11":0.0007606761809220978,"Gradients_by_loss recover_latent/: mapper_condition_mapper":1.2359503896804944e-05,"Gradients_by_loss rec_from_latent_pretrain/: mapper15":0,"r2_delta_OOD/50_all":0.8056361675262451,"Gradients_by_loss recover_latent/: mapper10":0.0008086866047724713,"r2_mean_criterion/20_all":0.8333118047033038,"Gradients_by_loss recover_latent/: mapper2":0.0004945050511268789,"Gradients_by_loss rec_from_latent_pretrain/: mapper9":0,"Gradients_by_loss rec_from_latent_pretrain/: mapper2":0,"Rec/R2_mean_train":0.9976856112480164,"losses/rec_from_latent_pretrain":2.3612868279539128,"Gradients_by_loss rec_from_latent_pretrain/: encoder11":0,"MIG_BINNED/dis_latent_stack_condition_train":0.6856940740529044,"Gradients_by_loss recover_latent/: mapper12":0.0007931995721450816,"Gradients_by_loss rec_from_latent_pretrain/: encoder6":0,"wasserstein_criterion/100_all":0.231615799763464,"pear_var_criterion/avg_all":NaN,"Gradients_by_loss rec_from_latent_pretrain/: mapper7":0,"r2_mean_criterion/10_all":0.8133442912782941,"Gradients_by_loss rec_from_latent_pretrain/: mapper11":0,"Gradients_by_loss recover_latent/: mapper5":0.0005151079880843374,"Gradients_by_loss recover_latent/: mapper13":0.0007498765719815603,"Gradients_by_loss recover_latent/: encoder3":0.0004663255581899308,"Gradients_by_loss recover_latent/: encoder5":0.0011621373824247502,"Gradients_by_loss rec_from_latent_pretrain/: mapper4":0,"Gradients_by_loss recover_latent/: mapper8":0.000592630269898418,"Gradients_by_loss rec_from_latent_pretrain/: encoder13":0,"Gradients_by_loss recover_latent/: encoder1":0.00018406275255426866,"Gradients_by_loss rec_from_latent_pretrain/: encoder4":0,"Gradients_by_loss recover_latent/: encoder0":0.0017036117638645563,"r2_delta_criterion/20_all":0.7411354439599174,"_runtime":1701.706318911,"Gradients_by_loss recover_latent/: px_r":0,"r2_mean_criterion/50_all":0.9116646732602801,"Gradients_by_loss recover_latent/: encoder4":0.00016963180715693206,"Gradients_by_loss rec_from_latent_pretrain/: px_r":0.00013288483023643494,"Gradients_by_loss rec_from_latent_pretrain/: cell_type_embedder":0,"Gradients_by_loss rec_from_latent_pretrain/: encoder8":0,"Gradients_by_loss recover_latent/: encoder_pretrain":0.00020301660421828693,"important_notes":{"size":7801,"path":"media/html/important_notes_0_a5e910a2ddac95c6590e.html","_type":"html-file","sha256":"a5e910a2ddac95c6590ea2dbee3225d3a36cf5c52ef5b930921dab4d40df6fc9"},"Gradients_by_loss recover_latent/: mapper1":0.000371531980925994,"Gradients_by_loss rec_from_latent_pretrain/: encoder15":0,"Gradients_by_loss recover_latent/: encoder6":0.0012692500946587066,"Gradients_by_loss rec_from_latent_pretrain/: encoder1":0,"Gradients_by_loss recover_latent/: encoder8":0.0005727458259910709,"Gradients_by_loss recover_latent/: encoder11":0.00020237751773062568,"_step":521,"r2_mean_OOD/10_all":0.9585413932800293,"Gradients_by_loss rec_from_latent_pretrain/: encoder7":0,"losses/recover_latent":5.6331728535619195e-05,"Gradients_by_loss rec_from_latent_pretrain/: encoder12":0,"Gradients_by_loss recover_latent/: mapper9":0.0005687700512695764,"Gradients_by_loss recover_latent/: encoder9":0.000118016688062416,"Gradients_by_loss recover_latent/: encoder13":0.00035042954534054326,"Gradients_by_loss recover_latent/: mapper14":0.0007602844143760923,"Gradients_by_loss rec_from_latent_pretrain/: mapper1":0,"r2_delta_criterion/100_all":0.8955473133495876,"Gradients_by_loss recover_latent/: encoder2":0.0012468639232205425,"r2_delta_OOD/10_all":0.7916550636291504,"Gradients_by_loss recover_latent/: cell_type_embedder":5.623553443001583e-05,"Gradients_by_loss recover_latent/: encoder15":0.0005973460578438769,"Gradients_by_loss rec_from_latent_pretrain/: mapper14":0,"_timestamp":1.7683741295414498e+09,"Gradients_by_loss rec_from_latent_pretrain/: mapper10":0,"Gradients_by_loss rec_from_latent_pretrain/: encoder10":0,"Gradients_by_loss rec_from_latent_pretrain/: mapper8":0,"Gradients_by_loss rec_from_latent_pretrain/: encoder0":0,"_wandb":{"runtime":1701},"Gradients_by_loss rec_from_latent_pretrain/: encoder2":0,"Rec/Pearson_gene_train":0.7167101502418518,"Gradients_by_loss recover_latent/: mapper4":0.0004555832722921392,"Gradients_by_loss rec_from_latent_pretrain/: condition_embedder":0,"Gradients_by_loss recover_latent/: decoder":0}