{"Gradients_by_loss rec_from_latent_pretrain/: encoder7":0,"Gradients_by_loss rec_from_latent_pretrain/: encoder11":0,"r2_delta_criterion/100_all":0.4889213063500144,"Gradients_by_loss rec_from_latent_pretrain/: mapper1":0,"Gradients_by_loss recover_latent/: encoder15":0.001722487872735304,"r2_mean_OOD/100_all":0.6551405191421509,"MIG_BINNED/dis_latent_stack_tissue_train":0.6510028174597272,"Gradients_by_loss recover_latent/: mapper8":0.014514187335682133,"r2_var_criterion/10_all":0.13575472073121506,"Rec/Pearson_sample_train":0.9158155918121338,"r2_delta_criterion/20_all":0.4414933052929965,"r2_delta_OOD/50_all":0.3897983431816101,"r2_delta_criterion/50_all":0.48812576315619727,"Gradients_by_loss rec_from_latent_pretrain/: mapper14":0,"r2_delta_OOD/10_all":0.33217477798461914,"Gradients_by_loss rec_from_latent_pretrain/: mapper_donor_mapper":0,"Gradients_by_loss rec_from_latent_pretrain/: mapper8":0,"Gradients_by_loss recover_latent/: encoder11":0.008044384795778008,"wasserstein_OOD/10_all":0.8702105930216829,"Gradients_by_loss recover_latent/: encoder5":0.014667618272667991,"Rec/R2_mean_train":0.9865822792053223,"Gradients_by_loss recover_latent/: encoder14":0.0024274983928676765,"r2_mean_criterion/100_all":0.7035978707400236,"Gradients_by_loss rec_from_latent_pretrain/: decoder":0.4803828270853284,"r2_var_criterion/50_all":0.010856216604059393,"Gradients_by_loss recover_latent/: mapper14":0.01748251443108334,"Gradients_by_loss rec_from_latent_pretrain/: encoder12":0,"Gradients_by_loss recover_latent/: mapper15":0.01784829445112079,"Gradients_by_loss recover_latent/: encoder1":0.006170610027107918,"_timestamp":1.7677544859875817e+09,"Gradients_by_loss recover_latent/: mapper6":0.012638747583875355,"Gradients_by_loss rec_from_latent_pretrain/: encoder13":0,"Gradients_by_loss rec_from_latent_pretrain/: px_r":0.0006436404655687511,"r2_var_criterion/20_all":0.03461742401123047,"Gradients_by_loss recover_latent/: encoder3":0.006870079426156447,"r2_mean_criterion/50_all":0.617524569684809,"important_notes":{"_type":"html-file","sha256":"393b3af5332c81d96d7521dcde9e61029d61a9eeb24ecbbeaa6c3c383b2f29c7","size":7816,"path":"media/html/important_notes_0_393b3af5332c81d96d75.html"},"Gradients_by_loss recover_latent/: mapper4":0.006987297735715711,"Gradients_by_loss recover_latent/: mapper11":0.015716643586992346,"r2_var_OOD/20_all":0,"Gradients_by_loss recover_latent/: mapper_tissue_mapper":0.00042107977082817065,"Gradients_by_loss recover_latent/: mapper3":0.006717329701356311,"Gradients_by_loss rec_from_latent_pretrain/: mapper0":0,"r2_delta_OOD/100_all":0.3666011095046997,"Gradients_by_loss rec_from_latent_pretrain/: encoder0":0,"Gradients_by_loss recover_latent/: mapper7":0.013329569034590988,"Gradients_by_loss recover_latent/: encoder8":0.006723236766620375,"r2_mean_OOD/50_all":0.44887351989746094,"Gradients_by_loss rec_from_latent_pretrain/: encoder9":0,"Gradients_by_loss rec_from_latent_pretrain/: encoder4":0,"r2_var_criterion/100_all":0.031529497016559944,"r2_delta_OOD/20_all":0.36761218309402466,"Gradients_by_loss recover_latent/: encoder12":0.012111519542101807,"Gradients_by_loss recover_latent/: mapper9":0.01380963800482509,"Gradients_by_loss rec_from_latent_pretrain/: encoder6":0,"_step":521,"Gradients_by_loss rec_from_latent_pretrain/: encoder14":0,"Gradients_by_loss recover_latent/: encoder7":0.007426238621006928,"Gradients_by_loss rec_from_latent_pretrain/: encoder15":0,"Gradients_by_loss rec_from_latent_pretrain/: encoder8":0,"Gradients_by_loss recover_latent/: mapper0":0.003699659402386998,"Gradients_by_loss recover_latent/: tissue_embedder":0.0006081363535486162,"Gradients_by_loss rec_from_latent_pretrain/: tissue_embedder":0,"Gradients_by_loss recover_latent/: px_r":0,"Gradients_by_loss recover_latent/: encoder0":0.018724493331756104,"Gradients_by_loss recover_latent/: mapper1":0.005093775734505494,"Gradients_by_loss rec_from_latent_pretrain/: mapper12":0,"Gradients_by_loss rec_from_latent_pretrain/: encoder1":0,"Gradients_by_loss recover_latent/: encoder9":0.0031534970868455233,"Gradients_by_loss rec_from_latent_pretrain/: mapper2":0,"Gradients_by_loss recover_latent/: encoder6":0.0169141177915432,"Gradients_by_loss rec_from_latent_pretrain/: mapper15":0,"Rec/Pearson_gene_train":0.9300358747303485,"Gradients_by_loss rec_from_latent_pretrain/: mapper7":0,"Gradients_by_loss recover_latent/: mapper2":0.0054046191742835046,"Gradients_by_loss recover_latent/: mapper5":0.010582922989129833,"r2_var_OOD/50_all":0,"Gradients_by_loss recover_latent/: decoder":0,"Gradients_by_loss rec_from_latent_pretrain/: encoder5":0,"r2_mean_criterion/10_all":0.32720599391243677,"Gradients_by_loss rec_from_latent_pretrain/: mapper3":0,"r2_mean_OOD/20_all":0,"Gradients_by_loss rec_from_latent_pretrain/: encoder2":0,"r2_mean_OOD/10_all":0,"Gradients_by_loss recover_latent/: donor_embedder":0.00013413350097835064,"Gradients_by_loss recover_latent/: mapper_donor_mapper":0.0006747004922290432,"_runtime":125.419351953,"Gradients_by_loss rec_from_latent_pretrain/: mapper4":0,"_wandb":{"runtime":125},"Gradients_by_loss recover_latent/: mapper10":0.014497140669654577,"Rec/R2_var_train":0.9220184087753296,"Gradients_by_loss recover_latent/: encoder2":0.006406808836271504,"Gradients_by_loss recover_latent/: encoder13":0.004873474089895577,"Gradients_by_loss rec_from_latent_pretrain/: encoder_pretrain":0.5022447743880293,"r2_var_OOD/10_all":0,"Gradients_by_loss rec_from_latent_pretrain/: mapper_tissue_mapper":0,"Gradients_by_loss recover_latent/: encoder10":0.007763659223871523,"Gradients_by_loss rec_from_latent_pretrain/: mapper10":0,"r2_delta_criterion/10_all":0.45842469280416315,"r2_mean_criterion/20_all":0.40136486291885376,"Gradients_by_loss recover_latent/: mapper12":0.01718143123291786,"pear_var_criterion/avg_all":NaN,"Gradients_by_loss recover_latent/: encoder4":0.005212740628262179,"Gradients_by_loss rec_from_latent_pretrain/: mapper11":0,"Gradients_by_loss rec_from_latent_pretrain/: mapper13":0,"r2_var_OOD/100_all":0,"Gradients_by_loss rec_from_latent_pretrain/: mapper9":0,"Gradients_by_loss recover_latent/: mapper13":0.018053558426064587,"Gradients_by_loss rec_from_latent_pretrain/: mapper5":0,"Gradients_by_loss rec_from_latent_pretrain/: encoder3":0,"wasserstein_criterion/10_all":0.6541841065337946,"Gradients_by_loss rec_from_latent_pretrain/: donor_embedder":0,"Gradients_by_loss rec_from_latent_pretrain/: encoder10":0,"losses/recover_latent":0.0032328792149201035,"Gradients_by_loss rec_from_latent_pretrain/: mapper6":0,"losses/rec_from_latent_pretrain":0.5751311268125262,"Gradients_by_loss recover_latent/: encoder_pretrain":0.0055501226482925665}