{"_runtime":0.631055102,"pear_var/20":-0.0018703658798367995,"_step":0,"pear_var/20000":0.4774407477974494,"_wandb":{"runtime":0},"r2_delta/50":0.9966875314712524,"r2_mean/100":0.6526050567626953,"r2_var/50":0,"r2_mean/50":0.6929088830947876,"r2_delta/20000":0.9901540279388428,"r2_var/100":0,"wass_dist/10":0.4257447749572574,"r2_var/200":0,"r2_delta/20":0.9982207417488098,"r2_mean/200":0.6778295040130615,"r2_delta/200":0.9917961955070496,"r2_mean/20000":0.6101053953170776,"pear_var/10":0.4574389626694514,"pear_var/50":0.2979557332081486,"r2_var/10":0,"r2_delta/100":0.9939250946044922,"wass_dist/100":0.4460410243550914,"r2_delta/10":0.41443151235580444,"r2_var/20":0,"pear_var/200":0.3374214013368579,"wass_dist/20":0.4956034651421916,"r2_var/20000":0,"pear_var/100":0.17044107667635558,"r2_mean/10":0.688637375831604,"r2_mean/20":0.7430177927017212,"_timestamp":1.7438244848829367e+09}