{"r2_mean/20000": 0.9687964916229248, "r2_var/20000": 0.1089550256729126, "pear_var/20000": 0.7144473479874796, "r2_delta/20000": 0.662775993347168, "r2_mean/200": 0.930010199546814, "r2_var/200": 0, "pear_var/200": 0.6866877981002348, "r2_delta/200": 0.8232493996620178, "r2_mean/100": 0.9315650463104248, "r2_var/100": 0, "pear_var/100": 0.8034432436507246, "r2_delta/100": 0.8158823847770691, "wass_dist/100": 0.3696645181372718, "r2_mean/50": 0.9189205169677734, "r2_var/50": 0, "pear_var/50": 0.7870444154457498, "r2_delta/50": 0.7639087438583374, "r2_mean/20": 0.8504102230072021, "r2_var/20": 0, "pear_var/20": 0.7489692400668599, "r2_delta/20": 0.796912431716919, "wass_dist/20": 0.463742166841386, "r2_mean/10": 0.9282866716384888, "r2_var/10": 0, "pear_var/10": 0.5716165679742156, "r2_delta/10": 0.8939093351364136, "wass_dist/10": 0.46017872624533307, "_timestamp": 1744111705.0807147, "_runtime": 1.6375157833099365, "_step": 0, "_wandb": {"runtime": 1}}