{"wass_dist/20":0.7434330542494128,"_step":0,"r2_mean/20":0.440421998500824,"r2_var/10":0,"r2_mean/10":0.36504948139190674,"_wandb":{"runtime":0},"r2_var/200":0,"r2_mean/100":0.656672477722168,"r2_delta/20":0.999932587146759,"_runtime":0.674883293,"pear_var/10":0.4073301487691649,"r2_delta/20000":0.9991794228553772,"r2_delta/200":0.9997575879096985,"pear_var/100":0.3262222306323022,"r2_mean/20000":0.7115478515625,"r2_var/100":0,"r2_delta/100":0.9998528361320496,"_timestamp":1.74382979409942e+09,"pear_var/20000":0.5102887290326299,"r2_var/20000":0,"r2_mean/50":0.5873015522956848,"r2_delta/50":0.9999037384986877,"r2_var/20":0,"pear_var/20":-0.0065650904240289396,"pear_var/200":0.2975425033786248,"r2_var/50":0,"r2_mean/200":0.6588716506958008,"pear_var/50":0.00037391743727318953,"wass_dist/100":0.5810643627832791,"r2_delta/10":0,"wass_dist/10":0.6072624685594785}