{"Gradients_by_loss rec_from_latent_pretrain/: mapper7":0,"Gradients_by_loss rec_from_latent_pretrain/: encoder7":0,"Gradients_by_loss recover_latent/: encoder1":0.0007258881147060855,"Gradients_by_loss rec_from_latent_pretrain/: tissue_embedder":0,"Gradients_by_loss rec_from_latent_pretrain/: mapper0":0,"Gradients_by_loss recover_latent/: mapper13":0.00033707825032116466,"Gradients_by_loss recover_latent/: encoder12":0.0004011029195234854,"Gradients_by_loss rec_from_latent_pretrain/: decoder":0.09426711852602566,"r2_var_OOD/50_all":0,"r2_delta_OOD/20_all":0.23296427726745605,"r2_var_OOD/20_all":0,"r2_delta_OOD/50_all":0.3105846643447876,"Gradients_by_loss rec_from_latent_pretrain/: encoder0":0,"r2_var_criterion/50_all":0.2386434945193204,"r2_delta_OOD/100_all":0.2867034077644348,"Gradients_by_loss recover_latent/: encoder7":0.00014042776442929543,"r2_mean_criterion/20_all":0.633706737648357,"Gradients_by_loss recover_latent/: encoder14":0.0006928565436170723,"Gradients_by_loss rec_from_latent_pretrain/: mapper8":0,"Gradients_by_loss rec_from_latent_pretrain/: encoder6":0,"Gradients_by_loss rec_from_latent_pretrain/: encoder_pretrain":0.04758184988373083,"losses/recover_latent":3.864544121997865e-05,"Gradients_by_loss rec_from_latent_pretrain/: encoder12":0,"Gradients_by_loss recover_latent/: mapper4":0.00030191256832485874,"Gradients_by_loss recover_latent/: encoder3":0.00042927196054883394,"r2_var_criterion/20_all":0.22917675430124457,"Gradients_by_loss recover_latent/: tissue_embedder":3.22081868944224e-05,"r2_mean_OOD/10_all":0,"Gradients_by_loss recover_latent/: donor_embedder":2.968681656057015e-05,"r2_delta_criterion/100_all":0.5135238441553983,"Rec/Pearson_sample_train":0.9502283930778503,"Gradients_by_loss rec_from_latent_pretrain/: mapper9":0,"Gradients_by_loss recover_latent/: mapper8":0.0002863754452321977,"Gradients_by_loss rec_from_latent_pretrain/: mapper11":0,"Gradients_by_loss recover_latent/: mapper9":0.0002806915215274245,"Gradients_by_loss rec_from_latent_pretrain/: mapper5":0,"Gradients_by_loss recover_latent/: mapper5":0.00030180593382644216,"important_notes":{"path":"media/html/important_notes_0_6e38234db53ccbd934a1.html","_type":"html-file","sha256":"6e38234db53ccbd934a131d8328bd6773b2aa7a0d733a61075d6f67005768a3a","size":7789},"pear_var_criterion/avg_all":NaN,"Gradients_by_loss rec_from_latent_pretrain/: mapper12":0,"Rec/Pearson_gene_train":0.697594404220581,"r2_mean_OOD/20_all":0.3763309121131897,"r2_mean_OOD/100_all":0.7802652716636658,"Gradients_by_loss recover_latent/: mapper11":0.00032288761940775767,"Gradients_by_loss rec_from_latent_pretrain/: encoder3":0,"Gradients_by_loss rec_from_latent_pretrain/: mapper1":0,"wasserstein_criterion/10_all":0.3336680172101662,"Gradients_by_loss recover_latent/: encoder13":0.0004172310978826292,"Gradients_by_loss recover_latent/: mapper2":0.000320708534151539,"Gradients_by_loss recover_latent/: decoder":0,"r2_var_criterion/100_all":0.28686057979410345,"Gradients_by_loss recover_latent/: mapper_tissue_mapper":7.425560148607839e-06,"r2_var_OOD/10_all":0.38396912813186646,"Gradients_by_loss recover_latent/: mapper1":0.00021444393489954288,"Gradients_by_loss recover_latent/: encoder8":0.00039910859668171853,"Gradients_by_loss recover_latent/: mapper14":0.000436353531934994,"Gradients_by_loss recover_latent/: mapper0":0.00011543702907817226,"Gradients_by_loss recover_latent/: mapper6":0.00029032537263593786,"r2_var_criterion/10_all":0.38182847608219495,"r2_var_OOD/100_all":0,"Gradients_by_loss recover_latent/: mapper7":0.00028191110859149867,"Gradients_by_loss rec_from_latent_pretrain/: mapper13":0,"Gradients_by_loss rec_from_latent_pretrain/: mapper_tissue_mapper":0,"Gradients_by_loss rec_from_latent_pretrain/: mapper_donor_mapper":0,"Gradients_by_loss recover_latent/: encoder_pretrain":0.00014082723860535666,"Gradients_by_loss recover_latent/: mapper3":0.00030491315463365346,"_wandb":{"runtime":3709},"_runtime":3709.261636609,"Gradients_by_loss rec_from_latent_pretrain/: mapper10":0,"Gradients_by_loss rec_from_latent_pretrain/: encoder15":0,"Gradients_by_loss recover_latent/: mapper10":0.00032915896636238694,"Gradients_by_loss rec_from_latent_pretrain/: encoder9":0,"r2_delta_criterion/10_all":0.45809234272349963,"r2_delta_criterion/50_all":0.5103588537736372,"Gradients_by_loss recover_latent/: px_r":0,"Gradients_by_loss rec_from_latent_pretrain/: encoder14":0,"Gradients_by_loss recover_latent/: encoder4":0.00024619731597448565,"Gradients_by_loss recover_latent/: mapper_donor_mapper":1.1467428868501653e-05,"Gradients_by_loss rec_from_latent_pretrain/: encoder4":0,"Rec/R2_mean_train":0.9986639022827148,"Gradients_by_loss rec_from_latent_pretrain/: encoder2":0,"Gradients_by_loss rec_from_latent_pretrain/: encoder8":0,"Gradients_by_loss recover_latent/: encoder6":9.773324145764681e-05,"Gradients_by_loss recover_latent/: mapper15":0.00040025892479562947,"MIG_BINNED/dis_latent_stack_tissue_train":0.6338597864609987,"Gradients_by_loss rec_from_latent_pretrain/: donor_embedder":0,"r2_delta_criterion/20_all":0.4381863366473805,"Gradients_by_loss rec_from_latent_pretrain/: mapper6":0,"_step":521,"Gradients_by_loss rec_from_latent_pretrain/: mapper3":0,"Gradients_by_loss rec_from_latent_pretrain/: mapper14":0,"Gradients_by_loss recover_latent/: mapper12":0.0003312954758861614,"Gradients_by_loss rec_from_latent_pretrain/: mapper2":0,"Gradients_by_loss rec_from_latent_pretrain/: mapper15":0,"Gradients_by_loss recover_latent/: encoder0":0.0004772285220528457,"Gradients_by_loss recover_latent/: encoder2":0.0010992554291797383,"wasserstein_OOD/10_all":0.6305917024121308,"Gradients_by_loss rec_from_latent_pretrain/: px_r":3.535426367307082e-05,"Gradients_by_loss rec_from_latent_pretrain/: encoder5":0,"Gradients_by_loss rec_from_latent_pretrain/: encoder13":0,"Gradients_by_loss recover_latent/: encoder9":0.00025946398355235537,"Gradients_by_loss rec_from_latent_pretrain/: encoder1":0,"Gradients_by_loss rec_from_latent_pretrain/: encoder11":0,"Gradients_by_loss rec_from_latent_pretrain/: mapper4":0,"r2_mean_criterion/100_all":0.749002689665014,"r2_delta_OOD/10_all":0.1899978518486023,"Rec/R2_var_train":0.9960599541664124,"_timestamp":1.767427153271469e+09,"r2_mean_OOD/50_all":0.7246795892715454,"Gradients_by_loss rec_from_latent_pretrain/: encoder10":0,"Gradients_by_loss recover_latent/: encoder15":7.638315337495129e-05,"losses/rec_from_latent_pretrain":0.6179548132136397,"Gradients_by_loss recover_latent/: encoder5":0.0003325984205738945,"Gradients_by_loss recover_latent/: encoder11":0.00010645567527354713,"r2_mean_criterion/10_all":0.5774874145334418,"r2_mean_criterion/50_all":0.7445020784031261,"Gradients_by_loss recover_latent/: encoder10":0.0005328647053119845}