{"_runtime":0.61321366,"_wandb":{"runtime":0},"pear_var/20":0.11515425426970198,"pear_var/50":0.07669198130426808,"r2_var/100":0,"r2_mean/200":0.774095892906189,"wass_dist/100":0.4871803233106145,"r2_delta/10":0.4108114242553711,"_step":0,"r2_delta/100":0.9999355673789978,"r2_mean/100":0.8497401475906372,"r2_mean/20":0.9253724813461304,"r2_var/20":0,"r2_var/10":0,"r2_delta/20000":0.9992261528968811,"r2_var/20000":0,"pear_var/10":0.394150770325495,"r2_var/50":0,"_timestamp":1.743829696195394e+09,"r2_delta/200":0.9998394846916199,"r2_mean/10":0.8666881322860718,"wass_dist/10":0.41012382337454956,"wass_dist/20":0.4227733434980837,"r2_var/200":0,"r2_delta/20":0.9999909996986389,"r2_mean/50":0.8713828325271606,"r2_delta/50":0.999970018863678,"pear_var/20000":0.5602709541577989,"pear_var/200":0.28631241871130697,"r2_mean/20000":0.72797691822052,"pear_var/100":0.18357901510299848}