{"r2_var_criterion/20_all":0,"Gradients_by_loss recover_latent/: mapper10":0.004710592956230557,"r2_delta_OOD/10_all":0.8173518180847168,"Gradients_by_loss rec_from_latent_pretrain/: decoder":0.4627920611282814,"Gradients_by_loss recover_latent/: encoder13":0.0017752171713601506,"Gradients_by_loss recover_latent/: encoder11":0.004642585684711802,"r2_delta_criterion/10_all":0.9601868391036987,"Gradients_by_loss rec_from_latent_pretrain/: mapper13":0,"Gradients_by_loss rec_from_latent_pretrain/: encoder10":0,"Gradients_by_loss recover_latent/: encoder0":0.011227896317323191,"MIG_BINNED/dis_latent_stack_infected_train":0.6785817421221103,"losses/rec_from_latent_pretrain":6.434547313328447,"r2_mean_criterion/100_all":0.982230007648468,"Gradients_by_loss recover_latent/: infected_embedder":7.880497287260368e-05,"Gradients_by_loss recover_latent/: mapper11":0.00462183558573233,"r2_mean_OOD/100_all":0.9728566408157349,"r2_delta_OOD/50_all":0.6775938272476196,"wasserstein_OOD/10_all":0.22758979378022337,"Gradients_by_loss recover_latent/: mapper13":0.004625268022489629,"Gradients_by_loss recover_latent/: mapper0":0.0012181548873221265,"Gradients_by_loss recover_latent/: zone_embedder":0.0002960472775157541,"r2_mean_criterion/20_all":0.989368736743927,"Gradients_by_loss recover_latent/: mapper8":0.004956908846108109,"Gradients_by_loss rec_from_latent_pretrain/: mapper2":0,"Gradients_by_loss rec_from_latent_pretrain/: mapper8":0,"important_notes":{"path":"media/html/important_notes_0_f6375113dcd13e732124.html","_type":"html-file","sha256":"f6375113dcd13e732124cfdaa2fb391705529b0b28f95e1be75436fcf7192125","size":7858},"r2_mean_OOD/10_all":0.9801222681999207,"Gradients_by_loss recover_latent/: px_r":0,"Gradients_by_loss rec_from_latent_pretrain/: mapper_zone_mapper":0,"Gradients_by_loss recover_latent/: encoder1":0.004077766901469602,"r2_var_OOD/50_all":0,"r2_var_criterion/100_all":0,"Gradients_by_loss recover_latent/: mapper12":0.004672668381801338,"Gradients_by_loss rec_from_latent_pretrain/: encoder4":0,"Gradients_by_loss rec_from_latent_pretrain/: infected_embedder":0,"pear_var_OOD/10_all":0.8736557661419976,"Gradients_by_loss rec_from_latent_pretrain/: encoder11":0,"r2_delta_OOD/20_all":0.787068784236908,"Gradients_by_loss rec_from_latent_pretrain/: zone_embedder":0,"Gradients_by_loss recover_latent/: mapper5":0.005676237556997553,"pear_var_criterion/10_all":0.9022284222516563,"Gradients_by_loss recover_latent/: encoder2":0.025607089239144495,"Gradients_by_loss rec_from_latent_pretrain/: encoder5":0,"r2_var_OOD/20_all":0,"pear_var_criterion/100_all":0.8544288383188527,"Rec/R2_mean_train":0.9987266063690186,"Gradients_by_loss rec_from_latent_pretrain/: encoder_pretrain":0.8960597549010882,"Gradients_by_loss recover_latent/: mapper1":0.0014807558038903079,"_runtime":1895.946121227,"wasserstein_criterion/100_all":0.20746043507807724,"Gradients_by_loss recover_latent/: encoder15":0.0013875953744672158,"Gradients_by_loss rec_from_latent_pretrain/: mapper10":0,"r2_var_OOD/10_all":0,"Gradients_by_loss rec_from_latent_pretrain/: encoder12":0,"Rec/Pearson_gene_train":0.5508846044540405,"Gradients_by_loss rec_from_latent_pretrain/: encoder6":0,"Gradients_by_loss rec_from_latent_pretrain/: mapper14":0,"r2_delta_OOD/100_all":0.5347490310668945,"Gradients_by_loss recover_latent/: mapper3":0.006102096997484574,"Gradients_by_loss rec_from_latent_pretrain/: encoder7":0,"Gradients_by_loss recover_latent/: mapper14":0.004605631472797921,"Gradients_by_loss recover_latent/: mapper2":0.005522937438433719,"Gradients_by_loss recover_latent/: encoder4":0.006233130881313262,"Gradients_by_loss rec_from_latent_pretrain/: mapper9":0,"r2_var_OOD/100_all":0,"Gradients_by_loss rec_from_latent_pretrain/: mapper4":0,"_step":521,"Gradients_by_loss rec_from_latent_pretrain/: encoder14":0,"Gradients_by_loss recover_latent/: mapper15":0.004663178519811385,"Gradients_by_loss rec_from_latent_pretrain/: mapper6":0,"pear_var_OOD/20_all":0.7585716292170976,"Gradients_by_loss recover_latent/: encoder5":0.006264966847215133,"Gradients_by_loss rec_from_latent_pretrain/: encoder9":0,"Gradients_by_loss recover_latent/: encoder_pretrain":0.0023673490908165673,"r2_mean_OOD/50_all":0.9809709787368774,"Gradients_by_loss rec_from_latent_pretrain/: mapper0":0,"Gradients_by_loss recover_latent/: mapper9":0.004687270048192894,"Gradients_by_loss recover_latent/: encoder6":0.005231780452900998,"Rec/Pearson_sample_train":0.9806485772132874,"r2_var_criterion/10_all":0,"r2_mean_criterion/50_all":0.9835403561592102,"Gradients_by_loss recover_latent/: decoder":0,"Gradients_by_loss rec_from_latent_pretrain/: encoder3":0,"Gradients_by_loss recover_latent/: mapper_zone_mapper":6.348159436620405e-05,"Gradients_by_loss rec_from_latent_pretrain/: px_r":0.0003171081480104476,"Gradients_by_loss recover_latent/: encoder14":0.0015628553348518057,"r2_delta_criterion/20_all":0.9106518626213074,"Gradients_by_loss rec_from_latent_pretrain/: mapper12":0,"Gradients_by_loss rec_from_latent_pretrain/: encoder1":0,"Gradients_by_loss recover_latent/: mapper7":0.005144780478184118,"pear_var_OOD/100_all":0.7773247687412682,"r2_delta_criterion/50_all":0.7922527194023132,"Gradients_by_loss rec_from_latent_pretrain/: mapper15":0,"Gradients_by_loss recover_latent/: encoder10":0.0010378140978311967,"Gradients_by_loss rec_from_latent_pretrain/: encoder15":0,"r2_mean_criterion/10_all":0.9975721836090088,"wasserstein_criterion/10_all":0.1656543869167207,"_timestamp":1.768399616083484e+09,"Rec/R2_var_train":0.9940390586853027,"losses/recover_latent":8.098606830854209e-05,"r2_mean_OOD/20_all":0.984462559223175,"r2_delta_criterion/100_all":0.6113041639328003,"pear_var_OOD/50_all":0.7859947827031758,"Gradients_by_loss recover_latent/: encoder12":0.003164232825378318,"Gradients_by_loss recover_latent/: mapper_infected_mapper":6.326152603143762e-05,"pear_var_criterion/avg_all":0.8370081089283017,"Gradients_by_loss rec_from_latent_pretrain/: mapper3":0,"Gradients_by_loss rec_from_latent_pretrain/: encoder8":0,"Gradients_by_loss recover_latent/: encoder8":0.002388966060028318,"Gradients_by_loss recover_latent/: mapper4":0.005819968146632482,"pear_var_criterion/20_all":0.8275132799018513,"Gradients_by_loss rec_from_latent_pretrain/: mapper11":0,"_wandb":{"runtime":1895},"Gradients_by_loss rec_from_latent_pretrain/: mapper5":0,"Gradients_by_loss rec_from_latent_pretrain/: encoder2":0,"Gradients_by_loss recover_latent/: mapper6":0.005443529798873589,"pear_var_criterion/50_all":0.763861895240846,"Gradients_by_loss rec_from_latent_pretrain/: encoder0":0,"Gradients_by_loss recover_latent/: encoder9":0.0014580482240698785,"wasserstein_OOD/100_all":0.2487733550323519,"Gradients_by_loss recover_latent/: encoder3":0.014411496174208345,"Gradients_by_loss rec_from_latent_pretrain/: mapper_infected_mapper":0,"Gradients_by_loss rec_from_latent_pretrain/: mapper7":0,"Gradients_by_loss recover_latent/: encoder7":0.0015396353390487551,"r2_var_criterion/50_all":0,"Gradients_by_loss rec_from_latent_pretrain/: mapper1":0,"Gradients_by_loss rec_from_latent_pretrain/: encoder13":0}