{"r2_mean/20000": 0.9509680867195129, "r2_var/20000": 0.20425403118133545, "pear_var/20000": 0.6650202843966869, "r2_delta/20000": 0.8097389340400696, "r2_mean/200": 0.8642908930778503, "r2_var/200": 0, "pear_var/200": 0.6449989091209545, "r2_delta/200": 0.8419855833053589, "r2_mean/100": 0.8045340776443481, "r2_var/100": 0, "pear_var/100": 0.6904402233841808, "r2_delta/100": 0.8170047998428345, "wass_dist/100": 0.3654038833482211, "r2_mean/50": 0.6136459112167358, "r2_var/50": 0, "pear_var/50": 0.7588544242738584, "r2_delta/50": 0.5682559609413147, "r2_mean/20": 0.4067685604095459, "r2_var/20": 0, "pear_var/20": 0.7654694272469782, "r2_delta/20": 0.33829981088638306, "wass_dist/20": 0.5813879955141099, "r2_mean/10": 0.23255884647369385, "r2_var/10": 0, "pear_var/10": 0.04192109897182278, "r2_delta/10": 0.08143717050552368, "wass_dist/10": 0.6303675453703723, "_timestamp": 1744203611.08144, "_runtime": 1.6079668998718262, "_step": 0, "_wandb": {"runtime": 1}}