{"r2_mean/20000": 0.9659724235534668, "r2_var/20000": 0, "pear_var/20000": 0.641531485698842, "r2_delta/20000": 0.6616223454475403, "r2_mean/200": 0.947912871837616, "r2_var/200": 0, "pear_var/200": 0.5381584352108467, "r2_delta/200": 0.8401915431022644, "r2_mean/100": 0.9370787739753723, "r2_var/100": 0, "pear_var/100": 0.5849332601828026, "r2_delta/100": 0.8327844142913818, "wass_dist/100": 0.40405744950070455, "r2_mean/50": 0.9260615706443787, "r2_var/50": 0, "pear_var/50": 0.6102237797329428, "r2_delta/50": 0.8089405298233032, "r2_mean/20": 0.9550100564956665, "r2_var/20": 0, "pear_var/20": 0.5460511832813643, "r2_delta/20": 0.8530958294868469, "wass_dist/20": 0.4389744694695531, "r2_mean/10": 0.8668245077133179, "r2_var/10": 0, "pear_var/10": -0.44495761764883246, "r2_delta/10": 0.7822704315185547, "wass_dist/10": 0.4191049915176775, "_timestamp": 1744059070.9418786, "_runtime": 1.5169825553894043, "_step": 0, "_wandb": {"runtime": 1}}