{"r2_mean/20000": 0.9435768723487854, "r2_var/20000": 0.1865035891532898, "pear_var/20000": 0.6746648266953732, "r2_delta/20000": 0.7810583710670471, "r2_mean/200": 0.8389868140220642, "r2_var/200": 0, "pear_var/200": 0.5685553341101838, "r2_delta/200": 0.8125224709510803, "r2_mean/100": 0.7697479128837585, "r2_var/100": 0, "pear_var/100": 0.5062472986607909, "r2_delta/100": 0.7844380140304565, "wass_dist/100": 0.38451447445756676, "r2_mean/50": 0.5412083268165588, "r2_var/50": 0, "pear_var/50": 0.5813429566063723, "r2_delta/50": 0.487308144569397, "r2_mean/20": 0.289306640625, "r2_var/20": 0, "pear_var/20": 0.5099928673034652, "r2_delta/20": 0.20728075504302979, "wass_dist/20": 0.627613996499872, "r2_mean/10": 0.09041303396224976, "r2_var/10": 0, "pear_var/10": 0.054155817701389, "r2_delta/10": 0, "wass_dist/10": 0.6769718663956578, "_timestamp": 1744127595.294894, "_runtime": 1.525404930114746, "_step": 0, "_wandb": {"runtime": 1}}