{"losses/rec_from_latent_pretrain":0.5923528135577335,"Gradients_by_loss recover_latent/: mapper13":0.005707670261357826,"Gradients_by_loss recover_latent/: mapper1":0.002473871316859579,"Gradients_by_loss rec_from_latent_pretrain/: encoder15":0,"Gradients_by_loss rec_from_latent_pretrain/: mapper4":0,"_runtime":1304.039177831,"Gradients_by_loss rec_from_latent_pretrain/: encoder1":0,"r2_mean_OOD/20_all":0.27140939235687256,"Gradients_by_loss recover_latent/: mapper7":0.00442256266558491,"Gradients_by_loss recover_latent/: mapper_donor_mapper":0.00013972916511489683,"Gradients_by_loss rec_from_latent_pretrain/: encoder3":0,"Gradients_by_loss rec_from_latent_pretrain/: mapper15":0,"Rec/R2_var_train":0.996821939945221,"r2_var_OOD/20_all":0,"Gradients_by_loss recover_latent/: encoder9":0.005990245764290909,"r2_var_criterion/20_all":0.29736073315143585,"Gradients_by_loss rec_from_latent_pretrain/: mapper0":0,"Gradients_by_loss recover_latent/: encoder13":0.0014253582064518342,"r2_delta_criterion/20_all":0.40943825244903564,"Gradients_by_loss recover_latent/: mapper4":0.004500348970182733,"Gradients_by_loss recover_latent/: encoder3":0.012227141523313393,"wasserstein_criterion/10_all":0.6205727364358221,"Gradients_by_loss recover_latent/: encoder1":0.004453275507642925,"Gradients_by_loss rec_from_latent_pretrain/: mapper10":0,"Gradients_by_loss recover_latent/: mapper0":0.0022043879749832017,"Gradients_by_loss recover_latent/: encoder7":0.0069199645306058785,"r2_var_OOD/100_all":0,"r2_delta_criterion/10_all":0.4029909297823906,"Gradients_by_loss recover_latent/: mapper_tissue_mapper":9.118748447530734e-05,"Gradients_by_loss recover_latent/: encoder10":0.007786053836510221,"Gradients_by_loss rec_from_latent_pretrain/: mapper8":0,"Gradients_by_loss recover_latent/: mapper12":0.005991390724480609,"r2_mean_OOD/50_all":0.6999474763870239,"Gradients_by_loss rec_from_latent_pretrain/: encoder12":0,"Gradients_by_loss recover_latent/: mapper15":0.005469420359633129,"Gradients_by_loss recover_latent/: tissue_embedder":0.00030110235093161464,"Gradients_by_loss rec_from_latent_pretrain/: mapper13":0,"Gradients_by_loss rec_from_latent_pretrain/: encoder_pretrain":0.2572244350627358,"Gradients_by_loss recover_latent/: mapper11":0.0053386872165221725,"wasserstein_OOD/10_all":0.8565576342422536,"Gradients_by_loss recover_latent/: encoder5":0.0040186651733384255,"Gradients_by_loss recover_latent/: px_r":0,"r2_mean_criterion/20_all":0.6208085790276527,"r2_mean_criterion/50_all":0.7555698677897453,"r2_var_criterion/10_all":0.3814397305250168,"r2_delta_OOD/10_all":0,"Gradients_by_loss rec_from_latent_pretrain/: mapper1":0,"Gradients_by_loss rec_from_latent_pretrain/: encoder4":0,"Gradients_by_loss rec_from_latent_pretrain/: mapper12":0,"Gradients_by_loss rec_from_latent_pretrain/: mapper11":0,"Rec/Pearson_gene_train":0.7528080344200134,"Gradients_by_loss recover_latent/: mapper8":0.004600239966327643,"Gradients_by_loss rec_from_latent_pretrain/: mapper6":0,"_wandb":{"runtime":1304},"important_notes":{"path":"media/html/important_notes_0_32a0c714e0ba73282521.html","_type":"html-file","sha256":"32a0c714e0ba7328252145a8e03cc12ecdcfd92741cdd3cfe76c79983ef6fc52","size":7813},"Gradients_by_loss recover_latent/: encoder15":0.0009599794838849844,"Gradients_by_loss recover_latent/: mapper9":0.0047303265940049945,"Gradients_by_loss rec_from_latent_pretrain/: px_r":9.820661944104359e-05,"Gradients_by_loss rec_from_latent_pretrain/: encoder10":0,"Gradients_by_loss rec_from_latent_pretrain/: mapper14":0,"losses/recover_latent":6.461259126117972e-05,"Gradients_by_loss recover_latent/: encoder11":0.006765035931201768,"r2_mean_criterion/100_all":0.7970270812511444,"Gradients_by_loss rec_from_latent_pretrain/: mapper2":0,"Gradients_by_loss recover_latent/: decoder":0,"Gradients_by_loss rec_from_latent_pretrain/: mapper7":0,"Gradients_by_loss rec_from_latent_pretrain/: encoder2":0,"MIG_BINNED/dis_latent_stack_tissue_train":0.6760992187439833,"Gradients_by_loss recover_latent/: encoder6":0.005476849302578244,"Gradients_by_loss rec_from_latent_pretrain/: tissue_embedder":0,"r2_mean_criterion/10_all":0.4154137969017029,"Gradients_by_loss rec_from_latent_pretrain/: mapper3":0,"Gradients_by_loss rec_from_latent_pretrain/: encoder6":0,"Gradients_by_loss recover_latent/: mapper14":0.005451989385806384,"Gradients_by_loss rec_from_latent_pretrain/: donor_embedder":0,"Gradients_by_loss recover_latent/: mapper2":0.0031371500846681306,"Gradients_by_loss recover_latent/: encoder2":0.008324598651856415,"r2_delta_criterion/100_all":0.5037342831492424,"pear_var_criterion/avg_all":NaN,"Gradients_by_loss rec_from_latent_pretrain/: encoder7":0,"Gradients_by_loss rec_from_latent_pretrain/: decoder":0.7702286233102151,"Gradients_by_loss rec_from_latent_pretrain/: mapper5":0,"Gradients_by_loss recover_latent/: encoder0":0.010561755394793006,"Gradients_by_loss rec_from_latent_pretrain/: encoder14":0,"r2_var_criterion/100_all":0.32546619325876236,"Gradients_by_loss rec_from_latent_pretrain/: encoder0":0,"Gradients_by_loss rec_from_latent_pretrain/: encoder8":0,"Gradients_by_loss rec_from_latent_pretrain/: encoder9":0,"Rec/R2_mean_train":0.9974111318588257,"r2_delta_OOD/50_all":0.2615911364555359,"r2_mean_OOD/10_all":0,"Gradients_by_loss rec_from_latent_pretrain/: mapper9":0,"Gradients_by_loss recover_latent/: encoder12":0.00836635639265791,"_step":521,"Gradients_by_loss rec_from_latent_pretrain/: mapper_tissue_mapper":0,"_timestamp":1.7681282076353273e+09,"Gradients_by_loss rec_from_latent_pretrain/: encoder5":0,"Gradients_by_loss rec_from_latent_pretrain/: encoder13":0,"r2_var_OOD/10_all":0,"Gradients_by_loss recover_latent/: encoder_pretrain":0.0008835437934052814,"Gradients_by_loss recover_latent/: mapper3":0.004223741051531408,"r2_var_OOD/50_all":0,"Gradients_by_loss recover_latent/: mapper6":0.004429823528757859,"r2_mean_OOD/100_all":0.7663938403129578,"Rec/Pearson_sample_train":0.9474965333938599,"Gradients_by_loss recover_latent/: mapper10":0.005119053716679125,"r2_delta_OOD/20_all":0.021905124187469482,"r2_delta_OOD/100_all":0.3463921546936035,"Gradients_by_loss recover_latent/: donor_embedder":0.00020363180374260992,"r2_var_criterion/50_all":0.28031955659389496,"Gradients_by_loss rec_from_latent_pretrain/: mapper_donor_mapper":0,"Gradients_by_loss recover_latent/: encoder4":0.00781822201107994,"Gradients_by_loss rec_from_latent_pretrain/: encoder11":0,"Gradients_by_loss recover_latent/: encoder14":0.0008115787715167806,"Gradients_by_loss recover_latent/: encoder8":0.0045623578725572924,"r2_delta_criterion/50_all":0.5084343329071999,"Gradients_by_loss recover_latent/: mapper5":0.004331150013614874}