{"r2_var/50":0,"r2_mean/10":0,"_step":0,"r2_var/20000":0,"r2_delta/50":0.2773130536079407,"r2_delta/200":0.9992300271987915,"_wandb":{"runtime":0},"r2_var/100":0,"pear_var/200":0.3891201491735071,"pear_var/50":0.6691710304833315,"r2_var/10":0,"r2_mean/50":0,"wass_dist/20":1.0227845743093549,"_runtime":0.632655627,"_timestamp":1.7438272581987202e+09,"wass_dist/100":0.734734276577707,"r2_mean/200":0.5533120632171631,"wass_dist/10":0.8443952203913201,"r2_var/200":0,"pear_var/10":-0.17826956880058262,"r2_mean/20":0,"r2_mean/100":0.3191627860069275,"r2_delta/10":0,"pear_var/20000":0.5367760610589575,"r2_delta/20":0,"r2_mean/20000":0.787862241268158,"r2_delta/100":0.9956505298614502,"pear_var/100":0.5418261541224616,"r2_var/20":0,"pear_var/20":0.6820353867430786,"r2_delta/20000":0.9986843466758728}