{"Gradients_by_loss recover_latent/: mapper2":0.0008477377057624863,"Gradients_by_loss recover_latent/: encoder10":0.0005446556464611175,"Gradients_by_loss rec_from_latent_pretrain/: encoder_pretrain":0.16275434397507516,"Gradients_by_loss recover_latent/: encoder7":0.00326449027077485,"r2_mean_OOD/100_all":0.751888632774353,"Gradients_by_loss recover_latent/: encoder6":0.0016253766996233206,"Gradients_by_loss recover_latent/: mapper10":0.0016020395333451413,"Gradients_by_loss recover_latent/: encoder0":0.0016214931599838063,"Gradients_by_loss recover_latent/: donor_embedder":0.00010491286957403645,"Gradients_by_loss recover_latent/: mapper9":0.0016553411273845704,"r2_delta_criterion/100_all":0.5205725594000383,"Gradients_by_loss rec_from_latent_pretrain/: mapper1":0,"Gradients_by_loss rec_from_latent_pretrain/: encoder8":0,"Gradients_by_loss rec_from_latent_pretrain/: mapper2":0,"Rec/R2_var_train":0.9981133937835693,"_wandb":{"runtime":3778},"Gradients_by_loss rec_from_latent_pretrain/: mapper_tissue_mapper":0,"r2_delta_criterion/10_all":0.4672671881589023,"r2_mean_criterion/10_all":0.5302029252052307,"r2_var_criterion/100_all":0.32596076076680963,"Gradients_by_loss rec_from_latent_pretrain/: px_r":7.593134068883955e-05,"Gradients_by_loss recover_latent/: mapper14":0.001653749248711183,"Gradients_by_loss rec_from_latent_pretrain/: encoder9":0,"Gradients_by_loss rec_from_latent_pretrain/: mapper7":0,"Gradients_by_loss recover_latent/: mapper_donor_mapper":2.3696088715218414e-05,"pear_var_criterion/avg_all":NaN,"losses/recover_latent":3.76268195526334e-05,"Gradients_by_loss rec_from_latent_pretrain/: encoder6":0,"Gradients_by_loss rec_from_latent_pretrain/: mapper10":0,"Gradients_by_loss recover_latent/: encoder9":0.0014956665703474918,"Gradients_by_loss recover_latent/: mapper15":0.001621908748341203,"Gradients_by_loss recover_latent/: encoder15":0.0006180440718342514,"Gradients_by_loss rec_from_latent_pretrain/: mapper12":0,"r2_delta_criterion/50_all":0.5272764401002363,"Gradients_by_loss rec_from_latent_pretrain/: mapper14":0,"r2_var_OOD/20_all":0.49748414754867554,"Gradients_by_loss recover_latent/: encoder11":0.004585097558229148,"Gradients_by_loss recover_latent/: encoder1":0.001125618906560619,"Gradients_by_loss rec_from_latent_pretrain/: encoder7":0,"Gradients_by_loss recover_latent/: encoder5":0.004180595743968198,"Gradients_by_loss recover_latent/: encoder12":0.0025690536342980897,"Gradients_by_loss recover_latent/: mapper12":0.0017092465007042682,"Rec/R2_mean_train":0.9995237588882446,"r2_mean_OOD/20_all":0.745866060256958,"Gradients_by_loss rec_from_latent_pretrain/: mapper9":0,"Gradients_by_loss rec_from_latent_pretrain/: encoder10":0,"Gradients_by_loss recover_latent/: mapper7":0.0017734488410653824,"Gradients_by_loss recover_latent/: mapper4":0.0014357147080883014,"Gradients_by_loss rec_from_latent_pretrain/: encoder15":0,"r2_var_criterion/50_all":0.31465639851310034,"Gradients_by_loss rec_from_latent_pretrain/: mapper11":0,"Gradients_by_loss rec_from_latent_pretrain/: mapper6":0,"important_notes":{"_type":"html-file","sha256":"ddbb24914830c903a0ede38e2d28dd5da88d4623486045c493eef4638568d9ef","size":7784,"path":"media/html/important_notes_0_ddbb24914830c903a0ed.html"},"_timestamp":1.7674562038363216e+09,"Gradients_by_loss recover_latent/: encoder3":0.004537934093313268,"Gradients_by_loss recover_latent/: encoder4":0.002333544150879571,"r2_var_criterion/10_all":0.43652069568634033,"Gradients_by_loss recover_latent/: mapper6":0.0015284441981510016,"_runtime":3778.955858315,"Gradients_by_loss rec_from_latent_pretrain/: encoder11":0,"Gradients_by_loss rec_from_latent_pretrain/: mapper8":0,"wasserstein_criterion/10_all":0.3461990417147271,"Gradients_by_loss rec_from_latent_pretrain/: encoder5":0,"r2_var_OOD/50_all":0.5283443927764893,"Rec/Pearson_gene_train":0.7014801502227783,"Gradients_by_loss rec_from_latent_pretrain/: tissue_embedder":0,"r2_delta_OOD/100_all":0.6789374351501465,"Gradients_by_loss rec_from_latent_pretrain/: encoder14":0,"r2_mean_criterion/50_all":0.7641282677650452,"Gradients_by_loss rec_from_latent_pretrain/: encoder1":0,"Gradients_by_loss rec_from_latent_pretrain/: encoder3":0,"Gradients_by_loss recover_latent/: mapper8":0.00165407596515815,"r2_var_criterion/20_all":0.3703438856384971,"r2_delta_OOD/20_all":0.6375274658203125,"Gradients_by_loss recover_latent/: encoder13":0.0004349563235293455,"r2_var_OOD/100_all":0.5368351936340332,"Gradients_by_loss rec_from_latent_pretrain/: mapper_donor_mapper":0,"Gradients_by_loss rec_from_latent_pretrain/: encoder13":0,"Gradients_by_loss recover_latent/: mapper0":0.00023764603844693996,"Gradients_by_loss recover_latent/: mapper13":0.0017032346338877844,"Gradients_by_loss rec_from_latent_pretrain/: encoder4":0,"r2_mean_criterion/20_all":0.6469158909537576,"Gradients_by_loss recover_latent/: px_r":0,"Gradients_by_loss recover_latent/: encoder_pretrain":0.00036507534697930935,"r2_mean_OOD/10_all":0.6875780820846558,"Rec/Pearson_sample_train":0.9504874348640442,"Gradients_by_loss recover_latent/: mapper5":0.0017080836814403967,"wasserstein_OOD/10_all":0.18689977606837688,"losses/rec_from_latent_pretrain":0.6183330520920689,"r2_delta_criterion/20_all":0.47789869525215845,"Gradients_by_loss rec_from_latent_pretrain/: decoder":0.2430969121585236,"Gradients_by_loss recover_latent/: mapper1":0.00027596478670782894,"Gradients_by_loss rec_from_latent_pretrain/: mapper0":0,"MIG_BINNED/dis_latent_stack_tissue_train":0.6611488915423961,"r2_delta_OOD/10_all":0.6049494743347168,"Gradients_by_loss rec_from_latent_pretrain/: encoder0":0,"Gradients_by_loss recover_latent/: decoder":0,"Gradients_by_loss recover_latent/: encoder8":0.0022732701340146075,"Gradients_by_loss rec_from_latent_pretrain/: mapper3":0,"r2_var_OOD/10_all":0.4240535497665405,"Gradients_by_loss rec_from_latent_pretrain/: encoder12":0,"Gradients_by_loss rec_from_latent_pretrain/: mapper15":0,"Gradients_by_loss rec_from_latent_pretrain/: donor_embedder":0,"Gradients_by_loss rec_from_latent_pretrain/: mapper13":0,"r2_delta_OOD/50_all":0.687736988067627,"Gradients_by_loss recover_latent/: encoder14":0.00011322405435175241,"Gradients_by_loss recover_latent/: mapper_tissue_mapper":1.904519169347733e-05,"Gradients_by_loss recover_latent/: mapper11":0.0016363249577960844,"Gradients_by_loss recover_latent/: tissue_embedder":4.9458889407105744e-05,"Gradients_by_loss recover_latent/: encoder2":0.003360716822222058,"_step":521,"Gradients_by_loss recover_latent/: mapper3":0.0013889684823181546,"Gradients_by_loss rec_from_latent_pretrain/: mapper5":0,"Gradients_by_loss rec_from_latent_pretrain/: mapper4":0,"r2_mean_OOD/50_all":0.7521111965179443,"Gradients_by_loss rec_from_latent_pretrain/: encoder2":0,"r2_mean_criterion/100_all":0.7661978114734996}