{"r2_mean/20000": 0.8954967856407166, "r2_var/20000": 0, "pear_var/20000": 0.5619042919614757, "r2_delta/20000": 0.5253998041152954, "r2_mean/200": 0.8398910164833069, "r2_var/200": 0, "pear_var/200": 0.48187645049468425, "r2_delta/200": 0.740677535533905, "r2_mean/100": 0.8446848392486572, "r2_var/100": 0, "pear_var/100": 0.47296519225354755, "r2_delta/100": 0.786037802696228, "wass_dist/100": 0.394133895984169, "r2_mean/50": 0.8466549515724182, "r2_var/50": 0, "pear_var/50": 0.40528311903151687, "r2_delta/50": 0.7857844829559326, "r2_mean/20": 0.8185275793075562, "r2_var/20": 0, "pear_var/20": 0.39437651798354884, "r2_delta/20": 0.720288097858429, "wass_dist/20": 0.4651835780973306, "r2_mean/10": 0.7713819742202759, "r2_var/10": 0, "pear_var/10": 0.7197900439449424, "r2_delta/10": 0.6958216428756714, "wass_dist/10": 0.43545757498456544, "_timestamp": 1743910365.056376, "_runtime": 1.3168599605560303, "_step": 0, "_wandb": {"runtime": 1}}