{"Gradients_by_loss rec_from_latent_pretrain/: encoder11":0,"Gradients_by_loss recover_latent/: encoder9":3.947742135526394e-05,"Gradients_by_loss rec_from_latent_pretrain/: mapper6":0,"r2_mean_criterion/100_all":0.8001810014247894,"Gradients_by_loss recover_latent/: px_r":0,"r2_delta_OOD/10_all":0.9466180205345154,"Gradients_by_loss recover_latent/: encoder0":0.0006158038319322557,"Gradients_by_loss recover_latent/: encoder14":0.0001881227376124556,"r2_mean_OOD/50_all":0.8563193082809448,"r2_mean_OOD/10_all":0.9689962863922119,"wasserstein_criterion/10_all":0.641168264919612,"Gradients_by_loss recover_latent/: mapper3":0.00010325504280774529,"Gradients_by_loss rec_from_latent_pretrain/: encoder0":0,"Gradients_by_loss rec_from_latent_pretrain/: encoder4":0,"Gradients_by_loss rec_from_latent_pretrain/: encoder15":0,"wasserstein_OOD/10_all":0.08906960912602509,"Gradients_by_loss rec_from_latent_pretrain/: encoder1":0,"r2_var_criterion/10_all":0.23523162305355072,"Gradients_by_loss recover_latent/: mapper15":0.0002617709520140141,"Gradients_by_loss recover_latent/: mapper8":0.0001783512840535859,"Gradients_by_loss recover_latent/: mapper_tissue_mapper":4.199541751313609e-06,"Gradients_by_loss recover_latent/: encoder12":0.00036189358699828154,"Gradients_by_loss recover_latent/: encoder5":8.961379561505142e-05,"Gradients_by_loss recover_latent/: mapper5":0.0001080246625645108,"r2_delta_OOD/50_all":0.8215979933738708,"Gradients_by_loss recover_latent/: tissue_embedder":6.732911970175337e-06,"Gradients_by_loss recover_latent/: mapper1":9.711682095724028e-05,"Gradients_by_loss recover_latent/: encoder6":5.80921114401109e-05,"Gradients_by_loss rec_from_latent_pretrain/: mapper_tissue_mapper":0,"Gradients_by_loss recover_latent/: encoder15":0.00021959764927990323,"Gradients_by_loss recover_latent/: encoder1":0.00014680217072590262,"Gradients_by_loss rec_from_latent_pretrain/: donor_embedder":0,"Gradients_by_loss rec_from_latent_pretrain/: encoder10":0,"Gradients_by_loss rec_from_latent_pretrain/: mapper13":0,"Gradients_by_loss recover_latent/: mapper11":0.0002118793705516105,"Gradients_by_loss recover_latent/: mapper7":0.00016665848262456805,"Gradients_by_loss rec_from_latent_pretrain/: decoder":0.07911937961602036,"Gradients_by_loss recover_latent/: mapper0":9.71819166911265e-05,"Gradients_by_loss recover_latent/: mapper14":0.00023060061740251078,"Gradients_by_loss recover_latent/: encoder3":4.018896574423293e-05,"Gradients_by_loss recover_latent/: mapper10":0.00017711134849978096,"r2_mean_OOD/20_all":0.8654035925865173,"Gradients_by_loss rec_from_latent_pretrain/: encoder2":0,"Gradients_by_loss recover_latent/: encoder2":0.00019258318587595243,"Gradients_by_loss rec_from_latent_pretrain/: encoder3":0,"_step":521,"Gradients_by_loss rec_from_latent_pretrain/: mapper11":0,"r2_var_OOD/10_all":0.98929363489151,"r2_delta_OOD/20_all":0.8477121591567993,"Gradients_by_loss rec_from_latent_pretrain/: encoder12":0,"Gradients_by_loss rec_from_latent_pretrain/: encoder5":0,"Gradients_by_loss rec_from_latent_pretrain/: mapper12":0,"Gradients_by_loss rec_from_latent_pretrain/: tissue_embedder":0,"Gradients_by_loss rec_from_latent_pretrain/: encoder6":0,"r2_var_OOD/50_all":0.6908931136131287,"Gradients_by_loss rec_from_latent_pretrain/: mapper5":0,"Gradients_by_loss rec_from_latent_pretrain/: encoder9":0,"Gradients_by_loss rec_from_latent_pretrain/: encoder13":0,"r2_mean_criterion/50_all":0.7593944445252419,"Gradients_by_loss recover_latent/: mapper_donor_mapper":7.85568176543988e-06,"Gradients_by_loss rec_from_latent_pretrain/: encoder_pretrain":0.02356819181420536,"Gradients_by_loss rec_from_latent_pretrain/: mapper9":0,"Gradients_by_loss rec_from_latent_pretrain/: mapper_donor_mapper":0,"Gradients_by_loss rec_from_latent_pretrain/: mapper10":0,"_runtime":1326.64515713,"Gradients_by_loss recover_latent/: encoder_pretrain":8.349407554119945e-05,"_wandb":{"runtime":1326},"r2_var_criterion/20_all":0.15091442316770554,"Gradients_by_loss recover_latent/: encoder4":0.00016002412170034808,"r2_delta_criterion/20_all":0.43167203664779663,"Gradients_by_loss recover_latent/: mapper12":0.00023206489829161086,"Gradients_by_loss recover_latent/: encoder8":0.0003676503829630051,"r2_delta_OOD/100_all":0.7785155177116394,"MIG_BINNED/dis_latent_stack_tissue_train":0.6733363246681525,"Gradients_by_loss rec_from_latent_pretrain/: mapper8":0,"Gradients_by_loss recover_latent/: encoder10":0.0002559789763017029,"Gradients_by_loss rec_from_latent_pretrain/: mapper4":0,"Gradients_by_loss rec_from_latent_pretrain/: mapper15":0,"r2_var_OOD/20_all":0.9819185137748718,"r2_var_criterion/100_all":0.24163611233234406,"Rec/R2_mean_train":0.9965782761573792,"Gradients_by_loss rec_from_latent_pretrain/: mapper2":0,"Gradients_by_loss rec_from_latent_pretrain/: encoder14":0,"Gradients_by_loss recover_latent/: mapper13":0.0002231196375580151,"losses/rec_from_latent_pretrain":0.602330445474945,"r2_mean_criterion/20_all":0.6102101877331734,"Gradients_by_loss rec_from_latent_pretrain/: px_r":1.2152492672612425e-05,"r2_var_OOD/100_all":0.7006876468658447,"r2_delta_criterion/100_all":0.5142570063471794,"pear_var_criterion/avg_all":NaN,"Gradients_by_loss rec_from_latent_pretrain/: mapper7":0,"r2_delta_criterion/10_all":0.3067970797419548,"r2_mean_OOD/100_all":0.8891142010688782,"Rec/Pearson_sample_train":0.9494446516036987,"Gradients_by_loss recover_latent/: encoder13":2.3417402786675462e-05,"Gradients_by_loss rec_from_latent_pretrain/: mapper1":0,"Gradients_by_loss recover_latent/: encoder7":0.0005312735171296324,"Gradients_by_loss recover_latent/: mapper6":0.00010569500950575452,"Gradients_by_loss rec_from_latent_pretrain/: encoder8":0,"r2_var_criterion/50_all":0.21848604083061218,"Gradients_by_loss rec_from_latent_pretrain/: encoder7":0,"Gradients_by_loss rec_from_latent_pretrain/: mapper0":0,"r2_mean_criterion/10_all":0.397983618080616,"losses/recover_latent":5.769570786640088e-05,"Rec/Pearson_gene_train":0.7242308855056763,"Gradients_by_loss recover_latent/: decoder":0,"Gradients_by_loss recover_latent/: donor_embedder":2.8478531021391973e-05,"Gradients_by_loss rec_from_latent_pretrain/: mapper3":0,"_timestamp":1.7681150196049104e+09,"Gradients_by_loss recover_latent/: mapper9":0.0001731077732915656,"Rec/R2_var_train":0.9946394562721252,"Gradients_by_loss rec_from_latent_pretrain/: mapper14":0,"Gradients_by_loss recover_latent/: mapper4":0.00010987760029181116,"Gradients_by_loss recover_latent/: mapper2":0.00010418449573444773,"r2_delta_criterion/50_all":0.5115762278437614,"important_notes":{"_type":"html-file","sha256":"6655dfc4417b2e7d69f20aa0dbf0624ee77cc2098bc2c1f392ab4417c36235eb","size":7808,"path":"media/html/important_notes_0_6655dfc4417b2e7d69f2.html"},"Gradients_by_loss recover_latent/: encoder11":0.0004144674635183166}