{"Gradients_by_loss recover_latent/: encoder_pretrain":0.0017364206438996803,"_runtime":176.866401171,"Gradients_by_loss recover_latent/: encoder11":0.001759079042366247,"Gradients_by_loss recover_latent/: mapper0":0.0016818855402738347,"Gradients_by_loss recover_latent/: donor_embedder":7.287636981345713e-05,"r2_delta_OOD/100_all":0.16064733266830444,"Gradients_by_loss rec_from_latent_pretrain/: encoder6":0,"losses/recover_latent":0.0014447272464167328,"Gradients_by_loss recover_latent/: encoder14":0.0006140779890964743,"Gradients_by_loss recover_latent/: mapper10":0.006588659368676026,"Gradients_by_loss rec_from_latent_pretrain/: encoder11":0,"Gradients_by_loss recover_latent/: mapper_donor_mapper":0.00046032248659169504,"Gradients_by_loss rec_from_latent_pretrain/: mapper14":0,"Gradients_by_loss rec_from_latent_pretrain/: encoder4":0,"Rec/R2_mean_train":0.9651784300804138,"wasserstein_criterion/10_all":0.6667617829625008,"Gradients_by_loss recover_latent/: encoder10":0.0014067126195732086,"Gradients_by_loss recover_latent/: encoder6":0.0017036336679493824,"r2_mean_criterion/50_all":0.5961177782578901,"Gradients_by_loss rec_from_latent_pretrain/: mapper13":0,"Gradients_by_loss rec_from_latent_pretrain/: decoder":0.30303707450635997,"Gradients_by_loss recover_latent/: encoder4":0.0017898807523228563,"r2_var_OOD/10_all":0,"r2_delta_OOD/10_all":0.49022477865219116,"r2_delta_criterion/20_all":0.4377092285589738,"Gradients_by_loss recover_latent/: encoder2":0.0014556534380635298,"r2_delta_criterion/100_all":0.45041046901182696,"_wandb":{"runtime":176},"Gradients_by_loss recover_latent/: px_r":0,"Gradients_by_loss rec_from_latent_pretrain/: mapper9":0,"important_notes":{"size":7816,"path":"media/html/important_notes_0_ae85c5bb9a2aedd2ef2a.html","_type":"html-file","sha256":"ae85c5bb9a2aedd2ef2ad157862fb5152763a7f5ceea413f47d124674e26079a"},"Gradients_by_loss recover_latent/: mapper2":0.0032237161602804323,"Gradients_by_loss recover_latent/: decoder":0,"Gradients_by_loss recover_latent/: encoder3":0.0035080106236226056,"Gradients_by_loss rec_from_latent_pretrain/: mapper7":0,"Gradients_by_loss recover_latent/: encoder5":0.0014645177302002868,"Gradients_by_loss recover_latent/: encoder7":0.005249622230813946,"Gradients_by_loss rec_from_latent_pretrain/: encoder15":0,"r2_delta_OOD/20_all":0.39168912172317505,"Gradients_by_loss rec_from_latent_pretrain/: encoder8":0,"Gradients_by_loss recover_latent/: mapper1":0.003167261592422164,"r2_var_criterion/10_all":0.14870171113447708,"Gradients_by_loss recover_latent/: mapper14":0.0067503216570281195,"Gradients_by_loss recover_latent/: mapper4":0.0045663650411684265,"Gradients_by_loss rec_from_latent_pretrain/: encoder13":0,"Gradients_by_loss rec_from_latent_pretrain/: encoder0":0,"Gradients_by_loss recover_latent/: encoder12":0.0023725538208734776,"Rec/Pearson_sample_train":0.9077466726303101,"Gradients_by_loss rec_from_latent_pretrain/: mapper15":0,"Gradients_by_loss recover_latent/: encoder8":0.0035680645583968996,"Gradients_by_loss recover_latent/: mapper15":0.006574669957062599,"Gradients_by_loss recover_latent/: mapper7":0.0059667121297376086,"Gradients_by_loss rec_from_latent_pretrain/: tissue_embedder":0,"Gradients_by_loss recover_latent/: tissue_embedder":2.4611515982542187e-05,"Gradients_by_loss rec_from_latent_pretrain/: px_r":0.00014605720934923738,"r2_var_OOD/20_all":0,"pear_var_criterion/avg_all":NaN,"r2_mean_OOD/50_all":0.5223952531814575,"Gradients_by_loss rec_from_latent_pretrain/: mapper_donor_mapper":0,"Gradients_by_loss recover_latent/: mapper5":0.004606010884186735,"Rec/R2_var_train":0.9202567338943481,"r2_delta_criterion/50_all":0.44164479862559924,"Gradients_by_loss rec_from_latent_pretrain/: encoder14":0,"Gradients_by_loss recover_latent/: mapper6":0.004664631259497487,"r2_mean_OOD/10_all":0.09898078441619873,"r2_var_criterion/50_all":0.05421824346889149,"Gradients_by_loss recover_latent/: mapper3":0.004487649070074215,"Gradients_by_loss recover_latent/: encoder13":0.0015413683206607568,"losses/rec_from_latent_pretrain":0.7321003079414368,"r2_mean_criterion/100_all":0.6809534322131764,"_step":521,"wasserstein_OOD/10_all":0.9222758377636117,"Gradients_by_loss rec_from_latent_pretrain/: mapper4":0,"Gradients_by_loss rec_from_latent_pretrain/: mapper5":0,"Gradients_by_loss recover_latent/: encoder9":0.0037049737793125137,"r2_mean_criterion/10_all":0.3426353497938676,"Gradients_by_loss rec_from_latent_pretrain/: mapper8":0,"Gradients_by_loss recover_latent/: encoder1":0.0041889687165376,"r2_var_OOD/50_all":0,"Gradients_by_loss rec_from_latent_pretrain/: donor_embedder":0,"r2_var_OOD/100_all":0.10806906223297119,"Gradients_by_loss rec_from_latent_pretrain/: mapper10":0,"r2_var_criterion/20_all":0.03541226278651844,"Gradients_by_loss recover_latent/: mapper9":0.006349998856721332,"Gradients_by_loss rec_from_latent_pretrain/: mapper11":0,"Gradients_by_loss recover_latent/: encoder0":0.0037772948596882672,"r2_delta_criterion/10_all":0.5022354559464888,"MIG_BINNED/dis_latent_stack_tissue_train":0.6519634203459748,"_timestamp":1.7677540129553556e+09,"Gradients_by_loss recover_latent/: mapper11":0.006603346091215442,"Gradients_by_loss rec_from_latent_pretrain/: mapper1":0,"Gradients_by_loss rec_from_latent_pretrain/: mapper0":0,"Gradients_by_loss rec_from_latent_pretrain/: encoder7":0,"Gradients_by_loss recover_latent/: mapper8":0.0062270779693067504,"Gradients_by_loss rec_from_latent_pretrain/: encoder2":0,"r2_var_criterion/100_all":0.07652134245092218,"r2_mean_OOD/100_all":0.6500329375267029,"Gradients_by_loss rec_from_latent_pretrain/: mapper_tissue_mapper":0,"Gradients_by_loss rec_from_latent_pretrain/: encoder5":0,"Gradients_by_loss recover_latent/: mapper_tissue_mapper":0.0003222188042683327,"Gradients_by_loss rec_from_latent_pretrain/: encoder_pretrain":0.13712787518451605,"Gradients_by_loss recover_latent/: encoder15":0.00037972311145583355,"Gradients_by_loss rec_from_latent_pretrain/: encoder3":0,"Gradients_by_loss recover_latent/: mapper13":0.006722490045232016,"Gradients_by_loss recover_latent/: mapper12":0.006749326923640914,"Gradients_by_loss rec_from_latent_pretrain/: mapper6":0,"Gradients_by_loss rec_from_latent_pretrain/: mapper2":0,"Gradients_by_loss rec_from_latent_pretrain/: encoder12":0,"r2_mean_criterion/20_all":0.35305308211933484,"Gradients_by_loss rec_from_latent_pretrain/: mapper3":0,"Gradients_by_loss rec_from_latent_pretrain/: encoder10":0,"Gradients_by_loss rec_from_latent_pretrain/: encoder1":0,"Rec/Pearson_gene_train":0.8905341386675835,"Gradients_by_loss rec_from_latent_pretrain/: encoder9":0,"r2_delta_OOD/50_all":0.3116123676300049,"Gradients_by_loss rec_from_latent_pretrain/: mapper12":0,"r2_mean_OOD/20_all":0.17910003662109375}