{"r2_mean/20000": 0.8986667394638062, "r2_var/20000": 0, "pear_var/20000": 0.3448659130650864, "r2_delta/20000": 0, "r2_mean/200": 0.8798620104789734, "r2_var/200": 0, "pear_var/200": 0.3175816587676701, "r2_delta/200": 0.5086432695388794, "r2_mean/100": 0.8718063235282898, "r2_var/100": 0, "pear_var/100": 0.328762645920469, "r2_delta/100": 0.5921382904052734, "wass_dist/100": 0.41859255012656005, "r2_mean/50": 0.8937479853630066, "r2_var/50": 0, "pear_var/50": 0.09124849591620543, "r2_delta/50": 0.6638555526733398, "r2_mean/20": 0.8983022570610046, "r2_var/20": 0, "pear_var/20": -0.422228665808407, "r2_delta/20": 0.604507327079773, "wass_dist/20": 0.520921082160156, "r2_mean/10": 0.677141547203064, "r2_var/10": 0, "pear_var/10": -0.4993691972898425, "r2_delta/10": 0.5488287210464478, "wass_dist/10": 0.5237506352795587, "_timestamp": 1743888835.2222493, "_runtime": 1.2907943725585938, "_step": 0, "_wandb": {"runtime": 1}}