{"losses/rec_from_latent_pretrain":0.6181762773092552,"Gradients_by_loss recover_latent/: mapper_donor_mapper":1.5622234981741842e-05,"Gradients_by_loss recover_latent/: mapper14":0.0015012542965167081,"Gradients_by_loss rec_from_latent_pretrain/: mapper15":0,"Rec/Pearson_gene_train":0.6996561288833618,"important_notes":{"path":"media/html/important_notes_0_3a7c6f1c6ab90aca47ec.html","_type":"html-file","sha256":"3a7c6f1c6ab90aca47ec9c6074d1fd0bbfe5327815ea72010f3ab34c02189fba","size":7789},"Gradients_by_loss recover_latent/: encoder_pretrain":0.00024529644851041483,"_timestamp":1.7674459083601985e+09,"Gradients_by_loss recover_latent/: tissue_embedder":1.3004562788410112e-05,"Gradients_by_loss rec_from_latent_pretrain/: mapper12":0,"Gradients_by_loss recover_latent/: mapper1":0.0005968999062711225,"Gradients_by_loss recover_latent/: mapper0":0.0004644002633154012,"Gradients_by_loss recover_latent/: mapper3":0.0008322262773873812,"Gradients_by_loss rec_from_latent_pretrain/: mapper5":0,"Gradients_by_loss rec_from_latent_pretrain/: encoder13":0,"Gradients_by_loss recover_latent/: encoder13":0.0009224073946290381,"r2_var_OOD/10_all":0.5768307447433472,"Gradients_by_loss rec_from_latent_pretrain/: mapper_tissue_mapper":0,"Gradients_by_loss recover_latent/: mapper12":0.0015541874488443708,"Gradients_by_loss rec_from_latent_pretrain/: mapper3":0,"r2_mean_criterion/10_all":0.48536340214989404,"Gradients_by_loss recover_latent/: encoder6":0.005957638228248636,"Gradients_by_loss recover_latent/: mapper6":0.001871567464218194,"Rec/Pearson_sample_train":0.9505820870399475,"Gradients_by_loss rec_from_latent_pretrain/: encoder3":0,"Gradients_by_loss recover_latent/: encoder11":0.0022914923756540803,"Gradients_by_loss rec_from_latent_pretrain/: mapper4":0,"r2_var_OOD/100_all":0.576545238494873,"r2_delta_criterion/50_all":0.4913073886524547,"r2_mean_criterion/50_all":0.7236834060062062,"Gradients_by_loss rec_from_latent_pretrain/: mapper14":0,"r2_var_OOD/50_all":0.3958713412284851,"Gradients_by_loss rec_from_latent_pretrain/: encoder14":0,"Gradients_by_loss recover_latent/: encoder15":0.0011599967973928832,"Gradients_by_loss rec_from_latent_pretrain/: mapper_donor_mapper":0,"r2_mean_OOD/50_all":0.8765782713890076,"r2_delta_OOD/20_all":0.2759438157081604,"Gradients_by_loss recover_latent/: encoder3":0.0006932403242781948,"r2_delta_OOD/50_all":0.3378363847732544,"Gradients_by_loss rec_from_latent_pretrain/: decoder":0.17866244195801156,"Gradients_by_loss rec_from_latent_pretrain/: px_r":7.21653486834839e-05,"r2_delta_criterion/100_all":0.4677176150408658,"Gradients_by_loss rec_from_latent_pretrain/: mapper0":0,"r2_var_criterion/10_all":0.3303669365969571,"r2_mean_OOD/10_all":0.787514328956604,"Gradients_by_loss rec_from_latent_pretrain/: mapper2":0,"Gradients_by_loss recover_latent/: mapper11":0.001649853433946415,"r2_delta_criterion/10_all":0.43990153616124933,"Gradients_by_loss recover_latent/: decoder":0,"Gradients_by_loss recover_latent/: mapper15":0.001689664482035059,"Gradients_by_loss recover_latent/: mapper7":0.0017831062847177008,"Gradients_by_loss recover_latent/: encoder2":0.0029595977574547617,"_step":521,"r2_delta_OOD/100_all":0.38078367710113525,"r2_var_criterion/100_all":0.24560298702933572,"Gradients_by_loss rec_from_latent_pretrain/: mapper13":0,"Gradients_by_loss rec_from_latent_pretrain/: encoder5":0,"r2_mean_OOD/20_all":0.8295744061470032,"Gradients_by_loss recover_latent/: mapper_tissue_mapper":1.2664186466798043e-05,"Gradients_by_loss rec_from_latent_pretrain/: donor_embedder":0,"Gradients_by_loss recover_latent/: mapper9":0.0015461028659474877,"Gradients_by_loss rec_from_latent_pretrain/: tissue_embedder":0,"Gradients_by_loss rec_from_latent_pretrain/: mapper6":0,"Gradients_by_loss recover_latent/: mapper4":0.0011788906805785964,"Gradients_by_loss recover_latent/: encoder14":0.0003748375605572436,"r2_delta_criterion/20_all":0.428942853754217,"Gradients_by_loss rec_from_latent_pretrain/: encoder2":0,"Gradients_by_loss rec_from_latent_pretrain/: encoder9":0,"Gradients_by_loss rec_from_latent_pretrain/: encoder4":0,"Gradients_by_loss rec_from_latent_pretrain/: encoder7":0,"Gradients_by_loss rec_from_latent_pretrain/: encoder_pretrain":0.08385102591312421,"Gradients_by_loss rec_from_latent_pretrain/: mapper10":0,"Gradients_by_loss rec_from_latent_pretrain/: encoder8":0,"Gradients_by_loss rec_from_latent_pretrain/: mapper11":0,"Gradients_by_loss recover_latent/: encoder10":0.0005262818806115874,"Gradients_by_loss recover_latent/: encoder5":0.0010888928148753822,"Gradients_by_loss rec_from_latent_pretrain/: encoder10":0,"r2_var_criterion/20_all":0.2642894224687056,"Gradients_by_loss recover_latent/: donor_embedder":5.795746255898848e-05,"Rec/R2_var_train":0.995255172252655,"Gradients_by_loss rec_from_latent_pretrain/: encoder12":0,"pear_var_criterion/avg_all":NaN,"losses/recover_latent":4.0518835104018924e-05,"Gradients_by_loss recover_latent/: px_r":0,"Gradients_by_loss recover_latent/: encoder8":0.0003525764074499936,"MIG_BINNED/dis_latent_stack_tissue_train":0.6738226269485762,"r2_mean_criterion/100_all":0.7251254916191101,"r2_delta_OOD/10_all":0.22268539667129517,"Gradients_by_loss rec_from_latent_pretrain/: mapper1":0,"Gradients_by_loss rec_from_latent_pretrain/: encoder6":0,"Gradients_by_loss recover_latent/: mapper10":0.001517965344310968,"r2_var_OOD/20_all":0.6146147847175598,"Gradients_by_loss rec_from_latent_pretrain/: mapper9":0,"Gradients_by_loss recover_latent/: encoder12":0.0005827720575641007,"Gradients_by_loss rec_from_latent_pretrain/: encoder0":0,"r2_mean_criterion/20_all":0.5917490341446616,"r2_var_criterion/50_all":0.289418410171162,"Gradients_by_loss recover_latent/: mapper2":0.0008926701641035344,"_wandb":{"runtime":3775},"Gradients_by_loss recover_latent/: encoder9":0.0005011119266816301,"Gradients_by_loss rec_from_latent_pretrain/: encoder15":0,"Gradients_by_loss recover_latent/: encoder1":0.001472052494759274,"wasserstein_criterion/10_all":0.3584648693948053,"Gradients_by_loss rec_from_latent_pretrain/: encoder11":0,"Gradients_by_loss recover_latent/: mapper13":0.0015751243694872054,"_runtime":3775.203843972,"wasserstein_OOD/10_all":0.5569576646372589,"Gradients_by_loss recover_latent/: mapper5":0.0011689562694277675,"Gradients_by_loss rec_from_latent_pretrain/: mapper8":0,"Gradients_by_loss recover_latent/: mapper8":0.0016762569849219624,"Gradients_by_loss rec_from_latent_pretrain/: encoder1":0,"r2_mean_OOD/100_all":0.889454185962677,"Gradients_by_loss rec_from_latent_pretrain/: mapper7":0,"Gradients_by_loss recover_latent/: encoder7":0.001135984453051302,"Gradients_by_loss recover_latent/: encoder4":0.003473514467837862,"Rec/R2_mean_train":0.9989786148071289,"Gradients_by_loss recover_latent/: encoder0":0.002531497131310803}