{"r2_mean/20000": 0.8782705068588257, "r2_var/20000": 0, "pear_var/20000": 0.4987937320018649, "r2_delta/20000": 0.6397897005081177, "r2_mean/200": 0.7773677110671997, "r2_var/200": 0, "pear_var/200": 0.21075004050170218, "r2_delta/200": 0.7671131491661072, "r2_mean/100": 0.7516132593154907, "r2_var/100": 0, "pear_var/100": 0.2559270933899384, "r2_delta/100": 0.7833437919616699, "wass_dist/100": 0.39288169621885577, "r2_mean/50": 0.6129140853881836, "r2_var/50": 0, "pear_var/50": 0.16844126969017317, "r2_delta/50": 0.6406302452087402, "r2_mean/20": 0.294969379901886, "r2_var/20": 0, "pear_var/20": -0.086881822663766, "r2_delta/20": 0.2212788462638855, "wass_dist/20": 0.48088708518754614, "r2_mean/10": 0.8497668504714966, "r2_var/10": 0, "pear_var/10": 0.25089637291321554, "r2_delta/10": 0.8242865800857544, "wass_dist/10": 0.36471566756862384, "_timestamp": 1743903630.266102, "_runtime": 1.3859519958496094, "_step": 0, "_wandb": {"runtime": 1}}