{"_runtime":0.611641928,"pear_var/20000":0.4793320083351769,"r2_delta/20":0.9982592463493347,"r2_mean/100":0.8445326089859009,"r2_var/50":0,"r2_delta/100":0.9973511695861816,"r2_mean/50":0.7814264893531799,"pear_var/10":-0.006577005151368734,"r2_mean/20000":0.9075660705566406,"r2_delta/200":0.9964075684547424,"r2_var/10":0,"pear_var/100":0.822040228091752,"_step":0,"r2_mean/200":0.821865975856781,"wass_dist/10":0.5820530713989636,"_timestamp":1.7438224667003162e+09,"r2_delta/10":0,"_wandb":{"runtime":0},"r2_delta/20000":0.9977449774742126,"wass_dist/20":0.5244654642685542,"r2_var/100":0,"r2_var/20":0,"pear_var/20":0.8954058808354288,"r2_delta/50":0.9972570538520813,"r2_var/200":0,"r2_mean/20":0.787385106086731,"pear_var/50":0.8834195487702877,"r2_var/20000":0,"wass_dist/100":0.3901583266439544,"r2_mean/10":0.2505652904510498,"pear_var/200":0.664466583191276}