{"r2_mean/20000": 0.9050219655036926, "r2_var/20000": 0, "pear_var/20000": 0.4018578872182806, "r2_delta/20000": 0, "r2_mean/200": 0.8764980435371399, "r2_var/200": 0, "pear_var/200": 0.2106363173544726, "r2_delta/200": 0.4721166491508484, "r2_mean/100": 0.8355225324630737, "r2_var/100": 0, "pear_var/100": 0.09077586471222157, "r2_delta/100": 0.4396812915802002, "wass_dist/100": 0.4295631497654415, "r2_mean/50": 0.7857142686843872, "r2_var/50": 0, "pear_var/50": 0.08483063775238775, "r2_delta/50": 0.3043290972709656, "r2_mean/20": 0.7918709516525269, "r2_var/20": 0, "pear_var/20": -0.3189736632267957, "r2_delta/20": 0.15153497457504272, "wass_dist/20": 0.5866376599174086, "r2_mean/10": 0.39535343647003174, "r2_var/10": 0, "pear_var/10": -0.1238143749836698, "r2_delta/10": 0.011659443378448486, "wass_dist/10": 0.60686057574918, "_timestamp": 1743891465.6373436, "_runtime": 1.368053674697876, "_step": 0, "_wandb": {"runtime": 1}}