{"Rec/Pearson_gene_train":0.699455201625824,"Gradients_by_loss recover_latent/: mapper_donor_mapper":4.124321445981272e-05,"wasserstein_criterion/10_all":0.31523336840531724,"Gradients_by_loss rec_from_latent_pretrain/: encoder15":0,"Gradients_by_loss rec_from_latent_pretrain/: encoder_pretrain":0.11800910672296298,"Gradients_by_loss recover_latent/: mapper3":0.001396076360279391,"Gradients_by_loss recover_latent/: mapper14":0.002856421388371062,"Gradients_by_loss recover_latent/: mapper11":0.0026877838391284876,"Gradients_by_loss rec_from_latent_pretrain/: mapper5":0,"Gradients_by_loss recover_latent/: mapper_tissue_mapper":3.4636027699232304e-05,"Gradients_by_loss rec_from_latent_pretrain/: encoder13":0,"r2_var_criterion/20_all":0.2889608849178661,"Gradients_by_loss rec_from_latent_pretrain/: mapper6":0,"Gradients_by_loss recover_latent/: encoder14":0.0011831500823067734,"losses/recover_latent":4.012349595520917e-05,"r2_mean_criterion/20_all":0.6364246986129067,"r2_var_OOD/10_all":0.5207487940788269,"Gradients_by_loss recover_latent/: mapper12":0.0027760635241899337,"Gradients_by_loss recover_latent/: mapper7":0.002868325860229608,"Rec/Pearson_sample_train":0.9494608640670776,"Gradients_by_loss rec_from_latent_pretrain/: mapper_donor_mapper":0,"r2_delta_OOD/100_all":0.3861244320869446,"Gradients_by_loss rec_from_latent_pretrain/: donor_embedder":0,"Gradients_by_loss recover_latent/: encoder10":0.0016495023353609852,"Gradients_by_loss recover_latent/: encoder7":0.004432497620750686,"Gradients_by_loss recover_latent/: encoder8":0.004653267681993747,"Gradients_by_loss rec_from_latent_pretrain/: encoder0":0,"important_notes":{"path":"media/html/important_notes_0_ca2cc78398e3a58fe0e5.html","_type":"html-file","sha256":"ca2cc78398e3a58fe0e56d7b32a39a0ca45a98c2ed3c6137c4766df5a17e8ca6","size":7789},"r2_mean_criterion/100_all":0.7609609907323663,"Gradients_by_loss rec_from_latent_pretrain/: px_r":7.307846681214869e-05,"Gradients_by_loss recover_latent/: encoder13":0.003612499572808629,"r2_delta_OOD/20_all":0.2793353199958801,"Gradients_by_loss rec_from_latent_pretrain/: mapper4":0,"r2_delta_criterion/20_all":0.4964222311973572,"Gradients_by_loss rec_from_latent_pretrain/: encoder9":0,"Gradients_by_loss recover_latent/: encoder12":0.002335486583444892,"Gradients_by_loss rec_from_latent_pretrain/: encoder10":0,"Gradients_by_loss rec_from_latent_pretrain/: mapper3":0,"r2_var_criterion/10_all":0.37473172491247003,"Gradients_by_loss rec_from_latent_pretrain/: encoder7":0,"r2_var_OOD/50_all":0.1818895936012268,"Gradients_by_loss recover_latent/: mapper15":0.002758682204112533,"r2_mean_criterion/50_all":0.7611451040614735,"Gradients_by_loss rec_from_latent_pretrain/: mapper14":0,"Gradients_by_loss rec_from_latent_pretrain/: mapper1":0,"Gradients_by_loss recover_latent/: encoder6":0.009073870313517871,"Gradients_by_loss rec_from_latent_pretrain/: encoder12":0,"Gradients_by_loss rec_from_latent_pretrain/: encoder11":0,"Gradients_by_loss recover_latent/: encoder15":0.0008195285521495468,"Gradients_by_loss recover_latent/: mapper10":0.0027403843797698516,"r2_delta_OOD/50_all":0.31946903467178345,"Gradients_by_loss recover_latent/: mapper2":0.00128768030925653,"Gradients_by_loss recover_latent/: px_r":0,"Gradients_by_loss rec_from_latent_pretrain/: encoder3":0,"r2_delta_criterion/50_all":0.5533345666798678,"Gradients_by_loss rec_from_latent_pretrain/: mapper13":0,"Gradients_by_loss rec_from_latent_pretrain/: mapper7":0,"Gradients_by_loss recover_latent/: encoder1":0.0037305605107697906,"Gradients_by_loss recover_latent/: mapper6":0.0028254210220090203,"_step":521,"Gradients_by_loss recover_latent/: decoder":0,"Gradients_by_loss recover_latent/: mapper9":0.0027065561432594006,"Gradients_by_loss recover_latent/: encoder_pretrain":0.0003975975024215723,"r2_var_criterion/100_all":0.31715199622240936,"wasserstein_OOD/10_all":0.5201118505330637,"Gradients_by_loss recover_latent/: tissue_embedder":2.4942490199464373e-05,"Gradients_by_loss rec_from_latent_pretrain/: encoder1":0,"Gradients_by_loss rec_from_latent_pretrain/: mapper_tissue_mapper":0,"Gradients_by_loss recover_latent/: mapper1":0.0013418815114313047,"Gradients_by_loss rec_from_latent_pretrain/: mapper10":0,"r2_mean_OOD/20_all":0.83037269115448,"Gradients_by_loss recover_latent/: mapper8":0.0029920442122610643,"r2_var_OOD/20_all":0.2433897852897644,"r2_delta_OOD/10_all":0.19571280479431152,"losses/rec_from_latent_pretrain":0.6186017706789778,"Gradients_by_loss recover_latent/: donor_embedder":0.000127567516756244,"r2_var_criterion/50_all":0.3025421771136197,"r2_var_OOD/100_all":0.4600064754486084,"Gradients_by_loss rec_from_latent_pretrain/: encoder6":0,"Gradients_by_loss recover_latent/: mapper4":0.0016399347264802221,"_runtime":3720.022896686,"Gradients_by_loss recover_latent/: mapper13":0.002973095948144773,"Rec/R2_var_train":0.9967496395111084,"Gradients_by_loss rec_from_latent_pretrain/: encoder2":0,"r2_mean_OOD/100_all":0.8904076218605042,"Gradients_by_loss rec_from_latent_pretrain/: mapper0":0,"Gradients_by_loss recover_latent/: mapper0":0.0009224720888698358,"r2_mean_OOD/50_all":0.8731547594070435,"Rec/R2_mean_train":0.9991031289100647,"Gradients_by_loss recover_latent/: encoder2":0.0015002326038828918,"Gradients_by_loss rec_from_latent_pretrain/: encoder8":0,"Gradients_by_loss rec_from_latent_pretrain/: encoder5":0,"Gradients_by_loss rec_from_latent_pretrain/: mapper9":0,"Gradients_by_loss recover_latent/: encoder4":0.0034455850049659046,"Gradients_by_loss recover_latent/: encoder5":0.001835767244004967,"r2_delta_criterion/100_all":0.5345650694587014,"r2_mean_criterion/10_all":0.5277681838382374,"r2_delta_criterion/10_all":0.5020250082015991,"Gradients_by_loss recover_latent/: encoder0":0.0035715417769063137,"pear_var_criterion/avg_all":NaN,"MIG_BINNED/dis_latent_stack_tissue_train":0.6591295799049339,"_timestamp":1.7674308757132068e+09,"Gradients_by_loss rec_from_latent_pretrain/: mapper2":0,"Gradients_by_loss rec_from_latent_pretrain/: encoder4":0,"Gradients_by_loss recover_latent/: encoder9":0.0007977612054726223,"Gradients_by_loss recover_latent/: encoder3":0.0032345484278374333,"Gradients_by_loss rec_from_latent_pretrain/: tissue_embedder":0,"Gradients_by_loss recover_latent/: mapper5":0.0016315258600525992,"Gradients_by_loss rec_from_latent_pretrain/: mapper12":0,"Gradients_by_loss recover_latent/: encoder11":0.0034953682295835297,"Gradients_by_loss rec_from_latent_pretrain/: decoder":0.1999745759911927,"Gradients_by_loss rec_from_latent_pretrain/: mapper8":0,"Gradients_by_loss rec_from_latent_pretrain/: mapper15":0,"Gradients_by_loss rec_from_latent_pretrain/: encoder14":0,"Gradients_by_loss rec_from_latent_pretrain/: mapper11":0,"r2_mean_OOD/10_all":0.7801411151885986,"_wandb":{"runtime":3720}}