{"Gradients_by_loss recover_latent/: mapper4":0.002216510287903171,"MIG_BINNED/dis_latent_stack_condition_train":0.6872601203235602,"Gradients_by_loss recover_latent/: encoder12":0.00378217982941995,"Gradients_by_loss rec_from_latent_pretrain/: encoder5":0,"Rec/Pearson_sample_train":0.9597635269165039,"_runtime":1829.206677652,"r2_mean_criterion/50_all":0.9399028675896781,"Gradients_by_loss recover_latent/: px_r":0,"r2_mean_OOD/50_all":0.7859019637107849,"Gradients_by_loss rec_from_latent_pretrain/: encoder14":0,"Gradients_by_loss rec_from_latent_pretrain/: encoder1":0,"Gradients_by_loss recover_latent/: mapper1":0.0005446403507406978,"r2_mean_OOD/100_all":0.8899081349372864,"wasserstein_criterion/10_all":0.2463519971171715,"Gradients_by_loss rec_from_latent_pretrain/: mapper14":0,"_timestamp":1.7683835524019022e+09,"Gradients_by_loss rec_from_latent_pretrain/: condition_embedder":0,"Gradients_by_loss rec_from_latent_pretrain/: encoder2":0,"Gradients_by_loss recover_latent/: encoder13":0.002289624905304572,"Gradients_by_loss rec_from_latent_pretrain/: encoder4":0,"losses/recover_latent":5.282891559429427e-05,"Gradients_by_loss recover_latent/: mapper14":0.003947163257013825,"r2_delta_OOD/20_all":0.6662541627883911,"wasserstein_OOD/100_all":0.22412904675166143,"Gradients_by_loss recover_latent/: encoder_pretrain":0.0007667561545756287,"_step":521,"Gradients_by_loss rec_from_latent_pretrain/: mapper1":0,"Rec/R2_mean_train":0.997301459312439,"Gradients_by_loss recover_latent/: mapper6":0.004155583793130479,"r2_delta_criterion/100_all":0.8996682337352208,"r2_mean_criterion/100_all":0.9533536008426121,"_wandb":{"runtime":1829},"Gradients_by_loss rec_from_latent_pretrain/: mapper4":0,"Gradients_by_loss recover_latent/: mapper2":0.002072669863083925,"Gradients_by_loss recover_latent/: encoder15":0.0030901919980507973,"Gradients_by_loss recover_latent/: encoder3":0.002902682524335256,"Gradients_by_loss rec_from_latent_pretrain/: encoder7":0,"important_notes":{"size":7783,"path":"media/html/important_notes_0_663eb68d5ebd889e4b71.html","_type":"html-file","sha256":"663eb68d5ebd889e4b712f4fd015780869c6ea8cf0972b788ddb2e7804ca995d"},"Gradients_by_loss recover_latent/: encoder9":0.000987359743780257,"r2_delta_OOD/50_all":0.8398582935333252,"r2_mean_OOD/10_all":0.6995203495025635,"Gradients_by_loss rec_from_latent_pretrain/: encoder12":0,"Gradients_by_loss recover_latent/: mapper12":0.0038743856672746354,"Gradients_by_loss recover_latent/: mapper13":0.003874754755270702,"r2_delta_criterion/20_all":0.7631010072571891,"Gradients_by_loss rec_from_latent_pretrain/: mapper11":0,"Gradients_by_loss rec_from_latent_pretrain/: mapper8":0,"Gradients_by_loss recover_latent/: encoder1":0.0010806502239024153,"Gradients_by_loss recover_latent/: mapper5":0.003084045209701661,"wasserstein_criterion/100_all":0.23578636810350448,"Gradients_by_loss rec_from_latent_pretrain/: mapper9":0,"Gradients_by_loss rec_from_latent_pretrain/: cell_type_embedder":0,"Gradients_by_loss recover_latent/: mapper15":0.0042837477731376096,"Gradients_by_loss rec_from_latent_pretrain/: mapper_cell_type_mapper":0,"Gradients_by_loss recover_latent/: mapper9":0.003665903367755761,"Gradients_by_loss rec_from_latent_pretrain/: mapper_condition_mapper":0,"r2_delta_OOD/100_all":0.9090328216552734,"Gradients_by_loss rec_from_latent_pretrain/: mapper10":0,"Gradients_by_loss recover_latent/: encoder10":0.0012660073323497451,"Gradients_by_loss recover_latent/: mapper8":0.004047685892310665,"Gradients_by_loss rec_from_latent_pretrain/: mapper3":0,"Gradients_by_loss rec_from_latent_pretrain/: encoder8":0,"Gradients_by_loss rec_from_latent_pretrain/: mapper13":0,"Gradients_by_loss rec_from_latent_pretrain/: encoder9":0,"Gradients_by_loss rec_from_latent_pretrain/: mapper0":0,"Gradients_by_loss recover_latent/: encoder7":0.006000961216743285,"r2_mean_OOD/20_all":0.6787132024765015,"Gradients_by_loss recover_latent/: mapper0":0.0005779842133041951,"wasserstein_OOD/10_all":0.3816539932517046,"Gradients_by_loss recover_latent/: mapper_cell_type_mapper":5.4129041639160974e-05,"Gradients_by_loss recover_latent/: decoder":0,"Gradients_by_loss recover_latent/: encoder6":0.008064196508008228,"Gradients_by_loss recover_latent/: encoder4":0.005233207132246862,"pear_var_criterion/avg_all":NaN,"Gradients_by_loss rec_from_latent_pretrain/: mapper2":0,"r2_mean_criterion/10_all":0.8395886761801583,"Gradients_by_loss rec_from_latent_pretrain/: encoder15":0,"Gradients_by_loss recover_latent/: mapper10":0.0035948302347141225,"Gradients_by_loss recover_latent/: mapper7":0.0042605602372904955,"Gradients_by_loss rec_from_latent_pretrain/: encoder_pretrain":0.5405419790644472,"Gradients_by_loss rec_from_latent_pretrain/: encoder6":0,"Gradients_by_loss recover_latent/: encoder2":0.008238262800468863,"Gradients_by_loss recover_latent/: encoder0":0.004566573143445092,"Gradients_by_loss recover_latent/: cell_type_embedder":0.00014318992907647043,"Gradients_by_loss rec_from_latent_pretrain/: encoder3":0,"Gradients_by_loss recover_latent/: mapper3":0.001845241961776687,"Gradients_by_loss rec_from_latent_pretrain/: mapper5":0,"Gradients_by_loss rec_from_latent_pretrain/: mapper6":0,"r2_mean_criterion/20_all":0.9027456300599235,"Gradients_by_loss recover_latent/: mapper_condition_mapper":4.3238137057884405e-05,"Gradients_by_loss rec_from_latent_pretrain/: mapper15":0,"losses/rec_from_latent_pretrain":2.332498512369521,"Gradients_by_loss rec_from_latent_pretrain/: px_r":0.0003392771177459508,"Gradients_by_loss rec_from_latent_pretrain/: encoder11":0,"Rec/R2_var_train":0.9868841767311096,"Gradients_by_loss rec_from_latent_pretrain/: mapper7":0,"Gradients_by_loss recover_latent/: encoder11":0.0028688197090259394,"Gradients_by_loss recover_latent/: encoder8":0.004399029363818269,"r2_delta_criterion/10_all":0.703200672354017,"r2_delta_criterion/50_all":0.8672585827963692,"Gradients_by_loss recover_latent/: encoder5":0.00821915068743764,"Gradients_by_loss recover_latent/: mapper11":0.003798363503320749,"Gradients_by_loss rec_from_latent_pretrain/: encoder0":0,"Rec/Pearson_gene_train":0.7250596800804031,"Gradients_by_loss rec_from_latent_pretrain/: mapper12":0,"r2_delta_OOD/10_all":0.6213717460632324,"Gradients_by_loss rec_from_latent_pretrain/: encoder13":0,"Gradients_by_loss recover_latent/: condition_embedder":0.0001818224263843149,"Gradients_by_loss recover_latent/: encoder14":0.001959747368363181,"Gradients_by_loss rec_from_latent_pretrain/: decoder":0.7804463816714081,"Gradients_by_loss rec_from_latent_pretrain/: encoder10":0}