{"r2_mean/20000": 0.9453939199447632, "r2_var/20000": 0.17002612352371216, "pear_var/20000": 0.6773336434822502, "r2_delta/20000": 0.788109302520752, "r2_mean/200": 0.8411780595779419, "r2_var/200": 0, "pear_var/200": 0.698302652758265, "r2_delta/200": 0.8150739073753357, "r2_mean/100": 0.7793506383895874, "r2_var/100": 0, "pear_var/100": 0.773448394713401, "r2_delta/100": 0.7934280633926392, "wass_dist/100": 0.3732890045121372, "r2_mean/50": 0.5580931901931763, "r2_var/50": 0, "pear_var/50": 0.8347133406843682, "r2_delta/50": 0.5061767101287842, "r2_mean/20": 0.31465041637420654, "r2_var/20": 0, "pear_var/20": 0.8307888792816448, "r2_delta/20": 0.2355496883392334, "wass_dist/20": 0.600196881424645, "r2_mean/10": 0.15576905012130737, "r2_var/10": 0, "pear_var/10": 0.15274144910624565, "r2_delta/10": 0, "wass_dist/10": 0.6480372420084836, "_timestamp": 1744128033.923299, "_runtime": 1.6104400157928467, "_step": 0, "_wandb": {"runtime": 1}}