{"r2_mean/20000": 0.9543780088424683, "r2_var/20000": 0.04611790180206299, "pear_var/20000": 0.7433471101969573, "r2_delta/20000": 0.7928082346916199, "r2_mean/200": 0.8912546038627625, "r2_var/200": 0, "pear_var/200": 0.6963426436681626, "r2_delta/200": 0.8238691687583923, "r2_mean/100": 0.8707927465438843, "r2_var/100": 0, "pear_var/100": 0.7339427450663035, "r2_delta/100": 0.8220040798187256, "wass_dist/100": 0.36930494634810357, "r2_mean/50": 0.8066918849945068, "r2_var/50": 0, "pear_var/50": 0.6885445765556039, "r2_delta/50": 0.7299581170082092, "r2_mean/20": 0.7234601974487305, "r2_var/20": 0, "pear_var/20": 0.7053545756088783, "r2_delta/20": 0.5737563371658325, "wass_dist/20": 0.5462543296587442, "r2_mean/10": 0.4552369713783264, "r2_var/10": 0, "pear_var/10": 0.9215079605109505, "r2_delta/10": 0.2751878499984741, "wass_dist/10": 0.5724716156199632, "_timestamp": 1744212427.852055, "_runtime": 1.398292064666748, "_step": 0, "_wandb": {"runtime": 1}}