{"r2_mean/100":0.8618268370628357,"wass_dist/20":0.47774614856160696,"pear_var/20":-0.15423721769962948,"_timestamp":1.7438223624519792e+09,"_wandb":{"runtime":0},"r2_mean/20000":0.8526331782341003,"pear_var/10":-0.22298242013411246,"pear_var/100":0.12978481754347124,"_step":0,"r2_delta/50":0.9981250166893005,"r2_delta/100":0.9976457953453064,"pear_var/20000":0.44568854067653674,"pear_var/200":0.2799726145353997,"r2_mean/10":0.7014299035072327,"r2_delta/20000":0.9964048862457275,"r2_var/20":0,"r2_var/100":0,"r2_var/50":0,"r2_delta/20":0.9985390305519104,"r2_var/10":0,"r2_delta/10":0.29703289270401,"r2_var/20000":0,"_runtime":0.601077975,"r2_var/200":0,"r2_mean/20":0.8215591907501221,"r2_mean/50":0.850591242313385,"r2_delta/200":0.9972135424613953,"wass_dist/100":0.3909513321408527,"wass_dist/10":0.48034531461866237,"r2_mean/200":0.8618329763412476,"pear_var/50":0.05029952969715079}