{"r2_mean/20000": 0.9618441462516785, "r2_var/20000": 0, "pear_var/20000": 0.4048170796422241, "r2_delta/20000": 0.4108397364616394, "r2_mean/200": 0.9334504008293152, "r2_var/200": 0, "pear_var/200": 0.2834191985860849, "r2_delta/200": 0.7278162837028503, "r2_mean/100": 0.8986438512802124, "r2_var/100": 0, "pear_var/100": 0.35664829018682026, "r2_delta/100": 0.6775248050689697, "wass_dist/100": 0.4035585620089389, "r2_mean/50": 0.8849165439605713, "r2_var/50": 0, "pear_var/50": 0.18853539908779832, "r2_delta/50": 0.635915994644165, "r2_mean/20": 0.8786085247993469, "r2_var/20": 0, "pear_var/20": -0.4383138378161587, "r2_delta/20": 0.5279202461242676, "wass_dist/20": 0.5264208547445108, "r2_mean/10": 0.5999348163604736, "r2_var/10": 0, "pear_var/10": -0.4888667923709702, "r2_delta/10": 0.44093793630599976, "wass_dist/10": 0.5362996517435097, "_timestamp": 1743888432.059281, "_runtime": 1.4854822158813477, "_step": 0, "_wandb": {"runtime": 1}}