{"Gradients_by_loss rec_from_latent_pretrain/: tissue_embedder":0,"Gradients_by_loss rec_from_latent_pretrain/: encoder_pretrain":0.0510525306939084,"Gradients_by_loss rec_from_latent_pretrain/: mapper9":0,"r2_mean_criterion/10_all":0.7168154915173849,"r2_delta_criterion/10_all":0.6048657298088074,"Gradients_by_loss recover_latent/: encoder_pretrain":0.00010180762249020613,"r2_var_criterion/100_all":0.5260151028633118,"r2_delta_OOD/50_all":0.309512197971344,"r2_delta_criterion/20_all":0.6042279104391733,"r2_delta_criterion/50_all":0.64783975481987,"Gradients_by_loss recover_latent/: mapper14":0.00038501342715749847,"r2_delta_OOD/100_all":0.26915860176086426,"Gradients_by_loss recover_latent/: mapper9":0.00032827038814347605,"losses/recover_latent":3.3751246328022496e-05,"Gradients_by_loss rec_from_latent_pretrain/: mapper3":0,"Gradients_by_loss rec_from_latent_pretrain/: encoder11":0,"Gradients_by_loss recover_latent/: mapper6":0.00026337660075817314,"Gradients_by_loss recover_latent/: mapper8":0.00032531879188190863,"Gradients_by_loss rec_from_latent_pretrain/: mapper10":0,"MIG_BINNED/dis_latent_stack_tissue_train":0.6622901754614795,"r2_mean_criterion/50_all":0.8494006395339966,"Gradients_by_loss rec_from_latent_pretrain/: donor_embedder":0,"Gradients_by_loss recover_latent/: mapper5":0.0001768261458756008,"Gradients_by_loss rec_from_latent_pretrain/: encoder5":0,"Gradients_by_loss rec_from_latent_pretrain/: mapper5":0,"Gradients_by_loss rec_from_latent_pretrain/: px_r":3.630924766184762e-05,"Gradients_by_loss recover_latent/: encoder7":0.0006266494457907243,"Gradients_by_loss recover_latent/: mapper_donor_mapper":1.0616478463353769e-05,"r2_var_OOD/10_all":0.17099952697753906,"Gradients_by_loss recover_latent/: encoder11":0.00038194944287271417,"Gradients_by_loss recover_latent/: mapper2":9.143714206103859e-05,"Gradients_by_loss recover_latent/: encoder8":0.0009338225524462634,"Gradients_by_loss recover_latent/: encoder5":0.0005782255289593994,"r2_mean_criterion/100_all":0.8553734322388967,"r2_mean_OOD/100_all":0.7748604416847229,"Gradients_by_loss recover_latent/: encoder6":0.0009813189680126276,"Gradients_by_loss rec_from_latent_pretrain/: encoder12":0,"Gradients_by_loss rec_from_latent_pretrain/: encoder7":0,"r2_var_criterion/20_all":0.45505593220392865,"Gradients_by_loss recover_latent/: encoder0":0.0009432579496266063,"r2_mean_OOD/10_all":0,"Gradients_by_loss rec_from_latent_pretrain/: mapper11":0,"r2_var_OOD/20_all":0.061000287532806396,"Gradients_by_loss rec_from_latent_pretrain/: mapper_donor_mapper":0,"Gradients_by_loss rec_from_latent_pretrain/: encoder9":0,"_runtime":3749.071038047,"Gradients_by_loss rec_from_latent_pretrain/: mapper1":0,"Gradients_by_loss recover_latent/: encoder2":0.00027446019102593354,"Gradients_by_loss recover_latent/: decoder":0,"important_notes":{"sha256":"49c4eb225d7d438f6cce728d9eff062c1b4dbb3f8df90d3cc90e448ae2b383c2","size":8035,"path":"media/html/important_notes_0_49c4eb225d7d438f6cce.html","_type":"html-file"},"Gradients_by_loss rec_from_latent_pretrain/: mapper4":0,"Gradients_by_loss recover_latent/: mapper15":0.00041958730709328946,"wasserstein_criterion/10_all":0.31418979817720555,"Gradients_by_loss recover_latent/: mapper13":0.00037994437527302246,"Gradients_by_loss rec_from_latent_pretrain/: mapper6":0,"Gradients_by_loss recover_latent/: encoder12":8.260215267895282e-05,"Gradients_by_loss rec_from_latent_pretrain/: mapper14":0,"_step":521,"Gradients_by_loss rec_from_latent_pretrain/: mapper7":0,"_wandb":{"runtime":3749},"Gradients_by_loss rec_from_latent_pretrain/: encoder14":0,"Gradients_by_loss recover_latent/: donor_embedder":5.465098001877777e-05,"Gradients_by_loss recover_latent/: encoder3":0.0003375979600392375,"Gradients_by_loss rec_from_latent_pretrain/: encoder6":0,"Gradients_by_loss recover_latent/: tissue_embedder":1.0456282325321808e-05,"Gradients_by_loss rec_from_latent_pretrain/: mapper2":0,"Gradients_by_loss rec_from_latent_pretrain/: mapper12":0,"Gradients_by_loss recover_latent/: mapper11":0.0004046138732091812,"r2_delta_OOD/20_all":0.24774169921875,"Gradients_by_loss rec_from_latent_pretrain/: mapper13":0,"r2_mean_OOD/20_all":0.38834625482559204,"Gradients_by_loss rec_from_latent_pretrain/: mapper0":0,"Gradients_by_loss recover_latent/: encoder14":0.00027878696774508545,"Gradients_by_loss rec_from_latent_pretrain/: decoder":0.10602694099709538,"Gradients_by_loss rec_from_latent_pretrain/: encoder13":0,"r2_var_criterion/10_all":0.6067821184794108,"pear_var_criterion/avg_all":NaN,"Gradients_by_loss recover_latent/: encoder13":7.66169480586472e-05,"Gradients_by_loss rec_from_latent_pretrain/: encoder10":0,"Gradients_by_loss rec_from_latent_pretrain/: encoder8":0,"Rec/R2_mean_train":0.9978913068771362,"Gradients_by_loss rec_from_latent_pretrain/: encoder2":0,"wasserstein_OOD/10_all":0.6648037499317927,"Gradients_by_loss recover_latent/: mapper_tissue_mapper":4.925961574679923e-06,"losses/rec_from_latent_pretrain":0.6182830687359447,"Gradients_by_loss recover_latent/: px_r":0,"Gradients_by_loss recover_latent/: mapper7":0.00028247519587492644,"Rec/Pearson_gene_train":0.6936706304550171,"Gradients_by_loss recover_latent/: mapper4":0.00017973208398077851,"Gradients_by_loss rec_from_latent_pretrain/: encoder3":0,"Gradients_by_loss rec_from_latent_pretrain/: mapper8":0,"Gradients_by_loss rec_from_latent_pretrain/: encoder4":0,"Gradients_by_loss recover_latent/: encoder1":0.0001696665933468231,"Gradients_by_loss recover_latent/: mapper1":9.047238454398626e-05,"r2_var_OOD/50_all":0,"r2_mean_criterion/20_all":0.8267582456270853,"Gradients_by_loss recover_latent/: encoder4":0.0007448861508859324,"Gradients_by_loss rec_from_latent_pretrain/: encoder15":0,"r2_var_OOD/100_all":0,"Gradients_by_loss recover_latent/: encoder15":0.0004542353451756905,"Gradients_by_loss rec_from_latent_pretrain/: mapper_tissue_mapper":0,"Gradients_by_loss recover_latent/: encoder9":0.0003784248749843538,"r2_delta_OOD/10_all":0.21325892210006714,"Rec/R2_var_train":0.9851981997489929,"Gradients_by_loss recover_latent/: mapper3":0.00012321857632104901,"Gradients_by_loss rec_from_latent_pretrain/: mapper15":0,"Gradients_by_loss rec_from_latent_pretrain/: encoder0":0,"r2_delta_criterion/100_all":0.6484225988388062,"Rec/Pearson_sample_train":0.9493898749351501,"Gradients_by_loss rec_from_latent_pretrain/: encoder1":0,"Gradients_by_loss recover_latent/: mapper0":9.379679786217389e-05,"Gradients_by_loss recover_latent/: mapper10":0.0004370779087888661,"r2_var_criterion/50_all":0.4842260678609212,"_timestamp":1.7677611580956829e+09,"Gradients_by_loss recover_latent/: mapper12":0.0003892159039254837,"r2_mean_OOD/50_all":0.7242512702941895,"Gradients_by_loss recover_latent/: encoder10":0.0011227112491526807}