{"Gradients_by_loss rec_from_latent_pretrain/: encoder12":0,"Gradients_by_loss recover_latent/: encoder8":0.0023166091339287477,"Rec/R2_mean_train":0.9983680248260498,"Gradients_by_loss rec_from_latent_pretrain/: encoder6":0,"Gradients_by_loss rec_from_latent_pretrain/: mapper5":0,"r2_var_OOD/100_all":0,"Gradients_by_loss rec_from_latent_pretrain/: mapper10":0,"r2_mean_criterion/20_all":0.44357655265114526,"r2_mean_OOD/20_all":0.35493654012680054,"Gradients_by_loss recover_latent/: encoder10":0.0020733658275986382,"Gradients_by_loss recover_latent/: mapper1":0.0006649710808589637,"r2_delta_criterion/100_all":0.38199144059961493,"r2_mean_criterion/50_all":0.6534259156747297,"Gradients_by_loss rec_from_latent_pretrain/: donor_embedder":0,"Gradients_by_loss recover_latent/: encoder6":0.0028466475539875888,"r2_delta_criterion/10_all":0.33176183700561523,"Gradients_by_loss rec_from_latent_pretrain/: mapper12":0,"Gradients_by_loss recover_latent/: encoder0":0.0017383432775402521,"r2_delta_OOD/100_all":0.4323934316635132,"_runtime":2974.790197847,"Gradients_by_loss recover_latent/: decoder":0,"r2_var_OOD/20_all":0,"r2_mean_OOD/50_all":0.6527002453804016,"Gradients_by_loss recover_latent/: mapper4":0.0009244072651994944,"r2_var_criterion/100_all":0.09947988119992343,"Gradients_by_loss recover_latent/: encoder13":0.001123272573312469,"Gradients_by_loss recover_latent/: mapper11":0.0015476954771667893,"Gradients_by_loss rec_from_latent_pretrain/: px_r":6.414386007236317e-05,"Gradients_by_loss rec_from_latent_pretrain/: encoder15":0,"Gradients_by_loss rec_from_latent_pretrain/: mapper2":0,"Gradients_by_loss recover_latent/: encoder1":0.0028892851631883354,"Gradients_by_loss rec_from_latent_pretrain/: encoder1":0,"Gradients_by_loss recover_latent/: encoder5":0.004851464136930575,"_timestamp":1.7671042224507995e+09,"Gradients_by_loss recover_latent/: encoder9":0.0010991088692400058,"Gradients_by_loss recover_latent/: mapper15":0.002548719705945574,"r2_mean_OOD/100_all":0.7279070615768433,"Rec/R2_var_train":0.992411196231842,"Rec/Pearson_sample_train":0.953825056552887,"r2_var_OOD/50_all":0,"Gradients_by_loss recover_latent/: donor_embedder":0.00010751692752819508,"r2_var_criterion/10_all":0.24445476857098666,"Gradients_by_loss recover_latent/: mapper3":0.0008737161677922332,"r2_mean_criterion/100_all":0.7133789766918529,"Gradients_by_loss recover_latent/: mapper2":0.0009128833135406726,"Gradients_by_loss rec_from_latent_pretrain/: mapper15":0,"losses/recover_latent":3.7545393466092045e-05,"Gradients_by_loss rec_from_latent_pretrain/: mapper13":0,"Gradients_by_loss recover_latent/: mapper6":0.0015790757732989992,"Gradients_by_loss rec_from_latent_pretrain/: mapper7":0,"Gradients_by_loss recover_latent/: encoder14":0.0018716506772087486,"Gradients_by_loss recover_latent/: mapper12":0.0015541158414087769,"Gradients_by_loss rec_from_latent_pretrain/: encoder3":0,"Gradients_by_loss recover_latent/: mapper_donor_mapper":5.3432451915172614e-05,"r2_var_criterion/50_all":0.09976033730940385,"Gradients_by_loss rec_from_latent_pretrain/: encoder10":0,"wasserstein_criterion/10_all":0.7574210241511349,"Gradients_by_loss rec_from_latent_pretrain/: mapper9":0,"Gradients_by_loss recover_latent/: mapper8":0.001829568209293843,"Gradients_by_loss rec_from_latent_pretrain/: decoder":0.2808550679027135,"Gradients_by_loss recover_latent/: encoder2":0.0025400136706189434,"r2_delta_OOD/50_all":0.4733489155769348,"Gradients_by_loss rec_from_latent_pretrain/: encoder9":0,"Gradients_by_loss recover_latent/: encoder3":0.001257759549600759,"r2_mean_OOD/10_all":0.012746930122375488,"Gradients_by_loss rec_from_latent_pretrain/: mapper_donor_mapper":0,"Gradients_by_loss rec_from_latent_pretrain/: mapper6":0,"Gradients_by_loss rec_from_latent_pretrain/: encoder8":0,"Gradients_by_loss rec_from_latent_pretrain/: encoder14":0,"Gradients_by_loss recover_latent/: px_r":0,"Rec/Pearson_gene_train":0.6879115700721741,"Gradients_by_loss recover_latent/: mapper5":0.001429095791323402,"Gradients_by_loss rec_from_latent_pretrain/: mapper14":0,"Gradients_by_loss rec_from_latent_pretrain/: mapper3":0,"pear_var_criterion/avg_all":NaN,"Gradients_by_loss recover_latent/: encoder_pretrain":0.0003658441723540855,"Gradients_by_loss recover_latent/: mapper0":0.0002907437689386283,"MIG_BINNED/dis_latent_stack_tissue_train":0.6600108656843031,"Gradients_by_loss rec_from_latent_pretrain/: mapper0":0,"r2_mean_criterion/10_all":0.22893378951332785,"Gradients_by_loss rec_from_latent_pretrain/: mapper11":0,"Gradients_by_loss recover_latent/: mapper13":0.001587271526407543,"Gradients_by_loss recover_latent/: mapper10":0.0016028027315256367,"r2_var_OOD/10_all":0,"Gradients_by_loss recover_latent/: mapper14":0.00190049696458417,"_step":521,"Gradients_by_loss rec_from_latent_pretrain/: encoder0":0,"Gradients_by_loss recover_latent/: encoder11":0.00032153060047056595,"Gradients_by_loss rec_from_latent_pretrain/: encoder_pretrain":0.18560371652612412,"r2_var_criterion/20_all":0.14130507274107498,"Gradients_by_loss rec_from_latent_pretrain/: tissue_embedder":0,"r2_delta_OOD/10_all":0.49285781383514404,"Gradients_by_loss recover_latent/: encoder4":0.002163366355777787,"Gradients_by_loss recover_latent/: encoder15":0.004112153883335696,"Gradients_by_loss rec_from_latent_pretrain/: encoder13":0,"Gradients_by_loss recover_latent/: encoder12":0.0006883705654501651,"_wandb":{"runtime":2974},"Gradients_by_loss rec_from_latent_pretrain/: encoder2":0,"Gradients_by_loss rec_from_latent_pretrain/: encoder4":0,"Gradients_by_loss recover_latent/: mapper_tissue_mapper":2.3709168952583887e-05,"Gradients_by_loss recover_latent/: mapper7":0.0016000940182222835,"Gradients_by_loss recover_latent/: encoder7":0.001682281411783382,"Gradients_by_loss rec_from_latent_pretrain/: mapper_tissue_mapper":0,"Gradients_by_loss rec_from_latent_pretrain/: mapper1":0,"important_notes":{"sha256":"55175332e90dd2928682227a2e88386df74c7c2ce0a6a2c1e4e8dce581154eb1","size":7770,"path":"media/html/important_notes_0_55175332e90dd2928682.html","_type":"html-file"},"Gradients_by_loss rec_from_latent_pretrain/: encoder11":0,"r2_delta_criterion/50_all":0.3928832303393971,"Gradients_by_loss rec_from_latent_pretrain/: mapper4":0,"Gradients_by_loss rec_from_latent_pretrain/: encoder7":0,"Gradients_by_loss recover_latent/: mapper9":0.0015710633059194952,"Gradients_by_loss rec_from_latent_pretrain/: encoder5":0,"Gradients_by_loss recover_latent/: tissue_embedder":0.00014349338016472757,"r2_delta_criterion/20_all":0.34464930946176703,"losses/rec_from_latent_pretrain":0.672183960843622,"Gradients_by_loss rec_from_latent_pretrain/: mapper8":0,"wasserstein_OOD/10_all":0.6599803567693944,"r2_delta_OOD/20_all":0.526947021484375}