{"r2_mean/20000": 0.9573543667793274, "r2_var/20000": 0, "pear_var/20000": 0.6347937121401812, "r2_delta/20000": 0.6617333889007568, "r2_mean/200": 0.9267224073410034, "r2_var/200": 0, "pear_var/200": 0.470565707558784, "r2_delta/200": 0.8077486157417297, "r2_mean/100": 0.9082602858543396, "r2_var/100": 0, "pear_var/100": 0.3905352010774259, "r2_delta/100": 0.7716922760009766, "wass_dist/100": 0.42256940095101675, "r2_mean/50": 0.9049719572067261, "r2_var/50": 0, "pear_var/50": 0.5510168011951504, "r2_delta/50": 0.7476147413253784, "r2_mean/20": 0.8810123205184937, "r2_var/20": 0, "pear_var/20": 0.15078252990097019, "r2_delta/20": 0.6301383376121521, "wass_dist/20": 0.488953062272132, "r2_mean/10": 0.7009072303771973, "r2_var/10": 0, "pear_var/10": -0.061095392165038495, "r2_delta/10": 0.573265790939331, "wass_dist/10": 0.48609528417639397, "_timestamp": 1744117425.3386807, "_runtime": 1.3435096740722656, "_step": 0, "_wandb": {"runtime": 1}}