{"Gradients_by_loss recover_latent/: encoder5":0.00040656442586885986,"Rec/R2_var_train":0.9955909252166748,"Gradients_by_loss recover_latent/: mapper7":0.00017718770933874533,"losses/rec_from_latent_pretrain":2.3531492996089,"wasserstein_criterion/100_all":0.22477719362014206,"_step":521,"Gradients_by_loss recover_latent/: mapper11":0.00036705894011247156,"Gradients_by_loss recover_latent/: encoder3":0.00034358832587756845,"Gradients_by_loss rec_from_latent_pretrain/: mapper13":0,"Gradients_by_loss recover_latent/: mapper3":9.865847827956084e-05,"Gradients_by_loss recover_latent/: mapper5":0.00018047958043589712,"important_notes":{"path":"media/html/important_notes_0_2acfee603e1eb0a9e440.html","_type":"html-file","sha256":"2acfee603e1eb0a9e440515ecc9f3677ef3c3fe79624a2b2c72d6dd227718115","size":7778},"wasserstein_criterion/10_all":0.21988565700728055,"Rec/Pearson_sample_train":0.9589126110076904,"Gradients_by_loss rec_from_latent_pretrain/: encoder9":0,"r2_mean_criterion/50_all":0.9459150688988822,"Gradients_by_loss rec_from_latent_pretrain/: mapper6":0,"Gradients_by_loss rec_from_latent_pretrain/: mapper14":0,"_timestamp":1.768357975879526e+09,"Gradients_by_loss recover_latent/: encoder14":0.0003113460995670309,"Gradients_by_loss rec_from_latent_pretrain/: encoder1":0,"Gradients_by_loss recover_latent/: mapper_condition_mapper":1.0460391814763654e-05,"Gradients_by_loss rec_from_latent_pretrain/: encoder14":0,"Gradients_by_loss rec_from_latent_pretrain/: cell_type_embedder":0,"r2_mean_criterion/100_all":0.9598279935973031,"Gradients_by_loss recover_latent/: mapper10":0.00035545929603395194,"r2_delta_criterion/20_all":0.847595921584538,"r2_delta_OOD/10_all":0.7130672931671143,"Gradients_by_loss rec_from_latent_pretrain/: encoder5":0,"Gradients_by_loss recover_latent/: mapper8":0.00030661589030637674,"Gradients_by_loss rec_from_latent_pretrain/: condition_embedder":0,"Gradients_by_loss recover_latent/: encoder6":0.0004249114618346926,"r2_mean_OOD/10_all":0.8485153317451477,"Gradients_by_loss rec_from_latent_pretrain/: encoder11":0,"Gradients_by_loss recover_latent/: mapper15":0.000475593170711514,"Gradients_by_loss rec_from_latent_pretrain/: encoder_pretrain":0.1399461099290529,"r2_delta_OOD/20_all":0.7644791007041931,"Gradients_by_loss rec_from_latent_pretrain/: mapper8":0,"Gradients_by_loss rec_from_latent_pretrain/: mapper12":0,"r2_mean_OOD/50_all":0.9533209204673767,"r2_delta_criterion/50_all":0.9060562252998352,"MIG_BINNED/dis_latent_stack_condition_train":0.685978078555347,"pear_var_criterion/avg_all":NaN,"Gradients_by_loss recover_latent/: mapper12":0.00038689786129511583,"Gradients_by_loss rec_from_latent_pretrain/: mapper1":0,"Gradients_by_loss rec_from_latent_pretrain/: px_r":0.00011257903679506853,"Gradients_by_loss recover_latent/: encoder8":0.0009078540185214606,"Gradients_by_loss rec_from_latent_pretrain/: mapper7":0,"Gradients_by_loss recover_latent/: mapper14":0.00038243321580070115,"Gradients_by_loss recover_latent/: encoder1":0.00022243444774032589,"Gradients_by_loss recover_latent/: condition_embedder":4.6503995690727606e-05,"r2_mean_criterion/20_all":0.9252745934895107,"losses/recover_latent":5.5833327083514345e-05,"Gradients_by_loss rec_from_latent_pretrain/: mapper5":0,"Gradients_by_loss recover_latent/: encoder15":0.0005860551026592578,"Gradients_by_loss rec_from_latent_pretrain/: mapper_condition_mapper":0,"Gradients_by_loss rec_from_latent_pretrain/: encoder8":0,"Gradients_by_loss recover_latent/: encoder9":0.00013003018435097844,"Gradients_by_loss recover_latent/: mapper0":8.002907244999945e-05,"Gradients_by_loss recover_latent/: mapper_cell_type_mapper":1.1741732773909029e-05,"Gradients_by_loss recover_latent/: encoder12":0.00044070596230510344,"Gradients_by_loss recover_latent/: encoder7":0.00015202094337795602,"Gradients_by_loss rec_from_latent_pretrain/: encoder7":0,"wasserstein_OOD/100_all":0.23093534204817345,"Gradients_by_loss rec_from_latent_pretrain/: encoder2":0,"Gradients_by_loss recover_latent/: encoder13":0.00024169249111713722,"Gradients_by_loss rec_from_latent_pretrain/: mapper4":0,"Gradients_by_loss rec_from_latent_pretrain/: encoder0":0,"Gradients_by_loss rec_from_latent_pretrain/: encoder10":0,"Rec/Pearson_gene_train":0.7116411328315735,"Gradients_by_loss recover_latent/: encoder10":0.0008773703910382312,"Gradients_by_loss rec_from_latent_pretrain/: encoder4":0,"Gradients_by_loss rec_from_latent_pretrain/: mapper_cell_type_mapper":0,"Gradients_by_loss rec_from_latent_pretrain/: mapper3":0,"Gradients_by_loss recover_latent/: encoder4":0.00026957118505421454,"Gradients_by_loss rec_from_latent_pretrain/: mapper0":0,"Rec/R2_mean_train":0.9979766011238098,"r2_delta_criterion/10_all":0.8243711931364877,"Gradients_by_loss recover_latent/: decoder":0,"r2_mean_criterion/10_all":0.901885313647134,"Gradients_by_loss recover_latent/: mapper6":0.00019058858010454933,"Gradients_by_loss recover_latent/: cell_type_embedder":3.208767520845868e-05,"Gradients_by_loss recover_latent/: encoder2":7.95959247601822e-05,"r2_delta_OOD/50_all":0.8629810214042664,"Gradients_by_loss recover_latent/: mapper2":8.602862023338437e-05,"Gradients_by_loss rec_from_latent_pretrain/: encoder12":0,"Gradients_by_loss rec_from_latent_pretrain/: encoder15":0,"Gradients_by_loss recover_latent/: mapper4":0.0001265530355150855,"Gradients_by_loss rec_from_latent_pretrain/: mapper9":0,"_wandb":{"runtime":1786},"Gradients_by_loss recover_latent/: mapper9":0.00028360187025238456,"Gradients_by_loss rec_from_latent_pretrain/: mapper2":0,"Gradients_by_loss rec_from_latent_pretrain/: mapper11":0,"Gradients_by_loss rec_from_latent_pretrain/: decoder":0.2096990852627938,"r2_mean_OOD/20_all":0.8586444854736328,"Gradients_by_loss rec_from_latent_pretrain/: encoder6":0,"r2_delta_criterion/100_all":0.9217751366751534,"Gradients_by_loss recover_latent/: encoder11":0.00034015602737006063,"Gradients_by_loss rec_from_latent_pretrain/: mapper10":0,"Gradients_by_loss rec_from_latent_pretrain/: encoder13":0,"_runtime":1786.814584921,"Gradients_by_loss recover_latent/: mapper1":9.29126752899437e-05,"wasserstein_OOD/10_all":0.2170128166300836,"Gradients_by_loss rec_from_latent_pretrain/: mapper15":0,"Gradients_by_loss recover_latent/: encoder_pretrain":0.00019942905555260407,"Gradients_by_loss recover_latent/: encoder0":0.00038388627320370494,"Gradients_by_loss recover_latent/: mapper13":0.0003726388848867858,"r2_mean_OOD/100_all":0.9404207468032837,"Gradients_by_loss recover_latent/: px_r":0,"Gradients_by_loss rec_from_latent_pretrain/: encoder3":0,"r2_delta_OOD/100_all":0.8489704132080078}