{"r2_mean/20000": 0.870296835899353, "r2_var/20000": 0, "pear_var/20000": 0.4317051276433596, "r2_delta/20000": 0, "r2_mean/200": 0.7578210234642029, "r2_var/200": 0, "pear_var/200": 0.2856133083731832, "r2_delta/200": 0, "r2_mean/100": 0.6803714036941528, "r2_var/100": 0, "pear_var/100": 0.18580508288138897, "r2_delta/100": 0, "wass_dist/100": 0.48387020196968755, "r2_mean/50": 0.4439632296562195, "r2_var/50": 0, "pear_var/50": 0.11447055065679533, "r2_delta/50": 0, "r2_mean/20": 0.6140973567962646, "r2_var/20": 0, "pear_var/20": 0.18406965758653315, "r2_delta/20": 0, "wass_dist/20": 0.6179076071333964, "r2_mean/10": 0, "r2_var/10": 0, "pear_var/10": 0.008144892778269703, "r2_delta/10": 0, "wass_dist/10": 0.6576897826731141, "_timestamp": 1743893668.7069943, "_runtime": 2.459493398666382, "_step": 0, "_wandb": {"runtime": 2}}