{"r2_mean_criterion/100_all":0.9456074493271964,"Gradients_by_loss rec_from_latent_pretrain/: mapper12":0,"Gradients_by_loss recover_latent/: encoder13":0.0013504998642500311,"_timestamp":1.768369430182772e+09,"r2_mean_criterion/50_all":0.9261066232408796,"losses/recover_latent":6.185870128481124e-05,"pear_var_criterion/avg_all":NaN,"Rec/Pearson_gene_train":0.7351847887039185,"Gradients_by_loss rec_from_latent_pretrain/: condition_embedder":0,"Gradients_by_loss recover_latent/: encoder9":0.0018844510431623308,"r2_mean_OOD/100_all":0.9556208848953247,"Gradients_by_loss rec_from_latent_pretrain/: mapper14":0,"r2_delta_criterion/10_all":0.7354058282715934,"Gradients_by_loss recover_latent/: mapper7":0.0009922011863276001,"Rec/R2_mean_train":0.9981355667114258,"Gradients_by_loss rec_from_latent_pretrain/: encoder_pretrain":0.4400716273423677,"Gradients_by_loss recover_latent/: encoder0":0.0027138843516686484,"_runtime":1538.161361709,"r2_delta_criterion/50_all":0.870091267994472,"Gradients_by_loss recover_latent/: encoder10":0.0013178463783156814,"Gradients_by_loss rec_from_latent_pretrain/: mapper_cell_type_mapper":0,"Gradients_by_loss recover_latent/: encoder8":0.0006567003992258493,"Gradients_by_loss recover_latent/: mapper9":0.001072905109655021,"wasserstein_criterion/100_all":0.2280085271074357,"r2_delta_OOD/50_all":0.8871611952781677,"Gradients_by_loss recover_latent/: mapper4":0.0005434282037395835,"Gradients_by_loss recover_latent/: condition_embedder":1.5002975487732328e-05,"r2_delta_OOD/100_all":0.8587654829025269,"Gradients_by_loss recover_latent/: px_r":0,"Gradients_by_loss recover_latent/: mapper0":0.0001785426138024632,"Gradients_by_loss rec_from_latent_pretrain/: encoder9":0,"r2_mean_criterion/10_all":0.8504480719566345,"Gradients_by_loss rec_from_latent_pretrain/: mapper9":0,"Gradients_by_loss recover_latent/: mapper1":0.0002236916084026303,"Gradients_by_loss recover_latent/: encoder12":0.0021320273131935088,"Gradients_by_loss recover_latent/: decoder":0,"Gradients_by_loss recover_latent/: mapper6":0.0010070658319623952,"Rec/Pearson_sample_train":0.9590160250663757,"wasserstein_OOD/100_all":0.2573263040427481,"Gradients_by_loss recover_latent/: mapper8":0.0009906561064710782,"Gradients_by_loss rec_from_latent_pretrain/: encoder6":0,"Gradients_by_loss recover_latent/: mapper5":0.0011211104946117437,"Gradients_by_loss recover_latent/: mapper12":0.001538685975391324,"Gradients_by_loss recover_latent/: encoder6":0.0012174777947519546,"r2_delta_OOD/10_all":0.9324270486831665,"Gradients_by_loss rec_from_latent_pretrain/: encoder4":0,"Gradients_by_loss recover_latent/: encoder11":0.0032642223826424774,"Gradients_by_loss rec_from_latent_pretrain/: mapper11":0,"Gradients_by_loss recover_latent/: cell_type_embedder":9.31381800910458e-05,"Gradients_by_loss recover_latent/: encoder1":0.0007459019811615506,"_wandb":{"runtime":1538},"Gradients_by_loss rec_from_latent_pretrain/: mapper13":0,"Gradients_by_loss rec_from_latent_pretrain/: encoder14":0,"Gradients_by_loss rec_from_latent_pretrain/: encoder11":0,"_step":521,"Gradients_by_loss recover_latent/: encoder5":0.003934343731752818,"Gradients_by_loss rec_from_latent_pretrain/: mapper3":0,"Gradients_by_loss rec_from_latent_pretrain/: mapper2":0,"Gradients_by_loss rec_from_latent_pretrain/: cell_type_embedder":0,"Gradients_by_loss rec_from_latent_pretrain/: mapper1":0,"wasserstein_criterion/10_all":0.23914155397221704,"Gradients_by_loss rec_from_latent_pretrain/: encoder5":0,"Gradients_by_loss recover_latent/: mapper15":0.0013931634786586555,"Gradients_by_loss rec_from_latent_pretrain/: encoder3":0,"Gradients_by_loss rec_from_latent_pretrain/: decoder":0.44493226053218,"Gradients_by_loss recover_latent/: encoder3":0.0015449129417657783,"important_notes":{"_type":"html-file","sha256":"711c8cafbcf6c780f70941410b476da2c0f3213d45cc61c39fa6d212126453e2","size":7798,"path":"media/html/important_notes_0_711c8cafbcf6c780f709.html"},"Gradients_by_loss rec_from_latent_pretrain/: mapper7":0,"Gradients_by_loss rec_from_latent_pretrain/: mapper_condition_mapper":0,"r2_delta_criterion/20_all":0.7710508193288531,"r2_mean_OOD/50_all":0.9584745168685913,"Gradients_by_loss recover_latent/: mapper3":0.0005291185099256303,"Gradients_by_loss rec_from_latent_pretrain/: mapper0":0,"Gradients_by_loss recover_latent/: mapper10":0.0010507089589145684,"Gradients_by_loss rec_from_latent_pretrain/: encoder0":0,"Gradients_by_loss rec_from_latent_pretrain/: encoder2":0,"losses/rec_from_latent_pretrain":2.386136735541911,"Gradients_by_loss rec_from_latent_pretrain/: encoder8":0,"Gradients_by_loss rec_from_latent_pretrain/: encoder1":0,"r2_delta_OOD/20_all":0.8308895230293274,"Gradients_by_loss recover_latent/: mapper_cell_type_mapper":2.8820252263846634e-05,"r2_delta_criterion/100_all":0.8994210873331342,"Gradients_by_loss recover_latent/: mapper11":0.0013702306881711566,"Gradients_by_loss recover_latent/: mapper_condition_mapper":1.634853873566992e-05,"Gradients_by_loss recover_latent/: encoder7":0.0004277120415182969,"Gradients_by_loss rec_from_latent_pretrain/: mapper15":0,"Gradients_by_loss recover_latent/: encoder14":0.0009140963781354619,"Gradients_by_loss recover_latent/: mapper14":0.0014639261810195099,"Gradients_by_loss rec_from_latent_pretrain/: encoder12":0,"Gradients_by_loss rec_from_latent_pretrain/: mapper5":0,"r2_mean_OOD/10_all":0.985724925994873,"wasserstein_OOD/10_all":0.14962451655514028,"r2_mean_OOD/20_all":0.9581837058067322,"Gradients_by_loss rec_from_latent_pretrain/: px_r":0.00020460605446714908,"Gradients_by_loss recover_latent/: encoder15":0.000336320610406714,"Gradients_by_loss rec_from_latent_pretrain/: encoder10":0,"Gradients_by_loss rec_from_latent_pretrain/: mapper4":0,"Gradients_by_loss rec_from_latent_pretrain/: mapper8":0,"MIG_BINNED/dis_latent_stack_condition_train":0.6813996651104288,"Gradients_by_loss recover_latent/: encoder4":0.0007147297444035583,"Gradients_by_loss recover_latent/: encoder_pretrain":0.0003141194939774216,"r2_mean_criterion/20_all":0.8720688479287284,"Gradients_by_loss rec_from_latent_pretrain/: encoder7":0,"Gradients_by_loss rec_from_latent_pretrain/: mapper6":0,"Gradients_by_loss rec_from_latent_pretrain/: mapper10":0,"Gradients_by_loss rec_from_latent_pretrain/: encoder13":0,"Gradients_by_loss recover_latent/: mapper2":0.00044654559337152733,"Gradients_by_loss rec_from_latent_pretrain/: encoder15":0,"Gradients_by_loss recover_latent/: encoder2":0.001596641565501424,"Rec/R2_var_train":0.9818215370178223,"Gradients_by_loss recover_latent/: mapper13":0.0015200089630318706}