{"r2_mean/20000": 0.9737328290939331, "r2_var/20000": 0, "pear_var/20000": 0.6440123145275817, "r2_delta/20000": 0.7387934923171997, "r2_mean/200": 0.9548697471618652, "r2_var/200": 0, "pear_var/200": 0.5384612179312828, "r2_delta/200": 0.8615357875823975, "r2_mean/100": 0.939550518989563, "r2_var/100": 0, "pear_var/100": 0.5953729083338547, "r2_delta/100": 0.8393531441688538, "wass_dist/100": 0.3997865506253148, "r2_mean/50": 0.9292165040969849, "r2_var/50": 0, "pear_var/50": 0.6193043285942753, "r2_delta/50": 0.8170930743217468, "r2_mean/20": 0.9430428743362427, "r2_var/20": 0, "pear_var/20": 0.5594599819472482, "r2_delta/20": 0.8140199184417725, "wass_dist/20": 0.4589622196381595, "r2_mean/10": 0.817878246307373, "r2_var/10": 0, "pear_var/10": -0.5686827998588048, "r2_delta/10": 0.7022479176521301, "wass_dist/10": 0.44864707625072936, "_timestamp": 1744065681.6366956, "_runtime": 1.9992766380310059, "_step": 0, "_wandb": {"runtime": 1}}