{"r2_var_criterion/100_all":0.42993098497390747,"r2_delta_criterion/20_all":0.7416657209396362,"wasserstein_criterion/100_all":0.28203880587313446,"r2_delta_criterion/50_all":0.7435168027877808,"Gradients_by_loss recover_latent/: encoder6":0.00038720962570932546,"Gradients_by_loss recover_latent/: encoder1":0.0003649227351658681,"Gradients_by_loss recover_latent/: px_r":0,"Gradients_by_loss rec_from_latent_pretrain/: time_embedder":0,"r2_mean_OOD/100_all":0.9190102219581604,"r2_mean_OOD/10_all":0.7341693043708801,"Gradients_by_loss recover_latent/: encoder13":0.00033403222259285924,"Gradients_by_loss rec_from_latent_pretrain/: encoder9":0,"r2_delta_criterion/10_all":0.7868044972419739,"Gradients_by_loss recover_latent/: mapper13":0.0003159668196582516,"Gradients_by_loss rec_from_latent_pretrain/: encoder_pretrain":0.08798928490404344,"Gradients_by_loss recover_latent/: time_embedder":1.2384439287416171e-05,"r2_delta_OOD/20_all":0.7176643013954163,"Gradients_by_loss recover_latent/: encoder3":0.00023954946922164638,"Gradients_by_loss recover_latent/: mapper7":0.00022082372667879487,"Gradients_by_loss recover_latent/: encoder8":0.00011980448841608876,"Gradients_by_loss recover_latent/: mapper9":0.00019598013343891376,"Gradients_by_loss rec_from_latent_pretrain/: mapper3":0,"wasserstein_OOD/100_all":0.28257378512363546,"Gradients_by_loss recover_latent/: mapper15":0.00028853415634722885,"Gradients_by_loss rec_from_latent_pretrain/: mapper7":0,"r2_delta_OOD/10_all":0.568835437297821,"Gradients_by_loss recover_latent/: mapper8":0.0002150015268832764,"Gradients_by_loss recover_latent/: encoder15":6.085192114506247e-05,"r2_delta_OOD/50_all":0.7025681734085083,"Gradients_by_loss recover_latent/: encoder9":3.2444274992311836e-05,"MIG_BINNED/dis_latent_stack_time_train":0.6465300267506383,"Gradients_by_loss rec_from_latent_pretrain/: mapper5":0,"r2_mean_OOD/20_all":0.9067401885986328,"Gradients_by_loss rec_from_latent_pretrain/: mapper2":0,"r2_mean_OOD/50_all":0.9422584772109985,"Gradients_by_loss rec_from_latent_pretrain/: encoder0":0,"Gradients_by_loss recover_latent/: mapper10":0.00021697642706814175,"Gradients_by_loss rec_from_latent_pretrain/: encoder8":0,"r2_var_OOD/20_all":0.5478829145431519,"Gradients_by_loss recover_latent/: encoder14":0.00019898763808422228,"Gradients_by_loss recover_latent/: mapper14":0.000310822569780274,"Gradients_by_loss recover_latent/: mapper1":0.00012644461238642005,"losses/rec_from_latent_pretrain":1.3630305570652832,"Gradients_by_loss recover_latent/: mapper12":0.0002674802053060056,"Gradients_by_loss recover_latent/: encoder0":0.00028089896633240404,"Gradients_by_loss rec_from_latent_pretrain/: encoder14":0,"r2_mean_criterion/10_all":0.813133180141449,"Gradients_by_loss rec_from_latent_pretrain/: mapper_time_mapper":0,"Gradients_by_loss recover_latent/: mapper_time_mapper":4.534516932583886e-06,"Gradients_by_loss rec_from_latent_pretrain/: mapper1":0,"Gradients_by_loss recover_latent/: decoder":0,"Gradients_by_loss recover_latent/: mapper5":0.0002392126834120886,"Gradients_by_loss rec_from_latent_pretrain/: mapper0":0,"Gradients_by_loss rec_from_latent_pretrain/: mapper6":0,"r2_mean_criterion/20_all":0.8457018733024597,"_step":521,"Rec/R2_var_train":0.9819449186325073,"wasserstein_OOD/10_all":0.30110463050735065,"Gradients_by_loss rec_from_latent_pretrain/: mapper14":0,"r2_var_criterion/10_all":0,"Gradients_by_loss recover_latent/: mapper3":0.00013718752806669003,"Gradients_by_loss rec_from_latent_pretrain/: px_r":0.0002452982880640775,"r2_var_criterion/50_all":0,"Gradients_by_loss rec_from_latent_pretrain/: mapper4":0,"r2_var_OOD/100_all":0,"r2_mean_criterion/50_all":0.8877456784248352,"_runtime":11202.787055891,"r2_var_criterion/20_all":0,"r2_var_OOD/10_all":0,"Gradients_by_loss recover_latent/: mapper4":0.00018766898418727374,"Rec/Pearson_sample_train":0.9645293951034546,"Gradients_by_loss recover_latent/: encoder5":0.000294670988862091,"important_notes":{"_type":"html-file","sha256":"dfbafc8ddfd9314fea733a797a5d58523b3f44cbcf2951d6d57a46e8adbaaf2d","size":7332,"path":"media/html/important_notes_0_dfbafc8ddfd9314fea73.html"},"Gradients_by_loss rec_from_latent_pretrain/: mapper9":0,"Gradients_by_loss rec_from_latent_pretrain/: mapper12":0,"Rec/Pearson_gene_train":0.7324951663717068,"Gradients_by_loss rec_from_latent_pretrain/: mapper15":0,"pear_var_criterion/avg_all":NaN,"Gradients_by_loss recover_latent/: mapper6":0.00025352989410831793,"losses/recover_latent":9.3592846991717e-05,"r2_var_OOD/50_all":0.09050756692886353,"Gradients_by_loss rec_from_latent_pretrain/: encoder12":0,"r2_delta_criterion/100_all":0.7491890788078308,"Gradients_by_loss recover_latent/: mapper11":0.0002870677113792782,"Gradients_by_loss rec_from_latent_pretrain/: encoder1":0,"Gradients_by_loss rec_from_latent_pretrain/: encoder13":0,"Gradients_by_loss rec_from_latent_pretrain/: encoder6":0,"Gradients_by_loss rec_from_latent_pretrain/: encoder15":0,"Gradients_by_loss rec_from_latent_pretrain/: mapper11":0,"Gradients_by_loss recover_latent/: encoder11":0.0003885691669682269,"Gradients_by_loss rec_from_latent_pretrain/: encoder10":0,"_timestamp":1.7684359020373468e+09,"Gradients_by_loss recover_latent/: encoder2":0.00029021300084441736,"r2_delta_OOD/100_all":0.5037869215011597,"Gradients_by_loss rec_from_latent_pretrain/: encoder7":0,"r2_mean_criterion/100_all":0.9266141057014465,"Gradients_by_loss recover_latent/: mapper0":7.387782766937832e-05,"Gradients_by_loss rec_from_latent_pretrain/: encoder11":0,"Gradients_by_loss rec_from_latent_pretrain/: encoder3":0,"Gradients_by_loss rec_from_latent_pretrain/: encoder4":0,"Gradients_by_loss rec_from_latent_pretrain/: decoder":0.06480062722364915,"Gradients_by_loss rec_from_latent_pretrain/: encoder5":0,"Gradients_by_loss recover_latent/: encoder7":0.00013336547462556295,"Gradients_by_loss recover_latent/: encoder4":0.0004428116251516709,"wasserstein_criterion/10_all":0.5718298820965397,"Gradients_by_loss recover_latent/: encoder10":0.0001800098923877105,"Gradients_by_loss rec_from_latent_pretrain/: mapper10":0,"Gradients_by_loss recover_latent/: encoder_pretrain":3.456962525470793e-05,"Gradients_by_loss recover_latent/: mapper2":0.00014225049325811582,"Gradients_by_loss rec_from_latent_pretrain/: mapper13":0,"_wandb":{"runtime":11202},"Gradients_by_loss rec_from_latent_pretrain/: encoder2":0,"Rec/R2_mean_train":0.9991772770881653,"Gradients_by_loss recover_latent/: encoder12":8.847002871139601e-05,"Gradients_by_loss rec_from_latent_pretrain/: mapper8":0}