{"r2_delta/20":0.9989962577819824,"r2_delta/100":0.9969592690467834,"pear_var/20000":0.5242566332591739,"r2_mean/20":0.8774021863937378,"r2_delta/50":0.9971427321434021,"pear_var/10":-0.1593763448653973,"_step":0,"r2_var/10":0,"pear_var/200":0.5740890700628483,"r2_var/50":0,"_timestamp":1.7438222616824522e+09,"wass_dist/100":0.4198226196051181,"r2_mean/20000":0.8271087408065796,"r2_mean/100":0.8215309381484985,"r2_var/100":0,"r2_delta/10":0.012870848178863525,"r2_var/200":0,"_wandb":{"runtime":0},"r2_mean/10":0.5807381868362427,"wass_dist/10":0.47288886625414683,"r2_delta/20000":0.995782196521759,"r2_mean/200":0.8196197748184204,"r2_mean/50":0.7723135948181152,"pear_var/20":0.7478365549060159,"r2_var/20000":0,"wass_dist/20":0.45552872510321085,"pear_var/50":0.7456008215410215,"_runtime":0.566136469,"pear_var/100":0.698817092647101,"r2_delta/200":0.9963622689247131,"r2_var/20":0}