{"r2_mean/100":0.9123274683952332,"r2_mean/50":0.86966872215271,"r2_mean/20000":0.9479613900184631,"r2_var/20":0,"pear_var/100":0.15852877753817607,"r2_mean/200":0.9300534129142761,"r2_delta/50":0.9986444115638733,"r2_mean/10":0.8338910341262817,"_wandb":{"runtime":0},"r2_var/50":0,"r2_var/100":0,"r2_delta/200":0.9986792802810669,"r2_var/20000":0,"pear_var/20":0.023509762449411702,"pear_var/200":0.40086406233408367,"r2_delta/20":0.9995765686035156,"r2_var/200":0,"wass_dist/10":0.43148675362430355,"r2_delta/10":0.5956501960754395,"pear_var/50":0.03219981031536596,"wass_dist/20":0.4248241861433736,"r2_delta/20000":0.9988646507263184,"_runtime":0.653942825,"pear_var/20000":0.5281674795409997,"r2_var/10":0,"_timestamp":1.7438268474249835e+09,"wass_dist/100":0.37803195086500835,"pear_var/10":0.4413835879273782,"r2_mean/20":0.9431347250938416,"_step":0,"r2_delta/100":0.9984919428825378}