{"Rec/Pearson_sample_train":0.9495891332626343,"r2_mean_OOD/100_all":0.6105362176895142,"r2_var_OOD/10_all":0.7473481893539429,"wasserstein_OOD/10_all":0.34407648801066093,"important_notes":{"path":"media/html/important_notes_0_ec937e741008cdce0efa.html","_type":"html-file","sha256":"ec937e741008cdce0efa5c26872efc6461805e2c5a532cb801ef3d08a977a296","size":7789},"Gradients_by_loss recover_latent/: mapper1":0.0001904317561368513,"r2_delta_criterion/10_all":0.4661210396073081,"Gradients_by_loss rec_from_latent_pretrain/: encoder6":0,"Gradients_by_loss rec_from_latent_pretrain/: encoder14":0,"r2_delta_OOD/20_all":0.6476930379867554,"Gradients_by_loss recover_latent/: mapper11":0.0007866544031431166,"Gradients_by_loss recover_latent/: mapper15":0.0009516907568837069,"MIG_BINNED/dis_latent_stack_tissue_train":0.658183665968717,"Rec/R2_mean_train":0.9988147616386414,"r2_var_OOD/100_all":0.7061611413955688,"Gradients_by_loss rec_from_latent_pretrain/: mapper1":0,"Gradients_by_loss rec_from_latent_pretrain/: mapper_donor_mapper":0,"Gradients_by_loss rec_from_latent_pretrain/: encoder4":0,"Gradients_by_loss rec_from_latent_pretrain/: encoder5":0,"Gradients_by_loss recover_latent/: mapper9":0.0005638104238826293,"Gradients_by_loss rec_from_latent_pretrain/: mapper8":0,"r2_delta_OOD/50_all":0.5199422240257263,"Gradients_by_loss rec_from_latent_pretrain/: mapper_tissue_mapper":0,"Gradients_by_loss recover_latent/: donor_embedder":3.495677447062917e-05,"Gradients_by_loss rec_from_latent_pretrain/: encoder2":0,"r2_var_criterion/50_all":0.2106980627233332,"pear_var_criterion/avg_all":NaN,"Gradients_by_loss rec_from_latent_pretrain/: mapper6":0,"_wandb":{"runtime":3691},"Gradients_by_loss recover_latent/: mapper_donor_mapper":6.358486558835362e-06,"r2_delta_criterion/50_all":0.5010427886789496,"Gradients_by_loss recover_latent/: encoder2":0.0006481016909608506,"Gradients_by_loss recover_latent/: mapper6":0.0005099788561566427,"Gradients_by_loss rec_from_latent_pretrain/: mapper2":0,"Gradients_by_loss rec_from_latent_pretrain/: encoder0":0,"Gradients_by_loss recover_latent/: mapper8":0.00047379952955539076,"Gradients_by_loss recover_latent/: encoder10":0.000849365521083101,"_timestamp":1.767430228551093e+09,"Gradients_by_loss rec_from_latent_pretrain/: encoder11":0,"r2_var_criterion/20_all":0.2665413889017972,"Gradients_by_loss recover_latent/: encoder6":0.0006654369083938516,"r2_var_criterion/10_all":0.36516986651854083,"losses/rec_from_latent_pretrain":0.6223192873824338,"Gradients_by_loss recover_latent/: encoder15":0.0012205201597005916,"Gradients_by_loss rec_from_latent_pretrain/: mapper12":0,"Gradients_by_loss recover_latent/: mapper12":0.0007443462314323976,"Gradients_by_loss recover_latent/: mapper13":0.0007635975940525087,"losses/recover_latent":3.863409181111628e-05,"Gradients_by_loss rec_from_latent_pretrain/: mapper14":0,"Gradients_by_loss recover_latent/: encoder7":0.0007944573070408616,"Gradients_by_loss rec_from_latent_pretrain/: encoder15":0,"Gradients_by_loss rec_from_latent_pretrain/: mapper13":0,"Gradients_by_loss rec_from_latent_pretrain/: encoder3":0,"Gradients_by_loss recover_latent/: px_r":0,"Gradients_by_loss recover_latent/: mapper5":0.0004898092327530965,"r2_mean_criterion/100_all":0.7586638656529513,"Gradients_by_loss recover_latent/: mapper4":0.0002874040476189701,"Gradients_by_loss recover_latent/: mapper3":0.0002920958667541376,"Gradients_by_loss rec_from_latent_pretrain/: mapper0":0,"Gradients_by_loss recover_latent/: mapper7":0.0004927313915774269,"Gradients_by_loss recover_latent/: encoder5":0.0016370414160441376,"Gradients_by_loss recover_latent/: mapper10":0.0005746237850980327,"r2_delta_criterion/20_all":0.45612495053898205,"r2_mean_criterion/20_all":0.6351199800317938,"Gradients_by_loss recover_latent/: encoder14":0.0009837429535490875,"Gradients_by_loss rec_from_latent_pretrain/: donor_embedder":0,"_runtime":3691.781867691,"Gradients_by_loss rec_from_latent_pretrain/: mapper4":0,"Rec/Pearson_gene_train":0.6926554441452026,"r2_mean_OOD/20_all":0.6131467819213867,"Gradients_by_loss rec_from_latent_pretrain/: encoder7":0,"r2_var_OOD/20_all":0.7263363599777222,"r2_mean_criterion/50_all":0.7584995085542853,"Gradients_by_loss rec_from_latent_pretrain/: encoder1":0,"wasserstein_criterion/10_all":0.3287178546888203,"Gradients_by_loss rec_from_latent_pretrain/: encoder9":0,"Gradients_by_loss recover_latent/: encoder1":0.00040119445855826033,"Gradients_by_loss rec_from_latent_pretrain/: mapper7":0,"Gradients_by_loss rec_from_latent_pretrain/: tissue_embedder":0,"Gradients_by_loss recover_latent/: mapper_tissue_mapper":3.585466712395364e-06,"Gradients_by_loss recover_latent/: mapper0":0.00014772047704114292,"Gradients_by_loss recover_latent/: mapper14":0.0008432492234332999,"r2_mean_criterion/10_all":0.5323121547698975,"Gradients_by_loss recover_latent/: mapper2":0.00024099815537459782,"Gradients_by_loss recover_latent/: encoder3":0.000810442839794271,"Gradients_by_loss rec_from_latent_pretrain/: encoder10":0,"Gradients_by_loss rec_from_latent_pretrain/: decoder":0.14015602670062205,"Gradients_by_loss rec_from_latent_pretrain/: mapper10":0,"Gradients_by_loss recover_latent/: encoder4":0.0003818297723182044,"Gradients_by_loss recover_latent/: tissue_embedder":1.1856871424242854e-05,"Gradients_by_loss recover_latent/: encoder13":0.0008335292257466057,"Gradients_by_loss recover_latent/: decoder":0,"Gradients_by_loss rec_from_latent_pretrain/: mapper15":0,"Gradients_by_loss recover_latent/: encoder8":0.0006778388092899561,"r2_delta_OOD/10_all":0.7211072444915771,"Gradients_by_loss rec_from_latent_pretrain/: mapper11":0,"Gradients_by_loss rec_from_latent_pretrain/: mapper3":0,"Gradients_by_loss recover_latent/: encoder9":0.0013263183216524555,"Gradients_by_loss rec_from_latent_pretrain/: encoder12":0,"Gradients_by_loss recover_latent/: encoder_pretrain":7.915763277357796e-05,"Gradients_by_loss rec_from_latent_pretrain/: encoder_pretrain":0.11824566414639842,"r2_mean_OOD/50_all":0.5555505752563477,"r2_mean_OOD/10_all":0.7756568789482117,"_step":521,"Gradients_by_loss rec_from_latent_pretrain/: mapper5":0,"r2_var_OOD/50_all":0.6619750261306763,"r2_var_criterion/100_all":0.21476449749686502,"r2_delta_criterion/100_all":0.4931588443842801,"Gradients_by_loss recover_latent/: encoder0":0.0008116000823259489,"Gradients_by_loss recover_latent/: encoder12":0.0005059538513987809,"r2_delta_OOD/100_all":0.5234100818634033,"Rec/R2_var_train":0.99017333984375,"Gradients_by_loss recover_latent/: encoder11":0.0021100646776811543,"Gradients_by_loss rec_from_latent_pretrain/: px_r":5.819825310027227e-05,"Gradients_by_loss rec_from_latent_pretrain/: encoder8":0,"Gradients_by_loss rec_from_latent_pretrain/: mapper9":0,"Gradients_by_loss rec_from_latent_pretrain/: encoder13":0}