{"r2_mean/20000": 0.9141876101493835, "r2_var/20000": 0, "pear_var/20000": 0.5339057690181523, "r2_delta/20000": 0.6102840900421143, "r2_mean/200": 0.8576295375823975, "r2_var/200": 0, "pear_var/200": 0.35825214414599194, "r2_delta/200": 0.7694079279899597, "r2_mean/100": 0.8681094646453857, "r2_var/100": 0, "pear_var/100": 0.44180112435253927, "r2_delta/100": 0.8183075785636902, "wass_dist/100": 0.3767906899222276, "r2_mean/50": 0.8456612825393677, "r2_var/50": 0, "pear_var/50": 0.30341341107662195, "r2_delta/50": 0.7843964099884033, "r2_mean/20": 0.8318581581115723, "r2_var/20": 0, "pear_var/20": 0.2796595011330416, "r2_delta/20": 0.7408350706100464, "wass_dist/20": 0.4482176787033098, "r2_mean/10": 0.7175408601760864, "r2_var/10": 0, "pear_var/10": 0.5062283924379211, "r2_delta/10": 0.6241855621337891, "wass_dist/10": 0.4549984246749186, "_timestamp": 1743909524.055945, "_runtime": 1.457401990890503, "_step": 0, "_wandb": {"runtime": 1}}