{"r2_mean/20000": 0.7766019105911255, "r2_var/20000": 0, "pear_var/20000": 0.4369105230494413, "r2_delta/20000": 0, "r2_mean/200": 0.5726449489593506, "r2_var/200": 0, "pear_var/200": 0.2312333516944362, "r2_delta/200": 0.30782920122146606, "r2_mean/100": 0.5377604961395264, "r2_var/100": 0, "pear_var/100": 0.272014956511612, "r2_delta/100": 0.36321890354156494, "wass_dist/100": 0.5441439111095306, "r2_mean/50": 0.37329167127609253, "r2_var/50": 0, "pear_var/50": 0.149851951002069, "r2_delta/50": 0.1245192289352417, "r2_mean/20": 0.12880873680114746, "r2_var/20": 0, "pear_var/20": 0.05702104378187913, "r2_delta/20": 0, "wass_dist/20": 0.8769115904861822, "r2_mean/10": 0, "r2_var/10": 0, "pear_var/10": 0.11165013465349113, "r2_delta/10": 0, "wass_dist/10": 0.8175496492694103, "_timestamp": 1743909100.0687885, "_runtime": 1.3920836448669434, "_step": 0, "_wandb": {"runtime": 1}}